Timestamp,pH_Value,Scrubber_ID,Quality_Flag
2026-01-01,9.8,AMMONIA-SCRUBBER,Good
2026-01-02,9.8,AMMONIA-SCRUBBER,Good
2026-01-03,9.8,AMMONIA-SCRUBBER,Good
2026-01-04,9.8,AMMONIA-SCRUBBER,Good
2026-01-05,9.8,AMMONIA-SCRUBBER,Good
2026-01-06,9.8,AMMONIA-SCRUBBER,Interpolated
2026-01-07,9.8,AMMONIA-SCRUBBER,Interpolated
2026-01-08,9.8,AMMONIA-SCRUBBER,Interpolated
2026-01-09,9.8,AMMONIA-SCRUBBER,Good
2026-01-10,9.8,AMMONIA-SCRUBBER,Good
2026-01-11,9.8,AMMONIA-SCRUBBER,Good
2026-01-12,9.8,AMMONIA-SCRUBBER,Good
2026-01-13,9.8,AMMONIA-SCRUBBER,Good
2026-01-14,9.8,AMMONIA-SCRUBBER,Good
2026-01-15,9.8,AMMONIA-SCRUBBER,Good
2026-01-16,9.8,AMMONIA-SCRUBBER,Good
2026-01-17,9.8,AMMONIA-SCRUBBER,Good
2026-01-18,9.8,AMMONIA-SCRUBBER,Good
2026-01-19,9.8,AMMONIA-SCRUBBER,Good
2026-01-20,9.8,AMMONIA-SCRUBBER,Good
2026-01-21,9.8,AMMONIA-SCRUBBER,Good
2026-01-22,9.8,AMMONIA-SCRUBBER,Good
2026-01-23,9.8,AMMONIA-SCRUBBER,Good
2026-01-24,9.8,AMMONIA-SCRUBBER,Good
2026-01-25,9.8,AMMONIA-SCRUBBER,Interpolated
2026-01-26,9.8,AMMONIA-SCRUBBER,Interpolated
2026-01-27,9.8,AMMONIA-SCRUBBER,Interpolated
2026-01-28,,AMMONIA-SCRUBBER,Offline
2026-01-29,9.8,AMMONIA-SCRUBBER,Good
2026-01-30,9.8,AMMONIA-SCRUBBER,Good
2026-01-31,9.8,AMMONIA-SCRUBBER,Good
2026-02-01,9.8,AMMONIA-SCRUBBER,Good
2026-02-02,9.8,AMMONIA-SCRUBBER,Good
2026-02-03,9.8,AMMONIA-SCRUBBER,Good
2026-02-04,9.8,AMMONIA-SCRUBBER,Good
2026-02-05,9.8,AMMONIA-SCRUBBER,Good
2026-02-06,9.8,AMMONIA-SCRUBBER,Good
2026-02-07,9.8,AMMONIA-SCRUBBER,Good
2026-02-08,9.8,AMMONIA-SCRUBBER,Good
2026-02-09,9.8,AMMONIA-SCRUBBER,Good
2026-02-10,9.8,AMMONIA-SCRUBBER,Good
2026-02-11,9.8,AMMONIA-SCRUBBER,Good
2026-02-12,9.8,AMMONIA-SCRUBBER,Good
2026-02-13,9.8,AMMONIA-SCRUBBER,Good
2026-02-14,9.8,AMMONIA-SCRUBBER,Good
2026-02-15,9.8,AMMONIA-SCRUBBER,Good
2026-02-16,9.8,AMMONIA-SCRUBBER,Good
2026-02-17,9.8,AMMONIA-SCRUBBER,Good
2026-02-18,9.8,AMMONIA-SCRUBBER,Interpolated
2026-02-19,9.8,AMMONIA-SCRUBBER,Interpolated
2026-02-20,9.8,AMMONIA-SCRUBBER,Interpolated
2026-02-21,,AMMONIA-SCRUBBER,Offline
2026-02-22,,AMMONIA-SCRUBBER,Offline
2026-02-23,,AMMONIA-SCRUBBER,Offline
2026-02-24,,AMMONIA-SCRUBBER,Offline
2026-02-25,,AMMONIA-SCRUBBER,Offline
2026-02-26,,AMMONIA-SCRUBBER,Offline
2026-02-27,,AMMONIA-SCRUBBER,Offline
2026-02-28,,AMMONIA-SCRUBBER,Offline
2026-03-01,,AMMONIA-SCRUBBER,Offline
2026-03-02,,AMMONIA-SCRUBBER,Offline
2026-03-03,,AMMONIA-SCRUBBER,Offline
2026-03-04,,AMMONIA-SCRUBBER,Offline
2026-03-05,,AMMONIA-SCRUBBER,Offline
2026-03-06,,AMMONIA-SCRUBBER,Offline
2026-03-07,,AMMONIA-SCRUBBER,Offline
2026-03-08,,AMMONIA-SCRUBBER,Offline
2026-03-09,,AMMONIA-SCRUBBER,Offline
2026-03-10,,AMMONIA-SCRUBBER,Offline
2026-03-11,,AMMONIA-SCRUBBER,Offline
2026-03-12,,AMMONIA-SCRUBBER,Offline
2026-03-13,,AMMONIA-SCRUBBER,Offline
2026-03-14,,AMMONIA-SCRUBBER,Offline
2026-03-15,,AMMONIA-SCRUBBER,Offline
2026-03-16,,AMMONIA-SCRUBBER,Offline
2026-03-17,,AMMONIA-SCRUBBER,Offline
2026-03-18,,AMMONIA-SCRUBBER,Offline
2026-03-19,,AMMONIA-SCRUBBER,Offline
2026-03-20,,AMMONIA-SCRUBBER,Offline
2026-03-21,,AMMONIA-SCRUBBER,Offline
2026-03-22,,AMMONIA-SCRUBBER,Offline
2026-03-23,,AMMONIA-SCRUBBER,Offline
2026-03-24,,AMMONIA-SCRUBBER,Offline
2026-03-25,,AMMONIA-SCRUBBER,Offline
2026-03-26,,AMMONIA-SCRUBBER,Offline
2026-03-27,,AMMONIA-SCRUBBER,Offline
2026-03-28,,AMMONIA-SCRUBBER,Offline
2026-03-29,,AMMONIA-SCRUBBER,Offline
2026-03-30,,AMMONIA-SCRUBBER,Offline
2026-03-31,,AMMONIA-SCRUBBER,Offline
2026-04-01,,AMMONIA-SCRUBBER,Offline
2026-04-02,,AMMONIA-SCRUBBER,Offline
2026-04-03,,AMMONIA-SCRUBBER,Offline
2026-04-04,,AMMONIA-SCRUBBER,Offline
2026-04-05,,AMMONIA-SCRUBBER,Offline
2026-04-06,,AMMONIA-SCRUBBER,Offline
2026-04-07,,AMMONIA-SCRUBBER,Offline
2026-04-08,,AMMONIA-SCRUBBER,Offline
2026-04-09,,AMMONIA-SCRUBBER,Offline
2026-04-10,,AMMONIA-SCRUBBER,Offline
2026-04-11,,AMMONIA-SCRUBBER,Offline
2026-04-12,,AMMONIA-SCRUBBER,Offline
2026-04-13,,AMMONIA-SCRUBBER,Offline
2026-04-14,,AMMONIA-SCRUBBER,Offline
2026-04-15,,AMMONIA-SCRUBBER,Offline
2026-04-16,,AMMONIA-SCRUBBER,Offline
2026-04-17,,AMMONIA-SCRUBBER,Offline
2026-04-18,,AMMONIA-SCRUBBER,Offline
2026-04-19,,AMMONIA-SCRUBBER,Offline
2026-04-20,,AMMONIA-SCRUBBER,Offline
2026-04-21,,AMMONIA-SCRUBBER,Offline
2026-04-22,,AMMONIA-SCRUBBER,Offline
2026-04-23,,AMMONIA-SCRUBBER,Offline
2026-04-24,,AMMONIA-SCRUBBER,Offline
2026-04-25,,AMMONIA-SCRUBBER,Offline
2026-04-26,,AMMONIA-SCRUBBER,Offline
2026-04-27,,AMMONIA-SCRUBBER,Offline
2026-04-28,,AMMONIA-SCRUBBER,Offline
2026-04-29,,AMMONIA-SCRUBBER,Offline
2026-04-30,,AMMONIA-SCRUBBER,Offline
2026-05-01,,AMMONIA-SCRUBBER,Offline
2026-05-02,,AMMONIA-SCRUBBER,Offline
2026-05-03,,AMMONIA-SCRUBBER,Offline
2026-05-04,,AMMONIA-SCRUBBER,Offline
2026-05-05,,AMMONIA-SCRUBBER,Offline
2026-05-06,,AMMONIA-SCRUBBER,Offline
2026-05-07,,AMMONIA-SCRUBBER,Offline
2026-05-08,,AMMONIA-SCRUBBER,Offline
2026-05-09,,AMMONIA-SCRUBBER,Offline
2026-05-10,,AMMONIA-SCRUBBER,Offline
2026-05-11,,AMMONIA-SCRUBBER,Offline
2026-05-12,,AMMONIA-SCRUBBER,Offline
2026-05-13,,AMMONIA-SCRUBBER,Offline
2026-05-14,,AMMONIA-SCRUBBER,Offline
2026-05-15,,AMMONIA-SCRUBBER,Offline
2026-05-16,,AMMONIA-SCRUBBER,Offline
2026-05-17,,AMMONIA-SCRUBBER,Offline
2026-05-18,,AMMONIA-SCRUBBER,Offline
2026-05-19,,AMMONIA-SCRUBBER,Offline
2026-05-20,,AMMONIA-SCRUBBER,Offline
2026-05-21,,AMMONIA-SCRUBBER,Offline
2026-05-22,,AMMONIA-SCRUBBER,Offline
2026-05-23,,AMMONIA-SCRUBBER,Offline
2026-05-24,,AMMONIA-SCRUBBER,Offline
2026-05-25,,AMMONIA-SCRUBBER,Offline
2026-05-26,,AMMONIA-SCRUBBER,Offline
2026-05-27,,AMMONIA-SCRUBBER,Offline
2026-05-28,,AMMONIA-SCRUBBER,Offline
2026-05-29,,AMMONIA-SCRUBBER,Offline
2026-05-30,,AMMONIA-SCRUBBER,Offline
2026-05-31,,AMMONIA-SCRUBBER,Offline
2026-06-01,,AMMONIA-SCRUBBER,Offline
2026-06-02,,AMMONIA-SCRUBBER,Offline
2026-06-03,,AMMONIA-SCRUBBER,Offline
2026-06-04,,AMMONIA-SCRUBBER,Offline
2026-06-05,,AMMONIA-SCRUBBER,Offline
2026-06-06,,AMMONIA-SCRUBBER,Offline
2026-06-07,,AMMONIA-SCRUBBER,Offline
2026-06-08,,AMMONIA-SCRUBBER,Offline
2026-06-09,,AMMONIA-SCRUBBER,Offline
2026-06-10,,AMMONIA-SCRUBBER,Offline
2026-06-11,,AMMONIA-SCRUBBER,Offline
2026-06-12,,AMMONIA-SCRUBBER,Offline
2026-06-13,,AMMONIA-SCRUBBER,Offline
2026-06-14,,AMMONIA-SCRUBBER,Offline
2026-06-15,,AMMONIA-SCRUBBER,Offline
2026-06-16,,AMMONIA-SCRUBBER,Offline
2026-06-17,,AMMONIA-SCRUBBER,Offline
2026-06-18,,AMMONIA-SCRUBBER,Offline
2026-06-19,,AMMONIA-SCRUBBER,Offline
2026-06-20,,AMMONIA-SCRUBBER,Offline
2026-06-21,,AMMONIA-SCRUBBER,Offline
2026-06-22,,AMMONIA-SCRUBBER,Offline
2026-06-23,,AMMONIA-SCRUBBER,Offline
2026-06-24,,AMMONIA-SCRUBBER,Offline
2026-06-25,,AMMONIA-SCRUBBER,Offline
2026-06-26,,AMMONIA-SCRUBBER,Offline
2026-06-27,,AMMONIA-SCRUBBER,Offline
2026-06-28,,AMMONIA-SCRUBBER,Offline
2026-06-29,,AMMONIA-SCRUBBER,Offline
2026-06-30,,AMMONIA-SCRUBBER,Offline
2026-01-01,,FES-101,Offline
2026-01-02,,FES-101,Offline
2026-01-03,,FES-101,Offline
2026-01-04,,FES-101,Offline
2026-01-05,,FES-101,Offline
2026-01-06,,FES-101,Offline
2026-01-07,,FES-101,Offline
2026-01-08,,FES-101,Offline
2026-01-09,,FES-101,Offline
2026-01-10,,FES-101,Offline
2026-01-11,,FES-101,Offline
2026-01-12,,FES-101,Offline
2026-01-13,,FES-101,Offline
2026-01-14,,FES-101,Offline
2026-01-15,,FES-101,Offline
2026-01-16,,FES-101,Offline
2026-01-17,,FES-101,Offline
2026-01-18,,FES-101,Offline
2026-01-19,,FES-101,Offline
2026-01-20,,FES-101,Offline
2026-01-21,,FES-101,Offline
2026-01-22,,FES-101,Offline
2026-01-23,,FES-101,Offline
2026-01-24,,FES-101,Offline
2026-01-25,,FES-101,Offline
2026-01-26,,FES-101,Offline
2026-01-27,,FES-101,Offline
2026-01-28,,FES-101,Offline
2026-01-29,,FES-101,Offline
2026-01-30,,FES-101,Offline
2026-01-31,,FES-101,Offline
2026-02-01,,FES-101,Offline
2026-02-02,,FES-101,Offline
2026-02-03,,FES-101,Offline
2026-02-04,,FES-101,Offline
2026-02-05,,FES-101,Offline
2026-02-06,,FES-101,Offline
2026-02-07,,FES-101,Offline
2026-02-08,,FES-101,Offline
2026-02-09,,FES-101,Offline
2026-02-10,,FES-101,Offline
2026-02-11,,FES-101,Offline
2026-02-12,,FES-101,Offline
2026-02-13,,FES-101,Offline
2026-02-14,,FES-101,Offline
2026-02-15,,FES-101,Offline
2026-02-16,,FES-101,Offline
2026-02-17,,FES-101,Offline
2026-02-18,,FES-101,Offline
2026-02-19,,FES-101,Offline
2026-02-20,,FES-101,Offline
2026-02-21,,FES-101,Offline
2026-02-22,,FES-101,Offline
2026-02-23,,FES-101,Offline
2026-02-24,,FES-101,Offline
2026-02-25,,FES-101,Offline
2026-02-26,,FES-101,Offline
2026-02-27,,FES-101,Offline
2026-02-28,,FES-101,Offline
2026-03-01,,FES-101,Offline
2026-03-02,,FES-101,Offline
2026-03-03,,FES-101,Offline
2026-03-04,,FES-101,Offline
2026-03-05,,FES-101,Offline
2026-03-06,,FES-101,Offline
2026-03-07,,FES-101,Offline
2026-03-08,,FES-101,Offline
2026-03-09,,FES-101,Offline
2026-03-10,,FES-101,Offline
2026-03-11,,FES-101,Offline
2026-03-12,,FES-101,Offline
2026-03-13,,FES-101,Offline
2026-03-14,,FES-101,Offline
2026-03-15,,FES-101,Offline
2026-03-16,,FES-101,Offline
2026-03-17,,FES-101,Offline
2026-03-18,,FES-101,Offline
2026-03-19,,FES-101,Offline
2026-03-20,,FES-101,Offline
2026-03-21,,FES-101,Offline
2026-03-22,,FES-101,Offline
2026-03-23,,FES-101,Offline
2026-03-24,,FES-101,Offline
2026-03-25,,FES-101,Offline
2026-03-26,,FES-101,Offline
2026-03-27,,FES-101,Offline
2026-03-28,,FES-101,Offline
2026-03-29,,FES-101,Offline
2026-03-30,,FES-101,Offline
2026-03-31,,FES-101,Offline
2026-04-01,,FES-101,Offline
2026-04-02,,FES-101,Offline
2026-04-03,,FES-101,Offline
2026-04-04,,FES-101,Offline
2026-04-05,,FES-101,Offline
2026-04-06,,FES-101,Offline
2026-04-07,,FES-101,Offline
2026-04-08,,FES-101,Offline
2026-04-09,,FES-101,Offline
2026-04-10,,FES-101,Offline
2026-04-11,,FES-101,Offline
2026-04-12,,FES-101,Offline
2026-04-13,,FES-101,Offline
2026-04-14,,FES-101,Offline
2026-04-15,,FES-101,Offline
2026-04-16,,FES-101,Offline
2026-04-17,,FES-101,Offline
2026-04-18,,FES-101,Offline
2026-04-19,,FES-101,Offline
2026-04-20,,FES-101,Offline
2026-04-21,,FES-101,Offline
2026-04-22,,FES-101,Offline
2026-04-23,,FES-101,Offline
2026-04-24,,FES-101,Offline
2026-04-25,,FES-101,Offline
2026-04-26,,FES-101,Offline
2026-04-27,,FES-101,Offline
2026-04-28,,FES-101,Offline
2026-04-29,,FES-101,Offline
2026-04-30,,FES-101,Offline
2026-05-01,,FES-101,Offline
2026-05-02,,FES-101,Offline
2026-05-03,,FES-101,Offline
2026-05-04,,FES-101,Offline
2026-05-05,,FES-101,Offline
2026-05-06,,FES-101,Offline
2026-05-07,,FES-101,Offline
2026-05-08,,FES-101,Offline
2026-05-09,,FES-101,Offline
2026-05-10,,FES-101,Offline
2026-05-11,,FES-101,Offline
2026-05-12,,FES-101,Offline
2026-05-13,,FES-101,Offline
2026-05-14,,FES-101,Offline
2026-05-15,,FES-101,Offline
2026-05-16,,FES-101,Offline
2026-05-17,,FES-101,Offline
2026-05-18,,FES-101,Offline
2026-05-19,,FES-101,Offline
2026-05-20,,FES-101,Offline
2026-05-21,,FES-101,Offline
2026-05-22,,FES-101,Offline
2026-05-23,,FES-101,Offline
2026-05-24,,FES-101,Offline
2026-05-25,,FES-101,Offline
2026-05-26,9.65,FES-101,Good
2026-05-27,9.65,FES-101,Good
2026-05-28,8.8,FES-101,Good
2026-05-29,3.06,FES-101,Good
2026-05-30,1.36,FES-101,Good
2026-05-31,4.57,FES-101,Good
2026-06-01,8.11,FES-101,Good
2026-06-02,7.15,FES-101,Good
2026-06-03,9.74,FES-101,Good
2026-06-04,9.66,FES-101,Good
2026-06-05,9.61,FES-101,Good
2026-06-06,9.64,FES-101,Good
2026-06-07,9.62,FES-101,Good
2026-06-08,9.63,FES-101,Good
2026-06-09,9.64,FES-101,Good
2026-06-10,9.64,FES-101,Good
2026-06-11,9.65,FES-101,Good
2026-06-12,9.63,FES-101,Good
2026-06-13,9.64,FES-101,Good
2026-06-14,9.7,FES-101,Good
2026-06-15,9.63,FES-101,Good
2026-06-16,9.61,FES-101,Good
2026-06-17,9.57,FES-101,Good
2026-06-18,9.63,FES-101,Good
2026-06-19,9.65,FES-101,Good
2026-06-20,9.66,FES-101,Good
2026-06-21,9.66,FES-101,Good
2026-06-22,9.72,FES-101,Good
2026-06-23,9.8,FES-101,Good
2026-06-24,9.8,FES-101,Good
2026-06-25,9.8,FES-101,Good
2026-06-26,9.8,FES-101,Good
2026-06-27,9.8,FES-101,Good
2026-06-28,9.8,FES-101,Good
2026-06-29,9.8,FES-101,Good
2026-06-30,9.8,FES-101,Good
2026-01-01,9.5,FES-102,Good
2026-01-02,9.5,FES-102,Good
2026-01-03,9.5,FES-102,Good
2026-01-04,9.5,FES-102,Good
2026-01-05,9.5,FES-102,Good
2026-01-06,9.5,FES-102,Interpolated
2026-01-07,9.5,FES-102,Interpolated
2026-01-08,9.5,FES-102,Interpolated
2026-01-09,9.5,FES-102,Good
2026-01-10,9.5,FES-102,Good
2026-01-11,9.5,FES-102,Good
2026-01-12,9.5,FES-102,Good
2026-01-13,9.5,FES-102,Good
2026-01-14,9.5,FES-102,Good
2026-01-15,9.5,FES-102,Good
2026-01-16,9.5,FES-102,Good
2026-01-17,9.5,FES-102,Good
2026-01-18,9.5,FES-102,Good
2026-01-19,9.5,FES-102,Good
2026-01-20,9.5,FES-102,Good
2026-01-21,9.5,FES-102,Good
2026-01-22,9.5,FES-102,Good
2026-01-23,9.5,FES-102,Good
2026-01-24,9.5,FES-102,Good
2026-01-25,9.5,FES-102,Interpolated
2026-01-26,9.5,FES-102,Interpolated
2026-01-27,9.5,FES-102,Interpolated
2026-01-28,,FES-102,Offline
2026-01-29,9.5,FES-102,Good
2026-01-30,9.5,FES-102,Good
2026-01-31,9.5,FES-102,Good
2026-02-01,9.5,FES-102,Good
2026-02-02,9.5,FES-102,Good
2026-02-03,9.5,FES-102,Good
2026-02-04,9.5,FES-102,Good
2026-02-05,9.5,FES-102,Good
2026-02-06,9.5,FES-102,Good
2026-02-07,9.5,FES-102,Good
2026-02-08,9.5,FES-102,Good
2026-02-09,9.5,FES-102,Good
2026-02-10,9.5,FES-102,Good
2026-02-11,9.5,FES-102,Good
2026-02-12,9.5,FES-102,Good
2026-02-13,9.5,FES-102,Good
2026-02-14,9.5,FES-102,Good
2026-02-15,9.5,FES-102,Good
2026-02-16,9.5,FES-102,Good
2026-02-17,9.5,FES-102,Good
2026-02-18,9.5,FES-102,Good
2026-02-19,9.5,FES-102,Good
2026-02-20,9.5,FES-102,Good
2026-02-21,9.5,FES-102,Good
2026-02-22,9.5,FES-102,Good
2026-02-23,9.5,FES-102,Good
2026-02-24,9.5,FES-102,Good
2026-02-25,9.5,FES-102,Good
2026-02-26,9.5,FES-102,Good
2026-02-27,9.5,FES-102,Good
2026-02-28,9.5,FES-102,Good
2026-03-01,9.5,FES-102,Good
2026-03-02,9.5,FES-102,Good
2026-03-03,9.5,FES-102,Good
2026-03-04,9.5,FES-102,Good
2026-03-05,9.5,FES-102,Good
2026-03-06,9.5,FES-102,Good
2026-03-07,9.5,FES-102,Good
2026-03-08,9.5,FES-102,Good
2026-03-09,9.5,FES-102,Good
2026-03-10,9.5,FES-102,Good
2026-03-11,9.5,FES-102,Good
2026-03-12,9.5,FES-102,Good
2026-03-13,9.5,FES-102,Good
2026-03-14,9.5,FES-102,Good
2026-03-15,9.5,FES-102,Good
2026-03-16,9.5,FES-102,Good
2026-03-17,9.5,FES-102,Good
2026-03-18,9.5,FES-102,Good
2026-03-19,9.5,FES-102,Good
2026-03-20,9.5,FES-102,Good
2026-03-21,9.5,FES-102,Good
2026-03-22,9.5,FES-102,Good
2026-03-23,9.5,FES-102,Good
2026-03-24,9.5,FES-102,Good
2026-03-25,9.5,FES-102,Interpolated
2026-03-26,9.5,FES-102,Interpolated
2026-03-27,9.5,FES-102,Interpolated
2026-03-28,9.5,FES-102,Good
2026-03-29,9.5,FES-102,Good
2026-03-30,9.5,FES-102,Good
2026-03-31,9.5,FES-102,Good
2026-04-01,9.5,FES-102,Good
2026-04-02,9.5,FES-102,Good
2026-04-03,9.5,FES-102,Good
2026-04-04,9.5,FES-102,Good
2026-04-05,9.5,FES-102,Good
2026-04-06,9.5,FES-102,Good
2026-04-07,9.5,FES-102,Good
2026-04-08,9.5,FES-102,Good
2026-04-09,9.5,FES-102,Good
2026-04-10,9.5,FES-102,Good
2026-04-11,9.5,FES-102,Good
2026-04-12,9.5,FES-102,Interpolated
2026-04-13,9.5,FES-102,Good
2026-04-14,9.5,FES-102,Good
2026-04-15,9.5,FES-102,Good
2026-04-16,9.5,FES-102,Good
2026-04-17,9.5,FES-102,Good
2026-04-18,9.5,FES-102,Good
2026-04-19,9.5,FES-102,Good
2026-04-20,9.5,FES-102,Good
2026-04-21,9.5,FES-102,Good
2026-04-22,9.5,FES-102,Good
2026-04-23,9.5,FES-102,Good
2026-04-24,9.5,FES-102,Good
2026-04-25,9.5,FES-102,Good
2026-04-26,9.5,FES-102,Good
2026-04-27,9.5,FES-102,Good
2026-04-28,9.5,FES-102,Good
2026-04-29,9.5,FES-102,Good
2026-04-30,9.5,FES-102,Good
2026-05-01,9.5,FES-102,Good
2026-05-02,9.5,FES-102,Good
2026-05-03,9.5,FES-102,Good
2026-05-04,9.5,FES-102,Good
2026-05-05,9.5,FES-102,Good
2026-05-06,9.5,FES-102,Good
2026-05-07,9.5,FES-102,Good
2026-05-08,9.5,FES-102,Good
2026-05-09,9.5,FES-102,Good
2026-05-10,9.5,FES-102,Good
2026-05-11,9.5,FES-102,Good
2026-05-12,9.5,FES-102,Good
2026-05-13,9.5,FES-102,Good
2026-05-14,9.5,FES-102,Good
2026-05-15,9.5,FES-102,Good
2026-05-16,9.5,FES-102,Good
2026-05-17,9.5,FES-102,Good
2026-05-18,9.5,FES-102,Good
2026-05-19,9.5,FES-102,Good
2026-05-20,9.5,FES-102,Good
2026-05-21,9.5,FES-102,Good
2026-05-22,9.5,FES-102,Good
2026-05-23,9.5,FES-102,Good
2026-05-24,9.5,FES-102,Good
2026-05-25,9.5,FES-102,Good
2026-05-26,9.5,FES-102,Good
2026-05-27,9.5,FES-102,Good
2026-05-28,9.5,FES-102,Good
2026-05-29,9.5,FES-102,Good
2026-05-30,9.5,FES-102,Good
2026-05-31,9.5,FES-102,Good
2026-06-01,9.5,FES-102,Good
2026-06-02,9.5,FES-102,Good
2026-06-03,9.5,FES-102,Good
2026-06-04,9.5,FES-102,Good
2026-06-05,9.5,FES-102,Good
2026-06-06,9.5,FES-102,Good
2026-06-07,9.5,FES-102,Good
2026-06-08,9.5,FES-102,Good
2026-06-09,9.5,FES-102,Good
2026-06-10,9.5,FES-102,Good
2026-06-11,9.5,FES-102,Good
2026-06-12,9.5,FES-102,Good
2026-06-13,9.5,FES-102,Good
2026-06-14,9.5,FES-102,Good
2026-06-15,9.5,FES-102,Good
2026-06-16,9.5,FES-102,Good
2026-06-17,9.5,FES-102,Good
2026-06-18,9.5,FES-102,Good
2026-06-19,9.5,FES-102,Good
2026-06-20,9.5,FES-102,Good
2026-06-21,9.5,FES-102,Good
2026-06-22,9.5,FES-102,Good
2026-06-23,9.5,FES-102,Good
2026-06-24,9.5,FES-102,Good
2026-06-25,9.5,FES-102,Good
2026-06-26,9.5,FES-102,Good
2026-06-27,9.5,FES-102,Good
2026-06-28,9.5,FES-102,Good
2026-06-29,9.5,FES-102,Good
2026-06-30,9.5,FES-102,Good
2026-01-01,,GCB-6-SCRUBBER,Offline
2026-01-02,,GCB-6-SCRUBBER,Offline
2026-01-03,,GCB-6-SCRUBBER,Offline
2026-01-04,,GCB-6-SCRUBBER,Offline
2026-01-05,,GCB-6-SCRUBBER,Offline
2026-01-06,,GCB-6-SCRUBBER,Offline
2026-01-07,,GCB-6-SCRUBBER,Offline
2026-01-08,,GCB-6-SCRUBBER,Offline
2026-01-09,,GCB-6-SCRUBBER,Offline
2026-01-10,,GCB-6-SCRUBBER,Offline
2026-01-11,,GCB-6-SCRUBBER,Offline
2026-01-12,,GCB-6-SCRUBBER,Offline
2026-01-13,,GCB-6-SCRUBBER,Offline
2026-01-14,,GCB-6-SCRUBBER,Offline
2026-01-15,,GCB-6-SCRUBBER,Offline
2026-01-16,,GCB-6-SCRUBBER,Offline
2026-01-17,,GCB-6-SCRUBBER,Offline
2026-01-18,,GCB-6-SCRUBBER,Offline
2026-01-19,,GCB-6-SCRUBBER,Offline
2026-01-20,,GCB-6-SCRUBBER,Offline
2026-01-21,,GCB-6-SCRUBBER,Offline
2026-01-22,,GCB-6-SCRUBBER,Offline
2026-01-23,,GCB-6-SCRUBBER,Offline
2026-01-24,,GCB-6-SCRUBBER,Offline
2026-01-25,,GCB-6-SCRUBBER,Offline
2026-01-26,,GCB-6-SCRUBBER,Offline
2026-01-27,,GCB-6-SCRUBBER,Offline
2026-01-28,,GCB-6-SCRUBBER,Offline
2026-01-29,,GCB-6-SCRUBBER,Offline
2026-01-30,,GCB-6-SCRUBBER,Offline
2026-01-31,,GCB-6-SCRUBBER,Offline
2026-02-01,,GCB-6-SCRUBBER,Offline
2026-02-02,,GCB-6-SCRUBBER,Offline
2026-02-03,,GCB-6-SCRUBBER,Offline
2026-02-04,,GCB-6-SCRUBBER,Offline
2026-02-05,,GCB-6-SCRUBBER,Offline
2026-02-06,,GCB-6-SCRUBBER,Offline
2026-02-07,,GCB-6-SCRUBBER,Offline
2026-02-08,,GCB-6-SCRUBBER,Offline
2026-02-09,,GCB-6-SCRUBBER,Offline
2026-02-10,,GCB-6-SCRUBBER,Offline
2026-02-11,,GCB-6-SCRUBBER,Offline
2026-02-12,,GCB-6-SCRUBBER,Offline
2026-02-13,,GCB-6-SCRUBBER,Offline
2026-02-14,,GCB-6-SCRUBBER,Offline
2026-02-15,,GCB-6-SCRUBBER,Offline
2026-02-16,,GCB-6-SCRUBBER,Offline
2026-02-17,,GCB-6-SCRUBBER,Offline
2026-02-18,,GCB-6-SCRUBBER,Offline
2026-02-19,,GCB-6-SCRUBBER,Offline
2026-02-20,,GCB-6-SCRUBBER,Offline
2026-02-21,,GCB-6-SCRUBBER,Offline
2026-02-22,,GCB-6-SCRUBBER,Offline
2026-02-23,,GCB-6-SCRUBBER,Offline
2026-02-24,,GCB-6-SCRUBBER,Offline
2026-02-25,,GCB-6-SCRUBBER,Offline
2026-02-26,,GCB-6-SCRUBBER,Offline
2026-02-27,,GCB-6-SCRUBBER,Offline
2026-02-28,,GCB-6-SCRUBBER,Offline
2026-03-01,,GCB-6-SCRUBBER,Offline
2026-03-02,,GCB-6-SCRUBBER,Offline
2026-03-03,,GCB-6-SCRUBBER,Offline
2026-03-04,,GCB-6-SCRUBBER,Offline
2026-03-05,,GCB-6-SCRUBBER,Offline
2026-03-06,,GCB-6-SCRUBBER,Offline
2026-03-07,,GCB-6-SCRUBBER,Offline
2026-03-08,,GCB-6-SCRUBBER,Offline
2026-03-09,,GCB-6-SCRUBBER,Offline
2026-03-10,,GCB-6-SCRUBBER,Offline
2026-03-11,,GCB-6-SCRUBBER,Offline
2026-03-12,,GCB-6-SCRUBBER,Offline
2026-03-13,,GCB-6-SCRUBBER,Offline
2026-03-14,,GCB-6-SCRUBBER,Offline
2026-03-15,,GCB-6-SCRUBBER,Offline
2026-03-16,,GCB-6-SCRUBBER,Offline
2026-03-17,,GCB-6-SCRUBBER,Offline
2026-03-18,,GCB-6-SCRUBBER,Offline
2026-03-19,,GCB-6-SCRUBBER,Offline
2026-03-20,,GCB-6-SCRUBBER,Offline
2026-03-21,,GCB-6-SCRUBBER,Offline
2026-03-22,,GCB-6-SCRUBBER,Offline
2026-03-23,,GCB-6-SCRUBBER,Offline
2026-03-24,,GCB-6-SCRUBBER,Offline
2026-03-25,,GCB-6-SCRUBBER,Offline
2026-03-26,,GCB-6-SCRUBBER,Offline
2026-03-27,,GCB-6-SCRUBBER,Offline
2026-03-28,,GCB-6-SCRUBBER,Offline
2026-03-29,,GCB-6-SCRUBBER,Offline
2026-03-30,,GCB-6-SCRUBBER,Offline
2026-03-31,,GCB-6-SCRUBBER,Offline
2026-04-01,,GCB-6-SCRUBBER,Offline
2026-04-02,,GCB-6-SCRUBBER,Offline
2026-04-03,,GCB-6-SCRUBBER,Offline
2026-04-04,,GCB-6-SCRUBBER,Offline
2026-04-05,,GCB-6-SCRUBBER,Offline
2026-04-06,,GCB-6-SCRUBBER,Offline
2026-04-07,,GCB-6-SCRUBBER,Offline
2026-04-08,,GCB-6-SCRUBBER,Offline
2026-04-09,,GCB-6-SCRUBBER,Offline
2026-04-10,,GCB-6-SCRUBBER,Offline
2026-04-11,,GCB-6-SCRUBBER,Offline
2026-04-12,,GCB-6-SCRUBBER,Offline
2026-04-13,,GCB-6-SCRUBBER,Offline
2026-04-14,,GCB-6-SCRUBBER,Offline
2026-04-15,,GCB-6-SCRUBBER,Offline
2026-04-16,,GCB-6-SCRUBBER,Offline
2026-04-17,,GCB-6-SCRUBBER,Offline
2026-04-18,,GCB-6-SCRUBBER,Offline
2026-04-19,,GCB-6-SCRUBBER,Offline
2026-04-20,,GCB-6-SCRUBBER,Offline
2026-04-21,,GCB-6-SCRUBBER,Offline
2026-04-22,,GCB-6-SCRUBBER,Offline
2026-04-23,,GCB-6-SCRUBBER,Offline
2026-04-24,,GCB-6-SCRUBBER,Offline
2026-04-25,,GCB-6-SCRUBBER,Offline
2026-04-26,,GCB-6-SCRUBBER,Offline
2026-04-27,,GCB-6-SCRUBBER,Offline
2026-04-28,,GCB-6-SCRUBBER,Offline
2026-04-29,,GCB-6-SCRUBBER,Offline
2026-04-30,,GCB-6-SCRUBBER,Offline
2026-05-01,,GCB-6-SCRUBBER,Offline
2026-05-02,,GCB-6-SCRUBBER,Offline
2026-05-03,,GCB-6-SCRUBBER,Offline
2026-05-04,,GCB-6-SCRUBBER,Offline
2026-05-05,,GCB-6-SCRUBBER,Offline
2026-05-06,,GCB-6-SCRUBBER,Offline
2026-05-07,,GCB-6-SCRUBBER,Offline
2026-05-08,,GCB-6-SCRUBBER,Offline
2026-05-09,,GCB-6-SCRUBBER,Offline
2026-05-10,,GCB-6-SCRUBBER,Offline
2026-05-11,,GCB-6-SCRUBBER,Offline
2026-05-12,,GCB-6-SCRUBBER,Offline
2026-05-13,,GCB-6-SCRUBBER,Offline
2026-05-14,,GCB-6-SCRUBBER,Offline
2026-05-15,,GCB-6-SCRUBBER,Offline
2026-05-16,,GCB-6-SCRUBBER,Offline
2026-05-17,,GCB-6-SCRUBBER,Offline
2026-05-18,,GCB-6-SCRUBBER,Offline
2026-05-19,,GCB-6-SCRUBBER,Offline
2026-05-20,,GCB-6-SCRUBBER,Offline
2026-05-21,,GCB-6-SCRUBBER,Offline
2026-05-22,,GCB-6-SCRUBBER,Offline
2026-05-23,,GCB-6-SCRUBBER,Offline
2026-05-24,,GCB-6-SCRUBBER,Offline
2026-05-25,,GCB-6-SCRUBBER,Offline
2026-05-26,,GCB-6-SCRUBBER,Offline
2026-05-27,,GCB-6-SCRUBBER,Offline
2026-05-28,,GCB-6-SCRUBBER,Offline
2026-05-29,,GCB-6-SCRUBBER,Offline
2026-05-30,,GCB-6-SCRUBBER,Offline
2026-05-31,,GCB-6-SCRUBBER,Offline
2026-06-01,,GCB-6-SCRUBBER,Offline
2026-06-02,,GCB-6-SCRUBBER,Offline
2026-06-03,,GCB-6-SCRUBBER,Offline
2026-06-04,,GCB-6-SCRUBBER,Offline
2026-06-05,,GCB-6-SCRUBBER,Offline
2026-06-06,,GCB-6-SCRUBBER,Offline
2026-06-07,,GCB-6-SCRUBBER,Offline
2026-06-08,,GCB-6-SCRUBBER,Offline
2026-06-09,,GCB-6-SCRUBBER,Offline
2026-06-10,,GCB-6-SCRUBBER,Offline
2026-06-11,,GCB-6-SCRUBBER,Offline
2026-06-12,,GCB-6-SCRUBBER,Offline
2026-06-13,,GCB-6-SCRUBBER,Offline
2026-06-14,,GCB-6-SCRUBBER,Offline
2026-06-15,,GCB-6-SCRUBBER,Offline
2026-06-16,,GCB-6-SCRUBBER,Offline
2026-06-17,,GCB-6-SCRUBBER,Offline
2026-06-18,,GCB-6-SCRUBBER,Offline
2026-06-19,,GCB-6-SCRUBBER,Offline
2026-06-20,,GCB-6-SCRUBBER,Offline
2026-06-21,,GCB-6-SCRUBBER,Offline
2026-06-22,,GCB-6-SCRUBBER,Offline
2026-06-23,,GCB-6-SCRUBBER,Offline
2026-06-24,,GCB-6-SCRUBBER,Offline
2026-06-25,,GCB-6-SCRUBBER,Offline
2026-06-26,,GCB-6-SCRUBBER,Offline
2026-06-27,,GCB-6-SCRUBBER,Offline
2026-06-28,,GCB-6-SCRUBBER,Offline
2026-06-29,,GCB-6-SCRUBBER,Offline
2026-06-30,,GCB-6-SCRUBBER,Offline
2026-01-01,12.0,SCB-102,Good
2026-01-02,12.0,SCB-102,Good
2026-01-03,12.09,SCB-102,Good
2026-01-04,12.04,SCB-102,Good
2026-01-05,12.14,SCB-102,Good
2026-01-06,12.055,SCB-102,Interpolated
2026-01-07,11.97,SCB-102,Interpolated
2026-01-08,11.885000000000002,SCB-102,Interpolated
2026-01-09,11.8,SCB-102,Good
2026-01-10,11.82,SCB-102,Good
2026-01-11,12.08,SCB-102,Good
2026-01-12,11.9,SCB-102,Good
2026-01-13,11.9,SCB-102,Good
2026-01-14,11.95,SCB-102,Good
2026-01-15,12.12,SCB-102,Good
2026-01-16,12.6,SCB-102,Good
2026-01-17,12.2,SCB-102,Good
2026-01-18,12.13,SCB-102,Good
2026-01-19,12.0,SCB-102,Good
2026-01-20,11.9,SCB-102,Good
2026-01-21,11.94,SCB-102,Good
2026-01-22,12.1,SCB-102,Good
2026-01-23,12.1,SCB-102,Good
2026-01-24,12.285714285714285,SCB-102,Interpolated
2026-01-25,12.471428571428572,SCB-102,Interpolated
2026-01-26,12.657142857142857,SCB-102,Interpolated
2026-01-27,,SCB-102,Offline
2026-01-28,,SCB-102,Offline
2026-01-29,,SCB-102,Offline
2026-01-30,13.4,SCB-102,Good
2026-01-31,13.9,SCB-102,Good
2026-02-01,13.6,SCB-102,Good
2026-02-02,13.48,SCB-102,Good
2026-02-03,13.34,SCB-102,Good
2026-02-04,12.75,SCB-102,Good
2026-02-05,12.77,SCB-102,Good
2026-02-06,12.86,SCB-102,Good
2026-02-07,12.98,SCB-102,Good
2026-02-08,12.94,SCB-102,Good
2026-02-09,12.92,SCB-102,Good
2026-02-10,13.17,SCB-102,Good
2026-02-11,13.2,SCB-102,Good
2026-02-12,12.65,SCB-102,Good
2026-02-13,12.39,SCB-102,Good
2026-02-14,12.6,SCB-102,Good
2026-02-15,12.6,SCB-102,Good
2026-02-16,3.23,SCB-102,Good
2026-02-17,0.95,SCB-102,Good
2026-02-18,9.01,SCB-102,Good
2026-02-19,9.01,SCB-102,Good
2026-02-20,9.01,SCB-102,Good
2026-02-21,8.16,SCB-102,Good
2026-02-22,7.37,SCB-102,Good
2026-02-23,7.36,SCB-102,Good
2026-02-24,7.36,SCB-102,Good
2026-02-25,7.36,SCB-102,Good
2026-02-26,7.35,SCB-102,Good
2026-02-27,7.36,SCB-102,Good
2026-02-28,7.36,SCB-102,Good
2026-03-01,7.32,SCB-102,Good
2026-03-02,7.33,SCB-102,Good
2026-03-03,7.33,SCB-102,Good
2026-03-04,7.32,SCB-102,Good
2026-03-05,7.33,SCB-102,Good
2026-03-06,7.31,SCB-102,Good
2026-03-07,7.3,SCB-102,Good
2026-03-08,7.25,SCB-102,Good
2026-03-09,7.24,SCB-102,Good
2026-03-10,7.27,SCB-102,Good
2026-03-11,7.31,SCB-102,Good
2026-03-12,7.34,SCB-102,Good
2026-03-13,7.33,SCB-102,Good
2026-03-14,7.32,SCB-102,Good
2026-03-15,7.32,SCB-102,Good
2026-03-16,7.34,SCB-102,Good
2026-03-17,7.35,SCB-102,Good
2026-03-18,7.36,SCB-102,Good
2026-03-19,7.36,SCB-102,Good
2026-03-20,7.35,SCB-102,Good
2026-03-21,7.35,SCB-102,Good
2026-03-22,7.32,SCB-102,Good
2026-03-23,7.37,SCB-102,Good
2026-03-24,7.36,SCB-102,Good
2026-03-25,7.355,SCB-102,Interpolated
2026-03-26,7.35,SCB-102,Interpolated
2026-03-27,7.345,SCB-102,Interpolated
2026-03-28,7.34,SCB-102,Good
2026-03-29,7.33,SCB-102,Good
2026-03-30,7.33,SCB-102,Good
2026-03-31,7.21,SCB-102,Good
2026-04-01,7.01,SCB-102,Good
2026-04-02,7.25,SCB-102,Good
2026-04-03,7.3,SCB-102,Good
2026-04-04,7.32,SCB-102,Good
2026-04-05,7.31,SCB-102,Good
2026-04-06,7.31,SCB-102,Good
2026-04-07,7.31,SCB-102,Good
2026-04-08,7.32,SCB-102,Good
2026-04-09,7.33,SCB-102,Good
2026-04-10,7.33,SCB-102,Good
2026-04-11,7.34,SCB-102,Good
2026-04-12,7.35,SCB-102,Good
2026-04-13,7.35,SCB-102,Good
2026-04-14,7.35,SCB-102,Good
2026-04-15,7.35,SCB-102,Good
2026-04-16,7.35,SCB-102,Good
2026-04-17,7.35,SCB-102,Good
2026-04-18,7.35,SCB-102,Good
2026-04-19,7.35,SCB-102,Good
2026-04-20,7.35,SCB-102,Good
2026-04-21,7.35,SCB-102,Good
2026-04-22,7.36,SCB-102,Good
2026-04-23,7.36,SCB-102,Good
2026-04-24,7.36,SCB-102,Good
2026-04-25,7.36,SCB-102,Good
2026-04-26,7.38,SCB-102,Good
2026-04-27,7.38,SCB-102,Good
2026-04-28,7.39,SCB-102,Good
2026-04-29,7.39,SCB-102,Good
2026-04-30,7.4,SCB-102,Good
2026-05-01,7.4,SCB-102,Good
2026-05-02,7.4,SCB-102,Good
2026-05-03,7.4,SCB-102,Good
2026-05-04,7.41,SCB-102,Good
2026-05-05,7.41,SCB-102,Good
2026-05-06,7.41,SCB-102,Good
2026-05-07,7.41,SCB-102,Good
2026-05-08,7.41,SCB-102,Good
2026-05-09,7.41,SCB-102,Good
2026-05-10,7.42,SCB-102,Good
2026-05-11,7.42,SCB-102,Good
2026-05-12,7.42,SCB-102,Good
2026-05-13,7.42,SCB-102,Good
2026-05-14,7.43,SCB-102,Good
2026-05-15,7.42,SCB-102,Good
2026-05-16,7.42,SCB-102,Good
2026-05-17,7.43,SCB-102,Good
2026-05-18,7.43,SCB-102,Good
2026-05-19,7.43,SCB-102,Good
2026-05-20,7.43,SCB-102,Good
2026-05-21,7.43,SCB-102,Good
2026-05-22,7.44,SCB-102,Good
2026-05-23,7.44,SCB-102,Good
2026-05-24,7.44,SCB-102,Good
2026-05-25,7.44,SCB-102,Good
2026-05-26,7.44,SCB-102,Good
2026-05-27,7.45,SCB-102,Good
2026-05-28,7.45,SCB-102,Good
2026-05-29,7.45,SCB-102,Good
2026-05-30,7.46,SCB-102,Good
2026-05-31,7.46,SCB-102,Good
2026-06-01,7.46,SCB-102,Good
2026-06-02,7.47,SCB-102,Good
2026-06-03,7.47,SCB-102,Good
2026-06-04,7.47,SCB-102,Good
2026-06-05,7.47,SCB-102,Good
2026-06-06,7.47,SCB-102,Good
2026-06-07,7.47,SCB-102,Good
2026-06-08,7.47,SCB-102,Good
2026-06-09,7.48,SCB-102,Good
2026-06-10,7.48,SCB-102,Good
2026-06-11,7.48,SCB-102,Good
2026-06-12,7.48,SCB-102,Good
2026-06-13,7.48,SCB-102,Good
2026-06-14,7.48,SCB-102,Good
2026-06-15,7.49,SCB-102,Good
2026-06-16,7.49,SCB-102,Good
2026-06-17,7.49,SCB-102,Good
2026-06-18,7.49,SCB-102,Good
2026-06-19,7.49,SCB-102,Good
2026-06-20,7.49,SCB-102,Good
2026-06-21,7.49,SCB-102,Good
2026-06-22,7.49,SCB-102,Good
2026-06-23,7.49,SCB-102,Good
2026-06-24,7.5,SCB-102,Good
2026-06-25,7.5,SCB-102,Good
2026-06-26,7.51,SCB-102,Good
2026-06-27,7.47,SCB-102,Good
2026-06-28,7.5,SCB-102,Good
2026-06-29,7.51,SCB-102,Good
2026-06-30,7.52,SCB-102,Good
2026-01-01,14.0,SCB-103,Good
2026-01-02,14.0,SCB-103,Interpolated
2026-01-03,14.0,SCB-103,Good
2026-01-04,13.91,SCB-103,Good
2026-01-05,14.0,SCB-103,Good
2026-01-06,13.96,SCB-103,Interpolated
2026-01-07,13.92,SCB-103,Interpolated
2026-01-08,13.879999999999999,SCB-103,Interpolated
2026-01-09,13.84,SCB-103,Good
2026-01-10,13.82,SCB-103,Good
2026-01-11,13.99,SCB-103,Good
2026-01-12,9.94,SCB-103,Good
2026-01-13,5.6,SCB-103,Good
2026-01-14,5.6,SCB-103,Good
2026-01-15,5.6,SCB-103,Good
2026-01-16,5.6,SCB-103,Good
2026-01-17,5.6,SCB-103,Good
2026-01-18,5.6,SCB-103,Good
2026-01-19,5.52,SCB-103,Good
2026-01-20,5.5,SCB-103,Good
2026-01-21,5.48,SCB-103,Good
2026-01-22,5.46,SCB-103,Good
2026-01-23,5.48,SCB-103,Good
2026-01-24,5.48,SCB-103,Good
2026-01-25,5.48,SCB-103,Interpolated
2026-01-26,5.48,SCB-103,Interpolated
2026-01-27,5.48,SCB-103,Interpolated
2026-01-28,,SCB-103,Offline
2026-01-29,5.48,SCB-103,Good
2026-01-30,5.46,SCB-103,Good
2026-01-31,5.48,SCB-103,Good
2026-02-01,5.48,SCB-103,Good
2026-02-02,5.45,SCB-103,Good
2026-02-03,5.46,SCB-103,Good
2026-02-04,5.46,SCB-103,Good
2026-02-05,5.46,SCB-103,Good
2026-02-06,5.46,SCB-103,Good
2026-02-07,5.24,SCB-103,Good
2026-02-08,5.45,SCB-103,Good
2026-02-09,5.45,SCB-103,Good
2026-02-10,5.43,SCB-103,Good
2026-02-11,5.23,SCB-103,Good
2026-02-12,5.22,SCB-103,Good
2026-02-13,5.19,SCB-103,Good
2026-02-14,5.18,SCB-103,Good
2026-02-15,5.18,SCB-103,Good
2026-02-16,1.43,SCB-103,Good
2026-02-17,2.33,SCB-103,Good
2026-02-18,8.98,SCB-103,Good
2026-02-19,8.98,SCB-103,Good
2026-02-20,8.98,SCB-103,Good
2026-02-21,8.9,SCB-103,Good
2026-02-22,8.83,SCB-103,Good
2026-02-23,8.83,SCB-103,Good
2026-02-24,8.83,SCB-103,Good
2026-02-25,8.83,SCB-103,Good
2026-02-26,8.81,SCB-103,Good
2026-02-27,8.81,SCB-103,Good
2026-02-28,8.81,SCB-103,Good
2026-03-01,8.81,SCB-103,Good
2026-03-02,8.81,SCB-103,Good
2026-03-03,8.81,SCB-103,Good
2026-03-04,8.81,SCB-103,Good
2026-03-05,8.81,SCB-103,Good
2026-03-06,8.81,SCB-103,Good
2026-03-07,8.81,SCB-103,Good
2026-03-08,8.81,SCB-103,Good
2026-03-09,8.81,SCB-103,Good
2026-03-10,8.81,SCB-103,Good
2026-03-11,8.81,SCB-103,Good
2026-03-12,8.81,SCB-103,Good
2026-03-13,8.82,SCB-103,Good
2026-03-14,8.81,SCB-103,Good
2026-03-15,8.81,SCB-103,Good
2026-03-16,8.81,SCB-103,Good
2026-03-17,8.81,SCB-103,Good
2026-03-18,8.81,SCB-103,Good
2026-03-19,8.81,SCB-103,Good
2026-03-20,8.81,SCB-103,Good
2026-03-21,8.81,SCB-103,Good
2026-03-22,8.81,SCB-103,Good
2026-03-23,8.81,SCB-103,Good
2026-03-24,8.81,SCB-103,Good
2026-03-25,8.8125,SCB-103,Interpolated
2026-03-26,8.815000000000001,SCB-103,Interpolated
2026-03-27,8.8175,SCB-103,Interpolated
2026-03-28,8.82,SCB-103,Good
2026-03-29,8.82,SCB-103,Good
2026-03-30,8.82,SCB-103,Good
2026-03-31,8.82,SCB-103,Good
2026-04-01,8.81,SCB-103,Good
2026-04-02,8.81,SCB-103,Good
2026-04-03,8.81,SCB-103,Good
2026-04-04,8.81,SCB-103,Good
2026-04-05,8.81,SCB-103,Good
2026-04-06,8.81,SCB-103,Good
2026-04-07,8.81,SCB-103,Good
2026-04-08,8.81,SCB-103,Good
2026-04-09,8.82,SCB-103,Good
2026-04-10,8.81,SCB-103,Good
2026-04-11,8.81,SCB-103,Good
2026-04-12,8.81,SCB-103,Good
2026-04-13,8.82,SCB-103,Good
2026-04-14,8.82,SCB-103,Good
2026-04-15,8.82,SCB-103,Good
2026-04-16,8.82,SCB-103,Good
2026-04-17,8.82,SCB-103,Good
2026-04-18,8.82,SCB-103,Good
2026-04-19,8.82,SCB-103,Good
2026-04-20,8.81,SCB-103,Good
2026-04-21,8.82,SCB-103,Good
2026-04-22,8.82,SCB-103,Good
2026-04-23,8.81,SCB-103,Good
2026-04-24,8.81,SCB-103,Good
2026-04-25,8.81,SCB-103,Good
2026-04-26,8.81,SCB-103,Good
2026-04-27,8.82,SCB-103,Good
2026-04-28,8.81,SCB-103,Good
2026-04-29,8.81,SCB-103,Good
2026-04-30,8.81,SCB-103,Good
2026-05-01,8.81,SCB-103,Good
2026-05-02,8.81,SCB-103,Good
2026-05-03,8.81,SCB-103,Good
2026-05-04,8.82,SCB-103,Good
2026-05-05,8.82,SCB-103,Good
2026-05-06,8.81,SCB-103,Good
2026-05-07,8.81,SCB-103,Good
2026-05-08,8.81,SCB-103,Good
2026-05-09,8.83,SCB-103,Good
2026-05-10,8.83,SCB-103,Good
2026-05-11,8.83,SCB-103,Good
2026-05-12,8.83,SCB-103,Good
2026-05-13,8.83,SCB-103,Good
2026-05-14,8.82,SCB-103,Good
2026-05-15,8.81,SCB-103,Good
2026-05-16,8.81,SCB-103,Good
2026-05-17,8.81,SCB-103,Good
2026-05-18,8.81,SCB-103,Good
2026-05-19,8.81,SCB-103,Good
2026-05-20,8.81,SCB-103,Good
2026-05-21,8.81,SCB-103,Good
2026-05-22,8.81,SCB-103,Good
2026-05-23,8.81,SCB-103,Good
2026-05-24,8.81,SCB-103,Good
2026-05-25,8.81,SCB-103,Good
2026-05-26,8.82,SCB-103,Good
2026-05-27,8.82,SCB-103,Good
2026-05-28,8.81,SCB-103,Good
2026-05-29,8.81,SCB-103,Good
2026-05-30,8.82,SCB-103,Good
2026-05-31,8.82,SCB-103,Good
2026-06-01,8.81,SCB-103,Good
2026-06-02,8.81,SCB-103,Good
2026-06-03,8.81,SCB-103,Good
2026-06-04,8.81,SCB-103,Good
2026-06-05,8.81,SCB-103,Good
2026-06-06,8.81,SCB-103,Good
2026-06-07,8.81,SCB-103,Good
2026-06-08,8.81,SCB-103,Good
2026-06-09,8.81,SCB-103,Good
2026-06-10,8.81,SCB-103,Good
2026-06-11,8.81,SCB-103,Good
2026-06-12,8.81,SCB-103,Good
2026-06-13,8.81,SCB-103,Good
2026-06-14,8.81,SCB-103,Good
2026-06-15,8.81,SCB-103,Good
2026-06-16,8.81,SCB-103,Good
2026-06-17,8.81,SCB-103,Good
2026-06-18,8.8,SCB-103,Good
2026-06-19,8.81,SCB-103,Good
2026-06-20,8.81,SCB-103,Good
2026-06-21,8.8,SCB-103,Good
2026-06-22,8.82,SCB-103,Good
2026-06-23,8.81,SCB-103,Good
2026-06-24,8.82,SCB-103,Good
2026-06-25,8.84,SCB-103,Good
2026-06-26,8.83,SCB-103,Good
2026-06-27,8.83,SCB-103,Good
2026-06-28,8.81,SCB-103,Good
2026-06-29,8.81,SCB-103,Good
2026-06-30,8.81,SCB-103,Good
2026-01-01,12.45,SCB-104,Good
2026-01-02,12.57,SCB-104,Good
2026-01-03,12.58,SCB-104,Good
2026-01-04,12.57,SCB-104,Good
2026-01-05,12.56,SCB-104,Good
2026-01-06,12.540000000000001,SCB-104,Interpolated
2026-01-07,12.52,SCB-104,Interpolated
2026-01-08,12.5,SCB-104,Interpolated
2026-01-09,12.48,SCB-104,Good
2026-01-10,12.52,SCB-104,Good
2026-01-11,12.5,SCB-104,Good
2026-01-12,12.49,SCB-104,Good
2026-01-13,12.52,SCB-104,Good
2026-01-14,12.54,SCB-104,Good
2026-01-15,12.57,SCB-104,Good
2026-01-16,12.47,SCB-104,Good
2026-01-17,12.59,SCB-104,Good
2026-01-18,12.52,SCB-104,Good
2026-01-19,12.43,SCB-104,Good
2026-01-20,12.54,SCB-104,Good
2026-01-21,12.49,SCB-104,Good
2026-01-22,11.78,SCB-104,Good
2026-01-23,10.81,SCB-104,Good
2026-01-24,10.93,SCB-104,Good
2026-01-25,10.936,SCB-104,Interpolated
2026-01-26,10.942,SCB-104,Interpolated
2026-01-27,10.948,SCB-104,Interpolated
2026-01-28,,SCB-104,Offline
2026-01-29,10.96,SCB-104,Good
2026-01-30,10.96,SCB-104,Good
2026-01-31,10.96,SCB-104,Good
2026-02-01,10.95,SCB-104,Good
2026-02-02,10.96,SCB-104,Good
2026-02-03,10.97,SCB-104,Good
2026-02-04,10.97,SCB-104,Good
2026-02-05,10.97,SCB-104,Good
2026-02-06,10.94,SCB-104,Good
2026-02-07,10.98,SCB-104,Good
2026-02-08,10.98,SCB-104,Good
2026-02-09,10.98,SCB-104,Good
2026-02-10,10.98,SCB-104,Good
2026-02-11,10.98,SCB-104,Good
2026-02-12,10.95,SCB-104,Good
2026-02-13,10.99,SCB-104,Good
2026-02-14,10.89,SCB-104,Good
2026-02-15,10.8,SCB-104,Good
2026-02-16,10.8,SCB-104,Good
2026-02-17,10.8,SCB-104,Good
2026-02-18,10.8,SCB-104,Good
2026-02-19,10.8,SCB-104,Good
2026-02-20,10.8,SCB-104,Good
2026-02-21,10.81,SCB-104,Good
2026-02-22,10.81,SCB-104,Good
2026-02-23,10.81,SCB-104,Good
2026-02-24,10.81,SCB-104,Good
2026-02-25,10.78,SCB-104,Good
2026-02-26,10.82,SCB-104,Good
2026-02-27,10.35,SCB-104,Good
2026-02-28,10.82,SCB-104,Good
2026-03-01,10.82,SCB-104,Good
2026-03-02,10.82,SCB-104,Good
2026-03-03,10.83,SCB-104,Good
2026-03-04,10.83,SCB-104,Good
2026-03-05,10.81,SCB-104,Good
2026-03-06,10.83,SCB-104,Good
2026-03-07,10.83,SCB-104,Good
2026-03-08,10.83,SCB-104,Good
2026-03-09,10.83,SCB-104,Good
2026-03-10,10.4,SCB-104,Good
2026-03-11,10.83,SCB-104,Good
2026-03-12,10.83,SCB-104,Good
2026-03-13,10.83,SCB-104,Good
2026-03-14,10.84,SCB-104,Good
2026-03-15,10.83,SCB-104,Good
2026-03-16,10.84,SCB-104,Good
2026-03-17,10.83,SCB-104,Good
2026-03-18,10.84,SCB-104,Good
2026-03-19,10.81,SCB-104,Good
2026-03-20,10.81,SCB-104,Good
2026-03-21,10.82,SCB-104,Good
2026-03-22,10.83,SCB-104,Good
2026-03-23,10.83,SCB-104,Good
2026-03-24,10.83,SCB-104,Good
2026-03-25,10.8325,SCB-104,Interpolated
2026-03-26,10.835,SCB-104,Interpolated
2026-03-27,10.8375,SCB-104,Interpolated
2026-03-28,10.84,SCB-104,Good
2026-03-29,10.84,SCB-104,Good
2026-03-30,10.84,SCB-104,Good
2026-03-31,10.84,SCB-104,Good
2026-04-01,10.84,SCB-104,Good
2026-04-02,10.85,SCB-104,Good
2026-04-03,10.85,SCB-104,Good
2026-04-04,10.85,SCB-104,Good
2026-04-05,10.85,SCB-104,Good
2026-04-06,10.84,SCB-104,Good
2026-04-07,10.84,SCB-104,Good
2026-04-08,10.85,SCB-104,Good
2026-04-09,10.84,SCB-104,Good
2026-04-10,10.59,SCB-104,Good
2026-04-11,10.84,SCB-104,Good
2026-04-12,10.85,SCB-104,Good
2026-04-13,10.84,SCB-104,Good
2026-04-14,10.85,SCB-104,Good
2026-04-15,10.85,SCB-104,Good
2026-04-16,10.85,SCB-104,Good
2026-04-17,10.85,SCB-104,Good
2026-04-18,10.85,SCB-104,Good
2026-04-19,10.85,SCB-104,Good
2026-04-20,10.85,SCB-104,Good
2026-04-21,10.85,SCB-104,Good
2026-04-22,10.83,SCB-104,Good
2026-04-23,10.85,SCB-104,Good
2026-04-24,10.74,SCB-104,Good
2026-04-25,10.84,SCB-104,Good
2026-04-26,10.87,SCB-104,Good
2026-04-27,10.86,SCB-104,Good
2026-04-28,10.85,SCB-104,Good
2026-04-29,10.85,SCB-104,Good
2026-04-30,10.85,SCB-104,Good
2026-05-01,10.85,SCB-104,Good
2026-05-02,10.85,SCB-104,Good
2026-05-03,10.84,SCB-104,Good
2026-05-04,10.84,SCB-104,Good
2026-05-05,10.84,SCB-104,Good
2026-05-06,10.84,SCB-104,Good
2026-05-07,10.83,SCB-104,Good
2026-05-08,10.84,SCB-104,Good
2026-05-09,10.82,SCB-104,Good
2026-05-10,10.8,SCB-104,Good
2026-05-11,10.73,SCB-104,Good
2026-05-12,10.79,SCB-104,Good
2026-05-13,10.78,SCB-104,Good
2026-05-14,10.76,SCB-104,Good
2026-05-15,10.76,SCB-104,Good
2026-05-16,10.76,SCB-104,Good
2026-05-17,11.55,SCB-104,Good
2026-05-18,12.79,SCB-104,Good
2026-05-19,12.59,SCB-104,Good
2026-05-20,12.45,SCB-104,Good
2026-05-21,12.34,SCB-104,Good
2026-05-22,12.18,SCB-104,Good
2026-05-23,12.16,SCB-104,Good
2026-05-24,12.08,SCB-104,Good
2026-05-25,12.04,SCB-104,Good
2026-05-26,11.99,SCB-104,Good
2026-05-27,11.98,SCB-104,Good
2026-05-28,11.9,SCB-104,Good
2026-05-29,11.83,SCB-104,Good
2026-05-30,11.7,SCB-104,Good
2026-05-31,11.7,SCB-104,Good
2026-06-01,11.58,SCB-104,Good
2026-06-02,11.66,SCB-104,Good
2026-06-03,11.66,SCB-104,Good
2026-06-04,11.63,SCB-104,Good
2026-06-05,11.61,SCB-104,Good
2026-06-06,12.13,SCB-104,Good
2026-06-07,12.49,SCB-104,Good
2026-06-08,12.49,SCB-104,Good
2026-06-09,12.43,SCB-104,Good
2026-06-10,12.23,SCB-104,Good
2026-06-11,12.06,SCB-104,Good
2026-06-12,12.04,SCB-104,Good
2026-06-13,11.94,SCB-104,Good
2026-06-14,11.76,SCB-104,Good
2026-06-15,11.68,SCB-104,Good
2026-06-16,11.6,SCB-104,Good
2026-06-17,11.57,SCB-104,Good
2026-06-18,11.57,SCB-104,Good
2026-06-19,11.49,SCB-104,Good
2026-06-20,11.49,SCB-104,Good
2026-06-21,11.51,SCB-104,Good
2026-06-22,12.26,SCB-104,Good
2026-06-23,12.54,SCB-104,Good
2026-06-24,12.5,SCB-104,Good
2026-06-25,12.49,SCB-104,Good
2026-06-26,12.54,SCB-104,Good
2026-06-27,12.49,SCB-104,Good
2026-06-28,12.51,SCB-104,Good
2026-06-29,12.53,SCB-104,Good
2026-06-30,12.5,SCB-104,Good
2026-01-01,13.02,SCB-105,Good
2026-01-02,13.09,SCB-105,Good
2026-01-03,13.05,SCB-105,Good
2026-01-04,12.84,SCB-105,Good
2026-01-05,12.8,SCB-105,Good
2026-01-06,12.752500000000001,SCB-105,Interpolated
2026-01-07,12.705,SCB-105,Interpolated
2026-01-08,12.657499999999999,SCB-105,Interpolated
2026-01-09,12.61,SCB-105,Good
2026-01-10,12.59,SCB-105,Good
2026-01-11,12.52,SCB-105,Good
2026-01-12,12.46,SCB-105,Good
2026-01-13,12.45,SCB-105,Good
2026-01-14,12.4,SCB-105,Good
2026-01-15,12.34,SCB-105,Good
2026-01-16,12.36,SCB-105,Good
2026-01-17,12.3,SCB-105,Good
2026-01-18,12.27,SCB-105,Good
2026-01-19,12.29,SCB-105,Good
2026-01-20,12.25,SCB-105,Interpolated
2026-01-21,12.21,SCB-105,Good
2026-01-22,12.18,SCB-105,Good
2026-01-23,12.14,SCB-105,Good
2026-01-24,12.08,SCB-105,Good
2026-01-25,12.062,SCB-105,Interpolated
2026-01-26,12.044,SCB-105,Interpolated
2026-01-27,12.026,SCB-105,Interpolated
2026-01-28,,SCB-105,Offline
2026-01-29,11.99,SCB-105,Good
2026-01-30,11.96,SCB-105,Good
2026-01-31,13.34,SCB-105,Good
2026-02-01,13.338,SCB-105,Interpolated
2026-02-02,13.336,SCB-105,Interpolated
2026-02-03,13.334,SCB-105,Interpolated
2026-02-04,,SCB-105,Offline
2026-02-05,13.33,SCB-105,Good
2026-02-06,12.45,SCB-105,Good
2026-02-07,12.17,SCB-105,Good
2026-02-08,11.99,SCB-105,Good
2026-02-09,11.86,SCB-105,Good
2026-02-10,11.77,SCB-105,Good
2026-02-11,11.68,SCB-105,Good
2026-02-12,11.6,SCB-105,Good
2026-02-13,11.52,SCB-105,Good
2026-02-14,11.44,SCB-105,Good
2026-02-15,11.37,SCB-105,Good
2026-02-16,11.51,SCB-105,Good
2026-02-17,11.38,SCB-105,Good
2026-02-18,13.44,SCB-105,Good
2026-02-19,11.38,SCB-105,Good
2026-02-20,11.07,SCB-105,Good
2026-02-21,11.02,SCB-105,Good
2026-02-22,10.98,SCB-105,Good
2026-02-23,10.92,SCB-105,Good
2026-02-24,10.88,SCB-105,Good
2026-02-25,13.49,SCB-105,Good
2026-02-26,12.355,SCB-105,Interpolated
2026-02-27,11.22,SCB-105,Good
2026-02-28,11.1,SCB-105,Good
2026-03-01,11.05,SCB-105,Good
2026-03-02,11.03,SCB-105,Good
2026-03-03,11.02,SCB-105,Good
2026-03-04,11.01,SCB-105,Good
2026-03-05,11.0,SCB-105,Good
2026-03-06,11.01,SCB-105,Good
2026-03-07,10.97,SCB-105,Good
2026-03-08,10.96,SCB-105,Good
2026-03-09,10.94,SCB-105,Good
2026-03-10,10.93,SCB-105,Good
2026-03-11,10.92,SCB-105,Good
2026-03-12,10.9,SCB-105,Good
2026-03-13,11.0,SCB-105,Good
2026-03-14,10.91,SCB-105,Good
2026-03-15,10.9,SCB-105,Good
2026-03-16,10.97,SCB-105,Good
2026-03-17,11.29,SCB-105,Good
2026-03-18,11.13,SCB-105,Good
2026-03-19,10.97,SCB-105,Good
2026-03-20,10.88,SCB-105,Good
2026-03-21,10.96,SCB-105,Good
2026-03-22,10.86,SCB-105,Good
2026-03-23,10.83,SCB-105,Good
2026-03-24,10.79,SCB-105,Good
2026-03-25,10.767499999999998,SCB-105,Interpolated
2026-03-26,10.745,SCB-105,Interpolated
2026-03-27,10.7225,SCB-105,Interpolated
2026-03-28,10.7,SCB-105,Good
2026-03-29,10.72,SCB-105,Good
2026-03-30,10.69,SCB-105,Good
2026-03-31,10.67,SCB-105,Good
2026-04-01,10.67,SCB-105,Good
2026-04-02,10.65,SCB-105,Good
2026-04-03,10.64,SCB-105,Good
2026-04-04,10.64,SCB-105,Good
2026-04-05,10.63,SCB-105,Good
2026-04-06,10.62,SCB-105,Good
2026-04-07,10.68,SCB-105,Good
2026-04-08,10.6,SCB-105,Good
2026-04-09,10.65,SCB-105,Good
2026-04-10,10.59,SCB-105,Good
2026-04-11,10.87,SCB-105,Good
2026-04-12,10.8,SCB-105,Good
2026-04-13,10.56,SCB-105,Good
2026-04-14,10.55,SCB-105,Good
2026-04-15,10.54,SCB-105,Good
2026-04-16,10.61,SCB-105,Good
2026-04-17,10.92,SCB-105,Good
2026-04-18,10.87,SCB-105,Good
2026-04-19,10.86,SCB-105,Good
2026-04-20,10.84,SCB-105,Good
2026-04-21,10.82,SCB-105,Good
2026-04-22,10.81,SCB-105,Good
2026-04-23,10.8,SCB-105,Good
2026-04-24,10.79,SCB-105,Good
2026-04-25,10.8,SCB-105,Good
2026-04-26,10.79,SCB-105,Interpolated
2026-04-27,10.78,SCB-105,Good
2026-04-28,10.77,SCB-105,Good
2026-04-29,10.79,SCB-105,Good
2026-04-30,10.77,SCB-105,Good
2026-05-01,10.77,SCB-105,Good
2026-05-02,10.79,SCB-105,Good
2026-05-03,10.8,SCB-105,Good
2026-05-04,10.78,SCB-105,Good
2026-05-05,10.77,SCB-105,Good
2026-05-06,10.76,SCB-105,Good
2026-05-07,10.76,SCB-105,Good
2026-05-08,10.75,SCB-105,Good
2026-05-09,10.75,SCB-105,Good
2026-05-10,10.75,SCB-105,Good
2026-05-11,10.75,SCB-105,Good
2026-05-12,10.75,SCB-105,Good
2026-05-13,10.75,SCB-105,Good
2026-05-14,10.75,SCB-105,Good
2026-05-15,10.74,SCB-105,Good
2026-05-16,10.74,SCB-105,Good
2026-05-17,10.74,SCB-105,Good
2026-05-18,10.73,SCB-105,Good
2026-05-19,10.73,SCB-105,Good
2026-05-20,10.73,SCB-105,Good
2026-05-21,10.75,SCB-105,Good
2026-05-22,10.9,SCB-105,Good
2026-05-23,10.99,SCB-105,Good
2026-05-24,10.88,SCB-105,Good
2026-05-25,10.85,SCB-105,Good
2026-05-26,10.87,SCB-105,Good
2026-05-27,10.76,SCB-105,Good
2026-05-28,10.79,SCB-105,Good
2026-05-29,10.72,SCB-105,Good
2026-05-30,10.71,SCB-105,Good
2026-05-31,10.71,SCB-105,Good
2026-06-01,10.71,SCB-105,Good
2026-06-02,10.73,SCB-105,Good
2026-06-03,10.72,SCB-105,Good
2026-06-04,10.71,SCB-105,Good
2026-06-05,10.69,SCB-105,Good
2026-06-06,10.69,SCB-105,Good
2026-06-07,10.69,SCB-105,Good
2026-06-08,10.67,SCB-105,Good
2026-06-09,10.68,SCB-105,Good
2026-06-10,10.69,SCB-105,Good
2026-06-11,10.69,SCB-105,Good
2026-06-12,10.69,SCB-105,Good
2026-06-13,10.69,SCB-105,Good
2026-06-14,10.68,SCB-105,Good
2026-06-15,10.68,SCB-105,Good
2026-06-16,10.68,SCB-105,Good
2026-06-17,10.69,SCB-105,Good
2026-06-18,10.71,SCB-105,Good
2026-06-19,10.7,SCB-105,Good
2026-06-20,10.68,SCB-105,Good
2026-06-21,10.73,SCB-105,Good
2026-06-22,10.68,SCB-105,Good
2026-06-23,10.69,SCB-105,Good
2026-06-24,10.68,SCB-105,Good
2026-06-25,10.67,SCB-105,Good
2026-06-26,10.67,SCB-105,Good
2026-06-27,10.68,SCB-105,Good
2026-06-28,10.71,SCB-105,Good
2026-06-29,10.7,SCB-105,Good
2026-06-30,10.7,SCB-105,Good
2026-01-01,6.9,SCB-106,Good
2026-01-02,6.9,SCB-106,Good
2026-01-03,6.9,SCB-106,Good
2026-01-04,6.9,SCB-106,Good
2026-01-05,6.9,SCB-106,Good
2026-01-06,6.9,SCB-106,Interpolated
2026-01-07,6.9,SCB-106,Interpolated
2026-01-08,6.9,SCB-106,Interpolated
2026-01-09,6.9,SCB-106,Good
2026-01-10,6.9,SCB-106,Good
2026-01-11,6.9,SCB-106,Good
2026-01-12,6.9,SCB-106,Good
2026-01-13,6.9,SCB-106,Good
2026-01-14,6.9,SCB-106,Good
2026-01-15,6.9,SCB-106,Good
2026-01-16,6.89,SCB-106,Good
2026-01-17,6.9,SCB-106,Good
2026-01-18,6.9,SCB-106,Good
2026-01-19,6.89,SCB-106,Good
2026-01-20,6.89,SCB-106,Good
2026-01-21,6.89,SCB-106,Good
2026-01-22,6.89,SCB-106,Good
2026-01-23,6.89,SCB-106,Good
2026-01-24,6.9,SCB-106,Good
2026-01-25,6.898000000000001,SCB-106,Interpolated
2026-01-26,6.896,SCB-106,Interpolated
2026-01-27,6.894,SCB-106,Interpolated
2026-01-28,,SCB-106,Offline
2026-01-29,6.89,SCB-106,Good
2026-01-30,6.89,SCB-106,Good
2026-01-31,6.89,SCB-106,Good
2026-02-01,6.89,SCB-106,Good
2026-02-02,6.89,SCB-106,Good
2026-02-03,6.89,SCB-106,Good
2026-02-04,6.89,SCB-106,Good
2026-02-05,6.89,SCB-106,Good
2026-02-06,6.89,SCB-106,Good
2026-02-07,6.89,SCB-106,Good
2026-02-08,6.89,SCB-106,Good
2026-02-09,6.89,SCB-106,Good
2026-02-10,6.89,SCB-106,Good
2026-02-11,6.89,SCB-106,Good
2026-02-12,6.89,SCB-106,Good
2026-02-13,6.89,SCB-106,Good
2026-02-14,6.89,SCB-106,Good
2026-02-15,6.89,SCB-106,Good
2026-02-16,6.89,SCB-106,Good
2026-02-17,6.89,SCB-106,Good
2026-02-18,6.89,SCB-106,Good
2026-02-19,6.89,SCB-106,Good
2026-02-20,6.89,SCB-106,Good
2026-02-21,6.89,SCB-106,Good
2026-02-22,6.89,SCB-106,Good
2026-02-23,6.89,SCB-106,Good
2026-02-24,6.89,SCB-106,Good
2026-02-25,6.89,SCB-106,Good
2026-02-26,6.89,SCB-106,Good
2026-02-27,6.89,SCB-106,Good
2026-02-28,6.89,SCB-106,Good
2026-03-01,6.89,SCB-106,Good
2026-03-02,6.88,SCB-106,Good
2026-03-03,6.89,SCB-106,Good
2026-03-04,6.89,SCB-106,Good
2026-03-05,0.91,SCB-106,Good
2026-03-06,3.9,SCB-106,Interpolated
2026-03-07,6.89,SCB-106,Good
2026-03-08,6.89,SCB-106,Good
2026-03-09,6.89,SCB-106,Good
2026-03-10,6.89,SCB-106,Good
2026-03-11,6.89,SCB-106,Good
2026-03-12,6.89,SCB-106,Good
2026-03-13,6.89,SCB-106,Good
2026-03-14,6.89,SCB-106,Good
2026-03-15,6.89,SCB-106,Good
2026-03-16,6.88,SCB-106,Good
2026-03-17,6.88,SCB-106,Good
2026-03-18,6.88,SCB-106,Good
2026-03-19,1.73,SCB-106,Good
2026-03-20,3.963333333333333,SCB-106,Interpolated
2026-03-21,6.196666666666665,SCB-106,Interpolated
2026-03-22,8.43,SCB-106,Good
2026-03-23,8.43,SCB-106,Good
2026-03-24,8.63,SCB-106,Good
2026-03-25,8.58,SCB-106,Interpolated
2026-03-26,8.530000000000001,SCB-106,Interpolated
2026-03-27,8.48,SCB-106,Interpolated
2026-03-28,8.43,SCB-106,Good
2026-03-29,8.64,SCB-106,Good
2026-03-30,8.95,SCB-106,Good
2026-03-31,9.69,SCB-106,Good
2026-04-01,10.21,SCB-106,Good
2026-04-02,10.22,SCB-106,Good
2026-04-03,10.22,SCB-106,Good
2026-04-04,10.21,SCB-106,Good
2026-04-05,9.3,SCB-106,Good
2026-04-06,9.23,SCB-106,Good
2026-04-07,10.0,SCB-106,Good
2026-04-08,10.64,SCB-106,Good
2026-04-09,10.47,SCB-106,Good
2026-04-10,10.16,SCB-106,Good
2026-04-11,10.15,SCB-106,Good
2026-04-12,10.14,SCB-106,Good
2026-04-13,10.12,SCB-106,Good
2026-04-14,10.11,SCB-106,Good
2026-04-15,10.13,SCB-106,Good
2026-04-16,10.12,SCB-106,Good
2026-04-17,10.13,SCB-106,Good
2026-04-18,10.16,SCB-106,Good
2026-04-19,10.16,SCB-106,Good
2026-04-20,10.16,SCB-106,Good
2026-04-21,9.97,SCB-106,Good
2026-04-22,10.06,SCB-106,Good
2026-04-23,10.03,SCB-106,Good
2026-04-24,9.95,SCB-106,Good
2026-04-25,9.89,SCB-106,Good
2026-04-26,10.0,SCB-106,Interpolated
2026-04-27,10.11,SCB-106,Good
2026-04-28,10.13,SCB-106,Good
2026-04-29,10.03,SCB-106,Good
2026-04-30,9.99,SCB-106,Good
2026-05-01,10.07,SCB-106,Good
2026-05-02,10.08,SCB-106,Good
2026-05-03,9.87,SCB-106,Good
2026-05-04,10.14,SCB-106,Good
2026-05-05,10.14,SCB-106,Good
2026-05-06,10.13,SCB-106,Good
2026-05-07,10.14,SCB-106,Good
2026-05-08,10.09,SCB-106,Good
2026-05-09,9.79,SCB-106,Good
2026-05-10,10.13,SCB-106,Good
2026-05-11,10.13,SCB-106,Good
2026-05-12,10.13,SCB-106,Good
2026-05-13,10.13,SCB-106,Good
2026-05-14,10.11,SCB-106,Good
2026-05-15,9.83,SCB-106,Good
2026-05-16,9.7,SCB-106,Good
2026-05-17,9.53,SCB-106,Good
2026-05-18,9.69,SCB-106,Good
2026-05-19,9.49,SCB-106,Good
2026-05-20,9.66,SCB-106,Good
2026-05-21,9.41,SCB-106,Good
2026-05-22,9.07,SCB-106,Good
2026-05-23,9.68,SCB-106,Good
2026-05-24,10.13,SCB-106,Good
2026-05-25,10.13,SCB-106,Good
2026-05-26,10.12,SCB-106,Good
2026-05-27,9.69,SCB-106,Good
2026-05-28,9.09,SCB-106,Good
2026-05-29,9.6,SCB-106,Good
2026-05-30,9.72,SCB-106,Good
2026-05-31,9.22,SCB-106,Good
2026-06-01,9.05,SCB-106,Good
2026-06-02,9.54,SCB-106,Good
2026-06-03,10.11,SCB-106,Good
2026-06-04,10.13,SCB-106,Good
2026-06-05,10.13,SCB-106,Good
2026-06-06,10.13,SCB-106,Good
2026-06-07,10.12,SCB-106,Good
2026-06-08,9.32,SCB-106,Good
2026-06-09,9.67,SCB-106,Good
2026-06-10,9.51,SCB-106,Good
2026-06-11,9.58,SCB-106,Good
2026-06-12,9.44,SCB-106,Good
2026-06-13,9.34,SCB-106,Good
2026-06-14,9.13,SCB-106,Good
2026-06-15,9.14,SCB-106,Good
2026-06-16,9.74,SCB-106,Good
2026-06-17,10.15,SCB-106,Good
2026-06-18,9.82,SCB-106,Good
2026-06-19,9.78,SCB-106,Good
2026-06-20,10.15,SCB-106,Good
2026-06-21,10.15,SCB-106,Good
2026-06-22,10.15,SCB-106,Good
2026-06-23,10.15,SCB-106,Interpolated
2026-06-24,10.15,SCB-106,Interpolated
2026-06-25,10.15,SCB-106,Interpolated
2026-06-26,,SCB-106,Offline
2026-06-27,,SCB-106,Offline
2026-06-28,,SCB-106,Offline
2026-06-29,,SCB-106,Offline
2026-06-30,,SCB-106,Offline
2026-01-01,9.02,SCB-107,Good
2026-01-02,8.96,SCB-107,Good
2026-01-03,8.47,SCB-107,Good
2026-01-04,8.87,SCB-107,Good
2026-01-05,8.88,SCB-107,Good
2026-01-06,8.947500000000002,SCB-107,Interpolated
2026-01-07,9.015,SCB-107,Interpolated
2026-01-08,9.0825,SCB-107,Interpolated
2026-01-09,9.15,SCB-107,Good
2026-01-10,9.17,SCB-107,Good
2026-01-11,9.17,SCB-107,Good
2026-01-12,9.17,SCB-107,Good
2026-01-13,9.17,SCB-107,Good
2026-01-14,9.11,SCB-107,Good
2026-01-15,9.0,SCB-107,Good
2026-01-16,9.13,SCB-107,Good
2026-01-17,9.06,SCB-107,Good
2026-01-18,9.07,SCB-107,Good
2026-01-19,9.06,SCB-107,Good
2026-01-20,8.86,SCB-107,Good
2026-01-21,9.06,SCB-107,Good
2026-01-22,8.9,SCB-107,Good
2026-01-23,8.83,SCB-107,Good
2026-01-24,8.87,SCB-107,Good
2026-01-25,8.899999999999999,SCB-107,Interpolated
2026-01-26,8.93,SCB-107,Interpolated
2026-01-27,8.959999999999999,SCB-107,Interpolated
2026-01-28,,SCB-107,Offline
2026-01-29,9.02,SCB-107,Good
2026-01-30,9.05,SCB-107,Good
2026-01-31,8.98,SCB-107,Good
2026-02-01,9.05,SCB-107,Good
2026-02-02,9.05,SCB-107,Good
2026-02-03,9.14,SCB-107,Good
2026-02-04,9.16,SCB-107,Good
2026-02-05,9.22,SCB-107,Good
2026-02-06,9.26,SCB-107,Good
2026-02-07,9.27,SCB-107,Good
2026-02-08,9.27,SCB-107,Good
2026-02-09,9.27,SCB-107,Good
2026-02-10,9.24,SCB-107,Good
2026-02-11,9.2,SCB-107,Good
2026-02-12,9.22,SCB-107,Good
2026-02-13,9.26,SCB-107,Good
2026-02-14,9.19,SCB-107,Good
2026-02-15,9.17,SCB-107,Good
2026-02-16,9.1,SCB-107,Good
2026-02-17,9.09,SCB-107,Good
2026-02-18,9.12,SCB-107,Good
2026-02-19,9.17,SCB-107,Good
2026-02-20,9.22,SCB-107,Good
2026-02-21,9.23,SCB-107,Good
2026-02-22,9.23,SCB-107,Good
2026-02-23,9.23,SCB-107,Good
2026-02-24,9.25,SCB-107,Good
2026-02-25,9.26,SCB-107,Good
2026-02-26,9.24,SCB-107,Good
2026-02-27,9.19,SCB-107,Good
2026-02-28,9.19,SCB-107,Good
2026-03-01,9.18,SCB-107,Good
2026-03-02,9.2,SCB-107,Good
2026-03-03,9.2,SCB-107,Good
2026-03-04,9.15,SCB-107,Good
2026-03-05,1.88,SCB-107,Good
2026-03-06,0.17,SCB-107,Good
2026-03-07,8.89,SCB-107,Good
2026-03-08,9.01,SCB-107,Good
2026-03-09,9.01,SCB-107,Good
2026-03-10,8.99,SCB-107,Good
2026-03-11,9.06,SCB-107,Good
2026-03-12,9.04,SCB-107,Good
2026-03-13,8.91,SCB-107,Good
2026-03-14,8.94,SCB-107,Good
2026-03-15,8.84,SCB-107,Good
2026-03-16,9.05,SCB-107,Good
2026-03-17,8.99,SCB-107,Good
2026-03-18,9.0,SCB-107,Good
2026-03-19,2.87,SCB-107,Good
2026-03-20,4.693333333333333,SCB-107,Interpolated
2026-03-21,6.516666666666667,SCB-107,Interpolated
2026-03-22,8.34,SCB-107,Good
2026-03-23,8.34,SCB-107,Good
2026-03-24,8.63,SCB-107,Good
2026-03-25,8.557500000000001,SCB-107,Interpolated
2026-03-26,8.485,SCB-107,Interpolated
2026-03-27,8.4125,SCB-107,Interpolated
2026-03-28,8.34,SCB-107,Good
2026-03-29,8.82,SCB-107,Good
2026-03-30,9.76,SCB-107,Good
2026-03-31,9.71,SCB-107,Good
2026-04-01,9.73,SCB-107,Good
2026-04-02,9.69,SCB-107,Good
2026-04-03,9.69,SCB-107,Good
2026-04-04,9.71,SCB-107,Good
2026-04-05,9.72,SCB-107,Good
2026-04-06,9.72,SCB-107,Good
2026-04-07,9.61,SCB-107,Good
2026-04-08,9.58,SCB-107,Good
2026-04-09,9.73,SCB-107,Good
2026-04-10,9.73,SCB-107,Good
2026-04-11,9.72,SCB-107,Good
2026-04-12,9.71,SCB-107,Good
2026-04-13,9.73,SCB-107,Good
2026-04-14,9.73,SCB-107,Good
2026-04-15,9.72,SCB-107,Good
2026-04-16,9.72,SCB-107,Good
2026-04-17,9.71,SCB-107,Good
2026-04-18,9.71,SCB-107,Good
2026-04-19,9.7,SCB-107,Good
2026-04-20,9.69,SCB-107,Good
2026-04-21,9.69,SCB-107,Good
2026-04-22,9.68,SCB-107,Good
2026-04-23,9.69,SCB-107,Good
2026-04-24,9.68,SCB-107,Good
2026-04-25,9.66,SCB-107,Good
2026-04-26,9.63,SCB-107,Good
2026-04-27,9.7,SCB-107,Good
2026-04-28,9.67,SCB-107,Good
2026-04-29,9.65,SCB-107,Good
2026-04-30,9.68,SCB-107,Good
2026-05-01,9.68,SCB-107,Good
2026-05-02,9.65,SCB-107,Good
2026-05-03,9.66,SCB-107,Good
2026-05-04,9.67,SCB-107,Good
2026-05-05,9.67,SCB-107,Good
2026-05-06,9.69,SCB-107,Good
2026-05-07,9.68,SCB-107,Good
2026-05-08,9.68,SCB-107,Good
2026-05-09,9.68,SCB-107,Good
2026-05-10,9.69,SCB-107,Good
2026-05-11,9.69,SCB-107,Good
2026-05-12,9.68,SCB-107,Good
2026-05-13,9.68,SCB-107,Good
2026-05-14,9.68,SCB-107,Good
2026-05-15,9.68,SCB-107,Good
2026-05-16,9.68,SCB-107,Good
2026-05-17,9.68,SCB-107,Good
2026-05-18,9.69,SCB-107,Good
2026-05-19,9.68,SCB-107,Good
2026-05-20,9.68,SCB-107,Good
2026-05-21,9.68,SCB-107,Good
2026-05-22,9.63,SCB-107,Good
2026-05-23,9.43,SCB-107,Good
2026-05-24,9.43,SCB-107,Good
2026-05-25,9.47,SCB-107,Good
2026-05-26,9.53,SCB-107,Good
2026-05-27,9.37,SCB-107,Good
2026-05-28,9.25,SCB-107,Good
2026-05-29,9.4,SCB-107,Good
2026-05-30,9.54,SCB-107,Good
2026-05-31,9.57,SCB-107,Good
2026-06-01,9.48,SCB-107,Good
2026-06-02,9.46,SCB-107,Good
2026-06-03,9.54,SCB-107,Good
2026-06-04,9.54,SCB-107,Good
2026-06-05,9.66,SCB-107,Good
2026-06-06,9.65,SCB-107,Good
2026-06-07,9.66,SCB-107,Good
2026-06-08,9.63,SCB-107,Good
2026-06-09,9.67,SCB-107,Good
2026-06-10,9.57,SCB-107,Good
2026-06-11,9.55,SCB-107,Good
2026-06-12,9.42,SCB-107,Good
2026-06-13,9.5,SCB-107,Good
2026-06-14,9.52,SCB-107,Good
2026-06-15,9.67,SCB-107,Good
2026-06-16,9.58,SCB-107,Good
2026-06-17,9.38,SCB-107,Good
2026-06-18,9.04,SCB-107,Good
2026-06-19,9.16,SCB-107,Good
2026-06-20,9.23,SCB-107,Good
2026-06-21,9.01,SCB-107,Good
2026-06-22,8.74,SCB-107,Good
2026-06-23,8.74,SCB-107,Interpolated
2026-06-24,8.74,SCB-107,Interpolated
2026-06-25,8.74,SCB-107,Interpolated
2026-06-26,,SCB-107,Offline
2026-06-27,,SCB-107,Offline
2026-06-28,,SCB-107,Offline
2026-06-29,,SCB-107,Offline
2026-06-30,,SCB-107,Offline
2026-01-01,11.13,SCB-301,Good
2026-01-02,11.2,SCB-301,Good
2026-01-03,11.15,SCB-301,Good
2026-01-04,11.1,SCB-301,Good
2026-01-05,11.12,SCB-301,Good
2026-01-06,11.135,SCB-301,Interpolated
2026-01-07,11.149999999999999,SCB-301,Interpolated
2026-01-08,11.165,SCB-301,Interpolated
2026-01-09,11.18,SCB-301,Good
2026-01-10,11.2,SCB-301,Good
2026-01-11,11.18,SCB-301,Good
2026-01-12,11.2,SCB-301,Good
2026-01-13,11.19,SCB-301,Good
2026-01-14,11.22,SCB-301,Good
2026-01-15,11.18,SCB-301,Good
2026-01-16,11.01,SCB-301,Good
2026-01-17,11.17,SCB-301,Good
2026-01-18,11.17,SCB-301,Good
2026-01-19,11.14,SCB-301,Good
2026-01-20,11.23,SCB-301,Good
2026-01-21,11.2,SCB-301,Good
2026-01-22,11.25,SCB-301,Good
2026-01-23,11.27,SCB-301,Good
2026-01-24,11.24,SCB-301,Good
2026-01-25,11.246,SCB-301,Interpolated
2026-01-26,11.252,SCB-301,Interpolated
2026-01-27,11.258,SCB-301,Interpolated
2026-01-28,,SCB-301,Offline
2026-01-29,11.27,SCB-301,Good
2026-01-30,11.19,SCB-301,Good
2026-01-31,11.23,SCB-301,Good
2026-02-01,11.26,SCB-301,Good
2026-02-02,11.31,SCB-301,Good
2026-02-03,11.35,SCB-301,Good
2026-02-04,11.52,SCB-301,Good
2026-02-05,11.79,SCB-301,Good
2026-02-06,12.09,SCB-301,Good
2026-02-07,11.86,SCB-301,Good
2026-02-08,11.89,SCB-301,Good
2026-02-09,12.01,SCB-301,Good
2026-02-10,12.02,SCB-301,Good
2026-02-11,12.06,SCB-301,Good
2026-02-12,12.13,SCB-301,Good
2026-02-13,12.17,SCB-301,Good
2026-02-14,11.9,SCB-301,Good
2026-02-15,11.96,SCB-301,Good
2026-02-16,11.89,SCB-301,Good
2026-02-17,11.95,SCB-301,Good
2026-02-18,11.98,SCB-301,Good
2026-02-19,12.08,SCB-301,Good
2026-02-20,12.11,SCB-301,Good
2026-02-21,11.9,SCB-301,Good
2026-02-22,11.87,SCB-301,Good
2026-02-23,11.84,SCB-301,Good
2026-02-24,11.78,SCB-301,Good
2026-02-25,11.68,SCB-301,Good
2026-02-26,11.59,SCB-301,Good
2026-02-27,11.58,SCB-301,Good
2026-02-28,11.52,SCB-301,Good
2026-03-01,11.5,SCB-301,Good
2026-03-02,10.87,SCB-301,Good
2026-03-03,10.53,SCB-301,Good
2026-03-04,10.59,SCB-301,Good
2026-03-05,10.66,SCB-301,Good
2026-03-06,10.71,SCB-301,Good
2026-03-07,10.72,SCB-301,Good
2026-03-08,10.86,SCB-301,Good
2026-03-09,10.81,SCB-301,Good
2026-03-10,10.77,SCB-301,Good
2026-03-11,10.87,SCB-301,Good
2026-03-12,10.85,SCB-301,Good
2026-03-13,10.74,SCB-301,Good
2026-03-14,10.66,SCB-301,Good
2026-03-15,10.52,SCB-301,Good
2026-03-16,10.65,SCB-301,Good
2026-03-17,10.67,SCB-301,Good
2026-03-18,10.68,SCB-301,Good
2026-03-19,10.73,SCB-301,Good
2026-03-20,10.53,SCB-301,Good
2026-03-21,10.06,SCB-301,Good
2026-03-22,10.41,SCB-301,Good
2026-03-23,10.68,SCB-301,Good
2026-03-24,10.59,SCB-301,Good
2026-03-25,10.6325,SCB-301,Interpolated
2026-03-26,10.675,SCB-301,Interpolated
2026-03-27,10.7175,SCB-301,Interpolated
2026-03-28,10.76,SCB-301,Good
2026-03-29,10.79,SCB-301,Good
2026-03-30,10.75,SCB-301,Good
2026-03-31,10.8,SCB-301,Good
2026-04-01,10.62,SCB-301,Good
2026-04-02,10.64,SCB-301,Good
2026-04-03,10.7,SCB-301,Good
2026-04-04,10.76,SCB-301,Good
2026-04-05,10.75,SCB-301,Good
2026-04-06,10.78,SCB-301,Good
2026-04-07,10.56,SCB-301,Good
2026-04-08,10.55,SCB-301,Good
2026-04-09,10.7,SCB-301,Good
2026-04-10,10.5,SCB-301,Good
2026-04-11,10.43,SCB-301,Good
2026-04-12,10.66,SCB-301,Good
2026-04-13,10.83,SCB-301,Good
2026-04-14,10.72,SCB-301,Good
2026-04-15,10.74,SCB-301,Good
2026-04-16,10.57,SCB-301,Good
2026-04-17,10.21,SCB-301,Good
2026-04-18,10.77,SCB-301,Good
2026-04-19,10.71,SCB-301,Good
2026-04-20,10.77,SCB-301,Good
2026-04-21,10.63,SCB-301,Good
2026-04-22,10.57,SCB-301,Good
2026-04-23,10.5,SCB-301,Good
2026-04-24,10.56,SCB-301,Good
2026-04-25,10.58,SCB-301,Good
2026-04-26,10.37,SCB-301,Good
2026-04-27,10.65,SCB-301,Good
2026-04-28,10.7,SCB-301,Good
2026-04-29,10.75,SCB-301,Good
2026-04-30,10.74,SCB-301,Good
2026-05-01,10.84,SCB-301,Good
2026-05-02,10.68,SCB-301,Good
2026-05-03,10.73,SCB-301,Good
2026-05-04,10.69,SCB-301,Good
2026-05-05,10.64,SCB-301,Good
2026-05-06,10.57,SCB-301,Good
2026-05-07,10.61,SCB-301,Good
2026-05-08,10.63,SCB-301,Good
2026-05-09,10.66,SCB-301,Good
2026-05-10,10.63,SCB-301,Good
2026-05-11,10.64,SCB-301,Good
2026-05-12,10.66,SCB-301,Good
2026-05-13,10.67,SCB-301,Good
2026-05-14,10.73,SCB-301,Good
2026-05-15,10.71,SCB-301,Good
2026-05-16,10.5,SCB-301,Good
2026-05-17,10.11,SCB-301,Good
2026-05-18,9.96,SCB-301,Good
2026-05-19,11.71,SCB-301,Good
2026-05-20,12.6,SCB-301,Good
2026-05-21,11.77,SCB-301,Good
2026-05-22,11.35,SCB-301,Good
2026-05-23,11.13,SCB-301,Good
2026-05-24,11.0,SCB-301,Good
2026-05-25,10.94,SCB-301,Good
2026-05-26,10.86,SCB-301,Good
2026-05-27,10.84,SCB-301,Good
2026-05-28,10.83,SCB-301,Good
2026-05-29,10.82,SCB-301,Good
2026-05-30,10.84,SCB-301,Good
2026-05-31,10.85,SCB-301,Good
2026-06-01,10.89,SCB-301,Good
2026-06-02,10.89,SCB-301,Good
2026-06-03,10.9,SCB-301,Good
2026-06-04,10.91,SCB-301,Good
2026-06-05,10.96,SCB-301,Good
2026-06-06,11.0,SCB-301,Good
2026-06-07,11.03,SCB-301,Good
2026-06-08,11.09,SCB-301,Good
2026-06-09,11.12,SCB-301,Good
2026-06-10,11.13,SCB-301,Good
2026-06-11,11.15,SCB-301,Good
2026-06-12,11.19,SCB-301,Good
2026-06-13,11.24,SCB-301,Good
2026-06-14,11.28,SCB-301,Good
2026-06-15,11.33,SCB-301,Good
2026-06-16,11.38,SCB-301,Good
2026-06-17,11.42,SCB-301,Good
2026-06-18,11.48,SCB-301,Good
2026-06-19,11.51,SCB-301,Good
2026-06-20,11.43,SCB-301,Good
2026-06-21,11.53,SCB-301,Good
2026-06-22,11.52,SCB-301,Good
2026-06-23,11.56,SCB-301,Good
2026-06-24,11.57,SCB-301,Good
2026-06-25,11.72,SCB-301,Good
2026-06-26,11.8,SCB-301,Good
2026-06-27,11.68,SCB-301,Good
2026-06-28,11.58,SCB-301,Good
2026-06-29,11.51,SCB-301,Good
2026-06-30,11.5,SCB-301,Good
2026-01-01,8.15,SCB-302,Good
2026-01-02,8.15,SCB-302,Good
2026-01-03,8.15,SCB-302,Good
2026-01-04,8.12,SCB-302,Good
2026-01-05,8.08,SCB-302,Good
2026-01-06,8.0175,SCB-302,Interpolated
2026-01-07,7.955,SCB-302,Interpolated
2026-01-08,7.8925,SCB-302,Interpolated
2026-01-09,7.83,SCB-302,Good
2026-01-10,7.84,SCB-302,Good
2026-01-11,7.83,SCB-302,Good
2026-01-12,7.77,SCB-302,Good
2026-01-13,8.27,SCB-302,Good
2026-01-14,8.34,SCB-302,Good
2026-01-15,8.62,SCB-302,Good
2026-01-16,8.69,SCB-302,Good
2026-01-17,8.36,SCB-302,Good
2026-01-18,8.35,SCB-302,Good
2026-01-19,7.99,SCB-302,Good
2026-01-20,9.01,SCB-302,Good
2026-01-21,8.52,SCB-302,Good
2026-01-22,8.81,SCB-302,Good
2026-01-23,8.53,SCB-302,Good
2026-01-24,8.38,SCB-302,Good
2026-01-25,8.190000000000001,SCB-302,Interpolated
2026-01-26,8.0,SCB-302,Interpolated
2026-01-27,7.8100000000000005,SCB-302,Interpolated
2026-01-28,,SCB-302,Offline
2026-01-29,7.43,SCB-302,Good
2026-01-30,7.46,SCB-302,Good
2026-01-31,7.43,SCB-302,Good
2026-02-01,7.44,SCB-302,Good
2026-02-02,7.48,SCB-302,Good
2026-02-03,7.9,SCB-302,Good
2026-02-04,8.15,SCB-302,Good
2026-02-05,8.36,SCB-302,Good
2026-02-06,8.1,SCB-302,Good
2026-02-07,7.7,SCB-302,Good
2026-02-08,7.78,SCB-302,Good
2026-02-09,7.87,SCB-302,Good
2026-02-10,7.64,SCB-302,Good
2026-02-11,7.3,SCB-302,Good
2026-02-12,6.64,SCB-302,Good
2026-02-13,6.08,SCB-302,Good
2026-02-14,6.93,SCB-302,Good
2026-02-15,6.94,SCB-302,Good
2026-02-16,6.69,SCB-302,Good
2026-02-17,6.46,SCB-302,Good
2026-02-18,6.9,SCB-302,Good
2026-02-19,7.3,SCB-302,Good
2026-02-20,7.51,SCB-302,Good
2026-02-21,7.05,SCB-302,Good
2026-02-22,6.7,SCB-302,Good
2026-02-23,6.65,SCB-302,Good
2026-02-24,7.36,SCB-302,Good
2026-02-25,7.4,SCB-302,Good
2026-02-26,7.38,SCB-302,Good
2026-02-27,7.55,SCB-302,Good
2026-02-28,7.47,SCB-302,Good
2026-03-01,7.12,SCB-302,Good
2026-03-02,7.46,SCB-302,Good
2026-03-03,7.26,SCB-302,Good
2026-03-04,7.06,SCB-302,Good
2026-03-05,7.09,SCB-302,Good
2026-03-06,7.05,SCB-302,Good
2026-03-07,7.06,SCB-302,Good
2026-03-08,7.06,SCB-302,Good
2026-03-09,7.07,SCB-302,Good
2026-03-10,7.06,SCB-302,Good
2026-03-11,7.06,SCB-302,Good
2026-03-12,7.06,SCB-302,Good
2026-03-13,7.06,SCB-302,Good
2026-03-14,7.06,SCB-302,Good
2026-03-15,7.07,SCB-302,Good
2026-03-16,7.05,SCB-302,Good
2026-03-17,7.09,SCB-302,Good
2026-03-18,7.04,SCB-302,Good
2026-03-19,6.99,SCB-302,Good
2026-03-20,6.97,SCB-302,Good
2026-03-21,6.99,SCB-302,Good
2026-03-22,6.97,SCB-302,Good
2026-03-23,6.92,SCB-302,Good
2026-03-24,6.87,SCB-302,Good
2026-03-25,6.835,SCB-302,Interpolated
2026-03-26,6.800000000000001,SCB-302,Interpolated
2026-03-27,6.765000000000001,SCB-302,Interpolated
2026-03-28,6.73,SCB-302,Good
2026-03-29,6.83,SCB-302,Good
2026-03-30,8.52,SCB-302,Good
2026-03-31,8.63,SCB-302,Good
2026-04-01,8.41,SCB-302,Good
2026-04-02,8.36,SCB-302,Good
2026-04-03,8.24,SCB-302,Good
2026-04-04,8.12,SCB-302,Good
2026-04-05,8.25,SCB-302,Good
2026-04-06,8.21,SCB-302,Good
2026-04-07,8.14,SCB-302,Good
2026-04-08,8.1,SCB-302,Good
2026-04-09,8.09,SCB-302,Good
2026-04-10,8.07,SCB-302,Good
2026-04-11,8.04,SCB-302,Good
2026-04-12,8.04,SCB-302,Good
2026-04-13,7.96,SCB-302,Good
2026-04-14,7.97,SCB-302,Good
2026-04-15,7.96,SCB-302,Good
2026-04-16,8.05,SCB-302,Good
2026-04-17,8.09,SCB-302,Good
2026-04-18,8.09,SCB-302,Good
2026-04-19,8.11,SCB-302,Good
2026-04-20,8.08,SCB-302,Good
2026-04-21,8.08,SCB-302,Good
2026-04-22,7.93,SCB-302,Good
2026-04-23,7.81,SCB-302,Good
2026-04-24,7.05,SCB-302,Good
2026-04-25,7.83,SCB-302,Good
2026-04-26,7.88,SCB-302,Interpolated
2026-04-27,7.93,SCB-302,Good
2026-04-28,8.05,SCB-302,Good
2026-04-29,8.26,SCB-302,Good
2026-04-30,8.35,SCB-302,Good
2026-05-01,8.28,SCB-302,Good
2026-05-02,8.1,SCB-302,Good
2026-05-03,8.3,SCB-302,Good
2026-05-04,8.24,SCB-302,Good
2026-05-05,8.03,SCB-302,Good
2026-05-06,8.04,SCB-302,Good
2026-05-07,7.88,SCB-302,Good
2026-05-08,7.62,SCB-302,Good
2026-05-09,7.58,SCB-302,Good
2026-05-10,8.09,SCB-302,Good
2026-05-11,8.19,SCB-302,Good
2026-05-12,8.0,SCB-302,Good
2026-05-13,7.82,SCB-302,Good
2026-05-14,7.94,SCB-302,Good
2026-05-15,7.82,SCB-302,Good
2026-05-16,7.86,SCB-302,Good
2026-05-17,7.81,SCB-302,Good
2026-05-18,7.68,SCB-302,Good
2026-05-19,7.86,SCB-302,Good
2026-05-20,8.04,SCB-302,Good
2026-05-21,7.86,SCB-302,Good
2026-05-22,7.66,SCB-302,Good
2026-05-23,7.63,SCB-302,Good
2026-05-24,7.54,SCB-302,Good
2026-05-25,7.37,SCB-302,Good
2026-05-26,7.21,SCB-302,Good
2026-05-27,7.25,SCB-302,Good
2026-05-28,7.57,SCB-302,Good
2026-05-29,7.51,SCB-302,Good
2026-05-30,7.53,SCB-302,Good
2026-05-31,7.44,SCB-302,Good
2026-06-01,7.4,SCB-302,Good
2026-06-02,7.45,SCB-302,Good
2026-06-03,7.34,SCB-302,Good
2026-06-04,7.36,SCB-302,Good
2026-06-05,7.47,SCB-302,Good
2026-06-06,7.24,SCB-302,Good
2026-06-07,7.22,SCB-302,Good
2026-06-08,7.48,SCB-302,Good
2026-06-09,7.59,SCB-302,Good
2026-06-10,7.95,SCB-302,Good
2026-06-11,8.0,SCB-302,Good
2026-06-12,7.75,SCB-302,Good
2026-06-13,7.54,SCB-302,Good
2026-06-14,7.78,SCB-302,Good
2026-06-15,7.86,SCB-302,Good
2026-06-16,7.73,SCB-302,Good
2026-06-17,7.72,SCB-302,Good
2026-06-18,7.62,SCB-302,Good
2026-06-19,7.41,SCB-302,Good
2026-06-20,7.31,SCB-302,Good
2026-06-21,7.28,SCB-302,Good
2026-06-22,7.12,SCB-302,Good
2026-06-23,6.97,SCB-302,Good
2026-06-24,6.82,SCB-302,Good
2026-06-25,6.73,SCB-302,Good
2026-06-26,6.86,SCB-302,Good
2026-06-27,6.8,SCB-302,Good
2026-06-28,6.69,SCB-302,Good
2026-06-29,6.57,SCB-302,Good
2026-06-30,6.54,SCB-302,Good
2026-01-01,12.34,SCB-303,Good
2026-01-02,11.76,SCB-303,Good
2026-01-03,11.27,SCB-303,Good
2026-01-04,12.52,SCB-303,Good
2026-01-05,11.94,SCB-303,Good
2026-01-06,12.1775,SCB-303,Interpolated
2026-01-07,12.415,SCB-303,Interpolated
2026-01-08,12.6525,SCB-303,Interpolated
2026-01-09,12.89,SCB-303,Good
2026-01-10,12.85,SCB-303,Good
2026-01-11,12.54,SCB-303,Good
2026-01-12,11.17,SCB-303,Good
2026-01-13,7.76,SCB-303,Good
2026-01-14,12.47,SCB-303,Good
2026-01-15,11.84,SCB-303,Good
2026-01-16,12.82,SCB-303,Good
2026-01-17,11.5,SCB-303,Good
2026-01-18,11.54,SCB-303,Good
2026-01-19,11.62,SCB-303,Good
2026-01-20,11.39,SCB-303,Good
2026-01-21,11.05,SCB-303,Good
2026-01-22,10.84,SCB-303,Good
2026-01-23,11.24,SCB-303,Good
2026-01-24,11.44,SCB-303,Good
2026-01-25,11.703999999999999,SCB-303,Interpolated
2026-01-26,11.968,SCB-303,Interpolated
2026-01-27,12.232,SCB-303,Interpolated
2026-01-28,,SCB-303,Offline
2026-01-29,12.76,SCB-303,Good
2026-01-30,11.87,SCB-303,Good
2026-01-31,12.14,SCB-303,Good
2026-02-01,11.63,SCB-303,Good
2026-02-02,9.91,SCB-303,Good
2026-02-03,11.58,SCB-303,Good
2026-02-04,11.16,SCB-303,Good
2026-02-05,11.12,SCB-303,Good
2026-02-06,11.26,SCB-303,Good
2026-02-07,12.28,SCB-303,Good
2026-02-08,12.17,SCB-303,Good
2026-02-09,11.53,SCB-303,Good
2026-02-10,12.05,SCB-303,Good
2026-02-11,12.13,SCB-303,Good
2026-02-12,12.16,SCB-303,Good
2026-02-13,12.39,SCB-303,Good
2026-02-14,12.0,SCB-303,Good
2026-02-15,11.77,SCB-303,Good
2026-02-16,11.28,SCB-303,Good
2026-02-17,11.2,SCB-303,Good
2026-02-18,11.89,SCB-303,Good
2026-02-19,12.1,SCB-303,Good
2026-02-20,12.24,SCB-303,Good
2026-02-21,12.37,SCB-303,Good
2026-02-22,11.89,SCB-303,Good
2026-02-23,11.89,SCB-303,Good
2026-02-24,11.79,SCB-303,Good
2026-02-25,11.76,SCB-303,Good
2026-02-26,11.23,SCB-303,Good
2026-02-27,11.54,SCB-303,Good
2026-02-28,11.79,SCB-303,Good
2026-03-01,11.84,SCB-303,Good
2026-03-02,11.39,SCB-303,Good
2026-03-03,10.75,SCB-303,Good
2026-03-04,10.13,SCB-303,Good
2026-03-05,10.35,SCB-303,Good
2026-03-06,10.59,SCB-303,Good
2026-03-07,10.78,SCB-303,Good
2026-03-08,10.94,SCB-303,Good
2026-03-09,10.98,SCB-303,Good
2026-03-10,10.92,SCB-303,Good
2026-03-11,10.71,SCB-303,Good
2026-03-12,10.62,SCB-303,Good
2026-03-13,10.76,SCB-303,Good
2026-03-14,10.81,SCB-303,Good
2026-03-15,10.8,SCB-303,Good
2026-03-16,10.86,SCB-303,Good
2026-03-17,10.83,SCB-303,Good
2026-03-18,10.81,SCB-303,Good
2026-03-19,10.79,SCB-303,Good
2026-03-20,10.8,SCB-303,Good
2026-03-21,10.79,SCB-303,Good
2026-03-22,10.78,SCB-303,Good
2026-03-23,10.78,SCB-303,Good
2026-03-24,10.77,SCB-303,Good
2026-03-25,10.817499999999999,SCB-303,Interpolated
2026-03-26,10.865,SCB-303,Interpolated
2026-03-27,10.912500000000001,SCB-303,Interpolated
2026-03-28,10.96,SCB-303,Good
2026-03-29,10.95,SCB-303,Good
2026-03-30,11.15,SCB-303,Good
2026-03-31,11.3,SCB-303,Good
2026-04-01,11.54,SCB-303,Good
2026-04-02,12.25,SCB-303,Good
2026-04-03,12.34,SCB-303,Good
2026-04-04,12.31,SCB-303,Good
2026-04-05,12.8,SCB-303,Good
2026-04-06,11.78,SCB-303,Good
2026-04-07,11.15,SCB-303,Good
2026-04-08,10.01,SCB-303,Good
2026-04-09,10.61,SCB-303,Good
2026-04-10,10.48,SCB-303,Good
2026-04-11,10.66,SCB-303,Good
2026-04-12,10.83,SCB-303,Good
2026-04-13,11.11,SCB-303,Good
2026-04-14,11.01,SCB-303,Good
2026-04-15,10.88,SCB-303,Good
2026-04-16,10.96,SCB-303,Good
2026-04-17,10.93,SCB-303,Good
2026-04-18,10.82,SCB-303,Good
2026-04-19,11.02,SCB-303,Good
2026-04-20,11.23,SCB-303,Good
2026-04-21,11.12,SCB-303,Good
2026-04-22,11.02,SCB-303,Good
2026-04-23,10.99,SCB-303,Good
2026-04-24,10.94,SCB-303,Good
2026-04-25,10.91,SCB-303,Good
2026-04-26,10.9,SCB-303,Good
2026-04-27,11.26,SCB-303,Good
2026-04-28,11.4,SCB-303,Good
2026-04-29,11.36,SCB-303,Good
2026-04-30,11.37,SCB-303,Good
2026-05-01,11.29,SCB-303,Good
2026-05-02,11.11,SCB-303,Good
2026-05-03,11.09,SCB-303,Good
2026-05-04,11.15,SCB-303,Good
2026-05-05,11.21,SCB-303,Good
2026-05-06,11.28,SCB-303,Good
2026-05-07,11.43,SCB-303,Good
2026-05-08,11.7,SCB-303,Good
2026-05-09,11.34,SCB-303,Good
2026-05-10,10.89,SCB-303,Good
2026-05-11,10.71,SCB-303,Good
2026-05-12,10.85,SCB-303,Good
2026-05-13,11.0,SCB-303,Good
2026-05-14,11.0,SCB-303,Good
2026-05-15,11.09,SCB-303,Good
2026-05-16,11.08,SCB-303,Good
2026-05-17,11.2,SCB-303,Good
2026-05-18,10.74,SCB-303,Good
2026-05-19,10.11,SCB-303,Good
2026-05-20,10.15,SCB-303,Good
2026-05-21,11.3,SCB-303,Good
2026-05-22,11.59,SCB-303,Good
2026-05-23,10.41,SCB-303,Good
2026-05-24,8.09,SCB-303,Good
2026-05-25,9.06,SCB-303,Good
2026-05-26,8.49,SCB-303,Good
2026-05-27,7.33,SCB-303,Good
2026-05-28,8.53,SCB-303,Good
2026-05-29,11.0,SCB-303,Good
2026-05-30,11.35,SCB-303,Good
2026-05-31,10.8,SCB-303,Good
2026-06-01,10.51,SCB-303,Good
2026-06-02,10.87,SCB-303,Good
2026-06-03,10.73,SCB-303,Good
2026-06-04,10.56,SCB-303,Good
2026-06-05,10.38,SCB-303,Good
2026-06-06,10.31,SCB-303,Good
2026-06-07,10.34,SCB-303,Good
2026-06-08,10.39,SCB-303,Good
2026-06-09,10.46,SCB-303,Good
2026-06-10,10.64,SCB-303,Good
2026-06-11,10.71,SCB-303,Good
2026-06-12,10.94,SCB-303,Good
2026-06-13,11.14,SCB-303,Good
2026-06-14,10.86,SCB-303,Good
2026-06-15,10.48,SCB-303,Good
2026-06-16,10.36,SCB-303,Good
2026-06-17,10.29,SCB-303,Good
2026-06-18,10.64,SCB-303,Good
2026-06-19,10.83,SCB-303,Good
2026-06-20,10.68,SCB-303,Good
2026-06-21,10.49,SCB-303,Good
2026-06-22,10.74,SCB-303,Good
2026-06-23,10.83,SCB-303,Good
2026-06-24,10.76,SCB-303,Good
2026-06-25,11.2,SCB-303,Good
2026-06-26,11.38,SCB-303,Good
2026-06-27,11.16,SCB-303,Good
2026-06-28,11.08,SCB-303,Good
2026-06-29,11.02,SCB-303,Good
2026-06-30,10.55,SCB-303,Good
2026-01-01,0.95,SCB-304,Good
2026-01-02,0.95,SCB-304,Good
2026-01-03,0.95,SCB-304,Good
2026-01-04,0.95,SCB-304,Good
2026-01-05,0.95,SCB-304,Good
2026-01-06,0.95,SCB-304,Interpolated
2026-01-07,0.95,SCB-304,Interpolated
2026-01-08,0.95,SCB-304,Interpolated
2026-01-09,0.95,SCB-304,Good
2026-01-10,0.95,SCB-304,Good
2026-01-11,0.95,SCB-304,Good
2026-01-12,5.23,SCB-304,Good
2026-01-13,9.5,SCB-304,Good
2026-01-14,9.5,SCB-304,Good
2026-01-15,9.5,SCB-304,Good
2026-01-16,9.5,SCB-304,Good
2026-01-17,9.5,SCB-304,Good
2026-01-18,9.5,SCB-304,Good
2026-01-19,9.5,SCB-304,Good
2026-01-20,9.5,SCB-304,Good
2026-01-21,9.5,SCB-304,Good
2026-01-22,9.5,SCB-304,Good
2026-01-23,9.5,SCB-304,Good
2026-01-24,9.5,SCB-304,Good
2026-01-25,9.5,SCB-304,Interpolated
2026-01-26,9.5,SCB-304,Interpolated
2026-01-27,9.5,SCB-304,Interpolated
2026-01-28,,SCB-304,Offline
2026-01-29,9.5,SCB-304,Good
2026-01-30,9.5,SCB-304,Good
2026-01-31,9.5,SCB-304,Good
2026-02-01,9.5,SCB-304,Good
2026-02-02,9.5,SCB-304,Good
2026-02-03,9.5,SCB-304,Good
2026-02-04,9.5,SCB-304,Good
2026-02-05,9.5,SCB-304,Good
2026-02-06,9.5,SCB-304,Good
2026-02-07,9.5,SCB-304,Good
2026-02-08,9.5,SCB-304,Good
2026-02-09,9.5,SCB-304,Good
2026-02-10,9.5,SCB-304,Good
2026-02-11,9.5,SCB-304,Good
2026-02-12,9.5,SCB-304,Good
2026-02-13,9.5,SCB-304,Good
2026-02-14,9.5,SCB-304,Good
2026-02-15,9.5,SCB-304,Good
2026-02-16,9.5,SCB-304,Good
2026-02-17,9.5,SCB-304,Good
2026-02-18,9.5,SCB-304,Good
2026-02-19,9.5,SCB-304,Good
2026-02-20,9.5,SCB-304,Good
2026-02-21,9.5,SCB-304,Good
2026-02-22,9.5,SCB-304,Good
2026-02-23,9.5,SCB-304,Good
2026-02-24,9.5,SCB-304,Good
2026-02-25,9.5,SCB-304,Good
2026-02-26,9.5,SCB-304,Good
2026-02-27,9.5,SCB-304,Good
2026-02-28,9.5,SCB-304,Good
2026-03-01,9.5,SCB-304,Good
2026-03-02,9.5,SCB-304,Good
2026-03-03,9.5,SCB-304,Good
2026-03-04,9.5,SCB-304,Good
2026-03-05,9.5,SCB-304,Good
2026-03-06,9.5,SCB-304,Good
2026-03-07,9.5,SCB-304,Good
2026-03-08,9.5,SCB-304,Good
2026-03-09,9.5,SCB-304,Good
2026-03-10,9.5,SCB-304,Good
2026-03-11,9.51,SCB-304,Good
2026-03-12,9.51,SCB-304,Good
2026-03-13,9.51,SCB-304,Good
2026-03-14,9.51,SCB-304,Good
2026-03-15,9.51,SCB-304,Good
2026-03-16,9.51,SCB-304,Good
2026-03-17,9.51,SCB-304,Good
2026-03-18,9.51,SCB-304,Good
2026-03-19,9.51,SCB-304,Good
2026-03-20,9.51,SCB-304,Good
2026-03-21,9.51,SCB-304,Good
2026-03-22,9.51,SCB-304,Good
2026-03-23,9.51,SCB-304,Good
2026-03-24,9.51,SCB-304,Good
2026-03-25,9.51,SCB-304,Interpolated
2026-03-26,9.51,SCB-304,Interpolated
2026-03-27,9.51,SCB-304,Interpolated
2026-03-28,9.51,SCB-304,Good
2026-03-29,9.51,SCB-304,Good
2026-03-30,9.51,SCB-304,Good
2026-03-31,9.51,SCB-304,Good
2026-04-01,9.51,SCB-304,Good
2026-04-02,9.51,SCB-304,Good
2026-04-03,9.51,SCB-304,Good
2026-04-04,9.51,SCB-304,Good
2026-04-05,9.51,SCB-304,Good
2026-04-06,9.51,SCB-304,Good
2026-04-07,9.51,SCB-304,Good
2026-04-08,9.51,SCB-304,Good
2026-04-09,9.51,SCB-304,Good
2026-04-10,9.51,SCB-304,Good
2026-04-11,9.51,SCB-304,Good
2026-04-12,9.51,SCB-304,Good
2026-04-13,9.51,SCB-304,Good
2026-04-14,9.51,SCB-304,Good
2026-04-15,9.51,SCB-304,Good
2026-04-16,9.51,SCB-304,Good
2026-04-17,9.51,SCB-304,Good
2026-04-18,9.51,SCB-304,Good
2026-04-19,9.51,SCB-304,Good
2026-04-20,9.51,SCB-304,Good
2026-04-21,9.51,SCB-304,Good
2026-04-22,9.51,SCB-304,Good
2026-04-23,9.51,SCB-304,Good
2026-04-24,9.51,SCB-304,Good
2026-04-25,9.51,SCB-304,Good
2026-04-26,9.51,SCB-304,Good
2026-04-27,9.51,SCB-304,Good
2026-04-28,9.51,SCB-304,Good
2026-04-29,9.51,SCB-304,Good
2026-04-30,9.51,SCB-304,Good
2026-05-01,9.51,SCB-304,Good
2026-05-02,9.51,SCB-304,Good
2026-05-03,9.51,SCB-304,Good
2026-05-04,9.51,SCB-304,Good
2026-05-05,9.51,SCB-304,Good
2026-05-06,9.51,SCB-304,Good
2026-05-07,9.51,SCB-304,Good
2026-05-08,9.51,SCB-304,Good
2026-05-09,9.51,SCB-304,Good
2026-05-10,9.51,SCB-304,Good
2026-05-11,9.51,SCB-304,Good
2026-05-12,9.51,SCB-304,Good
2026-05-13,9.51,SCB-304,Good
2026-05-14,9.51,SCB-304,Good
2026-05-15,9.51,SCB-304,Good
2026-05-16,9.51,SCB-304,Good
2026-05-17,9.51,SCB-304,Good
2026-05-18,9.51,SCB-304,Good
2026-05-19,9.51,SCB-304,Good
2026-05-20,9.51,SCB-304,Good
2026-05-21,9.51,SCB-304,Good
2026-05-22,9.51,SCB-304,Good
2026-05-23,9.51,SCB-304,Good
2026-05-24,9.51,SCB-304,Good
2026-05-25,9.51,SCB-304,Good
2026-05-26,9.51,SCB-304,Good
2026-05-27,9.51,SCB-304,Good
2026-05-28,9.51,SCB-304,Good
2026-05-29,9.51,SCB-304,Good
2026-05-30,9.51,SCB-304,Good
2026-05-31,9.51,SCB-304,Good
2026-06-01,9.51,SCB-304,Good
2026-06-02,9.51,SCB-304,Good
2026-06-03,9.51,SCB-304,Good
2026-06-04,9.51,SCB-304,Good
2026-06-05,9.51,SCB-304,Good
2026-06-06,9.51,SCB-304,Good
2026-06-07,9.51,SCB-304,Good
2026-06-08,9.51,SCB-304,Good
2026-06-09,9.51,SCB-304,Good
2026-06-10,9.51,SCB-304,Good
2026-06-11,9.51,SCB-304,Good
2026-06-12,9.51,SCB-304,Good
2026-06-13,9.51,SCB-304,Good
2026-06-14,9.51,SCB-304,Good
2026-06-15,9.51,SCB-304,Good
2026-06-16,9.51,SCB-304,Good
2026-06-17,9.51,SCB-304,Good
2026-06-18,9.51,SCB-304,Good
2026-06-19,9.51,SCB-304,Good
2026-06-20,9.51,SCB-304,Good
2026-06-21,9.51,SCB-304,Good
2026-06-22,9.51,SCB-304,Good
2026-06-23,9.51,SCB-304,Good
2026-06-24,9.51,SCB-304,Good
2026-06-25,9.51,SCB-304,Good
2026-06-26,9.51,SCB-304,Good
2026-06-27,9.51,SCB-304,Good
2026-06-28,9.51,SCB-304,Good
2026-06-29,9.51,SCB-304,Good
2026-06-30,9.51,SCB-304,Good
2026-01-01,1.5,SCB-501,Good
2026-01-02,1.53,SCB-501,Good
2026-01-03,1.67,SCB-501,Interpolated
2026-01-04,1.81,SCB-501,Interpolated
2026-01-05,1.9500000000000002,SCB-501,Interpolated
2026-01-06,,SCB-501,Offline
2026-01-07,,SCB-501,Offline
2026-01-08,,SCB-501,Offline
2026-01-09,,SCB-501,Offline
2026-01-10,,SCB-501,Offline
2026-01-11,,SCB-501,Offline
2026-01-12,2.93,SCB-501,Good
2026-01-13,7.3,SCB-501,Good
2026-01-14,7.3,SCB-501,Good
2026-01-15,7.3,SCB-501,Good
2026-01-16,7.3,SCB-501,Good
2026-01-17,7.3,SCB-501,Good
2026-01-18,7.3,SCB-501,Good
2026-01-19,7.3,SCB-501,Good
2026-01-20,7.3,SCB-501,Good
2026-01-21,7.3,SCB-501,Good
2026-01-22,7.3,SCB-501,Good
2026-01-23,7.3,SCB-501,Good
2026-01-24,7.3,SCB-501,Good
2026-01-25,7.3,SCB-501,Interpolated
2026-01-26,7.3,SCB-501,Interpolated
2026-01-27,7.3,SCB-501,Interpolated
2026-01-28,,SCB-501,Offline
2026-01-29,7.3,SCB-501,Good
2026-01-30,7.3,SCB-501,Good
2026-01-31,7.3,SCB-501,Good
2026-02-01,7.3,SCB-501,Good
2026-02-02,7.3,SCB-501,Good
2026-02-03,7.3,SCB-501,Good
2026-02-04,7.3,SCB-501,Good
2026-02-05,7.3,SCB-501,Good
2026-02-06,7.3,SCB-501,Good
2026-02-07,7.3,SCB-501,Good
2026-02-08,7.3,SCB-501,Good
2026-02-09,7.3,SCB-501,Good
2026-02-10,7.3,SCB-501,Good
2026-02-11,7.3,SCB-501,Good
2026-02-12,7.3,SCB-501,Good
2026-02-13,7.3,SCB-501,Good
2026-02-14,7.3,SCB-501,Good
2026-02-15,7.3,SCB-501,Good
2026-02-16,7.3,SCB-501,Good
2026-02-17,7.3,SCB-501,Good
2026-02-18,7.3,SCB-501,Good
2026-02-19,7.3,SCB-501,Good
2026-02-20,7.3,SCB-501,Good
2026-02-21,8.234285714285715,SCB-501,Interpolated
2026-02-22,9.168571428571429,SCB-501,Interpolated
2026-02-23,10.102857142857143,SCB-501,Interpolated
2026-02-24,,SCB-501,Offline
2026-02-25,,SCB-501,Offline
2026-02-26,,SCB-501,Offline
2026-02-27,13.84,SCB-501,Good
2026-02-28,13.46,SCB-501,Good
2026-03-01,10.5,SCB-501,Good
2026-03-02,13.63,SCB-501,Good
2026-03-03,7.06,SCB-501,Good
2026-03-04,13.57,SCB-501,Good
2026-03-05,12.18,SCB-501,Good
2026-03-06,8.82,SCB-501,Good
2026-03-07,10.98,SCB-501,Good
2026-03-08,13.05,SCB-501,Good
2026-03-09,10.71,SCB-501,Good
2026-03-10,11.08,SCB-501,Good
2026-03-11,12.04,SCB-501,Good
2026-03-12,12.74,SCB-501,Good
2026-03-13,12.59,SCB-501,Good
2026-03-14,9.67,SCB-501,Good
2026-03-15,6.43,SCB-501,Good
2026-03-16,13.34,SCB-501,Good
2026-03-17,13.25,SCB-501,Good
2026-03-18,13.04,SCB-501,Good
2026-03-19,10.28,SCB-501,Good
2026-03-20,13.16,SCB-501,Good
2026-03-21,13.1,SCB-501,Good
2026-03-22,12.99,SCB-501,Good
2026-03-23,9.7,SCB-501,Good
2026-03-24,3.37,SCB-501,Good
2026-03-25,5.865,SCB-501,Interpolated
2026-03-26,8.36,SCB-501,Interpolated
2026-03-27,10.855,SCB-501,Interpolated
2026-03-28,13.35,SCB-501,Good
2026-03-29,13.3,SCB-501,Good
2026-03-30,13.28,SCB-501,Good
2026-03-31,13.25,SCB-501,Good
2026-04-01,13.2,SCB-501,Good
2026-04-02,13.2,SCB-501,Good
2026-04-03,13.2,SCB-501,Good
2026-04-04,13.2,SCB-501,Good
2026-04-05,13.2,SCB-501,Good
2026-04-06,13.2,SCB-501,Good
2026-04-07,13.2,SCB-501,Good
2026-04-08,13.2,SCB-501,Good
2026-04-09,13.2,SCB-501,Good
2026-04-10,13.17,SCB-501,Good
2026-04-11,13.1,SCB-501,Good
2026-04-12,13.1,SCB-501,Interpolated
2026-04-13,13.1,SCB-501,Good
2026-04-14,13.2,SCB-501,Good
2026-04-15,13.2,SCB-501,Good
2026-04-16,13.2,SCB-501,Good
2026-04-17,13.2,SCB-501,Good
2026-04-18,13.14,SCB-501,Good
2026-04-19,13.18,SCB-501,Good
2026-04-20,13.2,SCB-501,Good
2026-04-21,13.2,SCB-501,Good
2026-04-22,13.2,SCB-501,Good
2026-04-23,13.2,SCB-501,Good
2026-04-24,13.25,SCB-501,Good
2026-04-25,13.3,SCB-501,Good
2026-04-26,13.2,SCB-501,Good
2026-04-27,13.2,SCB-501,Good
2026-04-28,12.89,SCB-501,Good
2026-04-29,12.78,SCB-501,Good
2026-04-30,12.16,SCB-501,Good
2026-05-01,11.43,SCB-501,Good
2026-05-02,12.45,SCB-501,Good
2026-05-03,12.49,SCB-501,Good
2026-05-04,11.38,SCB-501,Good
2026-05-05,7.43,SCB-501,Good
2026-05-06,6.75,SCB-501,Good
2026-05-07,10.45,SCB-501,Good
2026-05-08,10.38,SCB-501,Good
2026-05-09,12.97,SCB-501,Good
2026-05-10,12.78,SCB-501,Good
2026-05-11,12.68,SCB-501,Good
2026-05-12,10.14,SCB-501,Good
2026-05-13,7.62,SCB-501,Good
2026-05-14,12.44,SCB-501,Good
2026-05-15,12.14,SCB-501,Good
2026-05-16,11.7,SCB-501,Good
2026-05-17,12.95,SCB-501,Good
2026-05-18,12.59,SCB-501,Good
2026-05-19,11.79,SCB-501,Good
2026-05-20,11.7,SCB-501,Good
2026-05-21,11.7,SCB-501,Good
2026-05-22,11.7,SCB-501,Good
2026-05-23,11.7,SCB-501,Good
2026-05-24,11.68,SCB-501,Good
2026-05-25,11.64,SCB-501,Good
2026-05-26,11.62,SCB-501,Good
2026-05-27,11.64,SCB-501,Good
2026-05-28,11.67,SCB-501,Good
2026-05-29,11.61,SCB-501,Good
2026-05-30,11.07,SCB-501,Good
2026-05-31,10.17,SCB-501,Good
2026-06-01,10.54,SCB-501,Good
2026-06-02,10.68,SCB-501,Good
2026-06-03,10.55,SCB-501,Good
2026-06-04,10.3,SCB-501,Good
2026-06-05,10.35,SCB-501,Good
2026-06-06,10.48,SCB-501,Good
2026-06-07,10.68,SCB-501,Good
2026-06-08,10.37,SCB-501,Good
2026-06-09,11.9,SCB-501,Good
2026-06-10,13.89,SCB-501,Good
2026-06-11,13.825,SCB-501,Interpolated
2026-06-12,13.76,SCB-501,Good
2026-06-13,13.72,SCB-501,Good
2026-06-14,13.72,SCB-501,Good
2026-06-15,13.67,SCB-501,Good
2026-06-16,13.6,SCB-501,Good
2026-06-17,13.51,SCB-501,Good
2026-06-18,13.08,SCB-501,Good
2026-06-19,12.77,SCB-501,Good
2026-06-20,12.62,SCB-501,Good
2026-06-21,11.62,SCB-501,Good
2026-06-22,11.32,SCB-501,Good
2026-06-23,11.22,SCB-501,Good
2026-06-24,11.19,SCB-501,Good
2026-06-25,11.11,SCB-501,Good
2026-06-26,11.14,SCB-501,Good
2026-06-27,11.19,SCB-501,Good
2026-06-28,11.09,SCB-501,Good
2026-06-29,11.1,SCB-501,Good
2026-06-30,11.1,SCB-501,Good
2026-01-01,1.41,SCB-502,Good
2026-01-02,1.4,SCB-502,Good
2026-01-03,1.4,SCB-502,Good
2026-01-04,1.41,SCB-502,Good
2026-01-05,1.4,SCB-502,Good
2026-01-06,1.395,SCB-502,Interpolated
2026-01-07,1.39,SCB-502,Interpolated
2026-01-08,1.3849999999999998,SCB-502,Interpolated
2026-01-09,1.38,SCB-502,Good
2026-01-10,1.37,SCB-502,Good
2026-01-11,1.37,SCB-502,Good
2026-01-12,5.77,SCB-502,Good
2026-01-13,13.69,SCB-502,Good
2026-01-14,13.63,SCB-502,Good
2026-01-15,13.7,SCB-502,Good
2026-01-16,13.8,SCB-502,Good
2026-01-17,13.65,SCB-502,Good
2026-01-18,13.73,SCB-502,Good
2026-01-19,13.7,SCB-502,Good
2026-01-20,13.64,SCB-502,Good
2026-01-21,13.77,SCB-502,Good
2026-01-22,13.69,SCB-502,Good
2026-01-23,13.62,SCB-502,Good
2026-01-24,13.7,SCB-502,Good
2026-01-25,13.68,SCB-502,Interpolated
2026-01-26,13.66,SCB-502,Interpolated
2026-01-27,13.639999999999999,SCB-502,Interpolated
2026-01-28,,SCB-502,Offline
2026-01-29,13.6,SCB-502,Good
2026-01-30,13.61,SCB-502,Good
2026-01-31,13.59,SCB-502,Good
2026-02-01,13.58,SCB-502,Good
2026-02-02,13.6,SCB-502,Good
2026-02-03,13.62,SCB-502,Good
2026-02-04,13.65,SCB-502,Good
2026-02-05,13.69,SCB-502,Good
2026-02-06,13.7,SCB-502,Good
2026-02-07,13.67,SCB-502,Good
2026-02-08,13.66,SCB-502,Good
2026-02-09,13.64,SCB-502,Good
2026-02-10,13.59,SCB-502,Good
2026-02-11,13.57,SCB-502,Good
2026-02-12,13.56,SCB-502,Good
2026-02-13,13.56,SCB-502,Good
2026-02-14,13.54,SCB-502,Good
2026-02-15,13.55,SCB-502,Good
2026-02-16,13.57,SCB-502,Good
2026-02-17,13.54,SCB-502,Good
2026-02-18,13.53,SCB-502,Good
2026-02-19,13.53,SCB-502,Good
2026-02-20,13.58,SCB-502,Good
2026-02-21,13.59,SCB-502,Good
2026-02-22,13.66,SCB-502,Good
2026-02-23,13.66,SCB-502,Good
2026-02-24,13.63,SCB-502,Good
2026-02-25,13.59,SCB-502,Good
2026-02-26,13.51,SCB-502,Good
2026-02-27,13.47,SCB-502,Good
2026-02-28,13.47,SCB-502,Good
2026-03-01,13.48,SCB-502,Good
2026-03-02,13.48,SCB-502,Good
2026-03-03,13.52,SCB-502,Good
2026-03-04,13.56,SCB-502,Good
2026-03-05,13.58,SCB-502,Good
2026-03-06,13.56,SCB-502,Good
2026-03-07,13.54,SCB-502,Good
2026-03-08,13.52,SCB-502,Good
2026-03-09,13.5,SCB-502,Good
2026-03-10,13.47,SCB-502,Good
2026-03-11,13.49,SCB-502,Good
2026-03-12,13.57,SCB-502,Good
2026-03-13,13.53,SCB-502,Good
2026-03-14,13.46,SCB-502,Good
2026-03-15,13.4,SCB-502,Good
2026-03-16,13.48,SCB-502,Good
2026-03-17,13.49,SCB-502,Good
2026-03-18,13.44,SCB-502,Good
2026-03-19,13.41,SCB-502,Good
2026-03-20,13.38,SCB-502,Good
2026-03-21,12.35,SCB-502,Good
2026-03-22,9.69,SCB-502,Good
2026-03-23,9.69,SCB-502,Good
2026-03-24,9.69,SCB-502,Good
2026-03-25,9.69,SCB-502,Interpolated
2026-03-26,9.69,SCB-502,Interpolated
2026-03-27,9.69,SCB-502,Interpolated
2026-03-28,9.69,SCB-502,Good
2026-03-29,9.69,SCB-502,Good
2026-03-30,9.69,SCB-502,Good
2026-03-31,9.69,SCB-502,Good
2026-04-01,9.69,SCB-502,Good
2026-04-02,9.69,SCB-502,Good
2026-04-03,9.69,SCB-502,Good
2026-04-04,9.69,SCB-502,Good
2026-04-05,9.69,SCB-502,Good
2026-04-06,9.69,SCB-502,Good
2026-04-07,9.73,SCB-502,Good
2026-04-08,9.69,SCB-502,Good
2026-04-09,9.69,SCB-502,Good
2026-04-10,9.69,SCB-502,Good
2026-04-11,9.69,SCB-502,Good
2026-04-12,9.69,SCB-502,Interpolated
2026-04-13,9.69,SCB-502,Good
2026-04-14,9.69,SCB-502,Good
2026-04-15,9.69,SCB-502,Good
2026-04-16,9.69,SCB-502,Good
2026-04-17,9.69,SCB-502,Good
2026-04-18,9.69,SCB-502,Good
2026-04-19,9.69,SCB-502,Good
2026-04-20,9.69,SCB-502,Good
2026-04-21,9.69,SCB-502,Good
2026-04-22,9.69,SCB-502,Good
2026-04-23,9.69,SCB-502,Good
2026-04-24,9.69,SCB-502,Good
2026-04-25,9.69,SCB-502,Good
2026-04-26,9.69,SCB-502,Good
2026-04-27,9.69,SCB-502,Good
2026-04-28,9.69,SCB-502,Good
2026-04-29,9.69,SCB-502,Good
2026-04-30,9.69,SCB-502,Good
2026-05-01,9.69,SCB-502,Good
2026-05-02,9.69,SCB-502,Good
2026-05-03,9.69,SCB-502,Good
2026-05-04,9.69,SCB-502,Good
2026-05-05,9.69,SCB-502,Good
2026-05-06,9.69,SCB-502,Good
2026-05-07,9.69,SCB-502,Good
2026-05-08,9.69,SCB-502,Good
2026-05-09,9.69,SCB-502,Good
2026-05-10,9.69,SCB-502,Good
2026-05-11,9.69,SCB-502,Good
2026-05-12,9.69,SCB-502,Good
2026-05-13,9.69,SCB-502,Good
2026-05-14,9.69,SCB-502,Good
2026-05-15,9.69,SCB-502,Good
2026-05-16,9.69,SCB-502,Good
2026-05-17,9.69,SCB-502,Good
2026-05-18,9.69,SCB-502,Good
2026-05-19,9.69,SCB-502,Good
2026-05-20,9.69,SCB-502,Good
2026-05-21,9.69,SCB-502,Good
2026-05-22,9.69,SCB-502,Good
2026-05-23,9.69,SCB-502,Good
2026-05-24,9.69,SCB-502,Good
2026-05-25,9.69,SCB-502,Good
2026-05-26,9.69,SCB-502,Good
2026-05-27,9.69,SCB-502,Good
2026-05-28,9.69,SCB-502,Good
2026-05-29,9.69,SCB-502,Good
2026-05-30,9.69,SCB-502,Good
2026-05-31,9.69,SCB-502,Good
2026-06-01,9.69,SCB-502,Good
2026-06-02,9.69,SCB-502,Good
2026-06-03,9.69,SCB-502,Good
2026-06-04,9.69,SCB-502,Good
2026-06-05,9.69,SCB-502,Good
2026-06-06,9.69,SCB-502,Good
2026-06-07,9.69,SCB-502,Good
2026-06-08,9.69,SCB-502,Good
2026-06-09,9.69,SCB-502,Good
2026-06-10,9.69,SCB-502,Good
2026-06-11,9.69,SCB-502,Good
2026-06-12,9.69,SCB-502,Good
2026-06-13,9.69,SCB-502,Good
2026-06-14,9.69,SCB-502,Good
2026-06-15,9.69,SCB-502,Good
2026-06-16,9.69,SCB-502,Good
2026-06-17,9.69,SCB-502,Good
2026-06-18,9.69,SCB-502,Good
2026-06-19,9.69,SCB-502,Good
2026-06-20,9.69,SCB-502,Good
2026-06-21,9.69,SCB-502,Good
2026-06-22,9.69,SCB-502,Good
2026-06-23,9.69,SCB-502,Good
2026-06-24,9.69,SCB-502,Good
2026-06-25,9.69,SCB-502,Good
2026-06-26,9.69,SCB-502,Good
2026-06-27,9.69,SCB-502,Good
2026-06-28,9.69,SCB-502,Good
2026-06-29,9.69,SCB-502,Good
2026-06-30,9.69,SCB-502,Good
2026-01-01,,SCB-601,Offline
2026-01-02,,SCB-601,Offline
2026-01-03,,SCB-601,Offline
2026-01-04,,SCB-601,Offline
2026-01-05,,SCB-601,Offline
2026-01-06,,SCB-601,Offline
2026-01-07,,SCB-601,Offline
2026-01-08,,SCB-601,Offline
2026-01-09,,SCB-601,Offline
2026-01-10,,SCB-601,Offline
2026-01-11,,SCB-601,Offline
2026-01-12,,SCB-601,Offline
2026-01-13,,SCB-601,Offline
2026-01-14,,SCB-601,Offline
2026-01-15,,SCB-601,Offline
2026-01-16,,SCB-601,Offline
2026-01-17,,SCB-601,Offline
2026-01-18,,SCB-601,Offline
2026-01-19,,SCB-601,Offline
2026-01-20,,SCB-601,Offline
2026-01-21,,SCB-601,Offline
2026-01-22,,SCB-601,Offline
2026-01-23,,SCB-601,Offline
2026-01-24,,SCB-601,Offline
2026-01-25,,SCB-601,Offline
2026-01-26,,SCB-601,Offline
2026-01-27,,SCB-601,Offline
2026-01-28,,SCB-601,Offline
2026-01-29,,SCB-601,Offline
2026-01-30,,SCB-601,Offline
2026-01-31,,SCB-601,Offline
2026-02-01,,SCB-601,Offline
2026-02-02,,SCB-601,Offline
2026-02-03,,SCB-601,Offline
2026-02-04,,SCB-601,Offline
2026-02-05,,SCB-601,Offline
2026-02-06,,SCB-601,Offline
2026-02-07,,SCB-601,Offline
2026-02-08,,SCB-601,Offline
2026-02-09,,SCB-601,Offline
2026-02-10,,SCB-601,Offline
2026-02-11,,SCB-601,Offline
2026-02-12,,SCB-601,Offline
2026-02-13,,SCB-601,Offline
2026-02-14,,SCB-601,Offline
2026-02-15,,SCB-601,Offline
2026-02-16,,SCB-601,Offline
2026-02-17,,SCB-601,Offline
2026-02-18,,SCB-601,Offline
2026-02-19,,SCB-601,Offline
2026-02-20,,SCB-601,Offline
2026-02-21,,SCB-601,Offline
2026-02-22,,SCB-601,Offline
2026-02-23,,SCB-601,Offline
2026-02-24,,SCB-601,Offline
2026-02-25,,SCB-601,Offline
2026-02-26,13.97,SCB-601,Good
2026-02-27,13.9,SCB-601,Good
2026-02-28,14.0,SCB-601,Good
2026-03-01,13.986666666666666,SCB-601,Interpolated
2026-03-02,13.973333333333334,SCB-601,Interpolated
2026-03-03,13.96,SCB-601,Good
2026-03-04,13.65,SCB-601,Interpolated
2026-03-05,13.34,SCB-601,Interpolated
2026-03-06,13.030000000000001,SCB-601,Interpolated
2026-03-07,,SCB-601,Offline
2026-03-08,,SCB-601,Offline
2026-03-09,12.1,SCB-601,Good
2026-03-10,8.25,SCB-601,Good
2026-03-11,8.25,SCB-601,Good
2026-03-12,8.25,SCB-601,Good
2026-03-13,8.24,SCB-601,Good
2026-03-14,8.25,SCB-601,Good
2026-03-15,8.24,SCB-601,Good
2026-03-16,8.24,SCB-601,Good
2026-03-17,8.24,SCB-601,Good
2026-03-18,8.24,SCB-601,Good
2026-03-19,8.24,SCB-601,Good
2026-03-20,8.24,SCB-601,Good
2026-03-21,8.24,SCB-601,Good
2026-03-22,8.24,SCB-601,Good
2026-03-23,8.24,SCB-601,Good
2026-03-24,8.25,SCB-601,Good
2026-03-25,8.25,SCB-601,Interpolated
2026-03-26,8.25,SCB-601,Interpolated
2026-03-27,8.25,SCB-601,Interpolated
2026-03-28,8.25,SCB-601,Good
2026-03-29,8.26,SCB-601,Good
2026-03-30,8.25,SCB-601,Good
2026-03-31,8.25,SCB-601,Good
2026-04-01,7.7,SCB-601,Good
2026-04-02,7.73,SCB-601,Good
2026-04-03,8.29,SCB-601,Good
2026-04-04,8.28,SCB-601,Good
2026-04-05,8.27,SCB-601,Good
2026-04-06,8.25,SCB-601,Good
2026-04-07,8.24,SCB-601,Good
2026-04-08,8.25,SCB-601,Good
2026-04-09,8.24,SCB-601,Good
2026-04-10,8.22,SCB-601,Good
2026-04-11,8.23,SCB-601,Good
2026-04-12,8.225000000000001,SCB-601,Interpolated
2026-04-13,8.22,SCB-601,Good
2026-04-14,8.14,SCB-601,Good
2026-04-15,8.22,SCB-601,Good
2026-04-16,8.22,SCB-601,Good
2026-04-17,8.22,SCB-601,Good
2026-04-18,8.21,SCB-601,Good
2026-04-19,8.21,SCB-601,Good
2026-04-20,8.21,SCB-601,Good
2026-04-21,8.19,SCB-601,Good
2026-04-22,8.21,SCB-601,Good
2026-04-23,8.19,SCB-601,Good
2026-04-24,8.21,SCB-601,Good
2026-04-25,8.21,SCB-601,Good
2026-04-26,8.21,SCB-601,Good
2026-04-27,8.21,SCB-601,Good
2026-04-28,8.21,SCB-601,Good
2026-04-29,8.21,SCB-601,Good
2026-04-30,8.21,SCB-601,Good
2026-05-01,8.21,SCB-601,Good
2026-05-02,8.21,SCB-601,Good
2026-05-03,8.22,SCB-601,Good
2026-05-04,8.17,SCB-601,Good
2026-05-05,8.22,SCB-601,Good
2026-05-06,8.22,SCB-601,Good
2026-05-07,8.23,SCB-601,Good
2026-05-08,8.23,SCB-601,Good
2026-05-09,8.24,SCB-601,Good
2026-05-10,8.24,SCB-601,Good
2026-05-11,8.23,SCB-601,Good
2026-05-12,8.25,SCB-601,Good
2026-05-13,8.25,SCB-601,Good
2026-05-14,8.25,SCB-601,Good
2026-05-15,8.26,SCB-601,Good
2026-05-16,8.26,SCB-601,Good
2026-05-17,8.26,SCB-601,Good
2026-05-18,8.27,SCB-601,Good
2026-05-19,8.27,SCB-601,Good
2026-05-20,8.27,SCB-601,Good
2026-05-21,8.27,SCB-601,Good
2026-05-22,8.27,SCB-601,Good
2026-05-23,8.28,SCB-601,Good
2026-05-24,8.28,SCB-601,Good
2026-05-25,8.28,SCB-601,Good
2026-05-26,8.28,SCB-601,Good
2026-05-27,8.28,SCB-601,Good
2026-05-28,8.29,SCB-601,Good
2026-05-29,8.28,SCB-601,Good
2026-05-30,8.27,SCB-601,Good
2026-05-31,8.28,SCB-601,Good
2026-06-01,8.28,SCB-601,Good
2026-06-02,8.27,SCB-601,Good
2026-06-03,8.25,SCB-601,Good
2026-06-04,8.26,SCB-601,Good
2026-06-05,8.26,SCB-601,Good
2026-06-06,8.26,SCB-601,Good
2026-06-07,8.26,SCB-601,Good
2026-06-08,8.25,SCB-601,Good
2026-06-09,8.25,SCB-601,Good
2026-06-10,8.23,SCB-601,Good
2026-06-11,8.27,SCB-601,Good
2026-06-12,8.28,SCB-601,Good
2026-06-13,8.29,SCB-601,Good
2026-06-14,8.28,SCB-601,Good
2026-06-15,8.29,SCB-601,Good
2026-06-16,8.29,SCB-601,Good
2026-06-17,8.3,SCB-601,Good
2026-06-18,8.3,SCB-601,Good
2026-06-19,7.92,SCB-601,Good
2026-06-20,8.32,SCB-601,Good
2026-06-21,8.31,SCB-601,Good
2026-06-22,8.3,SCB-601,Good
2026-06-23,8.3,SCB-601,Good
2026-06-24,8.3,SCB-601,Good
2026-06-25,8.3,SCB-601,Good
2026-06-26,8.28,SCB-601,Good
2026-06-27,8.3,SCB-601,Good
2026-06-28,8.29,SCB-601,Good
2026-06-29,8.3,SCB-601,Good
2026-06-30,8.3,SCB-601,Good
2026-01-01,,SCB-604,Offline
2026-01-02,,SCB-604,Offline
2026-01-03,,SCB-604,Offline
2026-01-04,,SCB-604,Offline
2026-01-05,,SCB-604,Offline
2026-01-06,,SCB-604,Offline
2026-01-07,,SCB-604,Offline
2026-01-08,,SCB-604,Offline
2026-01-09,,SCB-604,Offline
2026-01-10,,SCB-604,Offline
2026-01-11,,SCB-604,Offline
2026-01-12,,SCB-604,Offline
2026-01-13,,SCB-604,Offline
2026-01-14,,SCB-604,Offline
2026-01-15,,SCB-604,Offline
2026-01-16,,SCB-604,Offline
2026-01-17,,SCB-604,Offline
2026-01-18,,SCB-604,Offline
2026-01-19,,SCB-604,Offline
2026-01-20,10.94,SCB-604,Good
2026-01-21,11.16,SCB-604,Good
2026-01-22,10.93,SCB-604,Good
2026-01-23,11.17,SCB-604,Good
2026-01-24,11.25,SCB-604,Good
2026-01-25,11.236,SCB-604,Interpolated
2026-01-26,11.222,SCB-604,Interpolated
2026-01-27,11.208,SCB-604,Interpolated
2026-01-28,,SCB-604,Offline
2026-01-29,11.18,SCB-604,Good
2026-01-30,11.05,SCB-604,Good
2026-01-31,11.02,SCB-604,Good
2026-02-01,10.95,SCB-604,Good
2026-02-02,11.16,SCB-604,Good
2026-02-03,10.97,SCB-604,Good
2026-02-04,11.2,SCB-604,Good
2026-02-05,11.03,SCB-604,Good
2026-02-06,11.1,SCB-604,Good
2026-02-07,11.15,SCB-604,Good
2026-02-08,11.17,SCB-604,Good
2026-02-09,11.14,SCB-604,Good
2026-02-10,11.04,SCB-604,Good
2026-02-11,11.09,SCB-604,Good
2026-02-12,10.94,SCB-604,Good
2026-02-13,11.29,SCB-604,Good
2026-02-14,11.11,SCB-604,Good
2026-02-15,11.12,SCB-604,Good
2026-02-16,11.24,SCB-604,Good
2026-02-17,11.13,SCB-604,Good
2026-02-18,11.15,SCB-604,Good
2026-02-19,11.1,SCB-604,Good
2026-02-20,9.68,SCB-604,Good
2026-02-21,7.21,SCB-604,Good
2026-02-22,7.21,SCB-604,Good
2026-02-23,7.21,SCB-604,Good
2026-02-24,7.21,SCB-604,Good
2026-02-25,7.21,SCB-604,Good
2026-02-26,7.21,SCB-604,Good
2026-02-27,7.21,SCB-604,Good
2026-02-28,7.21,SCB-604,Good
2026-03-01,7.21,SCB-604,Good
2026-03-02,7.21,SCB-604,Good
2026-03-03,7.21,SCB-604,Good
2026-03-04,7.21,SCB-604,Good
2026-03-05,7.21,SCB-604,Good
2026-03-06,7.21,SCB-604,Good
2026-03-07,7.21,SCB-604,Good
2026-03-08,7.21,SCB-604,Good
2026-03-09,7.21,SCB-604,Good
2026-03-10,7.21,SCB-604,Good
2026-03-11,7.21,SCB-604,Good
2026-03-12,7.21,SCB-604,Good
2026-03-13,7.21,SCB-604,Good
2026-03-14,7.21,SCB-604,Good
2026-03-15,7.2,SCB-604,Good
2026-03-16,7.21,SCB-604,Good
2026-03-17,7.21,SCB-604,Good
2026-03-18,7.21,SCB-604,Good
2026-03-19,7.21,SCB-604,Good
2026-03-20,7.21,SCB-604,Good
2026-03-21,7.21,SCB-604,Good
2026-03-22,7.21,SCB-604,Good
2026-03-23,7.21,SCB-604,Good
2026-03-24,7.21,SCB-604,Good
2026-03-25,7.21,SCB-604,Interpolated
2026-03-26,7.21,SCB-604,Interpolated
2026-03-27,7.21,SCB-604,Interpolated
2026-03-28,7.21,SCB-604,Good
2026-03-29,7.21,SCB-604,Good
2026-03-30,7.21,SCB-604,Good
2026-03-31,7.21,SCB-604,Good
2026-04-01,7.21,SCB-604,Good
2026-04-02,7.21,SCB-604,Good
2026-04-03,7.21,SCB-604,Good
2026-04-04,7.21,SCB-604,Good
2026-04-05,7.21,SCB-604,Good
2026-04-06,7.21,SCB-604,Good
2026-04-07,7.21,SCB-604,Good
2026-04-08,7.21,SCB-604,Good
2026-04-09,7.21,SCB-604,Good
2026-04-10,7.21,SCB-604,Good
2026-04-11,7.21,SCB-604,Good
2026-04-12,7.21,SCB-604,Interpolated
2026-04-13,7.21,SCB-604,Good
2026-04-14,7.21,SCB-604,Good
2026-04-15,7.21,SCB-604,Good
2026-04-16,7.21,SCB-604,Good
2026-04-17,7.21,SCB-604,Good
2026-04-18,7.21,SCB-604,Good
2026-04-19,7.21,SCB-604,Good
2026-04-20,7.21,SCB-604,Good
2026-04-21,7.21,SCB-604,Good
2026-04-22,7.21,SCB-604,Good
2026-04-23,7.21,SCB-604,Good
2026-04-24,7.21,SCB-604,Good
2026-04-25,7.21,SCB-604,Good
2026-04-26,7.2,SCB-604,Good
2026-04-27,7.22,SCB-604,Good
2026-04-28,7.21,SCB-604,Good
2026-04-29,7.21,SCB-604,Good
2026-04-30,7.21,SCB-604,Good
2026-05-01,7.21,SCB-604,Good
2026-05-02,7.21,SCB-604,Good
2026-05-03,7.21,SCB-604,Good
2026-05-04,7.21,SCB-604,Good
2026-05-05,7.21,SCB-604,Good
2026-05-06,7.21,SCB-604,Good
2026-05-07,7.21,SCB-604,Good
2026-05-08,7.21,SCB-604,Good
2026-05-09,7.21,SCB-604,Good
2026-05-10,7.21,SCB-604,Good
2026-05-11,7.21,SCB-604,Good
2026-05-12,7.21,SCB-604,Good
2026-05-13,7.21,SCB-604,Good
2026-05-14,7.21,SCB-604,Good
2026-05-15,7.21,SCB-604,Good
2026-05-16,7.21,SCB-604,Good
2026-05-17,7.21,SCB-604,Good
2026-05-18,7.21,SCB-604,Good
2026-05-19,7.21,SCB-604,Good
2026-05-20,7.21,SCB-604,Good
2026-05-21,7.48,SCB-604,Good
2026-05-22,7.21,SCB-604,Good
2026-05-23,7.21,SCB-604,Good
2026-05-24,7.21,SCB-604,Good
2026-05-25,7.21,SCB-604,Good
2026-05-26,7.21,SCB-604,Good
2026-05-27,7.21,SCB-604,Good
2026-05-28,7.21,SCB-604,Good
2026-05-29,7.21,SCB-604,Good
2026-05-30,7.21,SCB-604,Good
2026-05-31,7.21,SCB-604,Good
2026-06-01,7.21,SCB-604,Good
2026-06-02,7.21,SCB-604,Good
2026-06-03,7.21,SCB-604,Good
2026-06-04,7.21,SCB-604,Good
2026-06-05,7.21,SCB-604,Good
2026-06-06,7.21,SCB-604,Good
2026-06-07,7.21,SCB-604,Good
2026-06-08,7.21,SCB-604,Good
2026-06-09,7.21,SCB-604,Good
2026-06-10,7.21,SCB-604,Good
2026-06-11,7.21,SCB-604,Good
2026-06-12,7.21,SCB-604,Good
2026-06-13,7.21,SCB-604,Good
2026-06-14,7.21,SCB-604,Good
2026-06-15,7.21,SCB-604,Good
2026-06-16,7.21,SCB-604,Good
2026-06-17,7.21,SCB-604,Good
2026-06-18,7.21,SCB-604,Good
2026-06-19,7.21,SCB-604,Good
2026-06-20,7.21,SCB-604,Good
2026-06-21,7.21,SCB-604,Good
2026-06-22,7.21,SCB-604,Good
2026-06-23,7.21,SCB-604,Good
2026-06-24,7.21,SCB-604,Good
2026-06-25,7.21,SCB-604,Good
2026-06-26,7.21,SCB-604,Good
2026-06-27,7.21,SCB-604,Good
2026-06-28,7.21,SCB-604,Good
2026-06-29,7.21,SCB-604,Good
2026-06-30,7.21,SCB-604,Good
2026-01-01,,SCB-605,Offline
2026-01-02,,SCB-605,Offline
2026-01-03,,SCB-605,Offline
2026-01-04,,SCB-605,Offline
2026-01-05,,SCB-605,Offline
2026-01-06,,SCB-605,Offline
2026-01-07,,SCB-605,Offline
2026-01-08,,SCB-605,Offline
2026-01-09,,SCB-605,Offline
2026-01-10,,SCB-605,Offline
2026-01-11,,SCB-605,Offline
2026-01-12,,SCB-605,Offline
2026-01-13,,SCB-605,Offline
2026-01-14,,SCB-605,Offline
2026-01-15,,SCB-605,Offline
2026-01-16,,SCB-605,Offline
2026-01-17,,SCB-605,Offline
2026-01-18,,SCB-605,Offline
2026-01-19,,SCB-605,Offline
2026-01-20,11.25,SCB-605,Good
2026-01-21,10.81,SCB-605,Good
2026-01-22,11.15,SCB-605,Good
2026-01-23,11.33,SCB-605,Good
2026-01-24,11.01,SCB-605,Good
2026-01-25,11.002,SCB-605,Interpolated
2026-01-26,10.994,SCB-605,Interpolated
2026-01-27,10.986,SCB-605,Interpolated
2026-01-28,,SCB-605,Offline
2026-01-29,10.97,SCB-605,Good
2026-01-30,11.07,SCB-605,Good
2026-01-31,11.01,SCB-605,Good
2026-02-01,11.1,SCB-605,Good
2026-02-02,10.99,SCB-605,Good
2026-02-03,11.17,SCB-605,Good
2026-02-04,10.94,SCB-605,Good
2026-02-05,11.14,SCB-605,Good
2026-02-06,11.1,SCB-605,Good
2026-02-07,11.37,SCB-605,Good
2026-02-08,11.1,SCB-605,Good
2026-02-09,10.99,SCB-605,Good
2026-02-10,10.86,SCB-605,Good
2026-02-11,11.15,SCB-605,Good
2026-02-12,11.0,SCB-605,Good
2026-02-13,11.13,SCB-605,Good
2026-02-14,10.99,SCB-605,Good
2026-02-15,11.01,SCB-605,Good
2026-02-16,11.19,SCB-605,Good
2026-02-17,11.26,SCB-605,Good
2026-02-18,11.18,SCB-605,Good
2026-02-19,11.21,SCB-605,Good
2026-02-20,10.96,SCB-605,Good
2026-02-21,11.28,SCB-605,Good
2026-02-22,11.18,SCB-605,Good
2026-02-23,11.13,SCB-605,Good
2026-02-24,11.07,SCB-605,Good
2026-02-25,10.91,SCB-605,Good
2026-02-26,11.16,SCB-605,Good
2026-02-27,11.21,SCB-605,Good
2026-02-28,10.96,SCB-605,Good
2026-03-01,11.25,SCB-605,Good
2026-03-02,11.04,SCB-605,Good
2026-03-03,11.14,SCB-605,Good
2026-03-04,11.35,SCB-605,Good
2026-03-05,11.14,SCB-605,Good
2026-03-06,11.22,SCB-605,Good
2026-03-07,11.45,SCB-605,Good
2026-03-08,11.37,SCB-605,Good
2026-03-09,11.39,SCB-605,Good
2026-03-10,11.11,SCB-605,Good
2026-03-11,11.45,SCB-605,Good
2026-03-12,11.23,SCB-605,Good
2026-03-13,11.52,SCB-605,Good
2026-03-14,11.27,SCB-605,Good
2026-03-15,11.54,SCB-605,Good
2026-03-16,11.26,SCB-605,Good
2026-03-17,11.17,SCB-605,Good
2026-03-18,11.38,SCB-605,Good
2026-03-19,11.0,SCB-605,Good
2026-03-20,11.29,SCB-605,Good
2026-03-21,11.35,SCB-605,Good
2026-03-22,11.49,SCB-605,Good
2026-03-23,11.34,SCB-605,Good
2026-03-24,11.23,SCB-605,Good
2026-03-25,11.265,SCB-605,Interpolated
2026-03-26,11.3,SCB-605,Interpolated
2026-03-27,11.334999999999999,SCB-605,Interpolated
2026-03-28,11.37,SCB-605,Good
2026-03-29,11.37,SCB-605,Good
2026-03-30,11.4,SCB-605,Good
2026-03-31,11.48,SCB-605,Good
2026-04-01,11.47,SCB-605,Good
2026-04-02,11.46,SCB-605,Good
2026-04-03,11.16,SCB-605,Good
2026-04-04,11.19,SCB-605,Good
2026-04-05,11.23,SCB-605,Good
2026-04-06,11.16,SCB-605,Good
2026-04-07,11.1,SCB-605,Good
2026-04-08,11.06,SCB-605,Good
2026-04-09,11.0,SCB-605,Good
2026-04-10,10.97,SCB-605,Good
2026-04-11,10.91,SCB-605,Good
2026-04-12,10.825,SCB-605,Interpolated
2026-04-13,10.74,SCB-605,Good
2026-04-14,10.51,SCB-605,Good
2026-04-15,10.42,SCB-605,Good
2026-04-16,10.38,SCB-605,Good
2026-04-17,10.36,SCB-605,Good
2026-04-18,10.35,SCB-605,Good
2026-04-19,10.36,SCB-605,Good
2026-04-20,10.35,SCB-605,Good
2026-04-21,10.35,SCB-605,Good
2026-04-22,10.33,SCB-605,Good
2026-04-23,10.31,SCB-605,Good
2026-04-24,10.27,SCB-605,Good
2026-04-25,10.23,SCB-605,Good
2026-04-26,10.22,SCB-605,Good
2026-04-27,10.27,SCB-605,Good
2026-04-28,10.2,SCB-605,Good
2026-04-29,10.18,SCB-605,Good
2026-04-30,10.17,SCB-605,Good
2026-05-01,10.16,SCB-605,Good
2026-05-02,10.17,SCB-605,Good
2026-05-03,10.16,SCB-605,Good
2026-05-04,10.15,SCB-605,Good
2026-05-05,10.12,SCB-605,Good
2026-05-06,10.1,SCB-605,Good
2026-05-07,10.11,SCB-605,Good
2026-05-08,10.14,SCB-605,Good
2026-05-09,10.13,SCB-605,Good
2026-05-10,10.13,SCB-605,Good
2026-05-11,10.13,SCB-605,Good
2026-05-12,10.11,SCB-605,Good
2026-05-13,10.09,SCB-605,Good
2026-05-14,10.1,SCB-605,Good
2026-05-15,10.09,SCB-605,Good
2026-05-16,10.07,SCB-605,Good
2026-05-17,10.07,SCB-605,Good
2026-05-18,10.08,SCB-605,Good
2026-05-19,10.05,SCB-605,Good
2026-05-20,10.0,SCB-605,Good
2026-05-21,9.8,SCB-605,Good
2026-05-22,9.38,SCB-605,Good
2026-05-23,9.53,SCB-605,Good
2026-05-24,9.45,SCB-605,Good
2026-05-25,9.37,SCB-605,Good
2026-05-26,9.27,SCB-605,Good
2026-05-27,9.68,SCB-605,Good
2026-05-28,9.44,SCB-605,Good
2026-05-29,9.24,SCB-605,Good
2026-05-30,8.61,SCB-605,Good
2026-05-31,8.27,SCB-605,Good
2026-06-01,8.33,SCB-605,Good
2026-06-02,8.23,SCB-605,Good
2026-06-03,8.19,SCB-605,Good
2026-06-04,7.69,SCB-605,Good
2026-06-05,7.77,SCB-605,Good
2026-06-06,7.83,SCB-605,Good
2026-06-07,8.12,SCB-605,Good
2026-06-08,8.1,SCB-605,Good
2026-06-09,8.12,SCB-605,Good
2026-06-10,7.77,SCB-605,Good
2026-06-11,7.86,SCB-605,Good
2026-06-12,8.02,SCB-605,Good
2026-06-13,7.81,SCB-605,Good
2026-06-14,8.23,SCB-605,Good
2026-06-15,8.33,SCB-605,Good
2026-06-16,8.06,SCB-605,Good
2026-06-17,7.89,SCB-605,Good
2026-06-18,8.0,SCB-605,Good
2026-06-19,8.11,SCB-605,Good
2026-06-20,8.09,SCB-605,Good
2026-06-21,8.09,SCB-605,Good
2026-06-22,8.13,SCB-605,Good
2026-06-23,7.86,SCB-605,Good
2026-06-24,7.92,SCB-605,Good
2026-06-25,7.84,SCB-605,Good
2026-06-26,7.71,SCB-605,Good
2026-06-27,7.86,SCB-605,Good
2026-06-28,7.67,SCB-605,Good
2026-06-29,8.07,SCB-605,Good
2026-06-30,8.27,SCB-605,Good
2026-01-01,,SCB-606,Offline
2026-01-02,,SCB-606,Offline
2026-01-03,,SCB-606,Offline
2026-01-04,,SCB-606,Offline
2026-01-05,,SCB-606,Offline
2026-01-06,,SCB-606,Offline
2026-01-07,,SCB-606,Offline
2026-01-08,,SCB-606,Offline
2026-01-09,,SCB-606,Offline
2026-01-10,,SCB-606,Offline
2026-01-11,,SCB-606,Offline
2026-01-12,,SCB-606,Offline
2026-01-13,,SCB-606,Offline
2026-01-14,,SCB-606,Offline
2026-01-15,,SCB-606,Offline
2026-01-16,,SCB-606,Offline
2026-01-17,,SCB-606,Offline
2026-01-18,,SCB-606,Offline
2026-01-19,,SCB-606,Offline
2026-01-20,4.86,SCB-606,Good
2026-01-21,5.93,SCB-606,Good
2026-01-22,11.14,SCB-606,Good
2026-01-23,7.97,SCB-606,Good
2026-01-24,5.76,SCB-606,Good
2026-01-25,6.942,SCB-606,Interpolated
2026-01-26,8.123999999999999,SCB-606,Interpolated
2026-01-27,9.306,SCB-606,Interpolated
2026-01-28,,SCB-606,Offline
2026-01-29,11.67,SCB-606,Good
2026-01-30,11.75,SCB-606,Good
2026-01-31,12.15,SCB-606,Good
2026-02-01,12.44,SCB-606,Good
2026-02-02,12.46,SCB-606,Good
2026-02-03,12.43,SCB-606,Good
2026-02-04,12.38,SCB-606,Good
2026-02-05,12.29,SCB-606,Good
2026-02-06,11.96,SCB-606,Good
2026-02-07,9.17,SCB-606,Good
2026-02-08,12.38,SCB-606,Good
2026-02-09,12.2,SCB-606,Good
2026-02-10,12.28,SCB-606,Good
2026-02-11,12.53,SCB-606,Good
2026-02-12,12.27,SCB-606,Good
2026-02-13,11.58,SCB-606,Good
2026-02-14,11.84,SCB-606,Good
2026-02-15,12.43,SCB-606,Good
2026-02-16,12.28,SCB-606,Good
2026-02-17,11.74,SCB-606,Good
2026-02-18,12.45,SCB-606,Good
2026-02-19,12.36,SCB-606,Good
2026-02-20,12.19,SCB-606,Good
2026-02-21,11.74,SCB-606,Good
2026-02-22,12.41,SCB-606,Good
2026-02-23,12.23,SCB-606,Good
2026-02-24,12.21,SCB-606,Good
2026-02-25,12.22,SCB-606,Good
2026-02-26,12.3,SCB-606,Good
2026-02-27,12.37,SCB-606,Good
2026-02-28,12.6,SCB-606,Good
2026-03-01,12.75,SCB-606,Good
2026-03-02,12.68,SCB-606,Good
2026-03-03,11.54,SCB-606,Good
2026-03-04,10.33,SCB-606,Good
2026-03-05,11.84,SCB-606,Good
2026-03-06,12.62,SCB-606,Good
2026-03-07,12.52,SCB-606,Good
2026-03-08,12.49,SCB-606,Good
2026-03-09,12.47,SCB-606,Good
2026-03-10,12.58,SCB-606,Good
2026-03-11,12.57,SCB-606,Good
2026-03-12,12.09,SCB-606,Good
2026-03-13,11.04,SCB-606,Good
2026-03-14,10.47,SCB-606,Good
2026-03-15,10.23,SCB-606,Good
2026-03-16,10.94,SCB-606,Good
2026-03-17,12.93,SCB-606,Good
2026-03-18,12.75,SCB-606,Good
2026-03-19,12.73,SCB-606,Good
2026-03-20,12.81,SCB-606,Good
2026-03-21,12.86,SCB-606,Good
2026-03-22,12.4,SCB-606,Good
2026-03-23,11.97,SCB-606,Good
2026-03-24,12.69,SCB-606,Good
2026-03-25,12.219999999999999,SCB-606,Interpolated
2026-03-26,11.75,SCB-606,Interpolated
2026-03-27,11.280000000000001,SCB-606,Interpolated
2026-03-28,10.81,SCB-606,Good
2026-03-29,12.0,SCB-606,Good
2026-03-30,12.47,SCB-606,Good
2026-03-31,12.68,SCB-606,Good
2026-04-01,12.71,SCB-606,Good
2026-04-02,12.88,SCB-606,Good
2026-04-03,12.87,SCB-606,Good
2026-04-04,12.92,SCB-606,Good
2026-04-05,12.94,SCB-606,Good
2026-04-06,12.94,SCB-606,Good
2026-04-07,12.95,SCB-606,Good
2026-04-08,12.96,SCB-606,Good
2026-04-09,12.92,SCB-606,Good
2026-04-10,12.89,SCB-606,Good
2026-04-11,12.88,SCB-606,Good
2026-04-12,12.88,SCB-606,Good
2026-04-13,12.87,SCB-606,Good
2026-04-14,12.88,SCB-606,Good
2026-04-15,12.89,SCB-606,Good
2026-04-16,12.87,SCB-606,Good
2026-04-17,12.83,SCB-606,Good
2026-04-18,12.79,SCB-606,Good
2026-04-19,12.75,SCB-606,Good
2026-04-20,12.7,SCB-606,Good
2026-04-21,12.65,SCB-606,Good
2026-04-22,12.56,SCB-606,Good
2026-04-23,12.46,SCB-606,Good
2026-04-24,12.28,SCB-606,Good
2026-04-25,12.04,SCB-606,Good
2026-04-26,11.71,SCB-606,Good
2026-04-27,11.47,SCB-606,Good
2026-04-28,11.23,SCB-606,Good
2026-04-29,11.17,SCB-606,Good
2026-04-30,11.11,SCB-606,Good
2026-05-01,11.06,SCB-606,Good
2026-05-02,11.05,SCB-606,Good
2026-05-03,11.01,SCB-606,Good
2026-05-04,11.0,SCB-606,Good
2026-05-05,10.98,SCB-606,Good
2026-05-06,10.96,SCB-606,Good
2026-05-07,10.95,SCB-606,Good
2026-05-08,10.93,SCB-606,Good
2026-05-09,10.93,SCB-606,Good
2026-05-10,10.93,SCB-606,Good
2026-05-11,10.93,SCB-606,Good
2026-05-12,10.93,SCB-606,Good
2026-05-13,10.92,SCB-606,Good
2026-05-14,10.92,SCB-606,Good
2026-05-15,10.92,SCB-606,Good
2026-05-16,10.9,SCB-606,Good
2026-05-17,10.89,SCB-606,Good
2026-05-18,10.83,SCB-606,Good
2026-05-19,10.9,SCB-606,Good
2026-05-20,10.9,SCB-606,Good
2026-05-21,10.82,SCB-606,Good
2026-05-22,10.89,SCB-606,Good
2026-05-23,10.9,SCB-606,Good
2026-05-24,10.89,SCB-606,Good
2026-05-25,11.0,SCB-606,Good
2026-05-26,11.1,SCB-606,Good
2026-05-27,11.09,SCB-606,Good
2026-05-28,11.04,SCB-606,Good
2026-05-29,11.01,SCB-606,Good
2026-05-30,11.01,SCB-606,Good
2026-05-31,12.03,SCB-606,Good
2026-06-01,13.02,SCB-606,Good
2026-06-02,13.14,SCB-606,Good
2026-06-03,12.94,SCB-606,Good
2026-06-04,12.79,SCB-606,Good
2026-06-05,12.49,SCB-606,Good
2026-06-06,12.08,SCB-606,Good
2026-06-07,12.27,SCB-606,Good
2026-06-08,13.02,SCB-606,Good
2026-06-09,12.94,SCB-606,Good
2026-06-10,12.91,SCB-606,Good
2026-06-11,12.95,SCB-606,Good
2026-06-12,12.87,SCB-606,Good
2026-06-13,11.48,SCB-606,Good
2026-06-14,10.44,SCB-606,Good
2026-06-15,10.57,SCB-606,Good
2026-06-16,12.9,SCB-606,Good
2026-06-17,12.72,SCB-606,Good
2026-06-18,12.32,SCB-606,Good
2026-06-19,11.21,SCB-606,Good
2026-06-20,12.32,SCB-606,Good
2026-06-21,13.09,SCB-606,Good
2026-06-22,12.6,SCB-606,Good
2026-06-23,13.39,SCB-606,Good
2026-06-24,13.29,SCB-606,Good
2026-06-25,12.9,SCB-606,Good
2026-06-26,12.85,SCB-606,Good
2026-06-27,12.99,SCB-606,Good
2026-06-28,13.01,SCB-606,Good
2026-06-29,13.22,SCB-606,Good
2026-06-30,13.28,SCB-606,Good
2026-01-01,,SCB-701,Offline
2026-01-02,,SCB-701,Offline
2026-01-03,,SCB-701,Offline
2026-01-04,,SCB-701,Offline
2026-01-05,,SCB-701,Offline
2026-01-06,,SCB-701,Offline
2026-01-07,,SCB-701,Offline
2026-01-08,,SCB-701,Offline
2026-01-09,,SCB-701,Offline
2026-01-10,,SCB-701,Offline
2026-01-11,,SCB-701,Offline
2026-01-12,,SCB-701,Offline
2026-01-13,,SCB-701,Offline
2026-01-14,,SCB-701,Offline
2026-01-15,,SCB-701,Offline
2026-01-16,,SCB-701,Offline
2026-01-17,,SCB-701,Offline
2026-01-18,,SCB-701,Offline
2026-01-19,,SCB-701,Offline
2026-01-20,,SCB-701,Offline
2026-01-21,,SCB-701,Offline
2026-01-22,,SCB-701,Offline
2026-01-23,,SCB-701,Offline
2026-01-24,,SCB-701,Offline
2026-01-25,,SCB-701,Offline
2026-01-26,,SCB-701,Offline
2026-01-27,,SCB-701,Offline
2026-01-28,,SCB-701,Offline
2026-01-29,,SCB-701,Offline
2026-01-30,,SCB-701,Offline
2026-01-31,,SCB-701,Offline
2026-02-01,,SCB-701,Offline
2026-02-02,,SCB-701,Offline
2026-02-03,,SCB-701,Offline
2026-02-04,,SCB-701,Offline
2026-02-05,,SCB-701,Offline
2026-02-06,,SCB-701,Offline
2026-02-07,,SCB-701,Offline
2026-02-08,,SCB-701,Offline
2026-02-09,,SCB-701,Offline
2026-02-10,,SCB-701,Offline
2026-02-11,,SCB-701,Offline
2026-02-12,,SCB-701,Offline
2026-02-13,,SCB-701,Offline
2026-02-14,,SCB-701,Offline
2026-02-15,,SCB-701,Offline
2026-02-16,,SCB-701,Offline
2026-02-17,,SCB-701,Offline
2026-02-18,,SCB-701,Offline
2026-02-19,,SCB-701,Offline
2026-02-20,,SCB-701,Offline
2026-02-21,,SCB-701,Offline
2026-02-22,,SCB-701,Offline
2026-02-23,,SCB-701,Offline
2026-02-24,,SCB-701,Offline
2026-02-25,,SCB-701,Offline
2026-02-26,,SCB-701,Offline
2026-02-27,,SCB-701,Offline
2026-02-28,,SCB-701,Offline
2026-03-01,,SCB-701,Offline
2026-03-02,,SCB-701,Offline
2026-03-03,,SCB-701,Offline
2026-03-04,,SCB-701,Offline
2026-03-05,,SCB-701,Offline
2026-03-06,,SCB-701,Offline
2026-03-07,,SCB-701,Offline
2026-03-08,,SCB-701,Offline
2026-03-09,,SCB-701,Offline
2026-03-10,,SCB-701,Offline
2026-03-11,,SCB-701,Offline
2026-03-12,,SCB-701,Offline
2026-03-13,,SCB-701,Offline
2026-03-14,,SCB-701,Offline
2026-03-15,,SCB-701,Offline
2026-03-16,,SCB-701,Offline
2026-03-17,,SCB-701,Offline
2026-03-18,,SCB-701,Offline
2026-03-19,,SCB-701,Offline
2026-03-20,,SCB-701,Offline
2026-03-21,,SCB-701,Offline
2026-03-22,,SCB-701,Offline
2026-03-23,,SCB-701,Offline
2026-03-24,,SCB-701,Offline
2026-03-25,,SCB-701,Offline
2026-03-26,,SCB-701,Offline
2026-03-27,,SCB-701,Offline
2026-03-28,,SCB-701,Offline
2026-03-29,,SCB-701,Offline
2026-03-30,,SCB-701,Offline
2026-03-31,,SCB-701,Offline
2026-04-01,,SCB-701,Offline
2026-04-02,,SCB-701,Offline
2026-04-03,,SCB-701,Offline
2026-04-04,,SCB-701,Offline
2026-04-05,,SCB-701,Offline
2026-04-06,,SCB-701,Offline
2026-04-07,,SCB-701,Offline
2026-04-08,,SCB-701,Offline
2026-04-09,,SCB-701,Offline
2026-04-10,,SCB-701,Offline
2026-04-11,,SCB-701,Offline
2026-04-12,,SCB-701,Offline
2026-04-13,,SCB-701,Offline
2026-04-14,,SCB-701,Offline
2026-04-15,,SCB-701,Offline
2026-04-16,,SCB-701,Offline
2026-04-17,,SCB-701,Offline
2026-04-18,,SCB-701,Offline
2026-04-19,,SCB-701,Offline
2026-04-20,,SCB-701,Offline
2026-04-21,,SCB-701,Offline
2026-04-22,,SCB-701,Offline
2026-04-23,,SCB-701,Offline
2026-04-24,,SCB-701,Offline
2026-04-25,,SCB-701,Offline
2026-04-26,,SCB-701,Offline
2026-04-27,,SCB-701,Offline
2026-04-28,,SCB-701,Offline
2026-04-29,,SCB-701,Offline
2026-04-30,,SCB-701,Offline
2026-05-01,,SCB-701,Offline
2026-05-02,,SCB-701,Offline
2026-05-03,,SCB-701,Offline
2026-05-04,,SCB-701,Offline
2026-05-05,,SCB-701,Offline
2026-05-06,,SCB-701,Offline
2026-05-07,,SCB-701,Offline
2026-05-08,,SCB-701,Offline
2026-05-09,,SCB-701,Offline
2026-05-10,,SCB-701,Offline
2026-05-11,,SCB-701,Offline
2026-05-12,,SCB-701,Offline
2026-05-13,,SCB-701,Offline
2026-05-14,,SCB-701,Offline
2026-05-15,,SCB-701,Offline
2026-05-16,,SCB-701,Offline
2026-05-17,,SCB-701,Offline
2026-05-18,,SCB-701,Offline
2026-05-19,,SCB-701,Offline
2026-05-20,,SCB-701,Offline
2026-05-21,,SCB-701,Offline
2026-05-22,,SCB-701,Offline
2026-05-23,,SCB-701,Offline
2026-05-24,,SCB-701,Offline
2026-05-25,,SCB-701,Offline
2026-05-26,,SCB-701,Offline
2026-05-27,,SCB-701,Offline
2026-05-28,,SCB-701,Offline
2026-05-29,,SCB-701,Offline
2026-05-30,,SCB-701,Offline
2026-05-31,,SCB-701,Offline
2026-06-01,,SCB-701,Offline
2026-06-02,,SCB-701,Offline
2026-06-03,,SCB-701,Offline
2026-06-04,,SCB-701,Offline
2026-06-05,,SCB-701,Offline
2026-06-06,,SCB-701,Offline
2026-06-07,,SCB-701,Offline
2026-06-08,,SCB-701,Offline
2026-06-09,,SCB-701,Offline
2026-06-10,,SCB-701,Offline
2026-06-11,,SCB-701,Offline
2026-06-12,,SCB-701,Offline
2026-06-13,,SCB-701,Offline
2026-06-14,,SCB-701,Offline
2026-06-15,,SCB-701,Offline
2026-06-16,,SCB-701,Offline
2026-06-17,,SCB-701,Offline
2026-06-18,,SCB-701,Offline
2026-06-19,,SCB-701,Offline
2026-06-20,,SCB-701,Offline
2026-06-21,,SCB-701,Offline
2026-06-22,,SCB-701,Offline
2026-06-23,,SCB-701,Offline
2026-06-24,,SCB-701,Offline
2026-06-25,,SCB-701,Offline
2026-06-26,,SCB-701,Offline
2026-06-27,,SCB-701,Offline
2026-06-28,,SCB-701,Offline
2026-06-29,,SCB-701,Offline
2026-06-30,,SCB-701,Offline
2026-01-01,11.28,SCB-901,Good
2026-01-02,11.29,SCB-901,Good
2026-01-03,11.3,SCB-901,Good
2026-01-04,11.29,SCB-901,Good
2026-01-05,11.3,SCB-901,Good
2026-01-06,11.2975,SCB-901,Interpolated
2026-01-07,11.295,SCB-901,Interpolated
2026-01-08,11.2925,SCB-901,Interpolated
2026-01-09,11.29,SCB-901,Good
2026-01-10,11.31,SCB-901,Good
2026-01-11,11.31,SCB-901,Good
2026-01-12,11.3,SCB-901,Good
2026-01-13,11.31,SCB-901,Good
2026-01-14,11.31,SCB-901,Good
2026-01-15,11.32,SCB-901,Good
2026-01-16,11.31,SCB-901,Good
2026-01-17,11.32,SCB-901,Good
2026-01-18,11.32,SCB-901,Good
2026-01-19,11.31,SCB-901,Good
2026-01-20,11.33,SCB-901,Good
2026-01-21,11.32,SCB-901,Good
2026-01-22,11.32,SCB-901,Good
2026-01-23,11.33,SCB-901,Good
2026-01-24,11.32,SCB-901,Good
2026-01-25,11.322000000000001,SCB-901,Interpolated
2026-01-26,11.324,SCB-901,Interpolated
2026-01-27,11.326,SCB-901,Interpolated
2026-01-28,,SCB-901,Offline
2026-01-29,11.33,SCB-901,Good
2026-01-30,11.33,SCB-901,Good
2026-01-31,11.34,SCB-901,Good
2026-02-01,11.35,SCB-901,Good
2026-02-02,11.35,SCB-901,Good
2026-02-03,11.35,SCB-901,Good
2026-02-04,11.35,SCB-901,Good
2026-02-05,11.35,SCB-901,Good
2026-02-06,11.35,SCB-901,Good
2026-02-07,11.35,SCB-901,Good
2026-02-08,11.35,SCB-901,Good
2026-02-09,11.36,SCB-901,Good
2026-02-10,11.36,SCB-901,Good
2026-02-11,11.37,SCB-901,Good
2026-02-12,11.4,SCB-901,Good
2026-02-13,11.38,SCB-901,Good
2026-02-14,11.38,SCB-901,Good
2026-02-15,11.38,SCB-901,Good
2026-02-16,11.38,SCB-901,Good
2026-02-17,11.38,SCB-901,Good
2026-02-18,11.39,SCB-901,Good
2026-02-19,11.41,SCB-901,Good
2026-02-20,11.4,SCB-901,Good
2026-02-21,11.39,SCB-901,Good
2026-02-22,11.39,SCB-901,Good
2026-02-23,11.4,SCB-901,Good
2026-02-24,11.41,SCB-901,Good
2026-02-25,11.42,SCB-901,Good
2026-02-26,11.43,SCB-901,Good
2026-02-27,11.42,SCB-901,Good
2026-02-28,11.42,SCB-901,Good
2026-03-01,11.42,SCB-901,Good
2026-03-02,11.41,SCB-901,Good
2026-03-03,11.41,SCB-901,Good
2026-03-04,11.41,SCB-901,Good
2026-03-05,11.4,SCB-901,Good
2026-03-06,11.41,SCB-901,Good
2026-03-07,11.41,SCB-901,Good
2026-03-08,11.42,SCB-901,Good
2026-03-09,11.42,SCB-901,Good
2026-03-10,11.42,SCB-901,Good
2026-03-11,11.42,SCB-901,Good
2026-03-12,11.42,SCB-901,Good
2026-03-13,11.42,SCB-901,Good
2026-03-14,11.43,SCB-901,Good
2026-03-15,11.44,SCB-901,Good
2026-03-16,11.43,SCB-901,Good
2026-03-17,11.44,SCB-901,Good
2026-03-18,11.43,SCB-901,Good
2026-03-19,11.43,SCB-901,Good
2026-03-20,11.45,SCB-901,Good
2026-03-21,11.46,SCB-901,Good
2026-03-22,11.44,SCB-901,Good
2026-03-23,11.44,SCB-901,Good
2026-03-24,11.44,SCB-901,Good
2026-03-25,11.4325,SCB-901,Interpolated
2026-03-26,11.425,SCB-901,Interpolated
2026-03-27,11.4175,SCB-901,Interpolated
2026-03-28,11.41,SCB-901,Good
2026-03-29,11.42,SCB-901,Good
2026-03-30,11.43,SCB-901,Good
2026-03-31,11.43,SCB-901,Good
2026-04-01,11.43,SCB-901,Good
2026-04-02,11.43,SCB-901,Good
2026-04-03,11.43,SCB-901,Good
2026-04-04,11.44,SCB-901,Good
2026-04-05,11.44,SCB-901,Good
2026-04-06,11.45,SCB-901,Good
2026-04-07,11.46,SCB-901,Good
2026-04-08,11.48,SCB-901,Good
2026-04-09,11.46,SCB-901,Good
2026-04-10,11.45,SCB-901,Good
2026-04-11,11.45,SCB-901,Good
2026-04-12,11.46,SCB-901,Good
2026-04-13,11.45,SCB-901,Good
2026-04-14,11.46,SCB-901,Good
2026-04-15,11.46,SCB-901,Good
2026-04-16,11.47,SCB-901,Good
2026-04-17,11.47,SCB-901,Good
2026-04-18,11.47,SCB-901,Good
2026-04-19,11.48,SCB-901,Good
2026-04-20,11.49,SCB-901,Good
2026-04-21,11.49,SCB-901,Good
2026-04-22,11.49,SCB-901,Good
2026-04-23,11.5,SCB-901,Good
2026-04-24,11.5,SCB-901,Good
2026-04-25,11.51,SCB-901,Good
2026-04-26,11.52,SCB-901,Good
2026-04-27,11.52,SCB-901,Good
2026-04-28,11.51,SCB-901,Good
2026-04-29,11.51,SCB-901,Good
2026-04-30,11.51,SCB-901,Good
2026-05-01,11.52,SCB-901,Good
2026-05-02,11.54,SCB-901,Good
2026-05-03,11.53,SCB-901,Good
2026-05-04,11.53,SCB-901,Good
2026-05-05,11.55,SCB-901,Good
2026-05-06,11.59,SCB-901,Good
2026-05-07,11.63,SCB-901,Good
2026-05-08,11.65,SCB-901,Good
2026-05-09,11.65,SCB-901,Good
2026-05-10,11.66,SCB-901,Good
2026-05-11,11.68,SCB-901,Good
2026-05-12,11.67,SCB-901,Good
2026-05-13,11.67,SCB-901,Good
2026-05-14,11.67,SCB-901,Good
2026-05-15,11.67,SCB-901,Good
2026-05-16,11.67,SCB-901,Good
2026-05-17,11.67,SCB-901,Good
2026-05-18,11.66,SCB-901,Good
2026-05-19,11.66,SCB-901,Good
2026-05-20,11.66,SCB-901,Good
2026-05-21,11.66,SCB-901,Good
2026-05-22,11.66,SCB-901,Good
2026-05-23,11.68,SCB-901,Good
2026-05-24,11.68,SCB-901,Good
2026-05-25,11.68,SCB-901,Good
2026-05-26,11.67,SCB-901,Good
2026-05-27,11.68,SCB-901,Good
2026-05-28,11.68,SCB-901,Good
2026-05-29,11.68,SCB-901,Good
2026-05-30,11.67,SCB-901,Good
2026-05-31,11.67,SCB-901,Good
2026-06-01,11.67,SCB-901,Good
2026-06-02,11.68,SCB-901,Good
2026-06-03,11.68,SCB-901,Good
2026-06-04,11.68,SCB-901,Good
2026-06-05,11.67,SCB-901,Good
2026-06-06,11.67,SCB-901,Good
2026-06-07,11.67,SCB-901,Good
2026-06-08,11.66,SCB-901,Good
2026-06-09,11.66,SCB-901,Good
2026-06-10,11.66,SCB-901,Good
2026-06-11,11.67,SCB-901,Good
2026-06-12,11.66,SCB-901,Good
2026-06-13,11.66,SCB-901,Good
2026-06-14,11.66,SCB-901,Good
2026-06-15,11.66,SCB-901,Good
2026-06-16,11.64,SCB-901,Good
2026-06-17,11.63,SCB-901,Good
2026-06-18,11.67,SCB-901,Good
2026-06-19,11.67,SCB-901,Good
2026-06-20,11.66,SCB-901,Good
2026-06-21,11.65,SCB-901,Good
2026-06-22,11.68,SCB-901,Good
2026-06-23,11.68,SCB-901,Good
2026-06-24,11.69,SCB-901,Good
2026-06-25,11.68,SCB-901,Good
2026-06-26,11.67,SCB-901,Good
2026-06-27,11.68,SCB-901,Good
2026-06-28,11.7,SCB-901,Good
2026-06-29,11.68,SCB-901,Good
2026-06-30,11.68,SCB-901,Good
