Timestamp,pH_Value,Scrubber_ID,Quality_Flag,pH_Change,pH_Rolling_Avg,pH_Rolling_Std,pH_Min_7,pH_Max_7,pH_Range_7,Stability_Index,pH_Status,Hour,Day_Name,Month_Name,Max_VOC,Health_Score,Severity,Engineering_Finding,Root_Cause,Corrective_Recommendation,Alert_Label
2026-01-01,9.8,AMMONIA-SCRUBBER,Good,0.0,9.8,0.0,9.8,9.8,0.0,100.0,Normal,0,Thursday,January,0.45,100.0,Normal,Healthy,Normal Operation,Continue Stream Monitoring,No Alert
2026-01-02,9.8,AMMONIA-SCRUBBER,Good,0.0,9.8,0.0,9.8,9.8,0.0,100.0,Normal,0,Friday,January,0.45,100.0,Normal,Healthy,Normal Operation,Continue Stream Monitoring,No Alert
2026-01-03,9.8,AMMONIA-SCRUBBER,Good,0.0,9.8,0.0,9.8,9.8,0.0,100.0,Normal,0,Saturday,January,0.47,100.0,Normal,Healthy,Normal Operation,Continue Stream Monitoring,No Alert
2026-01-04,9.8,AMMONIA-SCRUBBER,Good,0.0,9.8,0.0,9.8,9.8,0.0,100.0,Normal,0,Sunday,January,0.51,100.0,Normal,Healthy,Normal Operation,Continue Stream Monitoring,No Alert
2026-01-05,9.8,AMMONIA-SCRUBBER,Good,0.0,9.8,0.0,9.8,9.8,0.0,100.0,Normal,0,Monday,January,0.41,100.0,Normal,Healthy,Normal Operation,Continue Stream Monitoring,No Alert
2026-01-06,9.8,AMMONIA-SCRUBBER,Interpolated,0.0,9.8,0.0,9.8,9.8,0.0,100.0,Normal,0,Tuesday,January,0.41,100.0,Normal,Healthy,Normal Operation,Continue Stream Monitoring,No Alert
2026-01-07,9.8,AMMONIA-SCRUBBER,Interpolated,0.0,9.8,0.0,9.8,9.8,0.0,100.0,Normal,0,Wednesday,January,0.52,100.0,Normal,Healthy,Normal Operation,Continue Stream Monitoring,No Alert
2026-01-08,9.8,AMMONIA-SCRUBBER,Interpolated,0.0,9.8,0.0,9.8,9.8,0.0,100.0,Normal,0,Thursday,January,0.54,100.0,Normal,Healthy,Normal Operation,Continue Stream Monitoring,No Alert
2026-01-09,9.8,AMMONIA-SCRUBBER,Good,0.0,9.8,0.0,9.8,9.8,0.0,100.0,Normal,0,Friday,January,0.48,100.0,Normal,Healthy,Normal Operation,Continue Stream Monitoring,No Alert
2026-01-10,9.8,AMMONIA-SCRUBBER,Good,0.0,9.8,0.0,9.8,9.8,0.0,100.0,Normal,0,Saturday,January,0.53,100.0,Normal,Healthy,Normal Operation,Continue Stream Monitoring,No Alert
2026-01-11,9.8,AMMONIA-SCRUBBER,Good,0.0,9.8,0.0,9.8,9.8,0.0,100.0,Normal,0,Sunday,January,0.51,100.0,Normal,Healthy,Normal Operation,Continue Stream Monitoring,No Alert
2026-01-12,9.8,AMMONIA-SCRUBBER,Good,0.0,9.8,0.0,9.8,9.8,0.0,100.0,Normal,0,Monday,January,0.52,100.0,Normal,Healthy,Normal Operation,Continue Stream Monitoring,No Alert
2026-01-13,9.8,AMMONIA-SCRUBBER,Good,0.0,9.8,0.0,9.8,9.8,0.0,100.0,Normal,0,Tuesday,January,0.54,100.0,Normal,Healthy,Normal Operation,Continue Stream Monitoring,No Alert
2026-01-14,9.8,AMMONIA-SCRUBBER,Good,0.0,9.8,0.0,9.8,9.8,0.0,100.0,Normal,0,Wednesday,January,0.57,100.0,Normal,Healthy,Normal Operation,Continue Stream Monitoring,No Alert
2026-01-15,9.8,AMMONIA-SCRUBBER,Good,0.0,9.8,0.0,9.8,9.8,0.0,100.0,Normal,0,Thursday,January,0.51,100.0,Normal,Healthy,Normal Operation,Continue Stream Monitoring,No Alert
2026-01-16,9.8,AMMONIA-SCRUBBER,Good,0.0,9.8,0.0,9.8,9.8,0.0,100.0,Normal,0,Friday,January,0.49,100.0,Normal,Healthy,Normal Operation,Continue Stream Monitoring,No Alert
2026-01-17,9.8,AMMONIA-SCRUBBER,Good,0.0,9.8,0.0,9.8,9.8,0.0,100.0,Normal,0,Saturday,January,0.54,100.0,Normal,Healthy,Normal Operation,Continue Stream Monitoring,No Alert
2026-01-18,9.8,AMMONIA-SCRUBBER,Good,0.0,9.8,0.0,9.8,9.8,0.0,100.0,Normal,0,Sunday,January,0.46,100.0,Normal,Healthy,Normal Operation,Continue Stream Monitoring,No Alert
2026-01-19,9.8,AMMONIA-SCRUBBER,Good,0.0,9.8,0.0,9.8,9.8,0.0,100.0,Normal,0,Monday,January,0.34,100.0,Normal,Healthy,Normal Operation,Continue Stream Monitoring,No Alert
2026-01-20,9.8,AMMONIA-SCRUBBER,Good,0.0,9.8,0.0,9.8,9.8,0.0,100.0,Normal,0,Tuesday,January,0.53,100.0,Normal,Healthy,Normal Operation,Continue Stream Monitoring,No Alert
2026-01-21,9.8,AMMONIA-SCRUBBER,Good,0.0,9.8,0.0,9.8,9.8,0.0,100.0,Normal,0,Wednesday,January,0.44,100.0,Normal,Healthy,Normal Operation,Continue Stream Monitoring,No Alert
2026-01-22,9.8,AMMONIA-SCRUBBER,Good,0.0,9.8,0.0,9.8,9.8,0.0,100.0,Normal,0,Thursday,January,0.46,100.0,Normal,Healthy,Normal Operation,Continue Stream Monitoring,No Alert
2026-01-23,9.8,AMMONIA-SCRUBBER,Good,0.0,9.8,0.0,9.8,9.8,0.0,100.0,Normal,0,Friday,January,0.36,100.0,Normal,Healthy,Normal Operation,Continue Stream Monitoring,No Alert
2026-01-24,9.8,AMMONIA-SCRUBBER,Good,0.0,9.8,0.0,9.8,9.8,0.0,100.0,Normal,0,Saturday,January,0.37,100.0,Normal,Healthy,Normal Operation,Continue Stream Monitoring,No Alert
2026-01-25,9.8,AMMONIA-SCRUBBER,Interpolated,0.0,9.8,0.0,9.8,9.8,0.0,100.0,Normal,0,Sunday,January,0.54,100.0,Normal,Healthy,Normal Operation,Continue Stream Monitoring,No Alert
2026-01-26,9.8,AMMONIA-SCRUBBER,Interpolated,0.0,9.8,0.0,9.8,9.8,0.0,100.0,Normal,0,Monday,January,0.41,100.0,Normal,Healthy,Normal Operation,Continue Stream Monitoring,No Alert
2026-01-27,9.8,AMMONIA-SCRUBBER,Interpolated,0.0,9.8,0.0,9.8,9.8,0.0,100.0,Normal,0,Tuesday,January,0.42,100.0,Normal,Healthy,Normal Operation,Continue Stream Monitoring,No Alert
2026-01-28,,AMMONIA-SCRUBBER,Offline,0.0,9.8,0.0,9.8,9.8,0.0,100.0,Offline,0,Wednesday,January,0.425,0.0,Critical,Scrubber Telemetry Offline,CEMS Sensor Communication Failure,Inspect Modbus Transmitters and Field PLC Cabinets,Sensor Connection Error
2026-01-29,9.8,AMMONIA-SCRUBBER,Good,0.0,9.8,0.0,9.8,9.8,0.0,100.0,Normal,0,Thursday,January,0.43,100.0,Normal,Healthy,Normal Operation,Continue Stream Monitoring,No Alert
2026-01-30,9.8,AMMONIA-SCRUBBER,Good,0.0,9.8,0.0,9.8,9.8,0.0,100.0,Normal,0,Friday,January,0.435,100.0,Normal,Healthy,Normal Operation,Continue Stream Monitoring,No Alert
2026-01-31,9.8,AMMONIA-SCRUBBER,Good,0.0,9.8,0.0,9.8,9.8,0.0,100.0,Normal,0,Saturday,January,0.0,100.0,Normal,Healthy,Normal Operation,Continue Stream Monitoring,No Alert
2026-02-01,9.8,AMMONIA-SCRUBBER,Good,0.0,9.8,0.0,9.8,9.8,0.0,100.0,Normal,0,Sunday,February,0.0,100.0,Normal,Healthy,Normal Operation,Continue Stream Monitoring,No Alert
2026-02-02,9.8,AMMONIA-SCRUBBER,Good,0.0,9.8,0.0,9.8,9.8,0.0,100.0,Normal,0,Monday,February,0.45,100.0,Normal,Healthy,Normal Operation,Continue Stream Monitoring,No Alert
2026-02-03,9.8,AMMONIA-SCRUBBER,Good,0.0,9.8,0.0,9.8,9.8,0.0,100.0,Normal,0,Tuesday,February,0.23,100.0,Normal,Healthy,Normal Operation,Continue Stream Monitoring,No Alert
2026-02-04,9.8,AMMONIA-SCRUBBER,Good,0.0,9.8,0.0,9.8,9.8,0.0,100.0,Normal,0,Wednesday,February,0.25,100.0,Normal,Healthy,Normal Operation,Continue Stream Monitoring,No Alert
2026-02-05,9.8,AMMONIA-SCRUBBER,Good,0.0,9.8,0.0,9.8,9.8,0.0,100.0,Normal,0,Thursday,February,0.2,100.0,Normal,Healthy,Normal Operation,Continue Stream Monitoring,No Alert
2026-02-06,9.8,AMMONIA-SCRUBBER,Good,0.0,9.8,0.0,9.8,9.8,0.0,100.0,Normal,0,Friday,February,0.24,100.0,Normal,Healthy,Normal Operation,Continue Stream Monitoring,No Alert
2026-02-07,9.8,AMMONIA-SCRUBBER,Good,0.0,9.8,0.0,9.8,9.8,0.0,100.0,Normal,0,Saturday,February,0.2,100.0,Normal,Healthy,Normal Operation,Continue Stream Monitoring,No Alert
2026-02-08,9.8,AMMONIA-SCRUBBER,Good,0.0,9.8,0.0,9.8,9.8,0.0,100.0,Normal,0,Sunday,February,0.27,100.0,Normal,Healthy,Normal Operation,Continue Stream Monitoring,No Alert
2026-02-09,9.8,AMMONIA-SCRUBBER,Good,0.0,9.8,0.0,9.8,9.8,0.0,100.0,Normal,0,Monday,February,0.28,100.0,Normal,Healthy,Normal Operation,Continue Stream Monitoring,No Alert
2026-02-10,9.8,AMMONIA-SCRUBBER,Good,0.0,9.8,0.0,9.8,9.8,0.0,100.0,Normal,0,Tuesday,February,0.27,100.0,Normal,Healthy,Normal Operation,Continue Stream Monitoring,No Alert
2026-02-11,9.8,AMMONIA-SCRUBBER,Good,0.0,9.8,0.0,9.8,9.8,0.0,100.0,Normal,0,Wednesday,February,0.14,100.0,Normal,Healthy,Normal Operation,Continue Stream Monitoring,No Alert
2026-02-12,9.8,AMMONIA-SCRUBBER,Good,0.0,9.8,0.0,9.8,9.8,0.0,100.0,Normal,0,Thursday,February,0.26,100.0,Normal,Healthy,Normal Operation,Continue Stream Monitoring,No Alert
2026-02-13,9.8,AMMONIA-SCRUBBER,Good,0.0,9.8,0.0,9.8,9.8,0.0,100.0,Normal,0,Friday,February,0.29,100.0,Normal,Healthy,Normal Operation,Continue Stream Monitoring,No Alert
2026-02-14,9.8,AMMONIA-SCRUBBER,Good,0.0,9.8,0.0,9.8,9.8,0.0,100.0,Normal,0,Saturday,February,0.17,100.0,Normal,Healthy,Normal Operation,Continue Stream Monitoring,No Alert
2026-02-15,9.8,AMMONIA-SCRUBBER,Good,0.0,9.8,0.0,9.8,9.8,0.0,100.0,Normal,0,Sunday,February,0.29,100.0,Normal,Healthy,Normal Operation,Continue Stream Monitoring,No Alert
2026-02-16,9.8,AMMONIA-SCRUBBER,Good,0.0,9.8,0.0,9.8,9.8,0.0,100.0,Normal,0,Monday,February,0.19,100.0,Normal,Healthy,Normal Operation,Continue Stream Monitoring,No Alert
2026-02-17,9.8,AMMONIA-SCRUBBER,Good,0.0,9.8,0.0,9.8,9.8,0.0,100.0,Normal,0,Tuesday,February,0.19,100.0,Normal,Healthy,Normal Operation,Continue Stream Monitoring,No Alert
2026-02-18,9.8,AMMONIA-SCRUBBER,Interpolated,0.0,9.8,0.0,9.8,9.8,0.0,100.0,Normal,0,Wednesday,February,0.22,100.0,Normal,Healthy,Normal Operation,Continue Stream Monitoring,No Alert
2026-02-19,9.8,AMMONIA-SCRUBBER,Interpolated,0.0,9.8,0.0,9.8,9.8,0.0,100.0,Normal,0,Thursday,February,0.25,100.0,Normal,Healthy,Normal Operation,Continue Stream Monitoring,No Alert
2026-02-20,9.8,AMMONIA-SCRUBBER,Interpolated,0.0,9.8,0.0,9.8,9.8,0.0,100.0,Normal,0,Friday,February,0.25,100.0,Normal,Healthy,Normal Operation,Continue Stream Monitoring,No Alert
2026-02-21,,AMMONIA-SCRUBBER,Offline,0.0,9.8,0.0,9.8,9.8,0.0,100.0,Offline,0,Saturday,February,0.24,0.0,Critical,Scrubber Telemetry Offline,CEMS Sensor Communication Failure,Inspect Modbus Transmitters and Field PLC Cabinets,Sensor Connection Error
2026-02-22,,AMMONIA-SCRUBBER,Offline,0.0,9.8,0.0,9.8,9.8,0.0,100.0,Offline,0,Sunday,February,0.24,0.0,Critical,Scrubber Telemetry Offline,CEMS Sensor Communication Failure,Inspect Modbus Transmitters and Field PLC Cabinets,Sensor Connection Error
2026-02-23,,AMMONIA-SCRUBBER,Offline,0.0,9.8,0.0,9.8,9.8,0.0,100.0,Offline,0,Monday,February,0.34,0.0,Critical,Scrubber Telemetry Offline,CEMS Sensor Communication Failure,Inspect Modbus Transmitters and Field PLC Cabinets,Sensor Connection Error
2026-02-24,,AMMONIA-SCRUBBER,Offline,0.0,9.8,0.0,9.8,9.8,0.0,100.0,Offline,0,Tuesday,February,0.21,0.0,Critical,Scrubber Telemetry Offline,CEMS Sensor Communication Failure,Inspect Modbus Transmitters and Field PLC Cabinets,Sensor Connection Error
2026-02-25,,AMMONIA-SCRUBBER,Offline,0.0,9.8,0.0,9.8,9.8,0.0,100.0,Offline,0,Wednesday,February,0.22,0.0,Critical,Scrubber Telemetry Offline,CEMS Sensor Communication Failure,Inspect Modbus Transmitters and Field PLC Cabinets,Sensor Connection Error
2026-02-26,,AMMONIA-SCRUBBER,Offline,0.0,9.8,0.0,9.8,9.8,0.0,100.0,Offline,0,Thursday,February,0.23,0.0,Critical,Scrubber Telemetry Offline,CEMS Sensor Communication Failure,Inspect Modbus Transmitters and Field PLC Cabinets,Sensor Connection Error
2026-02-27,,AMMONIA-SCRUBBER,Offline,0.0,,0.0,,,,100.0,Offline,0,Friday,February,0.23,0.0,Critical,Scrubber Telemetry Offline,CEMS Sensor Communication Failure,Inspect Modbus Transmitters and Field PLC Cabinets,Sensor Connection Error
2026-02-28,,AMMONIA-SCRUBBER,Offline,0.0,,0.0,,,,100.0,Offline,0,Saturday,February,0.23,0.0,Critical,Scrubber Telemetry Offline,CEMS Sensor Communication Failure,Inspect Modbus Transmitters and Field PLC Cabinets,Sensor Connection Error
2026-03-01,,AMMONIA-SCRUBBER,Offline,0.0,,0.0,,,,100.0,Offline,0,Sunday,March,0.24,0.0,Critical,Scrubber Telemetry Offline,CEMS Sensor Communication Failure,Inspect Modbus Transmitters and Field PLC Cabinets,Sensor Connection Error
2026-03-02,,AMMONIA-SCRUBBER,Offline,0.0,,0.0,,,,100.0,Offline,0,Monday,March,0.3,0.0,Critical,Scrubber Telemetry Offline,CEMS Sensor Communication Failure,Inspect Modbus Transmitters and Field PLC Cabinets,Sensor Connection Error
2026-03-03,,AMMONIA-SCRUBBER,Offline,0.0,,0.0,,,,100.0,Offline,0,Tuesday,March,0.26,0.0,Critical,Scrubber Telemetry Offline,CEMS Sensor Communication Failure,Inspect Modbus Transmitters and Field PLC Cabinets,Sensor Connection Error
2026-03-04,,AMMONIA-SCRUBBER,Offline,0.0,,0.0,,,,100.0,Offline,0,Wednesday,March,0.18,0.0,Critical,Scrubber Telemetry Offline,CEMS Sensor Communication Failure,Inspect Modbus Transmitters and Field PLC Cabinets,Sensor Connection Error
2026-03-05,,AMMONIA-SCRUBBER,Offline,0.0,,0.0,,,,100.0,Offline,0,Thursday,March,0.22,0.0,Critical,Scrubber Telemetry Offline,CEMS Sensor Communication Failure,Inspect Modbus Transmitters and Field PLC Cabinets,Sensor Connection Error
2026-03-06,,AMMONIA-SCRUBBER,Offline,0.0,,0.0,,,,100.0,Offline,0,Friday,March,0.25,0.0,Critical,Scrubber Telemetry Offline,CEMS Sensor Communication Failure,Inspect Modbus Transmitters and Field PLC Cabinets,Sensor Connection Error
2026-03-07,,AMMONIA-SCRUBBER,Offline,0.0,,0.0,,,,100.0,Offline,0,Saturday,March,0.2,0.0,Critical,Scrubber Telemetry Offline,CEMS Sensor Communication Failure,Inspect Modbus Transmitters and Field PLC Cabinets,Sensor Connection Error
2026-03-08,,AMMONIA-SCRUBBER,Offline,0.0,,0.0,,,,100.0,Offline,0,Sunday,March,0.22,0.0,Critical,Scrubber Telemetry Offline,CEMS Sensor Communication Failure,Inspect Modbus Transmitters and Field PLC Cabinets,Sensor Connection Error
2026-03-09,,AMMONIA-SCRUBBER,Offline,0.0,,0.0,,,,100.0,Offline,0,Monday,March,0.2,0.0,Critical,Scrubber Telemetry Offline,CEMS Sensor Communication Failure,Inspect Modbus Transmitters and Field PLC Cabinets,Sensor Connection Error
2026-03-10,,AMMONIA-SCRUBBER,Offline,0.0,,0.0,,,,100.0,Offline,0,Tuesday,March,0.19,0.0,Critical,Scrubber Telemetry Offline,CEMS Sensor Communication Failure,Inspect Modbus Transmitters and Field PLC Cabinets,Sensor Connection Error
2026-03-11,,AMMONIA-SCRUBBER,Offline,0.0,,0.0,,,,100.0,Offline,0,Wednesday,March,0.24,0.0,Critical,Scrubber Telemetry Offline,CEMS Sensor Communication Failure,Inspect Modbus Transmitters and Field PLC Cabinets,Sensor Connection Error
2026-03-12,,AMMONIA-SCRUBBER,Offline,0.0,,0.0,,,,100.0,Offline,0,Thursday,March,0.25,0.0,Critical,Scrubber Telemetry Offline,CEMS Sensor Communication Failure,Inspect Modbus Transmitters and Field PLC Cabinets,Sensor Connection Error
2026-03-13,,AMMONIA-SCRUBBER,Offline,0.0,,0.0,,,,100.0,Offline,0,Friday,March,0.22,0.0,Critical,Scrubber Telemetry Offline,CEMS Sensor Communication Failure,Inspect Modbus Transmitters and Field PLC Cabinets,Sensor Connection Error
2026-03-14,,AMMONIA-SCRUBBER,Offline,0.0,,0.0,,,,100.0,Offline,0,Saturday,March,0.13,0.0,Critical,Scrubber Telemetry Offline,CEMS Sensor Communication Failure,Inspect Modbus Transmitters and Field PLC Cabinets,Sensor Connection Error
2026-03-15,,AMMONIA-SCRUBBER,Offline,0.0,,0.0,,,,100.0,Offline,0,Sunday,March,0.15,0.0,Critical,Scrubber Telemetry Offline,CEMS Sensor Communication Failure,Inspect Modbus Transmitters and Field PLC Cabinets,Sensor Connection Error
2026-03-16,,AMMONIA-SCRUBBER,Offline,0.0,,0.0,,,,100.0,Offline,0,Monday,March,0.14,0.0,Critical,Scrubber Telemetry Offline,CEMS Sensor Communication Failure,Inspect Modbus Transmitters and Field PLC Cabinets,Sensor Connection Error
2026-03-17,,AMMONIA-SCRUBBER,Offline,0.0,,0.0,,,,100.0,Offline,0,Tuesday,March,0.19,0.0,Critical,Scrubber Telemetry Offline,CEMS Sensor Communication Failure,Inspect Modbus Transmitters and Field PLC Cabinets,Sensor Connection Error
2026-03-18,,AMMONIA-SCRUBBER,Offline,0.0,,0.0,,,,100.0,Offline,0,Wednesday,March,0.12,0.0,Critical,Scrubber Telemetry Offline,CEMS Sensor Communication Failure,Inspect Modbus Transmitters and Field PLC Cabinets,Sensor Connection Error
2026-03-19,,AMMONIA-SCRUBBER,Offline,0.0,,0.0,,,,100.0,Offline,0,Thursday,March,0.19,0.0,Critical,Scrubber Telemetry Offline,CEMS Sensor Communication Failure,Inspect Modbus Transmitters and Field PLC Cabinets,Sensor Connection Error
2026-03-20,,AMMONIA-SCRUBBER,Offline,0.0,,0.0,,,,100.0,Offline,0,Friday,March,0.21,0.0,Critical,Scrubber Telemetry Offline,CEMS Sensor Communication Failure,Inspect Modbus Transmitters and Field PLC Cabinets,Sensor Connection Error
2026-03-21,,AMMONIA-SCRUBBER,Offline,0.0,,0.0,,,,100.0,Offline,0,Saturday,March,0.25,0.0,Critical,Scrubber Telemetry Offline,CEMS Sensor Communication Failure,Inspect Modbus Transmitters and Field PLC Cabinets,Sensor Connection Error
2026-03-22,,AMMONIA-SCRUBBER,Offline,0.0,,0.0,,,,100.0,Offline,0,Sunday,March,0.3,0.0,Critical,Scrubber Telemetry Offline,CEMS Sensor Communication Failure,Inspect Modbus Transmitters and Field PLC Cabinets,Sensor Connection Error
2026-03-23,,AMMONIA-SCRUBBER,Offline,0.0,,0.0,,,,100.0,Offline,0,Monday,March,0.28,0.0,Critical,Scrubber Telemetry Offline,CEMS Sensor Communication Failure,Inspect Modbus Transmitters and Field PLC Cabinets,Sensor Connection Error
2026-03-24,,AMMONIA-SCRUBBER,Offline,0.0,,0.0,,,,100.0,Offline,0,Tuesday,March,0.24,0.0,Critical,Scrubber Telemetry Offline,CEMS Sensor Communication Failure,Inspect Modbus Transmitters and Field PLC Cabinets,Sensor Connection Error
2026-03-25,,AMMONIA-SCRUBBER,Offline,0.0,,0.0,,,,100.0,Offline,0,Wednesday,March,0.21,0.0,Critical,Scrubber Telemetry Offline,CEMS Sensor Communication Failure,Inspect Modbus Transmitters and Field PLC Cabinets,Sensor Connection Error
2026-03-26,,AMMONIA-SCRUBBER,Offline,0.0,,0.0,,,,100.0,Offline,0,Thursday,March,0.31,0.0,Critical,Scrubber Telemetry Offline,CEMS Sensor Communication Failure,Inspect Modbus Transmitters and Field PLC Cabinets,Sensor Connection Error
2026-03-27,,AMMONIA-SCRUBBER,Offline,0.0,,0.0,,,,100.0,Offline,0,Friday,March,0.27,0.0,Critical,Scrubber Telemetry Offline,CEMS Sensor Communication Failure,Inspect Modbus Transmitters and Field PLC Cabinets,Sensor Connection Error
2026-03-28,,AMMONIA-SCRUBBER,Offline,0.0,,0.0,,,,100.0,Offline,0,Saturday,March,0.2,0.0,Critical,Scrubber Telemetry Offline,CEMS Sensor Communication Failure,Inspect Modbus Transmitters and Field PLC Cabinets,Sensor Connection Error
2026-03-29,,AMMONIA-SCRUBBER,Offline,0.0,,0.0,,,,100.0,Offline,0,Sunday,March,0.25,0.0,Critical,Scrubber Telemetry Offline,CEMS Sensor Communication Failure,Inspect Modbus Transmitters and Field PLC Cabinets,Sensor Connection Error
2026-03-30,,AMMONIA-SCRUBBER,Offline,0.0,,0.0,,,,100.0,Offline,0,Monday,March,0.24,0.0,Critical,Scrubber Telemetry Offline,CEMS Sensor Communication Failure,Inspect Modbus Transmitters and Field PLC Cabinets,Sensor Connection Error
2026-03-31,,AMMONIA-SCRUBBER,Offline,0.0,,0.0,,,,100.0,Offline,0,Tuesday,March,0.28,0.0,Critical,Scrubber Telemetry Offline,CEMS Sensor Communication Failure,Inspect Modbus Transmitters and Field PLC Cabinets,Sensor Connection Error
2026-04-01,,AMMONIA-SCRUBBER,Offline,0.0,,0.0,,,,100.0,Offline,0,Wednesday,April,0.3,0.0,Critical,Scrubber Telemetry Offline,CEMS Sensor Communication Failure,Inspect Modbus Transmitters and Field PLC Cabinets,Sensor Connection Error
2026-04-02,,AMMONIA-SCRUBBER,Offline,0.0,,0.0,,,,100.0,Offline,0,Thursday,April,0.32,0.0,Critical,Scrubber Telemetry Offline,CEMS Sensor Communication Failure,Inspect Modbus Transmitters and Field PLC Cabinets,Sensor Connection Error
2026-04-03,,AMMONIA-SCRUBBER,Offline,0.0,,0.0,,,,100.0,Offline,0,Friday,April,0.26,0.0,Critical,Scrubber Telemetry Offline,CEMS Sensor Communication Failure,Inspect Modbus Transmitters and Field PLC Cabinets,Sensor Connection Error
2026-04-04,,AMMONIA-SCRUBBER,Offline,0.0,,0.0,,,,100.0,Offline,0,Saturday,April,0.27,0.0,Critical,Scrubber Telemetry Offline,CEMS Sensor Communication Failure,Inspect Modbus Transmitters and Field PLC Cabinets,Sensor Connection Error
2026-04-05,,AMMONIA-SCRUBBER,Offline,0.0,,0.0,,,,100.0,Offline,0,Sunday,April,0.25,0.0,Critical,Scrubber Telemetry Offline,CEMS Sensor Communication Failure,Inspect Modbus Transmitters and Field PLC Cabinets,Sensor Connection Error
2026-04-06,,AMMONIA-SCRUBBER,Offline,0.0,,0.0,,,,100.0,Offline,0,Monday,April,0.34,0.0,Critical,Scrubber Telemetry Offline,CEMS Sensor Communication Failure,Inspect Modbus Transmitters and Field PLC Cabinets,Sensor Connection Error
2026-04-07,,AMMONIA-SCRUBBER,Offline,0.0,,0.0,,,,100.0,Offline,0,Tuesday,April,0.34,0.0,Critical,Scrubber Telemetry Offline,CEMS Sensor Communication Failure,Inspect Modbus Transmitters and Field PLC Cabinets,Sensor Connection Error
2026-04-08,,AMMONIA-SCRUBBER,Offline,0.0,,0.0,,,,100.0,Offline,0,Wednesday,April,0.27,0.0,Critical,Scrubber Telemetry Offline,CEMS Sensor Communication Failure,Inspect Modbus Transmitters and Field PLC Cabinets,Sensor Connection Error
2026-04-09,,AMMONIA-SCRUBBER,Offline,0.0,,0.0,,,,100.0,Offline,0,Thursday,April,0.28,0.0,Critical,Scrubber Telemetry Offline,CEMS Sensor Communication Failure,Inspect Modbus Transmitters and Field PLC Cabinets,Sensor Connection Error
2026-04-10,,AMMONIA-SCRUBBER,Offline,0.0,,0.0,,,,100.0,Offline,0,Friday,April,0.33,0.0,Critical,Scrubber Telemetry Offline,CEMS Sensor Communication Failure,Inspect Modbus Transmitters and Field PLC Cabinets,Sensor Connection Error
2026-04-11,,AMMONIA-SCRUBBER,Offline,0.0,,0.0,,,,100.0,Offline,0,Saturday,April,0.34,0.0,Critical,Scrubber Telemetry Offline,CEMS Sensor Communication Failure,Inspect Modbus Transmitters and Field PLC Cabinets,Sensor Connection Error
2026-04-12,,AMMONIA-SCRUBBER,Offline,0.0,,0.0,,,,100.0,Offline,0,Sunday,April,0.2,0.0,Critical,Scrubber Telemetry Offline,CEMS Sensor Communication Failure,Inspect Modbus Transmitters and Field PLC Cabinets,Sensor Connection Error
2026-04-13,,AMMONIA-SCRUBBER,Offline,0.0,,0.0,,,,100.0,Offline,0,Monday,April,0.23,0.0,Critical,Scrubber Telemetry Offline,CEMS Sensor Communication Failure,Inspect Modbus Transmitters and Field PLC Cabinets,Sensor Connection Error
2026-04-14,,AMMONIA-SCRUBBER,Offline,0.0,,0.0,,,,100.0,Offline,0,Tuesday,April,0.26,0.0,Critical,Scrubber Telemetry Offline,CEMS Sensor Communication Failure,Inspect Modbus Transmitters and Field PLC Cabinets,Sensor Connection Error
2026-04-15,,AMMONIA-SCRUBBER,Offline,0.0,,0.0,,,,100.0,Offline,0,Wednesday,April,0.26,0.0,Critical,Scrubber Telemetry Offline,CEMS Sensor Communication Failure,Inspect Modbus Transmitters and Field PLC Cabinets,Sensor Connection Error
2026-04-16,,AMMONIA-SCRUBBER,Offline,0.0,,0.0,,,,100.0,Offline,0,Thursday,April,0.22,0.0,Critical,Scrubber Telemetry Offline,CEMS Sensor Communication Failure,Inspect Modbus Transmitters and Field PLC Cabinets,Sensor Connection Error
2026-04-17,,AMMONIA-SCRUBBER,Offline,0.0,,0.0,,,,100.0,Offline,0,Friday,April,0.25,0.0,Critical,Scrubber Telemetry Offline,CEMS Sensor Communication Failure,Inspect Modbus Transmitters and Field PLC Cabinets,Sensor Connection Error
2026-04-18,,AMMONIA-SCRUBBER,Offline,0.0,,0.0,,,,100.0,Offline,0,Saturday,April,0.22,0.0,Critical,Scrubber Telemetry Offline,CEMS Sensor Communication Failure,Inspect Modbus Transmitters and Field PLC Cabinets,Sensor Connection Error
2026-04-19,,AMMONIA-SCRUBBER,Offline,0.0,,0.0,,,,100.0,Offline,0,Sunday,April,0.28,0.0,Critical,Scrubber Telemetry Offline,CEMS Sensor Communication Failure,Inspect Modbus Transmitters and Field PLC Cabinets,Sensor Connection Error
2026-04-20,,AMMONIA-SCRUBBER,Offline,0.0,,0.0,,,,100.0,Offline,0,Monday,April,0.27,0.0,Critical,Scrubber Telemetry Offline,CEMS Sensor Communication Failure,Inspect Modbus Transmitters and Field PLC Cabinets,Sensor Connection Error
2026-04-21,,AMMONIA-SCRUBBER,Offline,0.0,,0.0,,,,100.0,Offline,0,Tuesday,April,0.29,0.0,Critical,Scrubber Telemetry Offline,CEMS Sensor Communication Failure,Inspect Modbus Transmitters and Field PLC Cabinets,Sensor Connection Error
2026-04-22,,AMMONIA-SCRUBBER,Offline,0.0,,0.0,,,,100.0,Offline,0,Wednesday,April,0.34,0.0,Critical,Scrubber Telemetry Offline,CEMS Sensor Communication Failure,Inspect Modbus Transmitters and Field PLC Cabinets,Sensor Connection Error
2026-04-23,,AMMONIA-SCRUBBER,Offline,0.0,,0.0,,,,100.0,Offline,0,Thursday,April,0.38,0.0,Critical,Scrubber Telemetry Offline,CEMS Sensor Communication Failure,Inspect Modbus Transmitters and Field PLC Cabinets,Sensor Connection Error
2026-04-24,,AMMONIA-SCRUBBER,Offline,0.0,,0.0,,,,100.0,Offline,0,Friday,April,0.41,0.0,Critical,Scrubber Telemetry Offline,CEMS Sensor Communication Failure,Inspect Modbus Transmitters and Field PLC Cabinets,Sensor Connection Error
2026-04-25,,AMMONIA-SCRUBBER,Offline,0.0,,0.0,,,,100.0,Offline,0,Saturday,April,0.6,0.0,Critical,Scrubber Telemetry Offline,CEMS Sensor Communication Failure,Inspect Modbus Transmitters and Field PLC Cabinets,Sensor Connection Error
2026-04-26,,AMMONIA-SCRUBBER,Offline,0.0,,0.0,,,,100.0,Offline,0,Sunday,April,0.0,0.0,Critical,Scrubber Telemetry Offline,CEMS Sensor Communication Failure,Inspect Modbus Transmitters and Field PLC Cabinets,Sensor Connection Error
2026-04-27,,AMMONIA-SCRUBBER,Offline,0.0,,0.0,,,,100.0,Offline,0,Monday,April,0.51,0.0,Critical,Scrubber Telemetry Offline,CEMS Sensor Communication Failure,Inspect Modbus Transmitters and Field PLC Cabinets,Sensor Connection Error
2026-04-28,,AMMONIA-SCRUBBER,Offline,0.0,,0.0,,,,100.0,Offline,0,Tuesday,April,0.34,0.0,Critical,Scrubber Telemetry Offline,CEMS Sensor Communication Failure,Inspect Modbus Transmitters and Field PLC Cabinets,Sensor Connection Error
2026-04-29,,AMMONIA-SCRUBBER,Offline,0.0,,0.0,,,,100.0,Offline,0,Wednesday,April,0.41,0.0,Critical,Scrubber Telemetry Offline,CEMS Sensor Communication Failure,Inspect Modbus Transmitters and Field PLC Cabinets,Sensor Connection Error
2026-04-30,,AMMONIA-SCRUBBER,Offline,0.0,,0.0,,,,100.0,Offline,0,Thursday,April,0.3,0.0,Critical,Scrubber Telemetry Offline,CEMS Sensor Communication Failure,Inspect Modbus Transmitters and Field PLC Cabinets,Sensor Connection Error
2026-05-01,,AMMONIA-SCRUBBER,Offline,0.0,,0.0,,,,100.0,Offline,0,Friday,May,0.35,0.0,Critical,Scrubber Telemetry Offline,CEMS Sensor Communication Failure,Inspect Modbus Transmitters and Field PLC Cabinets,Sensor Connection Error
2026-05-02,,AMMONIA-SCRUBBER,Offline,0.0,,0.0,,,,100.0,Offline,0,Saturday,May,0.36,0.0,Critical,Scrubber Telemetry Offline,CEMS Sensor Communication Failure,Inspect Modbus Transmitters and Field PLC Cabinets,Sensor Connection Error
2026-05-03,,AMMONIA-SCRUBBER,Offline,0.0,,0.0,,,,100.0,Offline,0,Sunday,May,0.27,0.0,Critical,Scrubber Telemetry Offline,CEMS Sensor Communication Failure,Inspect Modbus Transmitters and Field PLC Cabinets,Sensor Connection Error
2026-05-04,,AMMONIA-SCRUBBER,Offline,0.0,,0.0,,,,100.0,Offline,0,Monday,May,0.35,0.0,Critical,Scrubber Telemetry Offline,CEMS Sensor Communication Failure,Inspect Modbus Transmitters and Field PLC Cabinets,Sensor Connection Error
2026-05-05,,AMMONIA-SCRUBBER,Offline,0.0,,0.0,,,,100.0,Offline,0,Tuesday,May,0.31,0.0,Critical,Scrubber Telemetry Offline,CEMS Sensor Communication Failure,Inspect Modbus Transmitters and Field PLC Cabinets,Sensor Connection Error
2026-05-06,,AMMONIA-SCRUBBER,Offline,0.0,,0.0,,,,100.0,Offline,0,Wednesday,May,0.4,0.0,Critical,Scrubber Telemetry Offline,CEMS Sensor Communication Failure,Inspect Modbus Transmitters and Field PLC Cabinets,Sensor Connection Error
2026-05-07,,AMMONIA-SCRUBBER,Offline,0.0,,0.0,,,,100.0,Offline,0,Thursday,May,0.47,0.0,Critical,Scrubber Telemetry Offline,CEMS Sensor Communication Failure,Inspect Modbus Transmitters and Field PLC Cabinets,Sensor Connection Error
2026-05-08,,AMMONIA-SCRUBBER,Offline,0.0,,0.0,,,,100.0,Offline,0,Friday,May,0.33,0.0,Critical,Scrubber Telemetry Offline,CEMS Sensor Communication Failure,Inspect Modbus Transmitters and Field PLC Cabinets,Sensor Connection Error
2026-05-09,,AMMONIA-SCRUBBER,Offline,0.0,,0.0,,,,100.0,Offline,0,Saturday,May,0.37,0.0,Critical,Scrubber Telemetry Offline,CEMS Sensor Communication Failure,Inspect Modbus Transmitters and Field PLC Cabinets,Sensor Connection Error
2026-05-10,,AMMONIA-SCRUBBER,Offline,0.0,,0.0,,,,100.0,Offline,0,Sunday,May,0.39,0.0,Critical,Scrubber Telemetry Offline,CEMS Sensor Communication Failure,Inspect Modbus Transmitters and Field PLC Cabinets,Sensor Connection Error
2026-05-11,,AMMONIA-SCRUBBER,Offline,0.0,,0.0,,,,100.0,Offline,0,Monday,May,0.41,0.0,Critical,Scrubber Telemetry Offline,CEMS Sensor Communication Failure,Inspect Modbus Transmitters and Field PLC Cabinets,Sensor Connection Error
2026-05-12,,AMMONIA-SCRUBBER,Offline,0.0,,0.0,,,,100.0,Offline,0,Tuesday,May,0.45,0.0,Critical,Scrubber Telemetry Offline,CEMS Sensor Communication Failure,Inspect Modbus Transmitters and Field PLC Cabinets,Sensor Connection Error
2026-05-13,,AMMONIA-SCRUBBER,Offline,0.0,,0.0,,,,100.0,Offline,0,Wednesday,May,0.24,0.0,Critical,Scrubber Telemetry Offline,CEMS Sensor Communication Failure,Inspect Modbus Transmitters and Field PLC Cabinets,Sensor Connection Error
2026-05-14,,AMMONIA-SCRUBBER,Offline,0.0,,0.0,,,,100.0,Offline,0,Thursday,May,0.32,0.0,Critical,Scrubber Telemetry Offline,CEMS Sensor Communication Failure,Inspect Modbus Transmitters and Field PLC Cabinets,Sensor Connection Error
2026-05-15,,AMMONIA-SCRUBBER,Offline,0.0,,0.0,,,,100.0,Offline,0,Friday,May,0.2,0.0,Critical,Scrubber Telemetry Offline,CEMS Sensor Communication Failure,Inspect Modbus Transmitters and Field PLC Cabinets,Sensor Connection Error
2026-05-16,,AMMONIA-SCRUBBER,Offline,0.0,,0.0,,,,100.0,Offline,0,Saturday,May,0.29,0.0,Critical,Scrubber Telemetry Offline,CEMS Sensor Communication Failure,Inspect Modbus Transmitters and Field PLC Cabinets,Sensor Connection Error
2026-05-17,,AMMONIA-SCRUBBER,Offline,0.0,,0.0,,,,100.0,Offline,0,Sunday,May,0.28,0.0,Critical,Scrubber Telemetry Offline,CEMS Sensor Communication Failure,Inspect Modbus Transmitters and Field PLC Cabinets,Sensor Connection Error
2026-05-18,,AMMONIA-SCRUBBER,Offline,0.0,,0.0,,,,100.0,Offline,0,Monday,May,0.29,0.0,Critical,Scrubber Telemetry Offline,CEMS Sensor Communication Failure,Inspect Modbus Transmitters and Field PLC Cabinets,Sensor Connection Error
2026-05-19,,AMMONIA-SCRUBBER,Offline,0.0,,0.0,,,,100.0,Offline,0,Tuesday,May,0.27,0.0,Critical,Scrubber Telemetry Offline,CEMS Sensor Communication Failure,Inspect Modbus Transmitters and Field PLC Cabinets,Sensor Connection Error
2026-05-20,,AMMONIA-SCRUBBER,Offline,0.0,,0.0,,,,100.0,Offline,0,Wednesday,May,0.31,0.0,Critical,Scrubber Telemetry Offline,CEMS Sensor Communication Failure,Inspect Modbus Transmitters and Field PLC Cabinets,Sensor Connection Error
2026-05-21,,AMMONIA-SCRUBBER,Offline,0.0,,0.0,,,,100.0,Offline,0,Thursday,May,0.34,0.0,Critical,Scrubber Telemetry Offline,CEMS Sensor Communication Failure,Inspect Modbus Transmitters and Field PLC Cabinets,Sensor Connection Error
2026-05-22,,AMMONIA-SCRUBBER,Offline,0.0,,0.0,,,,100.0,Offline,0,Friday,May,0.25,0.0,Critical,Scrubber Telemetry Offline,CEMS Sensor Communication Failure,Inspect Modbus Transmitters and Field PLC Cabinets,Sensor Connection Error
2026-05-23,,AMMONIA-SCRUBBER,Offline,0.0,,0.0,,,,100.0,Offline,0,Saturday,May,0.19,0.0,Critical,Scrubber Telemetry Offline,CEMS Sensor Communication Failure,Inspect Modbus Transmitters and Field PLC Cabinets,Sensor Connection Error
2026-05-24,,AMMONIA-SCRUBBER,Offline,0.0,,0.0,,,,100.0,Offline,0,Sunday,May,0.35,0.0,Critical,Scrubber Telemetry Offline,CEMS Sensor Communication Failure,Inspect Modbus Transmitters and Field PLC Cabinets,Sensor Connection Error
2026-05-25,,AMMONIA-SCRUBBER,Offline,0.0,,0.0,,,,100.0,Offline,0,Monday,May,0.36,0.0,Critical,Scrubber Telemetry Offline,CEMS Sensor Communication Failure,Inspect Modbus Transmitters and Field PLC Cabinets,Sensor Connection Error
2026-05-26,,AMMONIA-SCRUBBER,Offline,0.0,,0.0,,,,100.0,Offline,0,Tuesday,May,0.3,0.0,Critical,Scrubber Telemetry Offline,CEMS Sensor Communication Failure,Inspect Modbus Transmitters and Field PLC Cabinets,Sensor Connection Error
2026-05-27,,AMMONIA-SCRUBBER,Offline,0.0,,0.0,,,,100.0,Offline,0,Wednesday,May,0.41,0.0,Critical,Scrubber Telemetry Offline,CEMS Sensor Communication Failure,Inspect Modbus Transmitters and Field PLC Cabinets,Sensor Connection Error
2026-05-28,,AMMONIA-SCRUBBER,Offline,0.0,,0.0,,,,100.0,Offline,0,Thursday,May,2.01,0.0,Critical,Scrubber Telemetry Offline,CEMS Sensor Communication Failure,Inspect Modbus Transmitters and Field PLC Cabinets,Sensor Connection Error
2026-05-29,,AMMONIA-SCRUBBER,Offline,0.0,,0.0,,,,100.0,Offline,0,Friday,May,0.31,0.0,Critical,Scrubber Telemetry Offline,CEMS Sensor Communication Failure,Inspect Modbus Transmitters and Field PLC Cabinets,Sensor Connection Error
2026-05-30,,AMMONIA-SCRUBBER,Offline,0.0,,0.0,,,,100.0,Offline,0,Saturday,May,0.3,0.0,Critical,Scrubber Telemetry Offline,CEMS Sensor Communication Failure,Inspect Modbus Transmitters and Field PLC Cabinets,Sensor Connection Error
2026-05-31,,AMMONIA-SCRUBBER,Offline,0.0,,0.0,,,,100.0,Offline,0,Sunday,May,0.29,0.0,Critical,Scrubber Telemetry Offline,CEMS Sensor Communication Failure,Inspect Modbus Transmitters and Field PLC Cabinets,Sensor Connection Error
2026-06-01,,AMMONIA-SCRUBBER,Offline,0.0,,0.0,,,,100.0,Offline,0,Monday,June,0.29,0.0,Critical,Scrubber Telemetry Offline,CEMS Sensor Communication Failure,Inspect Modbus Transmitters and Field PLC Cabinets,Sensor Connection Error
2026-06-02,,AMMONIA-SCRUBBER,Offline,0.0,,0.0,,,,100.0,Offline,0,Tuesday,June,0.3,0.0,Critical,Scrubber Telemetry Offline,CEMS Sensor Communication Failure,Inspect Modbus Transmitters and Field PLC Cabinets,Sensor Connection Error
2026-06-03,,AMMONIA-SCRUBBER,Offline,0.0,,0.0,,,,100.0,Offline,0,Wednesday,June,0.27,0.0,Critical,Scrubber Telemetry Offline,CEMS Sensor Communication Failure,Inspect Modbus Transmitters and Field PLC Cabinets,Sensor Connection Error
2026-06-04,,AMMONIA-SCRUBBER,Offline,0.0,,0.0,,,,100.0,Offline,0,Thursday,June,0.24,0.0,Critical,Scrubber Telemetry Offline,CEMS Sensor Communication Failure,Inspect Modbus Transmitters and Field PLC Cabinets,Sensor Connection Error
2026-06-05,,AMMONIA-SCRUBBER,Offline,0.0,,0.0,,,,100.0,Offline,0,Friday,June,0.24,0.0,Critical,Scrubber Telemetry Offline,CEMS Sensor Communication Failure,Inspect Modbus Transmitters and Field PLC Cabinets,Sensor Connection Error
2026-06-06,,AMMONIA-SCRUBBER,Offline,0.0,,0.0,,,,100.0,Offline,0,Saturday,June,0.2333333333333333,0.0,Critical,Scrubber Telemetry Offline,CEMS Sensor Communication Failure,Inspect Modbus Transmitters and Field PLC Cabinets,Sensor Connection Error
2026-06-07,,AMMONIA-SCRUBBER,Offline,0.0,,0.0,,,,100.0,Offline,0,Sunday,June,0.2266666666666666,0.0,Critical,Scrubber Telemetry Offline,CEMS Sensor Communication Failure,Inspect Modbus Transmitters and Field PLC Cabinets,Sensor Connection Error
2026-06-08,,AMMONIA-SCRUBBER,Offline,0.0,,0.0,,,,100.0,Offline,0,Monday,June,0.22,0.0,Critical,Scrubber Telemetry Offline,CEMS Sensor Communication Failure,Inspect Modbus Transmitters and Field PLC Cabinets,Sensor Connection Error
2026-06-09,,AMMONIA-SCRUBBER,Offline,0.0,,0.0,,,,100.0,Offline,0,Tuesday,June,0.32,0.0,Critical,Scrubber Telemetry Offline,CEMS Sensor Communication Failure,Inspect Modbus Transmitters and Field PLC Cabinets,Sensor Connection Error
2026-06-10,,AMMONIA-SCRUBBER,Offline,0.0,,0.0,,,,100.0,Offline,0,Wednesday,June,0.31,0.0,Critical,Scrubber Telemetry Offline,CEMS Sensor Communication Failure,Inspect Modbus Transmitters and Field PLC Cabinets,Sensor Connection Error
2026-06-11,,AMMONIA-SCRUBBER,Offline,0.0,,0.0,,,,100.0,Offline,0,Thursday,June,0.32,0.0,Critical,Scrubber Telemetry Offline,CEMS Sensor Communication Failure,Inspect Modbus Transmitters and Field PLC Cabinets,Sensor Connection Error
2026-06-12,,AMMONIA-SCRUBBER,Offline,0.0,,0.0,,,,100.0,Offline,0,Friday,June,0.36,0.0,Critical,Scrubber Telemetry Offline,CEMS Sensor Communication Failure,Inspect Modbus Transmitters and Field PLC Cabinets,Sensor Connection Error
2026-06-13,,AMMONIA-SCRUBBER,Offline,0.0,,0.0,,,,100.0,Offline,0,Saturday,June,0.29,0.0,Critical,Scrubber Telemetry Offline,CEMS Sensor Communication Failure,Inspect Modbus Transmitters and Field PLC Cabinets,Sensor Connection Error
2026-06-14,,AMMONIA-SCRUBBER,Offline,0.0,,0.0,,,,100.0,Offline,0,Sunday,June,0.29,0.0,Critical,Scrubber Telemetry Offline,CEMS Sensor Communication Failure,Inspect Modbus Transmitters and Field PLC Cabinets,Sensor Connection Error
2026-06-15,,AMMONIA-SCRUBBER,Offline,0.0,,0.0,,,,100.0,Offline,0,Monday,June,0.31,0.0,Critical,Scrubber Telemetry Offline,CEMS Sensor Communication Failure,Inspect Modbus Transmitters and Field PLC Cabinets,Sensor Connection Error
2026-06-16,,AMMONIA-SCRUBBER,Offline,0.0,,0.0,,,,100.0,Offline,0,Tuesday,June,0.24,0.0,Critical,Scrubber Telemetry Offline,CEMS Sensor Communication Failure,Inspect Modbus Transmitters and Field PLC Cabinets,Sensor Connection Error
2026-06-17,,AMMONIA-SCRUBBER,Offline,0.0,,0.0,,,,100.0,Offline,0,Wednesday,June,0.21,0.0,Critical,Scrubber Telemetry Offline,CEMS Sensor Communication Failure,Inspect Modbus Transmitters and Field PLC Cabinets,Sensor Connection Error
2026-06-18,,AMMONIA-SCRUBBER,Offline,0.0,,0.0,,,,100.0,Offline,0,Thursday,June,0.36,0.0,Critical,Scrubber Telemetry Offline,CEMS Sensor Communication Failure,Inspect Modbus Transmitters and Field PLC Cabinets,Sensor Connection Error
2026-06-19,,AMMONIA-SCRUBBER,Offline,0.0,,0.0,,,,100.0,Offline,0,Friday,June,0.26,0.0,Critical,Scrubber Telemetry Offline,CEMS Sensor Communication Failure,Inspect Modbus Transmitters and Field PLC Cabinets,Sensor Connection Error
2026-06-20,,AMMONIA-SCRUBBER,Offline,0.0,,0.0,,,,100.0,Offline,0,Saturday,June,0.24,0.0,Critical,Scrubber Telemetry Offline,CEMS Sensor Communication Failure,Inspect Modbus Transmitters and Field PLC Cabinets,Sensor Connection Error
2026-06-21,,AMMONIA-SCRUBBER,Offline,0.0,,0.0,,,,100.0,Offline,0,Sunday,June,0.3,0.0,Critical,Scrubber Telemetry Offline,CEMS Sensor Communication Failure,Inspect Modbus Transmitters and Field PLC Cabinets,Sensor Connection Error
2026-06-22,,AMMONIA-SCRUBBER,Offline,0.0,,0.0,,,,100.0,Offline,0,Monday,June,0.28,0.0,Critical,Scrubber Telemetry Offline,CEMS Sensor Communication Failure,Inspect Modbus Transmitters and Field PLC Cabinets,Sensor Connection Error
2026-06-23,,AMMONIA-SCRUBBER,Offline,0.0,,0.0,,,,100.0,Offline,0,Tuesday,June,0.37,0.0,Critical,Scrubber Telemetry Offline,CEMS Sensor Communication Failure,Inspect Modbus Transmitters and Field PLC Cabinets,Sensor Connection Error
2026-06-24,,AMMONIA-SCRUBBER,Offline,0.0,,0.0,,,,100.0,Offline,0,Wednesday,June,0.27,0.0,Critical,Scrubber Telemetry Offline,CEMS Sensor Communication Failure,Inspect Modbus Transmitters and Field PLC Cabinets,Sensor Connection Error
2026-06-25,,AMMONIA-SCRUBBER,Offline,0.0,,0.0,,,,100.0,Offline,0,Thursday,June,0.33,0.0,Critical,Scrubber Telemetry Offline,CEMS Sensor Communication Failure,Inspect Modbus Transmitters and Field PLC Cabinets,Sensor Connection Error
2026-06-26,,AMMONIA-SCRUBBER,Offline,0.0,,0.0,,,,100.0,Offline,0,Friday,June,0.24,0.0,Critical,Scrubber Telemetry Offline,CEMS Sensor Communication Failure,Inspect Modbus Transmitters and Field PLC Cabinets,Sensor Connection Error
2026-06-27,,AMMONIA-SCRUBBER,Offline,0.0,,0.0,,,,100.0,Offline,0,Saturday,June,0.34,0.0,Critical,Scrubber Telemetry Offline,CEMS Sensor Communication Failure,Inspect Modbus Transmitters and Field PLC Cabinets,Sensor Connection Error
2026-06-28,,AMMONIA-SCRUBBER,Offline,0.0,,0.0,,,,100.0,Offline,0,Sunday,June,0.24,0.0,Critical,Scrubber Telemetry Offline,CEMS Sensor Communication Failure,Inspect Modbus Transmitters and Field PLC Cabinets,Sensor Connection Error
2026-06-29,,AMMONIA-SCRUBBER,Offline,0.0,,0.0,,,,100.0,Offline,0,Monday,June,0.44,0.0,Critical,Scrubber Telemetry Offline,CEMS Sensor Communication Failure,Inspect Modbus Transmitters and Field PLC Cabinets,Sensor Connection Error
2026-06-30,,AMMONIA-SCRUBBER,Offline,0.0,,0.0,,,,100.0,Offline,0,Tuesday,June,0.47,0.0,Critical,Scrubber Telemetry Offline,CEMS Sensor Communication Failure,Inspect Modbus Transmitters and Field PLC Cabinets,Sensor Connection Error
2026-01-01,,FES-101,Offline,0.0,,0.0,,,,100.0,Offline,0,Thursday,January,0.45,0.0,Critical,Scrubber Telemetry Offline,CEMS Sensor Communication Failure,Inspect Modbus Transmitters and Field PLC Cabinets,Sensor Connection Error
2026-01-02,,FES-101,Offline,0.0,,0.0,,,,100.0,Offline,0,Friday,January,0.45,0.0,Critical,Scrubber Telemetry Offline,CEMS Sensor Communication Failure,Inspect Modbus Transmitters and Field PLC Cabinets,Sensor Connection Error
2026-01-03,,FES-101,Offline,0.0,,0.0,,,,100.0,Offline,0,Saturday,January,0.47,0.0,Critical,Scrubber Telemetry Offline,CEMS Sensor Communication Failure,Inspect Modbus Transmitters and Field PLC Cabinets,Sensor Connection Error
2026-01-04,,FES-101,Offline,0.0,,0.0,,,,100.0,Offline,0,Sunday,January,0.51,0.0,Critical,Scrubber Telemetry Offline,CEMS Sensor Communication Failure,Inspect Modbus Transmitters and Field PLC Cabinets,Sensor Connection Error
2026-01-05,,FES-101,Offline,0.0,,0.0,,,,100.0,Offline,0,Monday,January,0.41,0.0,Critical,Scrubber Telemetry Offline,CEMS Sensor Communication Failure,Inspect Modbus Transmitters and Field PLC Cabinets,Sensor Connection Error
2026-01-06,,FES-101,Offline,0.0,,0.0,,,,100.0,Offline,0,Tuesday,January,0.41,0.0,Critical,Scrubber Telemetry Offline,CEMS Sensor Communication Failure,Inspect Modbus Transmitters and Field PLC Cabinets,Sensor Connection Error
2026-01-07,,FES-101,Offline,0.0,,0.0,,,,100.0,Offline,0,Wednesday,January,0.52,0.0,Critical,Scrubber Telemetry Offline,CEMS Sensor Communication Failure,Inspect Modbus Transmitters and Field PLC Cabinets,Sensor Connection Error
2026-01-08,,FES-101,Offline,0.0,,0.0,,,,100.0,Offline,0,Thursday,January,0.54,0.0,Critical,Scrubber Telemetry Offline,CEMS Sensor Communication Failure,Inspect Modbus Transmitters and Field PLC Cabinets,Sensor Connection Error
2026-01-09,,FES-101,Offline,0.0,,0.0,,,,100.0,Offline,0,Friday,January,0.48,0.0,Critical,Scrubber Telemetry Offline,CEMS Sensor Communication Failure,Inspect Modbus Transmitters and Field PLC Cabinets,Sensor Connection Error
2026-01-10,,FES-101,Offline,0.0,,0.0,,,,100.0,Offline,0,Saturday,January,0.53,0.0,Critical,Scrubber Telemetry Offline,CEMS Sensor Communication Failure,Inspect Modbus Transmitters and Field PLC Cabinets,Sensor Connection Error
2026-01-11,,FES-101,Offline,0.0,,0.0,,,,100.0,Offline,0,Sunday,January,0.51,0.0,Critical,Scrubber Telemetry Offline,CEMS Sensor Communication Failure,Inspect Modbus Transmitters and Field PLC Cabinets,Sensor Connection Error
2026-01-12,,FES-101,Offline,0.0,,0.0,,,,100.0,Offline,0,Monday,January,0.52,0.0,Critical,Scrubber Telemetry Offline,CEMS Sensor Communication Failure,Inspect Modbus Transmitters and Field PLC Cabinets,Sensor Connection Error
2026-01-13,,FES-101,Offline,0.0,,0.0,,,,100.0,Offline,0,Tuesday,January,0.54,0.0,Critical,Scrubber Telemetry Offline,CEMS Sensor Communication Failure,Inspect Modbus Transmitters and Field PLC Cabinets,Sensor Connection Error
2026-01-14,,FES-101,Offline,0.0,,0.0,,,,100.0,Offline,0,Wednesday,January,0.57,0.0,Critical,Scrubber Telemetry Offline,CEMS Sensor Communication Failure,Inspect Modbus Transmitters and Field PLC Cabinets,Sensor Connection Error
2026-01-15,,FES-101,Offline,0.0,,0.0,,,,100.0,Offline,0,Thursday,January,0.51,0.0,Critical,Scrubber Telemetry Offline,CEMS Sensor Communication Failure,Inspect Modbus Transmitters and Field PLC Cabinets,Sensor Connection Error
2026-01-16,,FES-101,Offline,0.0,,0.0,,,,100.0,Offline,0,Friday,January,0.49,0.0,Critical,Scrubber Telemetry Offline,CEMS Sensor Communication Failure,Inspect Modbus Transmitters and Field PLC Cabinets,Sensor Connection Error
2026-01-17,,FES-101,Offline,0.0,,0.0,,,,100.0,Offline,0,Saturday,January,0.54,0.0,Critical,Scrubber Telemetry Offline,CEMS Sensor Communication Failure,Inspect Modbus Transmitters and Field PLC Cabinets,Sensor Connection Error
2026-01-18,,FES-101,Offline,0.0,,0.0,,,,100.0,Offline,0,Sunday,January,0.46,0.0,Critical,Scrubber Telemetry Offline,CEMS Sensor Communication Failure,Inspect Modbus Transmitters and Field PLC Cabinets,Sensor Connection Error
2026-01-19,,FES-101,Offline,0.0,,0.0,,,,100.0,Offline,0,Monday,January,0.34,0.0,Critical,Scrubber Telemetry Offline,CEMS Sensor Communication Failure,Inspect Modbus Transmitters and Field PLC Cabinets,Sensor Connection Error
2026-01-20,,FES-101,Offline,0.0,,0.0,,,,100.0,Offline,0,Tuesday,January,0.53,0.0,Critical,Scrubber Telemetry Offline,CEMS Sensor Communication Failure,Inspect Modbus Transmitters and Field PLC Cabinets,Sensor Connection Error
2026-01-21,,FES-101,Offline,0.0,,0.0,,,,100.0,Offline,0,Wednesday,January,0.44,0.0,Critical,Scrubber Telemetry Offline,CEMS Sensor Communication Failure,Inspect Modbus Transmitters and Field PLC Cabinets,Sensor Connection Error
2026-01-22,,FES-101,Offline,0.0,,0.0,,,,100.0,Offline,0,Thursday,January,0.46,0.0,Critical,Scrubber Telemetry Offline,CEMS Sensor Communication Failure,Inspect Modbus Transmitters and Field PLC Cabinets,Sensor Connection Error
2026-01-23,,FES-101,Offline,0.0,,0.0,,,,100.0,Offline,0,Friday,January,0.36,0.0,Critical,Scrubber Telemetry Offline,CEMS Sensor Communication Failure,Inspect Modbus Transmitters and Field PLC Cabinets,Sensor Connection Error
2026-01-24,,FES-101,Offline,0.0,,0.0,,,,100.0,Offline,0,Saturday,January,0.37,0.0,Critical,Scrubber Telemetry Offline,CEMS Sensor Communication Failure,Inspect Modbus Transmitters and Field PLC Cabinets,Sensor Connection Error
2026-01-25,,FES-101,Offline,0.0,,0.0,,,,100.0,Offline,0,Sunday,January,0.54,0.0,Critical,Scrubber Telemetry Offline,CEMS Sensor Communication Failure,Inspect Modbus Transmitters and Field PLC Cabinets,Sensor Connection Error
2026-01-26,,FES-101,Offline,0.0,,0.0,,,,100.0,Offline,0,Monday,January,0.41,0.0,Critical,Scrubber Telemetry Offline,CEMS Sensor Communication Failure,Inspect Modbus Transmitters and Field PLC Cabinets,Sensor Connection Error
2026-01-27,,FES-101,Offline,0.0,,0.0,,,,100.0,Offline,0,Tuesday,January,0.42,0.0,Critical,Scrubber Telemetry Offline,CEMS Sensor Communication Failure,Inspect Modbus Transmitters and Field PLC Cabinets,Sensor Connection Error
2026-01-28,,FES-101,Offline,0.0,,0.0,,,,100.0,Offline,0,Wednesday,January,0.425,0.0,Critical,Scrubber Telemetry Offline,CEMS Sensor Communication Failure,Inspect Modbus Transmitters and Field PLC Cabinets,Sensor Connection Error
2026-01-29,,FES-101,Offline,0.0,,0.0,,,,100.0,Offline,0,Thursday,January,0.43,0.0,Critical,Scrubber Telemetry Offline,CEMS Sensor Communication Failure,Inspect Modbus Transmitters and Field PLC Cabinets,Sensor Connection Error
2026-01-30,,FES-101,Offline,0.0,,0.0,,,,100.0,Offline,0,Friday,January,0.435,0.0,Critical,Scrubber Telemetry Offline,CEMS Sensor Communication Failure,Inspect Modbus Transmitters and Field PLC Cabinets,Sensor Connection Error
2026-01-31,,FES-101,Offline,0.0,,0.0,,,,100.0,Offline,0,Saturday,January,0.0,0.0,Critical,Scrubber Telemetry Offline,CEMS Sensor Communication Failure,Inspect Modbus Transmitters and Field PLC Cabinets,Sensor Connection Error
2026-02-01,,FES-101,Offline,0.0,,0.0,,,,100.0,Offline,0,Sunday,February,0.0,0.0,Critical,Scrubber Telemetry Offline,CEMS Sensor Communication Failure,Inspect Modbus Transmitters and Field PLC Cabinets,Sensor Connection Error
2026-02-02,,FES-101,Offline,0.0,,0.0,,,,100.0,Offline,0,Monday,February,0.45,0.0,Critical,Scrubber Telemetry Offline,CEMS Sensor Communication Failure,Inspect Modbus Transmitters and Field PLC Cabinets,Sensor Connection Error
2026-02-03,,FES-101,Offline,0.0,,0.0,,,,100.0,Offline,0,Tuesday,February,0.23,0.0,Critical,Scrubber Telemetry Offline,CEMS Sensor Communication Failure,Inspect Modbus Transmitters and Field PLC Cabinets,Sensor Connection Error
2026-02-04,,FES-101,Offline,0.0,,0.0,,,,100.0,Offline,0,Wednesday,February,0.25,0.0,Critical,Scrubber Telemetry Offline,CEMS Sensor Communication Failure,Inspect Modbus Transmitters and Field PLC Cabinets,Sensor Connection Error
2026-02-05,,FES-101,Offline,0.0,,0.0,,,,100.0,Offline,0,Thursday,February,0.2,0.0,Critical,Scrubber Telemetry Offline,CEMS Sensor Communication Failure,Inspect Modbus Transmitters and Field PLC Cabinets,Sensor Connection Error
2026-02-06,,FES-101,Offline,0.0,,0.0,,,,100.0,Offline,0,Friday,February,0.24,0.0,Critical,Scrubber Telemetry Offline,CEMS Sensor Communication Failure,Inspect Modbus Transmitters and Field PLC Cabinets,Sensor Connection Error
2026-02-07,,FES-101,Offline,0.0,,0.0,,,,100.0,Offline,0,Saturday,February,0.2,0.0,Critical,Scrubber Telemetry Offline,CEMS Sensor Communication Failure,Inspect Modbus Transmitters and Field PLC Cabinets,Sensor Connection Error
2026-02-08,,FES-101,Offline,0.0,,0.0,,,,100.0,Offline,0,Sunday,February,0.27,0.0,Critical,Scrubber Telemetry Offline,CEMS Sensor Communication Failure,Inspect Modbus Transmitters and Field PLC Cabinets,Sensor Connection Error
2026-02-09,,FES-101,Offline,0.0,,0.0,,,,100.0,Offline,0,Monday,February,0.28,0.0,Critical,Scrubber Telemetry Offline,CEMS Sensor Communication Failure,Inspect Modbus Transmitters and Field PLC Cabinets,Sensor Connection Error
2026-02-10,,FES-101,Offline,0.0,,0.0,,,,100.0,Offline,0,Tuesday,February,0.27,0.0,Critical,Scrubber Telemetry Offline,CEMS Sensor Communication Failure,Inspect Modbus Transmitters and Field PLC Cabinets,Sensor Connection Error
2026-02-11,,FES-101,Offline,0.0,,0.0,,,,100.0,Offline,0,Wednesday,February,0.14,0.0,Critical,Scrubber Telemetry Offline,CEMS Sensor Communication Failure,Inspect Modbus Transmitters and Field PLC Cabinets,Sensor Connection Error
2026-02-12,,FES-101,Offline,0.0,,0.0,,,,100.0,Offline,0,Thursday,February,0.26,0.0,Critical,Scrubber Telemetry Offline,CEMS Sensor Communication Failure,Inspect Modbus Transmitters and Field PLC Cabinets,Sensor Connection Error
2026-02-13,,FES-101,Offline,0.0,,0.0,,,,100.0,Offline,0,Friday,February,0.29,0.0,Critical,Scrubber Telemetry Offline,CEMS Sensor Communication Failure,Inspect Modbus Transmitters and Field PLC Cabinets,Sensor Connection Error
2026-02-14,,FES-101,Offline,0.0,,0.0,,,,100.0,Offline,0,Saturday,February,0.17,0.0,Critical,Scrubber Telemetry Offline,CEMS Sensor Communication Failure,Inspect Modbus Transmitters and Field PLC Cabinets,Sensor Connection Error
2026-02-15,,FES-101,Offline,0.0,,0.0,,,,100.0,Offline,0,Sunday,February,0.29,0.0,Critical,Scrubber Telemetry Offline,CEMS Sensor Communication Failure,Inspect Modbus Transmitters and Field PLC Cabinets,Sensor Connection Error
2026-02-16,,FES-101,Offline,0.0,,0.0,,,,100.0,Offline,0,Monday,February,0.19,0.0,Critical,Scrubber Telemetry Offline,CEMS Sensor Communication Failure,Inspect Modbus Transmitters and Field PLC Cabinets,Sensor Connection Error
2026-02-17,,FES-101,Offline,0.0,,0.0,,,,100.0,Offline,0,Tuesday,February,0.19,0.0,Critical,Scrubber Telemetry Offline,CEMS Sensor Communication Failure,Inspect Modbus Transmitters and Field PLC Cabinets,Sensor Connection Error
2026-02-18,,FES-101,Offline,0.0,,0.0,,,,100.0,Offline,0,Wednesday,February,0.22,0.0,Critical,Scrubber Telemetry Offline,CEMS Sensor Communication Failure,Inspect Modbus Transmitters and Field PLC Cabinets,Sensor Connection Error
2026-02-19,,FES-101,Offline,0.0,,0.0,,,,100.0,Offline,0,Thursday,February,0.25,0.0,Critical,Scrubber Telemetry Offline,CEMS Sensor Communication Failure,Inspect Modbus Transmitters and Field PLC Cabinets,Sensor Connection Error
2026-02-20,,FES-101,Offline,0.0,,0.0,,,,100.0,Offline,0,Friday,February,0.25,0.0,Critical,Scrubber Telemetry Offline,CEMS Sensor Communication Failure,Inspect Modbus Transmitters and Field PLC Cabinets,Sensor Connection Error
2026-02-21,,FES-101,Offline,0.0,,0.0,,,,100.0,Offline,0,Saturday,February,0.24,0.0,Critical,Scrubber Telemetry Offline,CEMS Sensor Communication Failure,Inspect Modbus Transmitters and Field PLC Cabinets,Sensor Connection Error
2026-02-22,,FES-101,Offline,0.0,,0.0,,,,100.0,Offline,0,Sunday,February,0.24,0.0,Critical,Scrubber Telemetry Offline,CEMS Sensor Communication Failure,Inspect Modbus Transmitters and Field PLC Cabinets,Sensor Connection Error
2026-02-23,,FES-101,Offline,0.0,,0.0,,,,100.0,Offline,0,Monday,February,0.34,0.0,Critical,Scrubber Telemetry Offline,CEMS Sensor Communication Failure,Inspect Modbus Transmitters and Field PLC Cabinets,Sensor Connection Error
2026-02-24,,FES-101,Offline,0.0,,0.0,,,,100.0,Offline,0,Tuesday,February,0.21,0.0,Critical,Scrubber Telemetry Offline,CEMS Sensor Communication Failure,Inspect Modbus Transmitters and Field PLC Cabinets,Sensor Connection Error
2026-02-25,,FES-101,Offline,0.0,,0.0,,,,100.0,Offline,0,Wednesday,February,0.22,0.0,Critical,Scrubber Telemetry Offline,CEMS Sensor Communication Failure,Inspect Modbus Transmitters and Field PLC Cabinets,Sensor Connection Error
2026-02-26,,FES-101,Offline,0.0,,0.0,,,,100.0,Offline,0,Thursday,February,0.23,0.0,Critical,Scrubber Telemetry Offline,CEMS Sensor Communication Failure,Inspect Modbus Transmitters and Field PLC Cabinets,Sensor Connection Error
2026-02-27,,FES-101,Offline,0.0,,0.0,,,,100.0,Offline,0,Friday,February,0.23,0.0,Critical,Scrubber Telemetry Offline,CEMS Sensor Communication Failure,Inspect Modbus Transmitters and Field PLC Cabinets,Sensor Connection Error
2026-02-28,,FES-101,Offline,0.0,,0.0,,,,100.0,Offline,0,Saturday,February,0.23,0.0,Critical,Scrubber Telemetry Offline,CEMS Sensor Communication Failure,Inspect Modbus Transmitters and Field PLC Cabinets,Sensor Connection Error
2026-03-01,,FES-101,Offline,0.0,,0.0,,,,100.0,Offline,0,Sunday,March,0.24,0.0,Critical,Scrubber Telemetry Offline,CEMS Sensor Communication Failure,Inspect Modbus Transmitters and Field PLC Cabinets,Sensor Connection Error
2026-03-02,,FES-101,Offline,0.0,,0.0,,,,100.0,Offline,0,Monday,March,0.3,0.0,Critical,Scrubber Telemetry Offline,CEMS Sensor Communication Failure,Inspect Modbus Transmitters and Field PLC Cabinets,Sensor Connection Error
2026-03-03,,FES-101,Offline,0.0,,0.0,,,,100.0,Offline,0,Tuesday,March,0.26,0.0,Critical,Scrubber Telemetry Offline,CEMS Sensor Communication Failure,Inspect Modbus Transmitters and Field PLC Cabinets,Sensor Connection Error
2026-03-04,,FES-101,Offline,0.0,,0.0,,,,100.0,Offline,0,Wednesday,March,0.18,0.0,Critical,Scrubber Telemetry Offline,CEMS Sensor Communication Failure,Inspect Modbus Transmitters and Field PLC Cabinets,Sensor Connection Error
2026-03-05,,FES-101,Offline,0.0,,0.0,,,,100.0,Offline,0,Thursday,March,0.22,0.0,Critical,Scrubber Telemetry Offline,CEMS Sensor Communication Failure,Inspect Modbus Transmitters and Field PLC Cabinets,Sensor Connection Error
2026-03-06,,FES-101,Offline,0.0,,0.0,,,,100.0,Offline,0,Friday,March,0.25,0.0,Critical,Scrubber Telemetry Offline,CEMS Sensor Communication Failure,Inspect Modbus Transmitters and Field PLC Cabinets,Sensor Connection Error
2026-03-07,,FES-101,Offline,0.0,,0.0,,,,100.0,Offline,0,Saturday,March,0.2,0.0,Critical,Scrubber Telemetry Offline,CEMS Sensor Communication Failure,Inspect Modbus Transmitters and Field PLC Cabinets,Sensor Connection Error
2026-03-08,,FES-101,Offline,0.0,,0.0,,,,100.0,Offline,0,Sunday,March,0.22,0.0,Critical,Scrubber Telemetry Offline,CEMS Sensor Communication Failure,Inspect Modbus Transmitters and Field PLC Cabinets,Sensor Connection Error
2026-03-09,,FES-101,Offline,0.0,,0.0,,,,100.0,Offline,0,Monday,March,0.2,0.0,Critical,Scrubber Telemetry Offline,CEMS Sensor Communication Failure,Inspect Modbus Transmitters and Field PLC Cabinets,Sensor Connection Error
2026-03-10,,FES-101,Offline,0.0,,0.0,,,,100.0,Offline,0,Tuesday,March,0.19,0.0,Critical,Scrubber Telemetry Offline,CEMS Sensor Communication Failure,Inspect Modbus Transmitters and Field PLC Cabinets,Sensor Connection Error
2026-03-11,,FES-101,Offline,0.0,,0.0,,,,100.0,Offline,0,Wednesday,March,0.24,0.0,Critical,Scrubber Telemetry Offline,CEMS Sensor Communication Failure,Inspect Modbus Transmitters and Field PLC Cabinets,Sensor Connection Error
2026-03-12,,FES-101,Offline,0.0,,0.0,,,,100.0,Offline,0,Thursday,March,0.25,0.0,Critical,Scrubber Telemetry Offline,CEMS Sensor Communication Failure,Inspect Modbus Transmitters and Field PLC Cabinets,Sensor Connection Error
2026-03-13,,FES-101,Offline,0.0,,0.0,,,,100.0,Offline,0,Friday,March,0.22,0.0,Critical,Scrubber Telemetry Offline,CEMS Sensor Communication Failure,Inspect Modbus Transmitters and Field PLC Cabinets,Sensor Connection Error
2026-03-14,,FES-101,Offline,0.0,,0.0,,,,100.0,Offline,0,Saturday,March,0.13,0.0,Critical,Scrubber Telemetry Offline,CEMS Sensor Communication Failure,Inspect Modbus Transmitters and Field PLC Cabinets,Sensor Connection Error
2026-03-15,,FES-101,Offline,0.0,,0.0,,,,100.0,Offline,0,Sunday,March,0.15,0.0,Critical,Scrubber Telemetry Offline,CEMS Sensor Communication Failure,Inspect Modbus Transmitters and Field PLC Cabinets,Sensor Connection Error
2026-03-16,,FES-101,Offline,0.0,,0.0,,,,100.0,Offline,0,Monday,March,0.14,0.0,Critical,Scrubber Telemetry Offline,CEMS Sensor Communication Failure,Inspect Modbus Transmitters and Field PLC Cabinets,Sensor Connection Error
2026-03-17,,FES-101,Offline,0.0,,0.0,,,,100.0,Offline,0,Tuesday,March,0.19,0.0,Critical,Scrubber Telemetry Offline,CEMS Sensor Communication Failure,Inspect Modbus Transmitters and Field PLC Cabinets,Sensor Connection Error
2026-03-18,,FES-101,Offline,0.0,,0.0,,,,100.0,Offline,0,Wednesday,March,0.12,0.0,Critical,Scrubber Telemetry Offline,CEMS Sensor Communication Failure,Inspect Modbus Transmitters and Field PLC Cabinets,Sensor Connection Error
2026-03-19,,FES-101,Offline,0.0,,0.0,,,,100.0,Offline,0,Thursday,March,0.19,0.0,Critical,Scrubber Telemetry Offline,CEMS Sensor Communication Failure,Inspect Modbus Transmitters and Field PLC Cabinets,Sensor Connection Error
2026-03-20,,FES-101,Offline,0.0,,0.0,,,,100.0,Offline,0,Friday,March,0.21,0.0,Critical,Scrubber Telemetry Offline,CEMS Sensor Communication Failure,Inspect Modbus Transmitters and Field PLC Cabinets,Sensor Connection Error
2026-03-21,,FES-101,Offline,0.0,,0.0,,,,100.0,Offline,0,Saturday,March,0.25,0.0,Critical,Scrubber Telemetry Offline,CEMS Sensor Communication Failure,Inspect Modbus Transmitters and Field PLC Cabinets,Sensor Connection Error
2026-03-22,,FES-101,Offline,0.0,,0.0,,,,100.0,Offline,0,Sunday,March,0.3,0.0,Critical,Scrubber Telemetry Offline,CEMS Sensor Communication Failure,Inspect Modbus Transmitters and Field PLC Cabinets,Sensor Connection Error
2026-03-23,,FES-101,Offline,0.0,,0.0,,,,100.0,Offline,0,Monday,March,0.28,0.0,Critical,Scrubber Telemetry Offline,CEMS Sensor Communication Failure,Inspect Modbus Transmitters and Field PLC Cabinets,Sensor Connection Error
2026-03-24,,FES-101,Offline,0.0,,0.0,,,,100.0,Offline,0,Tuesday,March,0.24,0.0,Critical,Scrubber Telemetry Offline,CEMS Sensor Communication Failure,Inspect Modbus Transmitters and Field PLC Cabinets,Sensor Connection Error
2026-03-25,,FES-101,Offline,0.0,,0.0,,,,100.0,Offline,0,Wednesday,March,0.21,0.0,Critical,Scrubber Telemetry Offline,CEMS Sensor Communication Failure,Inspect Modbus Transmitters and Field PLC Cabinets,Sensor Connection Error
2026-03-26,,FES-101,Offline,0.0,,0.0,,,,100.0,Offline,0,Thursday,March,0.31,0.0,Critical,Scrubber Telemetry Offline,CEMS Sensor Communication Failure,Inspect Modbus Transmitters and Field PLC Cabinets,Sensor Connection Error
2026-03-27,,FES-101,Offline,0.0,,0.0,,,,100.0,Offline,0,Friday,March,0.27,0.0,Critical,Scrubber Telemetry Offline,CEMS Sensor Communication Failure,Inspect Modbus Transmitters and Field PLC Cabinets,Sensor Connection Error
2026-03-28,,FES-101,Offline,0.0,,0.0,,,,100.0,Offline,0,Saturday,March,0.2,0.0,Critical,Scrubber Telemetry Offline,CEMS Sensor Communication Failure,Inspect Modbus Transmitters and Field PLC Cabinets,Sensor Connection Error
2026-03-29,,FES-101,Offline,0.0,,0.0,,,,100.0,Offline,0,Sunday,March,0.25,0.0,Critical,Scrubber Telemetry Offline,CEMS Sensor Communication Failure,Inspect Modbus Transmitters and Field PLC Cabinets,Sensor Connection Error
2026-03-30,,FES-101,Offline,0.0,,0.0,,,,100.0,Offline,0,Monday,March,0.24,0.0,Critical,Scrubber Telemetry Offline,CEMS Sensor Communication Failure,Inspect Modbus Transmitters and Field PLC Cabinets,Sensor Connection Error
2026-03-31,,FES-101,Offline,0.0,,0.0,,,,100.0,Offline,0,Tuesday,March,0.28,0.0,Critical,Scrubber Telemetry Offline,CEMS Sensor Communication Failure,Inspect Modbus Transmitters and Field PLC Cabinets,Sensor Connection Error
2026-04-01,,FES-101,Offline,0.0,,0.0,,,,100.0,Offline,0,Wednesday,April,0.3,0.0,Critical,Scrubber Telemetry Offline,CEMS Sensor Communication Failure,Inspect Modbus Transmitters and Field PLC Cabinets,Sensor Connection Error
2026-04-02,,FES-101,Offline,0.0,,0.0,,,,100.0,Offline,0,Thursday,April,0.32,0.0,Critical,Scrubber Telemetry Offline,CEMS Sensor Communication Failure,Inspect Modbus Transmitters and Field PLC Cabinets,Sensor Connection Error
2026-04-03,,FES-101,Offline,0.0,,0.0,,,,100.0,Offline,0,Friday,April,0.26,0.0,Critical,Scrubber Telemetry Offline,CEMS Sensor Communication Failure,Inspect Modbus Transmitters and Field PLC Cabinets,Sensor Connection Error
2026-04-04,,FES-101,Offline,0.0,,0.0,,,,100.0,Offline,0,Saturday,April,0.27,0.0,Critical,Scrubber Telemetry Offline,CEMS Sensor Communication Failure,Inspect Modbus Transmitters and Field PLC Cabinets,Sensor Connection Error
2026-04-05,,FES-101,Offline,0.0,,0.0,,,,100.0,Offline,0,Sunday,April,0.25,0.0,Critical,Scrubber Telemetry Offline,CEMS Sensor Communication Failure,Inspect Modbus Transmitters and Field PLC Cabinets,Sensor Connection Error
2026-04-06,,FES-101,Offline,0.0,,0.0,,,,100.0,Offline,0,Monday,April,0.34,0.0,Critical,Scrubber Telemetry Offline,CEMS Sensor Communication Failure,Inspect Modbus Transmitters and Field PLC Cabinets,Sensor Connection Error
2026-04-07,,FES-101,Offline,0.0,,0.0,,,,100.0,Offline,0,Tuesday,April,0.34,0.0,Critical,Scrubber Telemetry Offline,CEMS Sensor Communication Failure,Inspect Modbus Transmitters and Field PLC Cabinets,Sensor Connection Error
2026-04-08,,FES-101,Offline,0.0,,0.0,,,,100.0,Offline,0,Wednesday,April,0.27,0.0,Critical,Scrubber Telemetry Offline,CEMS Sensor Communication Failure,Inspect Modbus Transmitters and Field PLC Cabinets,Sensor Connection Error
2026-04-09,,FES-101,Offline,0.0,,0.0,,,,100.0,Offline,0,Thursday,April,0.28,0.0,Critical,Scrubber Telemetry Offline,CEMS Sensor Communication Failure,Inspect Modbus Transmitters and Field PLC Cabinets,Sensor Connection Error
2026-04-10,,FES-101,Offline,0.0,,0.0,,,,100.0,Offline,0,Friday,April,0.33,0.0,Critical,Scrubber Telemetry Offline,CEMS Sensor Communication Failure,Inspect Modbus Transmitters and Field PLC Cabinets,Sensor Connection Error
2026-04-11,,FES-101,Offline,0.0,,0.0,,,,100.0,Offline,0,Saturday,April,0.34,0.0,Critical,Scrubber Telemetry Offline,CEMS Sensor Communication Failure,Inspect Modbus Transmitters and Field PLC Cabinets,Sensor Connection Error
2026-04-12,,FES-101,Offline,0.0,,0.0,,,,100.0,Offline,0,Sunday,April,0.2,0.0,Critical,Scrubber Telemetry Offline,CEMS Sensor Communication Failure,Inspect Modbus Transmitters and Field PLC Cabinets,Sensor Connection Error
2026-04-13,,FES-101,Offline,0.0,,0.0,,,,100.0,Offline,0,Monday,April,0.23,0.0,Critical,Scrubber Telemetry Offline,CEMS Sensor Communication Failure,Inspect Modbus Transmitters and Field PLC Cabinets,Sensor Connection Error
2026-04-14,,FES-101,Offline,0.0,,0.0,,,,100.0,Offline,0,Tuesday,April,0.26,0.0,Critical,Scrubber Telemetry Offline,CEMS Sensor Communication Failure,Inspect Modbus Transmitters and Field PLC Cabinets,Sensor Connection Error
2026-04-15,,FES-101,Offline,0.0,,0.0,,,,100.0,Offline,0,Wednesday,April,0.26,0.0,Critical,Scrubber Telemetry Offline,CEMS Sensor Communication Failure,Inspect Modbus Transmitters and Field PLC Cabinets,Sensor Connection Error
2026-04-16,,FES-101,Offline,0.0,,0.0,,,,100.0,Offline,0,Thursday,April,0.22,0.0,Critical,Scrubber Telemetry Offline,CEMS Sensor Communication Failure,Inspect Modbus Transmitters and Field PLC Cabinets,Sensor Connection Error
2026-04-17,,FES-101,Offline,0.0,,0.0,,,,100.0,Offline,0,Friday,April,0.25,0.0,Critical,Scrubber Telemetry Offline,CEMS Sensor Communication Failure,Inspect Modbus Transmitters and Field PLC Cabinets,Sensor Connection Error
2026-04-18,,FES-101,Offline,0.0,,0.0,,,,100.0,Offline,0,Saturday,April,0.22,0.0,Critical,Scrubber Telemetry Offline,CEMS Sensor Communication Failure,Inspect Modbus Transmitters and Field PLC Cabinets,Sensor Connection Error
2026-04-19,,FES-101,Offline,0.0,,0.0,,,,100.0,Offline,0,Sunday,April,0.28,0.0,Critical,Scrubber Telemetry Offline,CEMS Sensor Communication Failure,Inspect Modbus Transmitters and Field PLC Cabinets,Sensor Connection Error
2026-04-20,,FES-101,Offline,0.0,,0.0,,,,100.0,Offline,0,Monday,April,0.27,0.0,Critical,Scrubber Telemetry Offline,CEMS Sensor Communication Failure,Inspect Modbus Transmitters and Field PLC Cabinets,Sensor Connection Error
2026-04-21,,FES-101,Offline,0.0,,0.0,,,,100.0,Offline,0,Tuesday,April,0.29,0.0,Critical,Scrubber Telemetry Offline,CEMS Sensor Communication Failure,Inspect Modbus Transmitters and Field PLC Cabinets,Sensor Connection Error
2026-04-22,,FES-101,Offline,0.0,,0.0,,,,100.0,Offline,0,Wednesday,April,0.34,0.0,Critical,Scrubber Telemetry Offline,CEMS Sensor Communication Failure,Inspect Modbus Transmitters and Field PLC Cabinets,Sensor Connection Error
2026-04-23,,FES-101,Offline,0.0,,0.0,,,,100.0,Offline,0,Thursday,April,0.38,0.0,Critical,Scrubber Telemetry Offline,CEMS Sensor Communication Failure,Inspect Modbus Transmitters and Field PLC Cabinets,Sensor Connection Error
2026-04-24,,FES-101,Offline,0.0,,0.0,,,,100.0,Offline,0,Friday,April,0.41,0.0,Critical,Scrubber Telemetry Offline,CEMS Sensor Communication Failure,Inspect Modbus Transmitters and Field PLC Cabinets,Sensor Connection Error
2026-04-25,,FES-101,Offline,0.0,,0.0,,,,100.0,Offline,0,Saturday,April,0.6,0.0,Critical,Scrubber Telemetry Offline,CEMS Sensor Communication Failure,Inspect Modbus Transmitters and Field PLC Cabinets,Sensor Connection Error
2026-04-26,,FES-101,Offline,0.0,,0.0,,,,100.0,Offline,0,Sunday,April,0.0,0.0,Critical,Scrubber Telemetry Offline,CEMS Sensor Communication Failure,Inspect Modbus Transmitters and Field PLC Cabinets,Sensor Connection Error
2026-04-27,,FES-101,Offline,0.0,,0.0,,,,100.0,Offline,0,Monday,April,0.51,0.0,Critical,Scrubber Telemetry Offline,CEMS Sensor Communication Failure,Inspect Modbus Transmitters and Field PLC Cabinets,Sensor Connection Error
2026-04-28,,FES-101,Offline,0.0,,0.0,,,,100.0,Offline,0,Tuesday,April,0.34,0.0,Critical,Scrubber Telemetry Offline,CEMS Sensor Communication Failure,Inspect Modbus Transmitters and Field PLC Cabinets,Sensor Connection Error
2026-04-29,,FES-101,Offline,0.0,,0.0,,,,100.0,Offline,0,Wednesday,April,0.41,0.0,Critical,Scrubber Telemetry Offline,CEMS Sensor Communication Failure,Inspect Modbus Transmitters and Field PLC Cabinets,Sensor Connection Error
2026-04-30,,FES-101,Offline,0.0,,0.0,,,,100.0,Offline,0,Thursday,April,0.3,0.0,Critical,Scrubber Telemetry Offline,CEMS Sensor Communication Failure,Inspect Modbus Transmitters and Field PLC Cabinets,Sensor Connection Error
2026-05-01,,FES-101,Offline,0.0,,0.0,,,,100.0,Offline,0,Friday,May,0.35,0.0,Critical,Scrubber Telemetry Offline,CEMS Sensor Communication Failure,Inspect Modbus Transmitters and Field PLC Cabinets,Sensor Connection Error
2026-05-02,,FES-101,Offline,0.0,,0.0,,,,100.0,Offline,0,Saturday,May,0.36,0.0,Critical,Scrubber Telemetry Offline,CEMS Sensor Communication Failure,Inspect Modbus Transmitters and Field PLC Cabinets,Sensor Connection Error
2026-05-03,,FES-101,Offline,0.0,,0.0,,,,100.0,Offline,0,Sunday,May,0.27,0.0,Critical,Scrubber Telemetry Offline,CEMS Sensor Communication Failure,Inspect Modbus Transmitters and Field PLC Cabinets,Sensor Connection Error
2026-05-04,,FES-101,Offline,0.0,,0.0,,,,100.0,Offline,0,Monday,May,0.35,0.0,Critical,Scrubber Telemetry Offline,CEMS Sensor Communication Failure,Inspect Modbus Transmitters and Field PLC Cabinets,Sensor Connection Error
2026-05-05,,FES-101,Offline,0.0,,0.0,,,,100.0,Offline,0,Tuesday,May,0.31,0.0,Critical,Scrubber Telemetry Offline,CEMS Sensor Communication Failure,Inspect Modbus Transmitters and Field PLC Cabinets,Sensor Connection Error
2026-05-06,,FES-101,Offline,0.0,,0.0,,,,100.0,Offline,0,Wednesday,May,0.4,0.0,Critical,Scrubber Telemetry Offline,CEMS Sensor Communication Failure,Inspect Modbus Transmitters and Field PLC Cabinets,Sensor Connection Error
2026-05-07,,FES-101,Offline,0.0,,0.0,,,,100.0,Offline,0,Thursday,May,0.47,0.0,Critical,Scrubber Telemetry Offline,CEMS Sensor Communication Failure,Inspect Modbus Transmitters and Field PLC Cabinets,Sensor Connection Error
2026-05-08,,FES-101,Offline,0.0,,0.0,,,,100.0,Offline,0,Friday,May,0.33,0.0,Critical,Scrubber Telemetry Offline,CEMS Sensor Communication Failure,Inspect Modbus Transmitters and Field PLC Cabinets,Sensor Connection Error
2026-05-09,,FES-101,Offline,0.0,,0.0,,,,100.0,Offline,0,Saturday,May,0.37,0.0,Critical,Scrubber Telemetry Offline,CEMS Sensor Communication Failure,Inspect Modbus Transmitters and Field PLC Cabinets,Sensor Connection Error
2026-05-10,,FES-101,Offline,0.0,,0.0,,,,100.0,Offline,0,Sunday,May,0.39,0.0,Critical,Scrubber Telemetry Offline,CEMS Sensor Communication Failure,Inspect Modbus Transmitters and Field PLC Cabinets,Sensor Connection Error
2026-05-11,,FES-101,Offline,0.0,,0.0,,,,100.0,Offline,0,Monday,May,0.41,0.0,Critical,Scrubber Telemetry Offline,CEMS Sensor Communication Failure,Inspect Modbus Transmitters and Field PLC Cabinets,Sensor Connection Error
2026-05-12,,FES-101,Offline,0.0,,0.0,,,,100.0,Offline,0,Tuesday,May,0.45,0.0,Critical,Scrubber Telemetry Offline,CEMS Sensor Communication Failure,Inspect Modbus Transmitters and Field PLC Cabinets,Sensor Connection Error
2026-05-13,,FES-101,Offline,0.0,,0.0,,,,100.0,Offline,0,Wednesday,May,0.24,0.0,Critical,Scrubber Telemetry Offline,CEMS Sensor Communication Failure,Inspect Modbus Transmitters and Field PLC Cabinets,Sensor Connection Error
2026-05-14,,FES-101,Offline,0.0,,0.0,,,,100.0,Offline,0,Thursday,May,0.32,0.0,Critical,Scrubber Telemetry Offline,CEMS Sensor Communication Failure,Inspect Modbus Transmitters and Field PLC Cabinets,Sensor Connection Error
2026-05-15,,FES-101,Offline,0.0,,0.0,,,,100.0,Offline,0,Friday,May,0.2,0.0,Critical,Scrubber Telemetry Offline,CEMS Sensor Communication Failure,Inspect Modbus Transmitters and Field PLC Cabinets,Sensor Connection Error
2026-05-16,,FES-101,Offline,0.0,,0.0,,,,100.0,Offline,0,Saturday,May,0.29,0.0,Critical,Scrubber Telemetry Offline,CEMS Sensor Communication Failure,Inspect Modbus Transmitters and Field PLC Cabinets,Sensor Connection Error
2026-05-17,,FES-101,Offline,0.0,,0.0,,,,100.0,Offline,0,Sunday,May,0.28,0.0,Critical,Scrubber Telemetry Offline,CEMS Sensor Communication Failure,Inspect Modbus Transmitters and Field PLC Cabinets,Sensor Connection Error
2026-05-18,,FES-101,Offline,0.0,,0.0,,,,100.0,Offline,0,Monday,May,0.29,0.0,Critical,Scrubber Telemetry Offline,CEMS Sensor Communication Failure,Inspect Modbus Transmitters and Field PLC Cabinets,Sensor Connection Error
2026-05-19,,FES-101,Offline,0.0,,0.0,,,,100.0,Offline,0,Tuesday,May,0.27,0.0,Critical,Scrubber Telemetry Offline,CEMS Sensor Communication Failure,Inspect Modbus Transmitters and Field PLC Cabinets,Sensor Connection Error
2026-05-20,,FES-101,Offline,0.0,,0.0,,,,100.0,Offline,0,Wednesday,May,0.31,0.0,Critical,Scrubber Telemetry Offline,CEMS Sensor Communication Failure,Inspect Modbus Transmitters and Field PLC Cabinets,Sensor Connection Error
2026-05-21,,FES-101,Offline,0.0,,0.0,,,,100.0,Offline,0,Thursday,May,0.34,0.0,Critical,Scrubber Telemetry Offline,CEMS Sensor Communication Failure,Inspect Modbus Transmitters and Field PLC Cabinets,Sensor Connection Error
2026-05-22,,FES-101,Offline,0.0,,0.0,,,,100.0,Offline,0,Friday,May,0.25,0.0,Critical,Scrubber Telemetry Offline,CEMS Sensor Communication Failure,Inspect Modbus Transmitters and Field PLC Cabinets,Sensor Connection Error
2026-05-23,,FES-101,Offline,0.0,,0.0,,,,100.0,Offline,0,Saturday,May,0.19,0.0,Critical,Scrubber Telemetry Offline,CEMS Sensor Communication Failure,Inspect Modbus Transmitters and Field PLC Cabinets,Sensor Connection Error
2026-05-24,,FES-101,Offline,0.0,,0.0,,,,100.0,Offline,0,Sunday,May,0.35,0.0,Critical,Scrubber Telemetry Offline,CEMS Sensor Communication Failure,Inspect Modbus Transmitters and Field PLC Cabinets,Sensor Connection Error
2026-05-25,,FES-101,Offline,0.0,,0.0,,,,100.0,Offline,0,Monday,May,0.36,0.0,Critical,Scrubber Telemetry Offline,CEMS Sensor Communication Failure,Inspect Modbus Transmitters and Field PLC Cabinets,Sensor Connection Error
2026-05-26,9.65,FES-101,Good,0.0,9.65,0.0,9.65,9.65,0.0,100.0,Normal,0,Tuesday,May,0.3,100.0,Normal,Healthy,Normal Operation,Continue Stream Monitoring,No Alert
2026-05-27,9.65,FES-101,Good,0.0,9.65,0.0,9.65,9.65,0.0,100.0,Normal,0,Wednesday,May,0.41,100.0,Normal,Healthy,Normal Operation,Continue Stream Monitoring,No Alert
2026-05-28,8.8,FES-101,Good,-0.8499999999999996,9.366666666666667,0.4907477288111816,8.8,9.65,0.8499999999999996,91.5,Low,0,Thursday,May,2.01,65.0,Warning,Low Alkali Dosing,Insufficient Caustic Injection Flow Rate,Increase Caustic Dosing Pump Output,Alkaline Scrubber Low pH
2026-05-29,3.06,FES-101,Good,-5.74,7.79,3.178689457412703,3.06,9.65,6.59,42.6,Low,0,Friday,May,0.31,19.1,Warning,Low Alkali Dosing,Insufficient Caustic Injection Flow Rate,Increase Caustic Dosing Pump Output,Alkaline Scrubber Low pH
2026-05-30,1.36,FES-101,Good,-1.7,6.504,3.9808328274369926,1.36,9.65,8.290000000000001,83.0,Low,0,Saturday,May,0.3,51.4,Warning,Low Alkali Dosing,Insufficient Caustic Injection Flow Rate,Increase Caustic Dosing Pump Output,Alkaline Scrubber Low pH
2026-05-31,4.57,FES-101,Good,3.21,6.181666666666668,3.64705589025815,1.36,9.65,8.290000000000001,67.9,Low,0,Sunday,May,0.29,39.3,Warning,Low Alkali Dosing,Insufficient Caustic Injection Flow Rate,Increase Caustic Dosing Pump Output,Alkaline Scrubber Low pH
2026-06-01,8.11,FES-101,Good,3.539999999999999,6.457142857142857,3.408135923960556,1.36,9.65,8.290000000000001,64.60000000000001,Low,0,Monday,June,0.29,36.7,Warning,Low Alkali Dosing,Insufficient Caustic Injection Flow Rate,Increase Caustic Dosing Pump Output,Alkaline Scrubber Low pH
2026-06-02,7.15,FES-101,Good,-0.9599999999999992,6.1000000000000005,3.138077968013754,1.36,9.65,8.290000000000001,90.4,Low,0,Tuesday,June,0.3,65.0,Warning,Low Alkali Dosing,Insufficient Caustic Injection Flow Rate,Increase Caustic Dosing Pump Output,Alkaline Scrubber Low pH
2026-06-03,9.74,FES-101,Good,2.59,6.112857142857143,3.155184697635065,1.36,9.74,8.38,74.1,Normal,0,Wednesday,June,0.27,79.3,Normal,Healthy,Normal Operation,Continue Stream Monitoring,No Alert
2026-06-04,9.66,FES-101,Good,-0.08,6.235714285714286,3.2910730628112623,1.36,9.74,8.38,99.2,Normal,0,Thursday,June,0.24,100.0,Normal,Healthy,Normal Operation,Continue Stream Monitoring,No Alert
2026-06-05,9.61,FES-101,Good,-0.0500000000000007,7.171428571428571,3.1664566346387284,1.36,9.74,8.38,99.5,Normal,0,Friday,June,0.24,100.0,Normal,Healthy,Normal Operation,Continue Stream Monitoring,No Alert
2026-06-06,9.64,FES-101,Good,0.0300000000000011,8.354285714285714,1.9444695689986795,4.57,9.74,5.17,99.7,Normal,0,Saturday,June,0.2333333333333333,100.0,Normal,Healthy,Normal Operation,Continue Stream Monitoring,No Alert
2026-06-07,9.62,FES-101,Good,-0.0200000000000013,9.075714285714286,1.0266264679823482,7.15,9.74,2.59,99.79999999999998,Normal,0,Sunday,June,0.2266666666666666,100.0,Normal,Healthy,Normal Operation,Continue Stream Monitoring,No Alert
2026-06-08,9.63,FES-101,Good,0.0100000000000015,9.292857142857144,0.9458984139556512,7.15,9.74,2.59,99.89999999999998,Normal,0,Monday,June,0.22,100.0,Normal,Healthy,Normal Operation,Continue Stream Monitoring,No Alert
2026-06-09,9.64,FES-101,Good,0.0099999999999997,9.64857142857143,0.0433699479012746,9.61,9.74,0.1300000000000007,99.9,Normal,0,Tuesday,June,0.32,100.0,Normal,Healthy,Normal Operation,Continue Stream Monitoring,No Alert
2026-06-10,9.64,FES-101,Good,0.0,9.634285714285712,0.0161834718744677,9.61,9.66,0.0500000000000007,100.0,Normal,0,Wednesday,June,0.31,100.0,Normal,Healthy,Normal Operation,Continue Stream Monitoring,No Alert
2026-06-11,9.65,FES-101,Good,0.0099999999999997,9.632857142857144,0.0138013111870981,9.61,9.65,0.0400000000000009,99.9,Normal,0,Thursday,June,0.32,100.0,Normal,Healthy,Normal Operation,Continue Stream Monitoring,No Alert
2026-06-12,9.63,FES-101,Good,-0.0199999999999995,9.635714285714286,0.0097590007298395,9.62,9.65,0.0300000000000011,99.8,Normal,0,Friday,June,0.36,100.0,Normal,Healthy,Normal Operation,Continue Stream Monitoring,No Alert
2026-06-13,9.64,FES-101,Good,0.0099999999999997,9.635714285714286,0.0097590007298395,9.62,9.65,0.0300000000000011,99.9,Normal,0,Saturday,June,0.29,100.0,Normal,Healthy,Normal Operation,Continue Stream Monitoring,No Alert
2026-06-14,9.7,FES-101,Good,0.0599999999999987,9.647142857142857,0.0242997158518992,9.63,9.7,0.0699999999999985,99.4,Normal,0,Sunday,June,0.29,100.0,Normal,Healthy,Normal Operation,Continue Stream Monitoring,No Alert
2026-06-15,9.63,FES-101,Good,-0.0699999999999985,9.647142857142857,0.0242997158518992,9.63,9.7,0.0699999999999985,99.3,Normal,0,Monday,June,0.31,100.0,Normal,Healthy,Normal Operation,Continue Stream Monitoring,No Alert
2026-06-16,9.61,FES-101,Good,-0.0200000000000013,9.642857142857142,0.0281154084175041,9.61,9.7,0.0899999999999998,99.79999999999998,Normal,0,Tuesday,June,0.24,100.0,Normal,Healthy,Normal Operation,Continue Stream Monitoring,No Alert
2026-06-17,9.57,FES-101,Good,-0.0399999999999991,9.632857142857144,0.0394606494770391,9.57,9.7,0.129999999999999,99.6,Normal,0,Wednesday,June,0.21,100.0,Normal,Healthy,Normal Operation,Continue Stream Monitoring,No Alert
2026-06-18,9.63,FES-101,Good,0.0600000000000005,9.63,0.0387298334621633,9.57,9.7,0.129999999999999,99.4,Normal,0,Thursday,June,0.36,100.0,Normal,Healthy,Normal Operation,Continue Stream Monitoring,No Alert
2026-06-19,9.65,FES-101,Good,0.0199999999999995,9.632857142857144,0.0394606494770391,9.57,9.7,0.129999999999999,99.8,Normal,0,Friday,June,0.26,100.0,Normal,Healthy,Normal Operation,Continue Stream Monitoring,No Alert
2026-06-20,9.66,FES-101,Good,0.0099999999999997,9.635714285714286,0.0407664661445121,9.57,9.7,0.129999999999999,99.9,Normal,0,Saturday,June,0.24,100.0,Normal,Healthy,Normal Operation,Continue Stream Monitoring,No Alert
2026-06-21,9.66,FES-101,Good,0.0,9.63,0.0321455025367506,9.57,9.66,0.0899999999999998,100.0,Normal,0,Sunday,June,0.3,100.0,Normal,Healthy,Normal Operation,Continue Stream Monitoring,No Alert
2026-06-22,9.72,FES-101,Good,0.0600000000000005,9.642857142857142,0.0468025233345712,9.57,9.72,0.1500000000000003,99.4,Normal,0,Monday,June,0.28,100.0,Normal,Healthy,Normal Operation,Continue Stream Monitoring,No Alert
2026-06-23,9.8,FES-101,Good,0.08,9.670000000000002,0.0725718035236378,9.57,9.8,0.2300000000000004,99.2,Normal,0,Tuesday,June,0.37,100.0,Normal,Healthy,Normal Operation,Continue Stream Monitoring,No Alert
2026-06-24,9.8,FES-101,Good,0.0,9.702857142857145,0.0718132498717998,9.63,9.8,0.1699999999999999,100.0,Normal,0,Wednesday,June,0.27,100.0,Normal,Healthy,Normal Operation,Continue Stream Monitoring,No Alert
2026-06-25,9.8,FES-101,Good,0.0,9.727142857142857,0.0718132498717995,9.65,9.8,0.1500000000000003,100.0,Normal,0,Thursday,June,0.33,100.0,Normal,Healthy,Normal Operation,Continue Stream Monitoring,No Alert
2026-06-26,9.8,FES-101,Good,0.0,9.748571428571427,0.0671884343789339,9.66,9.8,0.1400000000000005,100.0,Normal,0,Friday,June,0.24,100.0,Normal,Healthy,Normal Operation,Continue Stream Monitoring,No Alert
2026-06-27,9.8,FES-101,Good,0.0,9.76857142857143,0.0563999324552689,9.66,9.8,0.1400000000000005,100.0,Normal,0,Saturday,June,0.34,100.0,Normal,Healthy,Normal Operation,Continue Stream Monitoring,No Alert
2026-06-28,9.8,FES-101,Good,0.0,9.78857142857143,0.0302371578408446,9.72,9.8,0.08,100.0,Normal,0,Sunday,June,0.24,100.0,Normal,Healthy,Normal Operation,Continue Stream Monitoring,No Alert
2026-06-29,9.8,FES-101,Good,0.0,9.8,8.01677077002626e-08,9.8,9.8,0.0,100.0,Normal,0,Monday,June,0.44,100.0,Normal,Healthy,Normal Operation,Continue Stream Monitoring,No Alert
2026-06-30,9.8,FES-101,Good,0.0,9.8,8.01677077002626e-08,9.8,9.8,0.0,100.0,Normal,0,Tuesday,June,0.47,100.0,Normal,Healthy,Normal Operation,Continue Stream Monitoring,No Alert
2026-01-01,9.5,FES-102,Good,0.0,9.5,0.0,9.5,9.5,0.0,100.0,Normal,0,Thursday,January,0.45,100.0,Normal,Healthy,Normal Operation,Continue Stream Monitoring,No Alert
2026-01-02,9.5,FES-102,Good,0.0,9.5,0.0,9.5,9.5,0.0,100.0,Normal,0,Friday,January,0.45,100.0,Normal,Healthy,Normal Operation,Continue Stream Monitoring,No Alert
2026-01-03,9.5,FES-102,Good,0.0,9.5,0.0,9.5,9.5,0.0,100.0,Normal,0,Saturday,January,0.47,100.0,Normal,Healthy,Normal Operation,Continue Stream Monitoring,No Alert
2026-01-04,9.5,FES-102,Good,0.0,9.5,0.0,9.5,9.5,0.0,100.0,Normal,0,Sunday,January,0.51,100.0,Normal,Healthy,Normal Operation,Continue Stream Monitoring,No Alert
2026-01-05,9.5,FES-102,Good,0.0,9.5,0.0,9.5,9.5,0.0,100.0,Normal,0,Monday,January,0.41,100.0,Normal,Healthy,Normal Operation,Continue Stream Monitoring,No Alert
2026-01-06,9.5,FES-102,Interpolated,0.0,9.5,0.0,9.5,9.5,0.0,100.0,Normal,0,Tuesday,January,0.41,100.0,Normal,Healthy,Normal Operation,Continue Stream Monitoring,No Alert
2026-01-07,9.5,FES-102,Interpolated,0.0,9.5,0.0,9.5,9.5,0.0,100.0,Normal,0,Wednesday,January,0.52,100.0,Normal,Healthy,Normal Operation,Continue Stream Monitoring,No Alert
2026-01-08,9.5,FES-102,Interpolated,0.0,9.5,0.0,9.5,9.5,0.0,100.0,Normal,0,Thursday,January,0.54,100.0,Normal,Healthy,Normal Operation,Continue Stream Monitoring,No Alert
2026-01-09,9.5,FES-102,Good,0.0,9.5,0.0,9.5,9.5,0.0,100.0,Normal,0,Friday,January,0.48,100.0,Normal,Healthy,Normal Operation,Continue Stream Monitoring,No Alert
2026-01-10,9.5,FES-102,Good,0.0,9.5,0.0,9.5,9.5,0.0,100.0,Normal,0,Saturday,January,0.53,100.0,Normal,Healthy,Normal Operation,Continue Stream Monitoring,No Alert
2026-01-11,9.5,FES-102,Good,0.0,9.5,0.0,9.5,9.5,0.0,100.0,Normal,0,Sunday,January,0.51,100.0,Normal,Healthy,Normal Operation,Continue Stream Monitoring,No Alert
2026-01-12,9.5,FES-102,Good,0.0,9.5,0.0,9.5,9.5,0.0,100.0,Normal,0,Monday,January,0.52,100.0,Normal,Healthy,Normal Operation,Continue Stream Monitoring,No Alert
2026-01-13,9.5,FES-102,Good,0.0,9.5,0.0,9.5,9.5,0.0,100.0,Normal,0,Tuesday,January,0.54,100.0,Normal,Healthy,Normal Operation,Continue Stream Monitoring,No Alert
2026-01-14,9.5,FES-102,Good,0.0,9.5,0.0,9.5,9.5,0.0,100.0,Normal,0,Wednesday,January,0.57,100.0,Normal,Healthy,Normal Operation,Continue Stream Monitoring,No Alert
2026-01-15,9.5,FES-102,Good,0.0,9.5,0.0,9.5,9.5,0.0,100.0,Normal,0,Thursday,January,0.51,100.0,Normal,Healthy,Normal Operation,Continue Stream Monitoring,No Alert
2026-01-16,9.5,FES-102,Good,0.0,9.5,0.0,9.5,9.5,0.0,100.0,Normal,0,Friday,January,0.49,100.0,Normal,Healthy,Normal Operation,Continue Stream Monitoring,No Alert
2026-01-17,9.5,FES-102,Good,0.0,9.5,0.0,9.5,9.5,0.0,100.0,Normal,0,Saturday,January,0.54,100.0,Normal,Healthy,Normal Operation,Continue Stream Monitoring,No Alert
2026-01-18,9.5,FES-102,Good,0.0,9.5,0.0,9.5,9.5,0.0,100.0,Normal,0,Sunday,January,0.46,100.0,Normal,Healthy,Normal Operation,Continue Stream Monitoring,No Alert
2026-01-19,9.5,FES-102,Good,0.0,9.5,0.0,9.5,9.5,0.0,100.0,Normal,0,Monday,January,0.34,100.0,Normal,Healthy,Normal Operation,Continue Stream Monitoring,No Alert
2026-01-20,9.5,FES-102,Good,0.0,9.5,0.0,9.5,9.5,0.0,100.0,Normal,0,Tuesday,January,0.53,100.0,Normal,Healthy,Normal Operation,Continue Stream Monitoring,No Alert
2026-01-21,9.5,FES-102,Good,0.0,9.5,0.0,9.5,9.5,0.0,100.0,Normal,0,Wednesday,January,0.44,100.0,Normal,Healthy,Normal Operation,Continue Stream Monitoring,No Alert
2026-01-22,9.5,FES-102,Good,0.0,9.5,0.0,9.5,9.5,0.0,100.0,Normal,0,Thursday,January,0.46,100.0,Normal,Healthy,Normal Operation,Continue Stream Monitoring,No Alert
2026-01-23,9.5,FES-102,Good,0.0,9.5,0.0,9.5,9.5,0.0,100.0,Normal,0,Friday,January,0.36,100.0,Normal,Healthy,Normal Operation,Continue Stream Monitoring,No Alert
2026-01-24,9.5,FES-102,Good,0.0,9.5,0.0,9.5,9.5,0.0,100.0,Normal,0,Saturday,January,0.37,100.0,Normal,Healthy,Normal Operation,Continue Stream Monitoring,No Alert
2026-01-25,9.5,FES-102,Interpolated,0.0,9.5,0.0,9.5,9.5,0.0,100.0,Normal,0,Sunday,January,0.54,100.0,Normal,Healthy,Normal Operation,Continue Stream Monitoring,No Alert
2026-01-26,9.5,FES-102,Interpolated,0.0,9.5,0.0,9.5,9.5,0.0,100.0,Normal,0,Monday,January,0.41,100.0,Normal,Healthy,Normal Operation,Continue Stream Monitoring,No Alert
2026-01-27,9.5,FES-102,Interpolated,0.0,9.5,0.0,9.5,9.5,0.0,100.0,Normal,0,Tuesday,January,0.42,100.0,Normal,Healthy,Normal Operation,Continue Stream Monitoring,No Alert
2026-01-28,,FES-102,Offline,0.0,9.5,0.0,9.5,9.5,0.0,100.0,Offline,0,Wednesday,January,0.425,0.0,Critical,Scrubber Telemetry Offline,CEMS Sensor Communication Failure,Inspect Modbus Transmitters and Field PLC Cabinets,Sensor Connection Error
2026-01-29,9.5,FES-102,Good,0.0,9.5,0.0,9.5,9.5,0.0,100.0,Normal,0,Thursday,January,0.43,100.0,Normal,Healthy,Normal Operation,Continue Stream Monitoring,No Alert
2026-01-30,9.5,FES-102,Good,0.0,9.5,0.0,9.5,9.5,0.0,100.0,Normal,0,Friday,January,0.435,100.0,Normal,Healthy,Normal Operation,Continue Stream Monitoring,No Alert
2026-01-31,9.5,FES-102,Good,0.0,9.5,0.0,9.5,9.5,0.0,100.0,Normal,0,Saturday,January,0.0,100.0,Normal,Healthy,Normal Operation,Continue Stream Monitoring,No Alert
2026-02-01,9.5,FES-102,Good,0.0,9.5,0.0,9.5,9.5,0.0,100.0,Normal,0,Sunday,February,0.0,100.0,Normal,Healthy,Normal Operation,Continue Stream Monitoring,No Alert
2026-02-02,9.5,FES-102,Good,0.0,9.5,0.0,9.5,9.5,0.0,100.0,Normal,0,Monday,February,0.45,100.0,Normal,Healthy,Normal Operation,Continue Stream Monitoring,No Alert
2026-02-03,9.5,FES-102,Good,0.0,9.5,0.0,9.5,9.5,0.0,100.0,Normal,0,Tuesday,February,0.23,100.0,Normal,Healthy,Normal Operation,Continue Stream Monitoring,No Alert
2026-02-04,9.5,FES-102,Good,0.0,9.5,0.0,9.5,9.5,0.0,100.0,Normal,0,Wednesday,February,0.25,100.0,Normal,Healthy,Normal Operation,Continue Stream Monitoring,No Alert
2026-02-05,9.5,FES-102,Good,0.0,9.5,0.0,9.5,9.5,0.0,100.0,Normal,0,Thursday,February,0.2,100.0,Normal,Healthy,Normal Operation,Continue Stream Monitoring,No Alert
2026-02-06,9.5,FES-102,Good,0.0,9.5,0.0,9.5,9.5,0.0,100.0,Normal,0,Friday,February,0.24,100.0,Normal,Healthy,Normal Operation,Continue Stream Monitoring,No Alert
2026-02-07,9.5,FES-102,Good,0.0,9.5,0.0,9.5,9.5,0.0,100.0,Normal,0,Saturday,February,0.2,100.0,Normal,Healthy,Normal Operation,Continue Stream Monitoring,No Alert
2026-02-08,9.5,FES-102,Good,0.0,9.5,0.0,9.5,9.5,0.0,100.0,Normal,0,Sunday,February,0.27,100.0,Normal,Healthy,Normal Operation,Continue Stream Monitoring,No Alert
2026-02-09,9.5,FES-102,Good,0.0,9.5,0.0,9.5,9.5,0.0,100.0,Normal,0,Monday,February,0.28,100.0,Normal,Healthy,Normal Operation,Continue Stream Monitoring,No Alert
2026-02-10,9.5,FES-102,Good,0.0,9.5,0.0,9.5,9.5,0.0,100.0,Normal,0,Tuesday,February,0.27,100.0,Normal,Healthy,Normal Operation,Continue Stream Monitoring,No Alert
2026-02-11,9.5,FES-102,Good,0.0,9.5,0.0,9.5,9.5,0.0,100.0,Normal,0,Wednesday,February,0.14,100.0,Normal,Healthy,Normal Operation,Continue Stream Monitoring,No Alert
2026-02-12,9.5,FES-102,Good,0.0,9.5,0.0,9.5,9.5,0.0,100.0,Normal,0,Thursday,February,0.26,100.0,Normal,Healthy,Normal Operation,Continue Stream Monitoring,No Alert
2026-02-13,9.5,FES-102,Good,0.0,9.5,0.0,9.5,9.5,0.0,100.0,Normal,0,Friday,February,0.29,100.0,Normal,Healthy,Normal Operation,Continue Stream Monitoring,No Alert
2026-02-14,9.5,FES-102,Good,0.0,9.5,0.0,9.5,9.5,0.0,100.0,Normal,0,Saturday,February,0.17,100.0,Normal,Healthy,Normal Operation,Continue Stream Monitoring,No Alert
2026-02-15,9.5,FES-102,Good,0.0,9.5,0.0,9.5,9.5,0.0,100.0,Normal,0,Sunday,February,0.29,100.0,Normal,Healthy,Normal Operation,Continue Stream Monitoring,No Alert
2026-02-16,9.5,FES-102,Good,0.0,9.5,0.0,9.5,9.5,0.0,100.0,Normal,0,Monday,February,0.19,100.0,Normal,Healthy,Normal Operation,Continue Stream Monitoring,No Alert
2026-02-17,9.5,FES-102,Good,0.0,9.5,0.0,9.5,9.5,0.0,100.0,Normal,0,Tuesday,February,0.19,100.0,Normal,Healthy,Normal Operation,Continue Stream Monitoring,No Alert
2026-02-18,9.5,FES-102,Good,0.0,9.5,0.0,9.5,9.5,0.0,100.0,Normal,0,Wednesday,February,0.22,100.0,Normal,Healthy,Normal Operation,Continue Stream Monitoring,No Alert
2026-02-19,9.5,FES-102,Good,0.0,9.5,0.0,9.5,9.5,0.0,100.0,Normal,0,Thursday,February,0.25,100.0,Normal,Healthy,Normal Operation,Continue Stream Monitoring,No Alert
2026-02-20,9.5,FES-102,Good,0.0,9.5,0.0,9.5,9.5,0.0,100.0,Normal,0,Friday,February,0.25,100.0,Normal,Healthy,Normal Operation,Continue Stream Monitoring,No Alert
2026-02-21,9.5,FES-102,Good,0.0,9.5,0.0,9.5,9.5,0.0,100.0,Normal,0,Saturday,February,0.24,100.0,Normal,Healthy,Normal Operation,Continue Stream Monitoring,No Alert
2026-02-22,9.5,FES-102,Good,0.0,9.5,0.0,9.5,9.5,0.0,100.0,Normal,0,Sunday,February,0.24,100.0,Normal,Healthy,Normal Operation,Continue Stream Monitoring,No Alert
2026-02-23,9.5,FES-102,Good,0.0,9.5,0.0,9.5,9.5,0.0,100.0,Normal,0,Monday,February,0.34,100.0,Normal,Healthy,Normal Operation,Continue Stream Monitoring,No Alert
2026-02-24,9.5,FES-102,Good,0.0,9.5,0.0,9.5,9.5,0.0,100.0,Normal,0,Tuesday,February,0.21,100.0,Normal,Healthy,Normal Operation,Continue Stream Monitoring,No Alert
2026-02-25,9.5,FES-102,Good,0.0,9.5,0.0,9.5,9.5,0.0,100.0,Normal,0,Wednesday,February,0.22,100.0,Normal,Healthy,Normal Operation,Continue Stream Monitoring,No Alert
2026-02-26,9.5,FES-102,Good,0.0,9.5,0.0,9.5,9.5,0.0,100.0,Normal,0,Thursday,February,0.23,100.0,Normal,Healthy,Normal Operation,Continue Stream Monitoring,No Alert
2026-02-27,9.5,FES-102,Good,0.0,9.5,0.0,9.5,9.5,0.0,100.0,Normal,0,Friday,February,0.23,100.0,Normal,Healthy,Normal Operation,Continue Stream Monitoring,No Alert
2026-02-28,9.5,FES-102,Good,0.0,9.5,0.0,9.5,9.5,0.0,100.0,Normal,0,Saturday,February,0.23,100.0,Normal,Healthy,Normal Operation,Continue Stream Monitoring,No Alert
2026-03-01,9.5,FES-102,Good,0.0,9.5,0.0,9.5,9.5,0.0,100.0,Normal,0,Sunday,March,0.24,100.0,Normal,Healthy,Normal Operation,Continue Stream Monitoring,No Alert
2026-03-02,9.5,FES-102,Good,0.0,9.5,0.0,9.5,9.5,0.0,100.0,Normal,0,Monday,March,0.3,100.0,Normal,Healthy,Normal Operation,Continue Stream Monitoring,No Alert
2026-03-03,9.5,FES-102,Good,0.0,9.5,0.0,9.5,9.5,0.0,100.0,Normal,0,Tuesday,March,0.26,100.0,Normal,Healthy,Normal Operation,Continue Stream Monitoring,No Alert
2026-03-04,9.5,FES-102,Good,0.0,9.5,0.0,9.5,9.5,0.0,100.0,Normal,0,Wednesday,March,0.18,100.0,Normal,Healthy,Normal Operation,Continue Stream Monitoring,No Alert
2026-03-05,9.5,FES-102,Good,0.0,9.5,0.0,9.5,9.5,0.0,100.0,Normal,0,Thursday,March,0.22,100.0,Normal,Healthy,Normal Operation,Continue Stream Monitoring,No Alert
2026-03-06,9.5,FES-102,Good,0.0,9.5,0.0,9.5,9.5,0.0,100.0,Normal,0,Friday,March,0.25,100.0,Normal,Healthy,Normal Operation,Continue Stream Monitoring,No Alert
2026-03-07,9.5,FES-102,Good,0.0,9.5,0.0,9.5,9.5,0.0,100.0,Normal,0,Saturday,March,0.2,100.0,Normal,Healthy,Normal Operation,Continue Stream Monitoring,No Alert
2026-03-08,9.5,FES-102,Good,0.0,9.5,0.0,9.5,9.5,0.0,100.0,Normal,0,Sunday,March,0.22,100.0,Normal,Healthy,Normal Operation,Continue Stream Monitoring,No Alert
2026-03-09,9.5,FES-102,Good,0.0,9.5,0.0,9.5,9.5,0.0,100.0,Normal,0,Monday,March,0.2,100.0,Normal,Healthy,Normal Operation,Continue Stream Monitoring,No Alert
2026-03-10,9.5,FES-102,Good,0.0,9.5,0.0,9.5,9.5,0.0,100.0,Normal,0,Tuesday,March,0.19,100.0,Normal,Healthy,Normal Operation,Continue Stream Monitoring,No Alert
2026-03-11,9.5,FES-102,Good,0.0,9.5,0.0,9.5,9.5,0.0,100.0,Normal,0,Wednesday,March,0.24,100.0,Normal,Healthy,Normal Operation,Continue Stream Monitoring,No Alert
2026-03-12,9.5,FES-102,Good,0.0,9.5,0.0,9.5,9.5,0.0,100.0,Normal,0,Thursday,March,0.25,100.0,Normal,Healthy,Normal Operation,Continue Stream Monitoring,No Alert
2026-03-13,9.5,FES-102,Good,0.0,9.5,0.0,9.5,9.5,0.0,100.0,Normal,0,Friday,March,0.22,100.0,Normal,Healthy,Normal Operation,Continue Stream Monitoring,No Alert
2026-03-14,9.5,FES-102,Good,0.0,9.5,0.0,9.5,9.5,0.0,100.0,Normal,0,Saturday,March,0.13,100.0,Normal,Healthy,Normal Operation,Continue Stream Monitoring,No Alert
2026-03-15,9.5,FES-102,Good,0.0,9.5,0.0,9.5,9.5,0.0,100.0,Normal,0,Sunday,March,0.15,100.0,Normal,Healthy,Normal Operation,Continue Stream Monitoring,No Alert
2026-03-16,9.5,FES-102,Good,0.0,9.5,0.0,9.5,9.5,0.0,100.0,Normal,0,Monday,March,0.14,100.0,Normal,Healthy,Normal Operation,Continue Stream Monitoring,No Alert
2026-03-17,9.5,FES-102,Good,0.0,9.5,0.0,9.5,9.5,0.0,100.0,Normal,0,Tuesday,March,0.19,100.0,Normal,Healthy,Normal Operation,Continue Stream Monitoring,No Alert
2026-03-18,9.5,FES-102,Good,0.0,9.5,0.0,9.5,9.5,0.0,100.0,Normal,0,Wednesday,March,0.12,100.0,Normal,Healthy,Normal Operation,Continue Stream Monitoring,No Alert
2026-03-19,9.5,FES-102,Good,0.0,9.5,0.0,9.5,9.5,0.0,100.0,Normal,0,Thursday,March,0.19,100.0,Normal,Healthy,Normal Operation,Continue Stream Monitoring,No Alert
2026-03-20,9.5,FES-102,Good,0.0,9.5,0.0,9.5,9.5,0.0,100.0,Normal,0,Friday,March,0.21,100.0,Normal,Healthy,Normal Operation,Continue Stream Monitoring,No Alert
2026-03-21,9.5,FES-102,Good,0.0,9.5,0.0,9.5,9.5,0.0,100.0,Normal,0,Saturday,March,0.25,100.0,Normal,Healthy,Normal Operation,Continue Stream Monitoring,No Alert
2026-03-22,9.5,FES-102,Good,0.0,9.5,0.0,9.5,9.5,0.0,100.0,Normal,0,Sunday,March,0.3,100.0,Normal,Healthy,Normal Operation,Continue Stream Monitoring,No Alert
2026-03-23,9.5,FES-102,Good,0.0,9.5,0.0,9.5,9.5,0.0,100.0,Normal,0,Monday,March,0.28,100.0,Normal,Healthy,Normal Operation,Continue Stream Monitoring,No Alert
2026-03-24,9.5,FES-102,Good,0.0,9.5,0.0,9.5,9.5,0.0,100.0,Normal,0,Tuesday,March,0.24,100.0,Normal,Healthy,Normal Operation,Continue Stream Monitoring,No Alert
2026-03-25,9.5,FES-102,Interpolated,0.0,9.5,0.0,9.5,9.5,0.0,100.0,Normal,0,Wednesday,March,0.21,100.0,Normal,Healthy,Normal Operation,Continue Stream Monitoring,No Alert
2026-03-26,9.5,FES-102,Interpolated,0.0,9.5,0.0,9.5,9.5,0.0,100.0,Normal,0,Thursday,March,0.31,100.0,Normal,Healthy,Normal Operation,Continue Stream Monitoring,No Alert
2026-03-27,9.5,FES-102,Interpolated,0.0,9.5,0.0,9.5,9.5,0.0,100.0,Normal,0,Friday,March,0.27,100.0,Normal,Healthy,Normal Operation,Continue Stream Monitoring,No Alert
2026-03-28,9.5,FES-102,Good,0.0,9.5,0.0,9.5,9.5,0.0,100.0,Normal,0,Saturday,March,0.2,100.0,Normal,Healthy,Normal Operation,Continue Stream Monitoring,No Alert
2026-03-29,9.5,FES-102,Good,0.0,9.5,0.0,9.5,9.5,0.0,100.0,Normal,0,Sunday,March,0.25,100.0,Normal,Healthy,Normal Operation,Continue Stream Monitoring,No Alert
2026-03-30,9.5,FES-102,Good,0.0,9.5,0.0,9.5,9.5,0.0,100.0,Normal,0,Monday,March,0.24,100.0,Normal,Healthy,Normal Operation,Continue Stream Monitoring,No Alert
2026-03-31,9.5,FES-102,Good,0.0,9.5,0.0,9.5,9.5,0.0,100.0,Normal,0,Tuesday,March,0.28,100.0,Normal,Healthy,Normal Operation,Continue Stream Monitoring,No Alert
2026-04-01,9.5,FES-102,Good,0.0,9.5,0.0,9.5,9.5,0.0,100.0,Normal,0,Wednesday,April,0.3,100.0,Normal,Healthy,Normal Operation,Continue Stream Monitoring,No Alert
2026-04-02,9.5,FES-102,Good,0.0,9.5,0.0,9.5,9.5,0.0,100.0,Normal,0,Thursday,April,0.32,100.0,Normal,Healthy,Normal Operation,Continue Stream Monitoring,No Alert
2026-04-03,9.5,FES-102,Good,0.0,9.5,0.0,9.5,9.5,0.0,100.0,Normal,0,Friday,April,0.26,100.0,Normal,Healthy,Normal Operation,Continue Stream Monitoring,No Alert
2026-04-04,9.5,FES-102,Good,0.0,9.5,0.0,9.5,9.5,0.0,100.0,Normal,0,Saturday,April,0.27,100.0,Normal,Healthy,Normal Operation,Continue Stream Monitoring,No Alert
2026-04-05,9.5,FES-102,Good,0.0,9.5,0.0,9.5,9.5,0.0,100.0,Normal,0,Sunday,April,0.25,100.0,Normal,Healthy,Normal Operation,Continue Stream Monitoring,No Alert
2026-04-06,9.5,FES-102,Good,0.0,9.5,0.0,9.5,9.5,0.0,100.0,Normal,0,Monday,April,0.34,100.0,Normal,Healthy,Normal Operation,Continue Stream Monitoring,No Alert
2026-04-07,9.5,FES-102,Good,0.0,9.5,0.0,9.5,9.5,0.0,100.0,Normal,0,Tuesday,April,0.34,100.0,Normal,Healthy,Normal Operation,Continue Stream Monitoring,No Alert
2026-04-08,9.5,FES-102,Good,0.0,9.5,0.0,9.5,9.5,0.0,100.0,Normal,0,Wednesday,April,0.27,100.0,Normal,Healthy,Normal Operation,Continue Stream Monitoring,No Alert
2026-04-09,9.5,FES-102,Good,0.0,9.5,0.0,9.5,9.5,0.0,100.0,Normal,0,Thursday,April,0.28,100.0,Normal,Healthy,Normal Operation,Continue Stream Monitoring,No Alert
2026-04-10,9.5,FES-102,Good,0.0,9.5,0.0,9.5,9.5,0.0,100.0,Normal,0,Friday,April,0.33,100.0,Normal,Healthy,Normal Operation,Continue Stream Monitoring,No Alert
2026-04-11,9.5,FES-102,Good,0.0,9.5,0.0,9.5,9.5,0.0,100.0,Normal,0,Saturday,April,0.34,100.0,Normal,Healthy,Normal Operation,Continue Stream Monitoring,No Alert
2026-04-12,9.5,FES-102,Interpolated,0.0,9.5,0.0,9.5,9.5,0.0,100.0,Normal,0,Sunday,April,0.2,100.0,Normal,Healthy,Normal Operation,Continue Stream Monitoring,No Alert
2026-04-13,9.5,FES-102,Good,0.0,9.5,0.0,9.5,9.5,0.0,100.0,Normal,0,Monday,April,0.23,100.0,Normal,Healthy,Normal Operation,Continue Stream Monitoring,No Alert
2026-04-14,9.5,FES-102,Good,0.0,9.5,0.0,9.5,9.5,0.0,100.0,Normal,0,Tuesday,April,0.26,100.0,Normal,Healthy,Normal Operation,Continue Stream Monitoring,No Alert
2026-04-15,9.5,FES-102,Good,0.0,9.5,0.0,9.5,9.5,0.0,100.0,Normal,0,Wednesday,April,0.26,100.0,Normal,Healthy,Normal Operation,Continue Stream Monitoring,No Alert
2026-04-16,9.5,FES-102,Good,0.0,9.5,0.0,9.5,9.5,0.0,100.0,Normal,0,Thursday,April,0.22,100.0,Normal,Healthy,Normal Operation,Continue Stream Monitoring,No Alert
2026-04-17,9.5,FES-102,Good,0.0,9.5,0.0,9.5,9.5,0.0,100.0,Normal,0,Friday,April,0.25,100.0,Normal,Healthy,Normal Operation,Continue Stream Monitoring,No Alert
2026-04-18,9.5,FES-102,Good,0.0,9.5,0.0,9.5,9.5,0.0,100.0,Normal,0,Saturday,April,0.22,100.0,Normal,Healthy,Normal Operation,Continue Stream Monitoring,No Alert
2026-04-19,9.5,FES-102,Good,0.0,9.5,0.0,9.5,9.5,0.0,100.0,Normal,0,Sunday,April,0.28,100.0,Normal,Healthy,Normal Operation,Continue Stream Monitoring,No Alert
2026-04-20,9.5,FES-102,Good,0.0,9.5,0.0,9.5,9.5,0.0,100.0,Normal,0,Monday,April,0.27,100.0,Normal,Healthy,Normal Operation,Continue Stream Monitoring,No Alert
2026-04-21,9.5,FES-102,Good,0.0,9.5,0.0,9.5,9.5,0.0,100.0,Normal,0,Tuesday,April,0.29,100.0,Normal,Healthy,Normal Operation,Continue Stream Monitoring,No Alert
2026-04-22,9.5,FES-102,Good,0.0,9.5,0.0,9.5,9.5,0.0,100.0,Normal,0,Wednesday,April,0.34,100.0,Normal,Healthy,Normal Operation,Continue Stream Monitoring,No Alert
2026-04-23,9.5,FES-102,Good,0.0,9.5,0.0,9.5,9.5,0.0,100.0,Normal,0,Thursday,April,0.38,100.0,Normal,Healthy,Normal Operation,Continue Stream Monitoring,No Alert
2026-04-24,9.5,FES-102,Good,0.0,9.5,0.0,9.5,9.5,0.0,100.0,Normal,0,Friday,April,0.41,100.0,Normal,Healthy,Normal Operation,Continue Stream Monitoring,No Alert
2026-04-25,9.5,FES-102,Good,0.0,9.5,0.0,9.5,9.5,0.0,100.0,Normal,0,Saturday,April,0.6,100.0,Normal,Healthy,Normal Operation,Continue Stream Monitoring,No Alert
2026-04-26,9.5,FES-102,Good,0.0,9.5,0.0,9.5,9.5,0.0,100.0,Normal,0,Sunday,April,0.0,100.0,Normal,Healthy,Normal Operation,Continue Stream Monitoring,No Alert
2026-04-27,9.5,FES-102,Good,0.0,9.5,0.0,9.5,9.5,0.0,100.0,Normal,0,Monday,April,0.51,100.0,Normal,Healthy,Normal Operation,Continue Stream Monitoring,No Alert
2026-04-28,9.5,FES-102,Good,0.0,9.5,0.0,9.5,9.5,0.0,100.0,Normal,0,Tuesday,April,0.34,100.0,Normal,Healthy,Normal Operation,Continue Stream Monitoring,No Alert
2026-04-29,9.5,FES-102,Good,0.0,9.5,0.0,9.5,9.5,0.0,100.0,Normal,0,Wednesday,April,0.41,100.0,Normal,Healthy,Normal Operation,Continue Stream Monitoring,No Alert
2026-04-30,9.5,FES-102,Good,0.0,9.5,0.0,9.5,9.5,0.0,100.0,Normal,0,Thursday,April,0.3,100.0,Normal,Healthy,Normal Operation,Continue Stream Monitoring,No Alert
2026-05-01,9.5,FES-102,Good,0.0,9.5,0.0,9.5,9.5,0.0,100.0,Normal,0,Friday,May,0.35,100.0,Normal,Healthy,Normal Operation,Continue Stream Monitoring,No Alert
2026-05-02,9.5,FES-102,Good,0.0,9.5,0.0,9.5,9.5,0.0,100.0,Normal,0,Saturday,May,0.36,100.0,Normal,Healthy,Normal Operation,Continue Stream Monitoring,No Alert
2026-05-03,9.5,FES-102,Good,0.0,9.5,0.0,9.5,9.5,0.0,100.0,Normal,0,Sunday,May,0.27,100.0,Normal,Healthy,Normal Operation,Continue Stream Monitoring,No Alert
2026-05-04,9.5,FES-102,Good,0.0,9.5,0.0,9.5,9.5,0.0,100.0,Normal,0,Monday,May,0.35,100.0,Normal,Healthy,Normal Operation,Continue Stream Monitoring,No Alert
2026-05-05,9.5,FES-102,Good,0.0,9.5,0.0,9.5,9.5,0.0,100.0,Normal,0,Tuesday,May,0.31,100.0,Normal,Healthy,Normal Operation,Continue Stream Monitoring,No Alert
2026-05-06,9.5,FES-102,Good,0.0,9.5,0.0,9.5,9.5,0.0,100.0,Normal,0,Wednesday,May,0.4,100.0,Normal,Healthy,Normal Operation,Continue Stream Monitoring,No Alert
2026-05-07,9.5,FES-102,Good,0.0,9.5,0.0,9.5,9.5,0.0,100.0,Normal,0,Thursday,May,0.47,100.0,Normal,Healthy,Normal Operation,Continue Stream Monitoring,No Alert
2026-05-08,9.5,FES-102,Good,0.0,9.5,0.0,9.5,9.5,0.0,100.0,Normal,0,Friday,May,0.33,100.0,Normal,Healthy,Normal Operation,Continue Stream Monitoring,No Alert
2026-05-09,9.5,FES-102,Good,0.0,9.5,0.0,9.5,9.5,0.0,100.0,Normal,0,Saturday,May,0.37,100.0,Normal,Healthy,Normal Operation,Continue Stream Monitoring,No Alert
2026-05-10,9.5,FES-102,Good,0.0,9.5,0.0,9.5,9.5,0.0,100.0,Normal,0,Sunday,May,0.39,100.0,Normal,Healthy,Normal Operation,Continue Stream Monitoring,No Alert
2026-05-11,9.5,FES-102,Good,0.0,9.5,0.0,9.5,9.5,0.0,100.0,Normal,0,Monday,May,0.41,100.0,Normal,Healthy,Normal Operation,Continue Stream Monitoring,No Alert
2026-05-12,9.5,FES-102,Good,0.0,9.5,0.0,9.5,9.5,0.0,100.0,Normal,0,Tuesday,May,0.45,100.0,Normal,Healthy,Normal Operation,Continue Stream Monitoring,No Alert
2026-05-13,9.5,FES-102,Good,0.0,9.5,0.0,9.5,9.5,0.0,100.0,Normal,0,Wednesday,May,0.24,100.0,Normal,Healthy,Normal Operation,Continue Stream Monitoring,No Alert
2026-05-14,9.5,FES-102,Good,0.0,9.5,0.0,9.5,9.5,0.0,100.0,Normal,0,Thursday,May,0.32,100.0,Normal,Healthy,Normal Operation,Continue Stream Monitoring,No Alert
2026-05-15,9.5,FES-102,Good,0.0,9.5,0.0,9.5,9.5,0.0,100.0,Normal,0,Friday,May,0.2,100.0,Normal,Healthy,Normal Operation,Continue Stream Monitoring,No Alert
2026-05-16,9.5,FES-102,Good,0.0,9.5,0.0,9.5,9.5,0.0,100.0,Normal,0,Saturday,May,0.29,100.0,Normal,Healthy,Normal Operation,Continue Stream Monitoring,No Alert
2026-05-17,9.5,FES-102,Good,0.0,9.5,0.0,9.5,9.5,0.0,100.0,Normal,0,Sunday,May,0.28,100.0,Normal,Healthy,Normal Operation,Continue Stream Monitoring,No Alert
2026-05-18,9.5,FES-102,Good,0.0,9.5,0.0,9.5,9.5,0.0,100.0,Normal,0,Monday,May,0.29,100.0,Normal,Healthy,Normal Operation,Continue Stream Monitoring,No Alert
2026-05-19,9.5,FES-102,Good,0.0,9.5,0.0,9.5,9.5,0.0,100.0,Normal,0,Tuesday,May,0.27,100.0,Normal,Healthy,Normal Operation,Continue Stream Monitoring,No Alert
2026-05-20,9.5,FES-102,Good,0.0,9.5,0.0,9.5,9.5,0.0,100.0,Normal,0,Wednesday,May,0.31,100.0,Normal,Healthy,Normal Operation,Continue Stream Monitoring,No Alert
2026-05-21,9.5,FES-102,Good,0.0,9.5,0.0,9.5,9.5,0.0,100.0,Normal,0,Thursday,May,0.34,100.0,Normal,Healthy,Normal Operation,Continue Stream Monitoring,No Alert
2026-05-22,9.5,FES-102,Good,0.0,9.5,0.0,9.5,9.5,0.0,100.0,Normal,0,Friday,May,0.25,100.0,Normal,Healthy,Normal Operation,Continue Stream Monitoring,No Alert
2026-05-23,9.5,FES-102,Good,0.0,9.5,0.0,9.5,9.5,0.0,100.0,Normal,0,Saturday,May,0.19,100.0,Normal,Healthy,Normal Operation,Continue Stream Monitoring,No Alert
2026-05-24,9.5,FES-102,Good,0.0,9.5,0.0,9.5,9.5,0.0,100.0,Normal,0,Sunday,May,0.35,100.0,Normal,Healthy,Normal Operation,Continue Stream Monitoring,No Alert
2026-05-25,9.5,FES-102,Good,0.0,9.5,0.0,9.5,9.5,0.0,100.0,Normal,0,Monday,May,0.36,100.0,Normal,Healthy,Normal Operation,Continue Stream Monitoring,No Alert
2026-05-26,9.5,FES-102,Good,0.0,9.5,0.0,9.5,9.5,0.0,100.0,Normal,0,Tuesday,May,0.3,100.0,Normal,Healthy,Normal Operation,Continue Stream Monitoring,No Alert
2026-05-27,9.5,FES-102,Good,0.0,9.5,0.0,9.5,9.5,0.0,100.0,Normal,0,Wednesday,May,0.41,100.0,Normal,Healthy,Normal Operation,Continue Stream Monitoring,No Alert
2026-05-28,9.5,FES-102,Good,0.0,9.5,0.0,9.5,9.5,0.0,100.0,Normal,0,Thursday,May,2.01,100.0,Normal,Healthy,Normal Operation,Continue Stream Monitoring,No Alert
2026-05-29,9.5,FES-102,Good,0.0,9.5,0.0,9.5,9.5,0.0,100.0,Normal,0,Friday,May,0.31,100.0,Normal,Healthy,Normal Operation,Continue Stream Monitoring,No Alert
2026-05-30,9.5,FES-102,Good,0.0,9.5,0.0,9.5,9.5,0.0,100.0,Normal,0,Saturday,May,0.3,100.0,Normal,Healthy,Normal Operation,Continue Stream Monitoring,No Alert
2026-05-31,9.5,FES-102,Good,0.0,9.5,0.0,9.5,9.5,0.0,100.0,Normal,0,Sunday,May,0.29,100.0,Normal,Healthy,Normal Operation,Continue Stream Monitoring,No Alert
2026-06-01,9.5,FES-102,Good,0.0,9.5,0.0,9.5,9.5,0.0,100.0,Normal,0,Monday,June,0.29,100.0,Normal,Healthy,Normal Operation,Continue Stream Monitoring,No Alert
2026-06-02,9.5,FES-102,Good,0.0,9.5,0.0,9.5,9.5,0.0,100.0,Normal,0,Tuesday,June,0.3,100.0,Normal,Healthy,Normal Operation,Continue Stream Monitoring,No Alert
2026-06-03,9.5,FES-102,Good,0.0,9.5,0.0,9.5,9.5,0.0,100.0,Normal,0,Wednesday,June,0.27,100.0,Normal,Healthy,Normal Operation,Continue Stream Monitoring,No Alert
2026-06-04,9.5,FES-102,Good,0.0,9.5,0.0,9.5,9.5,0.0,100.0,Normal,0,Thursday,June,0.24,100.0,Normal,Healthy,Normal Operation,Continue Stream Monitoring,No Alert
2026-06-05,9.5,FES-102,Good,0.0,9.5,0.0,9.5,9.5,0.0,100.0,Normal,0,Friday,June,0.24,100.0,Normal,Healthy,Normal Operation,Continue Stream Monitoring,No Alert
2026-06-06,9.5,FES-102,Good,0.0,9.5,0.0,9.5,9.5,0.0,100.0,Normal,0,Saturday,June,0.2333333333333333,100.0,Normal,Healthy,Normal Operation,Continue Stream Monitoring,No Alert
2026-06-07,9.5,FES-102,Good,0.0,9.5,0.0,9.5,9.5,0.0,100.0,Normal,0,Sunday,June,0.2266666666666666,100.0,Normal,Healthy,Normal Operation,Continue Stream Monitoring,No Alert
2026-06-08,9.5,FES-102,Good,0.0,9.5,0.0,9.5,9.5,0.0,100.0,Normal,0,Monday,June,0.22,100.0,Normal,Healthy,Normal Operation,Continue Stream Monitoring,No Alert
2026-06-09,9.5,FES-102,Good,0.0,9.5,0.0,9.5,9.5,0.0,100.0,Normal,0,Tuesday,June,0.32,100.0,Normal,Healthy,Normal Operation,Continue Stream Monitoring,No Alert
2026-06-10,9.5,FES-102,Good,0.0,9.5,0.0,9.5,9.5,0.0,100.0,Normal,0,Wednesday,June,0.31,100.0,Normal,Healthy,Normal Operation,Continue Stream Monitoring,No Alert
2026-06-11,9.5,FES-102,Good,0.0,9.5,0.0,9.5,9.5,0.0,100.0,Normal,0,Thursday,June,0.32,100.0,Normal,Healthy,Normal Operation,Continue Stream Monitoring,No Alert
2026-06-12,9.5,FES-102,Good,0.0,9.5,0.0,9.5,9.5,0.0,100.0,Normal,0,Friday,June,0.36,100.0,Normal,Healthy,Normal Operation,Continue Stream Monitoring,No Alert
2026-06-13,9.5,FES-102,Good,0.0,9.5,0.0,9.5,9.5,0.0,100.0,Normal,0,Saturday,June,0.29,100.0,Normal,Healthy,Normal Operation,Continue Stream Monitoring,No Alert
2026-06-14,9.5,FES-102,Good,0.0,9.5,0.0,9.5,9.5,0.0,100.0,Normal,0,Sunday,June,0.29,100.0,Normal,Healthy,Normal Operation,Continue Stream Monitoring,No Alert
2026-06-15,9.5,FES-102,Good,0.0,9.5,0.0,9.5,9.5,0.0,100.0,Normal,0,Monday,June,0.31,100.0,Normal,Healthy,Normal Operation,Continue Stream Monitoring,No Alert
2026-06-16,9.5,FES-102,Good,0.0,9.5,0.0,9.5,9.5,0.0,100.0,Normal,0,Tuesday,June,0.24,100.0,Normal,Healthy,Normal Operation,Continue Stream Monitoring,No Alert
2026-06-17,9.5,FES-102,Good,0.0,9.5,0.0,9.5,9.5,0.0,100.0,Normal,0,Wednesday,June,0.21,100.0,Normal,Healthy,Normal Operation,Continue Stream Monitoring,No Alert
2026-06-18,9.5,FES-102,Good,0.0,9.5,0.0,9.5,9.5,0.0,100.0,Normal,0,Thursday,June,0.36,100.0,Normal,Healthy,Normal Operation,Continue Stream Monitoring,No Alert
2026-06-19,9.5,FES-102,Good,0.0,9.5,0.0,9.5,9.5,0.0,100.0,Normal,0,Friday,June,0.26,100.0,Normal,Healthy,Normal Operation,Continue Stream Monitoring,No Alert
2026-06-20,9.5,FES-102,Good,0.0,9.5,0.0,9.5,9.5,0.0,100.0,Normal,0,Saturday,June,0.24,100.0,Normal,Healthy,Normal Operation,Continue Stream Monitoring,No Alert
2026-06-21,9.5,FES-102,Good,0.0,9.5,0.0,9.5,9.5,0.0,100.0,Normal,0,Sunday,June,0.3,100.0,Normal,Healthy,Normal Operation,Continue Stream Monitoring,No Alert
2026-06-22,9.5,FES-102,Good,0.0,9.5,0.0,9.5,9.5,0.0,100.0,Normal,0,Monday,June,0.28,100.0,Normal,Healthy,Normal Operation,Continue Stream Monitoring,No Alert
2026-06-23,9.5,FES-102,Good,0.0,9.5,0.0,9.5,9.5,0.0,100.0,Normal,0,Tuesday,June,0.37,100.0,Normal,Healthy,Normal Operation,Continue Stream Monitoring,No Alert
2026-06-24,9.5,FES-102,Good,0.0,9.5,0.0,9.5,9.5,0.0,100.0,Normal,0,Wednesday,June,0.27,100.0,Normal,Healthy,Normal Operation,Continue Stream Monitoring,No Alert
2026-06-25,9.5,FES-102,Good,0.0,9.5,0.0,9.5,9.5,0.0,100.0,Normal,0,Thursday,June,0.33,100.0,Normal,Healthy,Normal Operation,Continue Stream Monitoring,No Alert
2026-06-26,9.5,FES-102,Good,0.0,9.5,0.0,9.5,9.5,0.0,100.0,Normal,0,Friday,June,0.24,100.0,Normal,Healthy,Normal Operation,Continue Stream Monitoring,No Alert
2026-06-27,9.5,FES-102,Good,0.0,9.5,0.0,9.5,9.5,0.0,100.0,Normal,0,Saturday,June,0.34,100.0,Normal,Healthy,Normal Operation,Continue Stream Monitoring,No Alert
2026-06-28,9.5,FES-102,Good,0.0,9.5,0.0,9.5,9.5,0.0,100.0,Normal,0,Sunday,June,0.24,100.0,Normal,Healthy,Normal Operation,Continue Stream Monitoring,No Alert
2026-06-29,9.5,FES-102,Good,0.0,9.5,0.0,9.5,9.5,0.0,100.0,Normal,0,Monday,June,0.44,100.0,Normal,Healthy,Normal Operation,Continue Stream Monitoring,No Alert
2026-06-30,9.5,FES-102,Good,0.0,9.5,0.0,9.5,9.5,0.0,100.0,Normal,0,Tuesday,June,0.47,100.0,Normal,Healthy,Normal Operation,Continue Stream Monitoring,No Alert
2026-01-01,,GCB-6-SCRUBBER,Offline,0.0,,0.0,,,,100.0,Offline,0,Thursday,January,0.45,0.0,Critical,Scrubber Telemetry Offline,CEMS Sensor Communication Failure,Inspect Modbus Transmitters and Field PLC Cabinets,Sensor Connection Error
2026-01-02,,GCB-6-SCRUBBER,Offline,0.0,,0.0,,,,100.0,Offline,0,Friday,January,0.45,0.0,Critical,Scrubber Telemetry Offline,CEMS Sensor Communication Failure,Inspect Modbus Transmitters and Field PLC Cabinets,Sensor Connection Error
2026-01-03,,GCB-6-SCRUBBER,Offline,0.0,,0.0,,,,100.0,Offline,0,Saturday,January,0.47,0.0,Critical,Scrubber Telemetry Offline,CEMS Sensor Communication Failure,Inspect Modbus Transmitters and Field PLC Cabinets,Sensor Connection Error
2026-01-04,,GCB-6-SCRUBBER,Offline,0.0,,0.0,,,,100.0,Offline,0,Sunday,January,0.51,0.0,Critical,Scrubber Telemetry Offline,CEMS Sensor Communication Failure,Inspect Modbus Transmitters and Field PLC Cabinets,Sensor Connection Error
2026-01-05,,GCB-6-SCRUBBER,Offline,0.0,,0.0,,,,100.0,Offline,0,Monday,January,0.41,0.0,Critical,Scrubber Telemetry Offline,CEMS Sensor Communication Failure,Inspect Modbus Transmitters and Field PLC Cabinets,Sensor Connection Error
2026-01-06,,GCB-6-SCRUBBER,Offline,0.0,,0.0,,,,100.0,Offline,0,Tuesday,January,0.41,0.0,Critical,Scrubber Telemetry Offline,CEMS Sensor Communication Failure,Inspect Modbus Transmitters and Field PLC Cabinets,Sensor Connection Error
2026-01-07,,GCB-6-SCRUBBER,Offline,0.0,,0.0,,,,100.0,Offline,0,Wednesday,January,0.52,0.0,Critical,Scrubber Telemetry Offline,CEMS Sensor Communication Failure,Inspect Modbus Transmitters and Field PLC Cabinets,Sensor Connection Error
2026-01-08,,GCB-6-SCRUBBER,Offline,0.0,,0.0,,,,100.0,Offline,0,Thursday,January,0.54,0.0,Critical,Scrubber Telemetry Offline,CEMS Sensor Communication Failure,Inspect Modbus Transmitters and Field PLC Cabinets,Sensor Connection Error
2026-01-09,,GCB-6-SCRUBBER,Offline,0.0,,0.0,,,,100.0,Offline,0,Friday,January,0.48,0.0,Critical,Scrubber Telemetry Offline,CEMS Sensor Communication Failure,Inspect Modbus Transmitters and Field PLC Cabinets,Sensor Connection Error
2026-01-10,,GCB-6-SCRUBBER,Offline,0.0,,0.0,,,,100.0,Offline,0,Saturday,January,0.53,0.0,Critical,Scrubber Telemetry Offline,CEMS Sensor Communication Failure,Inspect Modbus Transmitters and Field PLC Cabinets,Sensor Connection Error
2026-01-11,,GCB-6-SCRUBBER,Offline,0.0,,0.0,,,,100.0,Offline,0,Sunday,January,0.51,0.0,Critical,Scrubber Telemetry Offline,CEMS Sensor Communication Failure,Inspect Modbus Transmitters and Field PLC Cabinets,Sensor Connection Error
2026-01-12,,GCB-6-SCRUBBER,Offline,0.0,,0.0,,,,100.0,Offline,0,Monday,January,0.52,0.0,Critical,Scrubber Telemetry Offline,CEMS Sensor Communication Failure,Inspect Modbus Transmitters and Field PLC Cabinets,Sensor Connection Error
2026-01-13,,GCB-6-SCRUBBER,Offline,0.0,,0.0,,,,100.0,Offline,0,Tuesday,January,0.54,0.0,Critical,Scrubber Telemetry Offline,CEMS Sensor Communication Failure,Inspect Modbus Transmitters and Field PLC Cabinets,Sensor Connection Error
2026-01-14,,GCB-6-SCRUBBER,Offline,0.0,,0.0,,,,100.0,Offline,0,Wednesday,January,0.57,0.0,Critical,Scrubber Telemetry Offline,CEMS Sensor Communication Failure,Inspect Modbus Transmitters and Field PLC Cabinets,Sensor Connection Error
2026-01-15,,GCB-6-SCRUBBER,Offline,0.0,,0.0,,,,100.0,Offline,0,Thursday,January,0.51,0.0,Critical,Scrubber Telemetry Offline,CEMS Sensor Communication Failure,Inspect Modbus Transmitters and Field PLC Cabinets,Sensor Connection Error
2026-01-16,,GCB-6-SCRUBBER,Offline,0.0,,0.0,,,,100.0,Offline,0,Friday,January,0.49,0.0,Critical,Scrubber Telemetry Offline,CEMS Sensor Communication Failure,Inspect Modbus Transmitters and Field PLC Cabinets,Sensor Connection Error
2026-01-17,,GCB-6-SCRUBBER,Offline,0.0,,0.0,,,,100.0,Offline,0,Saturday,January,0.54,0.0,Critical,Scrubber Telemetry Offline,CEMS Sensor Communication Failure,Inspect Modbus Transmitters and Field PLC Cabinets,Sensor Connection Error
2026-01-18,,GCB-6-SCRUBBER,Offline,0.0,,0.0,,,,100.0,Offline,0,Sunday,January,0.46,0.0,Critical,Scrubber Telemetry Offline,CEMS Sensor Communication Failure,Inspect Modbus Transmitters and Field PLC Cabinets,Sensor Connection Error
2026-01-19,,GCB-6-SCRUBBER,Offline,0.0,,0.0,,,,100.0,Offline,0,Monday,January,0.34,0.0,Critical,Scrubber Telemetry Offline,CEMS Sensor Communication Failure,Inspect Modbus Transmitters and Field PLC Cabinets,Sensor Connection Error
2026-01-20,,GCB-6-SCRUBBER,Offline,0.0,,0.0,,,,100.0,Offline,0,Tuesday,January,0.53,0.0,Critical,Scrubber Telemetry Offline,CEMS Sensor Communication Failure,Inspect Modbus Transmitters and Field PLC Cabinets,Sensor Connection Error
2026-01-21,,GCB-6-SCRUBBER,Offline,0.0,,0.0,,,,100.0,Offline,0,Wednesday,January,0.44,0.0,Critical,Scrubber Telemetry Offline,CEMS Sensor Communication Failure,Inspect Modbus Transmitters and Field PLC Cabinets,Sensor Connection Error
2026-01-22,,GCB-6-SCRUBBER,Offline,0.0,,0.0,,,,100.0,Offline,0,Thursday,January,0.46,0.0,Critical,Scrubber Telemetry Offline,CEMS Sensor Communication Failure,Inspect Modbus Transmitters and Field PLC Cabinets,Sensor Connection Error
2026-01-23,,GCB-6-SCRUBBER,Offline,0.0,,0.0,,,,100.0,Offline,0,Friday,January,0.36,0.0,Critical,Scrubber Telemetry Offline,CEMS Sensor Communication Failure,Inspect Modbus Transmitters and Field PLC Cabinets,Sensor Connection Error
2026-01-24,,GCB-6-SCRUBBER,Offline,0.0,,0.0,,,,100.0,Offline,0,Saturday,January,0.37,0.0,Critical,Scrubber Telemetry Offline,CEMS Sensor Communication Failure,Inspect Modbus Transmitters and Field PLC Cabinets,Sensor Connection Error
2026-01-25,,GCB-6-SCRUBBER,Offline,0.0,,0.0,,,,100.0,Offline,0,Sunday,January,0.54,0.0,Critical,Scrubber Telemetry Offline,CEMS Sensor Communication Failure,Inspect Modbus Transmitters and Field PLC Cabinets,Sensor Connection Error
2026-01-26,,GCB-6-SCRUBBER,Offline,0.0,,0.0,,,,100.0,Offline,0,Monday,January,0.41,0.0,Critical,Scrubber Telemetry Offline,CEMS Sensor Communication Failure,Inspect Modbus Transmitters and Field PLC Cabinets,Sensor Connection Error
2026-01-27,,GCB-6-SCRUBBER,Offline,0.0,,0.0,,,,100.0,Offline,0,Tuesday,January,0.42,0.0,Critical,Scrubber Telemetry Offline,CEMS Sensor Communication Failure,Inspect Modbus Transmitters and Field PLC Cabinets,Sensor Connection Error
2026-01-28,,GCB-6-SCRUBBER,Offline,0.0,,0.0,,,,100.0,Offline,0,Wednesday,January,0.425,0.0,Critical,Scrubber Telemetry Offline,CEMS Sensor Communication Failure,Inspect Modbus Transmitters and Field PLC Cabinets,Sensor Connection Error
2026-01-29,,GCB-6-SCRUBBER,Offline,0.0,,0.0,,,,100.0,Offline,0,Thursday,January,0.43,0.0,Critical,Scrubber Telemetry Offline,CEMS Sensor Communication Failure,Inspect Modbus Transmitters and Field PLC Cabinets,Sensor Connection Error
2026-01-30,,GCB-6-SCRUBBER,Offline,0.0,,0.0,,,,100.0,Offline,0,Friday,January,0.435,0.0,Critical,Scrubber Telemetry Offline,CEMS Sensor Communication Failure,Inspect Modbus Transmitters and Field PLC Cabinets,Sensor Connection Error
2026-01-31,,GCB-6-SCRUBBER,Offline,0.0,,0.0,,,,100.0,Offline,0,Saturday,January,0.0,0.0,Critical,Scrubber Telemetry Offline,CEMS Sensor Communication Failure,Inspect Modbus Transmitters and Field PLC Cabinets,Sensor Connection Error
2026-02-01,,GCB-6-SCRUBBER,Offline,0.0,,0.0,,,,100.0,Offline,0,Sunday,February,0.0,0.0,Critical,Scrubber Telemetry Offline,CEMS Sensor Communication Failure,Inspect Modbus Transmitters and Field PLC Cabinets,Sensor Connection Error
2026-02-02,,GCB-6-SCRUBBER,Offline,0.0,,0.0,,,,100.0,Offline,0,Monday,February,0.45,0.0,Critical,Scrubber Telemetry Offline,CEMS Sensor Communication Failure,Inspect Modbus Transmitters and Field PLC Cabinets,Sensor Connection Error
2026-02-03,,GCB-6-SCRUBBER,Offline,0.0,,0.0,,,,100.0,Offline,0,Tuesday,February,0.23,0.0,Critical,Scrubber Telemetry Offline,CEMS Sensor Communication Failure,Inspect Modbus Transmitters and Field PLC Cabinets,Sensor Connection Error
2026-02-04,,GCB-6-SCRUBBER,Offline,0.0,,0.0,,,,100.0,Offline,0,Wednesday,February,0.25,0.0,Critical,Scrubber Telemetry Offline,CEMS Sensor Communication Failure,Inspect Modbus Transmitters and Field PLC Cabinets,Sensor Connection Error
2026-02-05,,GCB-6-SCRUBBER,Offline,0.0,,0.0,,,,100.0,Offline,0,Thursday,February,0.2,0.0,Critical,Scrubber Telemetry Offline,CEMS Sensor Communication Failure,Inspect Modbus Transmitters and Field PLC Cabinets,Sensor Connection Error
2026-02-06,,GCB-6-SCRUBBER,Offline,0.0,,0.0,,,,100.0,Offline,0,Friday,February,0.24,0.0,Critical,Scrubber Telemetry Offline,CEMS Sensor Communication Failure,Inspect Modbus Transmitters and Field PLC Cabinets,Sensor Connection Error
2026-02-07,,GCB-6-SCRUBBER,Offline,0.0,,0.0,,,,100.0,Offline,0,Saturday,February,0.2,0.0,Critical,Scrubber Telemetry Offline,CEMS Sensor Communication Failure,Inspect Modbus Transmitters and Field PLC Cabinets,Sensor Connection Error
2026-02-08,,GCB-6-SCRUBBER,Offline,0.0,,0.0,,,,100.0,Offline,0,Sunday,February,0.27,0.0,Critical,Scrubber Telemetry Offline,CEMS Sensor Communication Failure,Inspect Modbus Transmitters and Field PLC Cabinets,Sensor Connection Error
2026-02-09,,GCB-6-SCRUBBER,Offline,0.0,,0.0,,,,100.0,Offline,0,Monday,February,0.28,0.0,Critical,Scrubber Telemetry Offline,CEMS Sensor Communication Failure,Inspect Modbus Transmitters and Field PLC Cabinets,Sensor Connection Error
2026-02-10,,GCB-6-SCRUBBER,Offline,0.0,,0.0,,,,100.0,Offline,0,Tuesday,February,0.27,0.0,Critical,Scrubber Telemetry Offline,CEMS Sensor Communication Failure,Inspect Modbus Transmitters and Field PLC Cabinets,Sensor Connection Error
2026-02-11,,GCB-6-SCRUBBER,Offline,0.0,,0.0,,,,100.0,Offline,0,Wednesday,February,0.14,0.0,Critical,Scrubber Telemetry Offline,CEMS Sensor Communication Failure,Inspect Modbus Transmitters and Field PLC Cabinets,Sensor Connection Error
2026-02-12,,GCB-6-SCRUBBER,Offline,0.0,,0.0,,,,100.0,Offline,0,Thursday,February,0.26,0.0,Critical,Scrubber Telemetry Offline,CEMS Sensor Communication Failure,Inspect Modbus Transmitters and Field PLC Cabinets,Sensor Connection Error
2026-02-13,,GCB-6-SCRUBBER,Offline,0.0,,0.0,,,,100.0,Offline,0,Friday,February,0.29,0.0,Critical,Scrubber Telemetry Offline,CEMS Sensor Communication Failure,Inspect Modbus Transmitters and Field PLC Cabinets,Sensor Connection Error
2026-02-14,,GCB-6-SCRUBBER,Offline,0.0,,0.0,,,,100.0,Offline,0,Saturday,February,0.17,0.0,Critical,Scrubber Telemetry Offline,CEMS Sensor Communication Failure,Inspect Modbus Transmitters and Field PLC Cabinets,Sensor Connection Error
2026-02-15,,GCB-6-SCRUBBER,Offline,0.0,,0.0,,,,100.0,Offline,0,Sunday,February,0.29,0.0,Critical,Scrubber Telemetry Offline,CEMS Sensor Communication Failure,Inspect Modbus Transmitters and Field PLC Cabinets,Sensor Connection Error
2026-02-16,,GCB-6-SCRUBBER,Offline,0.0,,0.0,,,,100.0,Offline,0,Monday,February,0.19,0.0,Critical,Scrubber Telemetry Offline,CEMS Sensor Communication Failure,Inspect Modbus Transmitters and Field PLC Cabinets,Sensor Connection Error
2026-02-17,,GCB-6-SCRUBBER,Offline,0.0,,0.0,,,,100.0,Offline,0,Tuesday,February,0.19,0.0,Critical,Scrubber Telemetry Offline,CEMS Sensor Communication Failure,Inspect Modbus Transmitters and Field PLC Cabinets,Sensor Connection Error
2026-02-18,,GCB-6-SCRUBBER,Offline,0.0,,0.0,,,,100.0,Offline,0,Wednesday,February,0.22,0.0,Critical,Scrubber Telemetry Offline,CEMS Sensor Communication Failure,Inspect Modbus Transmitters and Field PLC Cabinets,Sensor Connection Error
2026-02-19,,GCB-6-SCRUBBER,Offline,0.0,,0.0,,,,100.0,Offline,0,Thursday,February,0.25,0.0,Critical,Scrubber Telemetry Offline,CEMS Sensor Communication Failure,Inspect Modbus Transmitters and Field PLC Cabinets,Sensor Connection Error
2026-02-20,,GCB-6-SCRUBBER,Offline,0.0,,0.0,,,,100.0,Offline,0,Friday,February,0.25,0.0,Critical,Scrubber Telemetry Offline,CEMS Sensor Communication Failure,Inspect Modbus Transmitters and Field PLC Cabinets,Sensor Connection Error
2026-02-21,,GCB-6-SCRUBBER,Offline,0.0,,0.0,,,,100.0,Offline,0,Saturday,February,0.24,0.0,Critical,Scrubber Telemetry Offline,CEMS Sensor Communication Failure,Inspect Modbus Transmitters and Field PLC Cabinets,Sensor Connection Error
2026-02-22,,GCB-6-SCRUBBER,Offline,0.0,,0.0,,,,100.0,Offline,0,Sunday,February,0.24,0.0,Critical,Scrubber Telemetry Offline,CEMS Sensor Communication Failure,Inspect Modbus Transmitters and Field PLC Cabinets,Sensor Connection Error
2026-02-23,,GCB-6-SCRUBBER,Offline,0.0,,0.0,,,,100.0,Offline,0,Monday,February,0.34,0.0,Critical,Scrubber Telemetry Offline,CEMS Sensor Communication Failure,Inspect Modbus Transmitters and Field PLC Cabinets,Sensor Connection Error
2026-02-24,,GCB-6-SCRUBBER,Offline,0.0,,0.0,,,,100.0,Offline,0,Tuesday,February,0.21,0.0,Critical,Scrubber Telemetry Offline,CEMS Sensor Communication Failure,Inspect Modbus Transmitters and Field PLC Cabinets,Sensor Connection Error
2026-02-25,,GCB-6-SCRUBBER,Offline,0.0,,0.0,,,,100.0,Offline,0,Wednesday,February,0.22,0.0,Critical,Scrubber Telemetry Offline,CEMS Sensor Communication Failure,Inspect Modbus Transmitters and Field PLC Cabinets,Sensor Connection Error
2026-02-26,,GCB-6-SCRUBBER,Offline,0.0,,0.0,,,,100.0,Offline,0,Thursday,February,0.23,0.0,Critical,Scrubber Telemetry Offline,CEMS Sensor Communication Failure,Inspect Modbus Transmitters and Field PLC Cabinets,Sensor Connection Error
2026-02-27,,GCB-6-SCRUBBER,Offline,0.0,,0.0,,,,100.0,Offline,0,Friday,February,0.23,0.0,Critical,Scrubber Telemetry Offline,CEMS Sensor Communication Failure,Inspect Modbus Transmitters and Field PLC Cabinets,Sensor Connection Error
2026-02-28,,GCB-6-SCRUBBER,Offline,0.0,,0.0,,,,100.0,Offline,0,Saturday,February,0.23,0.0,Critical,Scrubber Telemetry Offline,CEMS Sensor Communication Failure,Inspect Modbus Transmitters and Field PLC Cabinets,Sensor Connection Error
2026-03-01,,GCB-6-SCRUBBER,Offline,0.0,,0.0,,,,100.0,Offline,0,Sunday,March,0.24,0.0,Critical,Scrubber Telemetry Offline,CEMS Sensor Communication Failure,Inspect Modbus Transmitters and Field PLC Cabinets,Sensor Connection Error
2026-03-02,,GCB-6-SCRUBBER,Offline,0.0,,0.0,,,,100.0,Offline,0,Monday,March,0.3,0.0,Critical,Scrubber Telemetry Offline,CEMS Sensor Communication Failure,Inspect Modbus Transmitters and Field PLC Cabinets,Sensor Connection Error
2026-03-03,,GCB-6-SCRUBBER,Offline,0.0,,0.0,,,,100.0,Offline,0,Tuesday,March,0.26,0.0,Critical,Scrubber Telemetry Offline,CEMS Sensor Communication Failure,Inspect Modbus Transmitters and Field PLC Cabinets,Sensor Connection Error
2026-03-04,,GCB-6-SCRUBBER,Offline,0.0,,0.0,,,,100.0,Offline,0,Wednesday,March,0.18,0.0,Critical,Scrubber Telemetry Offline,CEMS Sensor Communication Failure,Inspect Modbus Transmitters and Field PLC Cabinets,Sensor Connection Error
2026-03-05,,GCB-6-SCRUBBER,Offline,0.0,,0.0,,,,100.0,Offline,0,Thursday,March,0.22,0.0,Critical,Scrubber Telemetry Offline,CEMS Sensor Communication Failure,Inspect Modbus Transmitters and Field PLC Cabinets,Sensor Connection Error
2026-03-06,,GCB-6-SCRUBBER,Offline,0.0,,0.0,,,,100.0,Offline,0,Friday,March,0.25,0.0,Critical,Scrubber Telemetry Offline,CEMS Sensor Communication Failure,Inspect Modbus Transmitters and Field PLC Cabinets,Sensor Connection Error
2026-03-07,,GCB-6-SCRUBBER,Offline,0.0,,0.0,,,,100.0,Offline,0,Saturday,March,0.2,0.0,Critical,Scrubber Telemetry Offline,CEMS Sensor Communication Failure,Inspect Modbus Transmitters and Field PLC Cabinets,Sensor Connection Error
2026-03-08,,GCB-6-SCRUBBER,Offline,0.0,,0.0,,,,100.0,Offline,0,Sunday,March,0.22,0.0,Critical,Scrubber Telemetry Offline,CEMS Sensor Communication Failure,Inspect Modbus Transmitters and Field PLC Cabinets,Sensor Connection Error
2026-03-09,,GCB-6-SCRUBBER,Offline,0.0,,0.0,,,,100.0,Offline,0,Monday,March,0.2,0.0,Critical,Scrubber Telemetry Offline,CEMS Sensor Communication Failure,Inspect Modbus Transmitters and Field PLC Cabinets,Sensor Connection Error
2026-03-10,,GCB-6-SCRUBBER,Offline,0.0,,0.0,,,,100.0,Offline,0,Tuesday,March,0.19,0.0,Critical,Scrubber Telemetry Offline,CEMS Sensor Communication Failure,Inspect Modbus Transmitters and Field PLC Cabinets,Sensor Connection Error
2026-03-11,,GCB-6-SCRUBBER,Offline,0.0,,0.0,,,,100.0,Offline,0,Wednesday,March,0.24,0.0,Critical,Scrubber Telemetry Offline,CEMS Sensor Communication Failure,Inspect Modbus Transmitters and Field PLC Cabinets,Sensor Connection Error
2026-03-12,,GCB-6-SCRUBBER,Offline,0.0,,0.0,,,,100.0,Offline,0,Thursday,March,0.25,0.0,Critical,Scrubber Telemetry Offline,CEMS Sensor Communication Failure,Inspect Modbus Transmitters and Field PLC Cabinets,Sensor Connection Error
2026-03-13,,GCB-6-SCRUBBER,Offline,0.0,,0.0,,,,100.0,Offline,0,Friday,March,0.22,0.0,Critical,Scrubber Telemetry Offline,CEMS Sensor Communication Failure,Inspect Modbus Transmitters and Field PLC Cabinets,Sensor Connection Error
2026-03-14,,GCB-6-SCRUBBER,Offline,0.0,,0.0,,,,100.0,Offline,0,Saturday,March,0.13,0.0,Critical,Scrubber Telemetry Offline,CEMS Sensor Communication Failure,Inspect Modbus Transmitters and Field PLC Cabinets,Sensor Connection Error
2026-03-15,,GCB-6-SCRUBBER,Offline,0.0,,0.0,,,,100.0,Offline,0,Sunday,March,0.15,0.0,Critical,Scrubber Telemetry Offline,CEMS Sensor Communication Failure,Inspect Modbus Transmitters and Field PLC Cabinets,Sensor Connection Error
2026-03-16,,GCB-6-SCRUBBER,Offline,0.0,,0.0,,,,100.0,Offline,0,Monday,March,0.14,0.0,Critical,Scrubber Telemetry Offline,CEMS Sensor Communication Failure,Inspect Modbus Transmitters and Field PLC Cabinets,Sensor Connection Error
2026-03-17,,GCB-6-SCRUBBER,Offline,0.0,,0.0,,,,100.0,Offline,0,Tuesday,March,0.19,0.0,Critical,Scrubber Telemetry Offline,CEMS Sensor Communication Failure,Inspect Modbus Transmitters and Field PLC Cabinets,Sensor Connection Error
2026-03-18,,GCB-6-SCRUBBER,Offline,0.0,,0.0,,,,100.0,Offline,0,Wednesday,March,0.12,0.0,Critical,Scrubber Telemetry Offline,CEMS Sensor Communication Failure,Inspect Modbus Transmitters and Field PLC Cabinets,Sensor Connection Error
2026-03-19,,GCB-6-SCRUBBER,Offline,0.0,,0.0,,,,100.0,Offline,0,Thursday,March,0.19,0.0,Critical,Scrubber Telemetry Offline,CEMS Sensor Communication Failure,Inspect Modbus Transmitters and Field PLC Cabinets,Sensor Connection Error
2026-03-20,,GCB-6-SCRUBBER,Offline,0.0,,0.0,,,,100.0,Offline,0,Friday,March,0.21,0.0,Critical,Scrubber Telemetry Offline,CEMS Sensor Communication Failure,Inspect Modbus Transmitters and Field PLC Cabinets,Sensor Connection Error
2026-03-21,,GCB-6-SCRUBBER,Offline,0.0,,0.0,,,,100.0,Offline,0,Saturday,March,0.25,0.0,Critical,Scrubber Telemetry Offline,CEMS Sensor Communication Failure,Inspect Modbus Transmitters and Field PLC Cabinets,Sensor Connection Error
2026-03-22,,GCB-6-SCRUBBER,Offline,0.0,,0.0,,,,100.0,Offline,0,Sunday,March,0.3,0.0,Critical,Scrubber Telemetry Offline,CEMS Sensor Communication Failure,Inspect Modbus Transmitters and Field PLC Cabinets,Sensor Connection Error
2026-03-23,,GCB-6-SCRUBBER,Offline,0.0,,0.0,,,,100.0,Offline,0,Monday,March,0.28,0.0,Critical,Scrubber Telemetry Offline,CEMS Sensor Communication Failure,Inspect Modbus Transmitters and Field PLC Cabinets,Sensor Connection Error
2026-03-24,,GCB-6-SCRUBBER,Offline,0.0,,0.0,,,,100.0,Offline,0,Tuesday,March,0.24,0.0,Critical,Scrubber Telemetry Offline,CEMS Sensor Communication Failure,Inspect Modbus Transmitters and Field PLC Cabinets,Sensor Connection Error
2026-03-25,,GCB-6-SCRUBBER,Offline,0.0,,0.0,,,,100.0,Offline,0,Wednesday,March,0.21,0.0,Critical,Scrubber Telemetry Offline,CEMS Sensor Communication Failure,Inspect Modbus Transmitters and Field PLC Cabinets,Sensor Connection Error
2026-03-26,,GCB-6-SCRUBBER,Offline,0.0,,0.0,,,,100.0,Offline,0,Thursday,March,0.31,0.0,Critical,Scrubber Telemetry Offline,CEMS Sensor Communication Failure,Inspect Modbus Transmitters and Field PLC Cabinets,Sensor Connection Error
2026-03-27,,GCB-6-SCRUBBER,Offline,0.0,,0.0,,,,100.0,Offline,0,Friday,March,0.27,0.0,Critical,Scrubber Telemetry Offline,CEMS Sensor Communication Failure,Inspect Modbus Transmitters and Field PLC Cabinets,Sensor Connection Error
2026-03-28,,GCB-6-SCRUBBER,Offline,0.0,,0.0,,,,100.0,Offline,0,Saturday,March,0.2,0.0,Critical,Scrubber Telemetry Offline,CEMS Sensor Communication Failure,Inspect Modbus Transmitters and Field PLC Cabinets,Sensor Connection Error
2026-03-29,,GCB-6-SCRUBBER,Offline,0.0,,0.0,,,,100.0,Offline,0,Sunday,March,0.25,0.0,Critical,Scrubber Telemetry Offline,CEMS Sensor Communication Failure,Inspect Modbus Transmitters and Field PLC Cabinets,Sensor Connection Error
2026-03-30,,GCB-6-SCRUBBER,Offline,0.0,,0.0,,,,100.0,Offline,0,Monday,March,0.24,0.0,Critical,Scrubber Telemetry Offline,CEMS Sensor Communication Failure,Inspect Modbus Transmitters and Field PLC Cabinets,Sensor Connection Error
2026-03-31,,GCB-6-SCRUBBER,Offline,0.0,,0.0,,,,100.0,Offline,0,Tuesday,March,0.28,0.0,Critical,Scrubber Telemetry Offline,CEMS Sensor Communication Failure,Inspect Modbus Transmitters and Field PLC Cabinets,Sensor Connection Error
2026-04-01,,GCB-6-SCRUBBER,Offline,0.0,,0.0,,,,100.0,Offline,0,Wednesday,April,0.3,0.0,Critical,Scrubber Telemetry Offline,CEMS Sensor Communication Failure,Inspect Modbus Transmitters and Field PLC Cabinets,Sensor Connection Error
2026-04-02,,GCB-6-SCRUBBER,Offline,0.0,,0.0,,,,100.0,Offline,0,Thursday,April,0.32,0.0,Critical,Scrubber Telemetry Offline,CEMS Sensor Communication Failure,Inspect Modbus Transmitters and Field PLC Cabinets,Sensor Connection Error
2026-04-03,,GCB-6-SCRUBBER,Offline,0.0,,0.0,,,,100.0,Offline,0,Friday,April,0.26,0.0,Critical,Scrubber Telemetry Offline,CEMS Sensor Communication Failure,Inspect Modbus Transmitters and Field PLC Cabinets,Sensor Connection Error
2026-04-04,,GCB-6-SCRUBBER,Offline,0.0,,0.0,,,,100.0,Offline,0,Saturday,April,0.27,0.0,Critical,Scrubber Telemetry Offline,CEMS Sensor Communication Failure,Inspect Modbus Transmitters and Field PLC Cabinets,Sensor Connection Error
2026-04-05,,GCB-6-SCRUBBER,Offline,0.0,,0.0,,,,100.0,Offline,0,Sunday,April,0.25,0.0,Critical,Scrubber Telemetry Offline,CEMS Sensor Communication Failure,Inspect Modbus Transmitters and Field PLC Cabinets,Sensor Connection Error
2026-04-06,,GCB-6-SCRUBBER,Offline,0.0,,0.0,,,,100.0,Offline,0,Monday,April,0.34,0.0,Critical,Scrubber Telemetry Offline,CEMS Sensor Communication Failure,Inspect Modbus Transmitters and Field PLC Cabinets,Sensor Connection Error
2026-04-07,,GCB-6-SCRUBBER,Offline,0.0,,0.0,,,,100.0,Offline,0,Tuesday,April,0.34,0.0,Critical,Scrubber Telemetry Offline,CEMS Sensor Communication Failure,Inspect Modbus Transmitters and Field PLC Cabinets,Sensor Connection Error
2026-04-08,,GCB-6-SCRUBBER,Offline,0.0,,0.0,,,,100.0,Offline,0,Wednesday,April,0.27,0.0,Critical,Scrubber Telemetry Offline,CEMS Sensor Communication Failure,Inspect Modbus Transmitters and Field PLC Cabinets,Sensor Connection Error
2026-04-09,,GCB-6-SCRUBBER,Offline,0.0,,0.0,,,,100.0,Offline,0,Thursday,April,0.28,0.0,Critical,Scrubber Telemetry Offline,CEMS Sensor Communication Failure,Inspect Modbus Transmitters and Field PLC Cabinets,Sensor Connection Error
2026-04-10,,GCB-6-SCRUBBER,Offline,0.0,,0.0,,,,100.0,Offline,0,Friday,April,0.33,0.0,Critical,Scrubber Telemetry Offline,CEMS Sensor Communication Failure,Inspect Modbus Transmitters and Field PLC Cabinets,Sensor Connection Error
2026-04-11,,GCB-6-SCRUBBER,Offline,0.0,,0.0,,,,100.0,Offline,0,Saturday,April,0.34,0.0,Critical,Scrubber Telemetry Offline,CEMS Sensor Communication Failure,Inspect Modbus Transmitters and Field PLC Cabinets,Sensor Connection Error
2026-04-12,,GCB-6-SCRUBBER,Offline,0.0,,0.0,,,,100.0,Offline,0,Sunday,April,0.2,0.0,Critical,Scrubber Telemetry Offline,CEMS Sensor Communication Failure,Inspect Modbus Transmitters and Field PLC Cabinets,Sensor Connection Error
2026-04-13,,GCB-6-SCRUBBER,Offline,0.0,,0.0,,,,100.0,Offline,0,Monday,April,0.23,0.0,Critical,Scrubber Telemetry Offline,CEMS Sensor Communication Failure,Inspect Modbus Transmitters and Field PLC Cabinets,Sensor Connection Error
2026-04-14,,GCB-6-SCRUBBER,Offline,0.0,,0.0,,,,100.0,Offline,0,Tuesday,April,0.26,0.0,Critical,Scrubber Telemetry Offline,CEMS Sensor Communication Failure,Inspect Modbus Transmitters and Field PLC Cabinets,Sensor Connection Error
2026-04-15,,GCB-6-SCRUBBER,Offline,0.0,,0.0,,,,100.0,Offline,0,Wednesday,April,0.26,0.0,Critical,Scrubber Telemetry Offline,CEMS Sensor Communication Failure,Inspect Modbus Transmitters and Field PLC Cabinets,Sensor Connection Error
2026-04-16,,GCB-6-SCRUBBER,Offline,0.0,,0.0,,,,100.0,Offline,0,Thursday,April,0.22,0.0,Critical,Scrubber Telemetry Offline,CEMS Sensor Communication Failure,Inspect Modbus Transmitters and Field PLC Cabinets,Sensor Connection Error
2026-04-17,,GCB-6-SCRUBBER,Offline,0.0,,0.0,,,,100.0,Offline,0,Friday,April,0.25,0.0,Critical,Scrubber Telemetry Offline,CEMS Sensor Communication Failure,Inspect Modbus Transmitters and Field PLC Cabinets,Sensor Connection Error
2026-04-18,,GCB-6-SCRUBBER,Offline,0.0,,0.0,,,,100.0,Offline,0,Saturday,April,0.22,0.0,Critical,Scrubber Telemetry Offline,CEMS Sensor Communication Failure,Inspect Modbus Transmitters and Field PLC Cabinets,Sensor Connection Error
2026-04-19,,GCB-6-SCRUBBER,Offline,0.0,,0.0,,,,100.0,Offline,0,Sunday,April,0.28,0.0,Critical,Scrubber Telemetry Offline,CEMS Sensor Communication Failure,Inspect Modbus Transmitters and Field PLC Cabinets,Sensor Connection Error
2026-04-20,,GCB-6-SCRUBBER,Offline,0.0,,0.0,,,,100.0,Offline,0,Monday,April,0.27,0.0,Critical,Scrubber Telemetry Offline,CEMS Sensor Communication Failure,Inspect Modbus Transmitters and Field PLC Cabinets,Sensor Connection Error
2026-04-21,,GCB-6-SCRUBBER,Offline,0.0,,0.0,,,,100.0,Offline,0,Tuesday,April,0.29,0.0,Critical,Scrubber Telemetry Offline,CEMS Sensor Communication Failure,Inspect Modbus Transmitters and Field PLC Cabinets,Sensor Connection Error
2026-04-22,,GCB-6-SCRUBBER,Offline,0.0,,0.0,,,,100.0,Offline,0,Wednesday,April,0.34,0.0,Critical,Scrubber Telemetry Offline,CEMS Sensor Communication Failure,Inspect Modbus Transmitters and Field PLC Cabinets,Sensor Connection Error
2026-04-23,,GCB-6-SCRUBBER,Offline,0.0,,0.0,,,,100.0,Offline,0,Thursday,April,0.38,0.0,Critical,Scrubber Telemetry Offline,CEMS Sensor Communication Failure,Inspect Modbus Transmitters and Field PLC Cabinets,Sensor Connection Error
2026-04-24,,GCB-6-SCRUBBER,Offline,0.0,,0.0,,,,100.0,Offline,0,Friday,April,0.41,0.0,Critical,Scrubber Telemetry Offline,CEMS Sensor Communication Failure,Inspect Modbus Transmitters and Field PLC Cabinets,Sensor Connection Error
2026-04-25,,GCB-6-SCRUBBER,Offline,0.0,,0.0,,,,100.0,Offline,0,Saturday,April,0.6,0.0,Critical,Scrubber Telemetry Offline,CEMS Sensor Communication Failure,Inspect Modbus Transmitters and Field PLC Cabinets,Sensor Connection Error
2026-04-26,,GCB-6-SCRUBBER,Offline,0.0,,0.0,,,,100.0,Offline,0,Sunday,April,0.0,0.0,Critical,Scrubber Telemetry Offline,CEMS Sensor Communication Failure,Inspect Modbus Transmitters and Field PLC Cabinets,Sensor Connection Error
2026-04-27,,GCB-6-SCRUBBER,Offline,0.0,,0.0,,,,100.0,Offline,0,Monday,April,0.51,0.0,Critical,Scrubber Telemetry Offline,CEMS Sensor Communication Failure,Inspect Modbus Transmitters and Field PLC Cabinets,Sensor Connection Error
2026-04-28,,GCB-6-SCRUBBER,Offline,0.0,,0.0,,,,100.0,Offline,0,Tuesday,April,0.34,0.0,Critical,Scrubber Telemetry Offline,CEMS Sensor Communication Failure,Inspect Modbus Transmitters and Field PLC Cabinets,Sensor Connection Error
2026-04-29,,GCB-6-SCRUBBER,Offline,0.0,,0.0,,,,100.0,Offline,0,Wednesday,April,0.41,0.0,Critical,Scrubber Telemetry Offline,CEMS Sensor Communication Failure,Inspect Modbus Transmitters and Field PLC Cabinets,Sensor Connection Error
2026-04-30,,GCB-6-SCRUBBER,Offline,0.0,,0.0,,,,100.0,Offline,0,Thursday,April,0.3,0.0,Critical,Scrubber Telemetry Offline,CEMS Sensor Communication Failure,Inspect Modbus Transmitters and Field PLC Cabinets,Sensor Connection Error
2026-05-01,,GCB-6-SCRUBBER,Offline,0.0,,0.0,,,,100.0,Offline,0,Friday,May,0.35,0.0,Critical,Scrubber Telemetry Offline,CEMS Sensor Communication Failure,Inspect Modbus Transmitters and Field PLC Cabinets,Sensor Connection Error
2026-05-02,,GCB-6-SCRUBBER,Offline,0.0,,0.0,,,,100.0,Offline,0,Saturday,May,0.36,0.0,Critical,Scrubber Telemetry Offline,CEMS Sensor Communication Failure,Inspect Modbus Transmitters and Field PLC Cabinets,Sensor Connection Error
2026-05-03,,GCB-6-SCRUBBER,Offline,0.0,,0.0,,,,100.0,Offline,0,Sunday,May,0.27,0.0,Critical,Scrubber Telemetry Offline,CEMS Sensor Communication Failure,Inspect Modbus Transmitters and Field PLC Cabinets,Sensor Connection Error
2026-05-04,,GCB-6-SCRUBBER,Offline,0.0,,0.0,,,,100.0,Offline,0,Monday,May,0.35,0.0,Critical,Scrubber Telemetry Offline,CEMS Sensor Communication Failure,Inspect Modbus Transmitters and Field PLC Cabinets,Sensor Connection Error
2026-05-05,,GCB-6-SCRUBBER,Offline,0.0,,0.0,,,,100.0,Offline,0,Tuesday,May,0.31,0.0,Critical,Scrubber Telemetry Offline,CEMS Sensor Communication Failure,Inspect Modbus Transmitters and Field PLC Cabinets,Sensor Connection Error
2026-05-06,,GCB-6-SCRUBBER,Offline,0.0,,0.0,,,,100.0,Offline,0,Wednesday,May,0.4,0.0,Critical,Scrubber Telemetry Offline,CEMS Sensor Communication Failure,Inspect Modbus Transmitters and Field PLC Cabinets,Sensor Connection Error
2026-05-07,,GCB-6-SCRUBBER,Offline,0.0,,0.0,,,,100.0,Offline,0,Thursday,May,0.47,0.0,Critical,Scrubber Telemetry Offline,CEMS Sensor Communication Failure,Inspect Modbus Transmitters and Field PLC Cabinets,Sensor Connection Error
2026-05-08,,GCB-6-SCRUBBER,Offline,0.0,,0.0,,,,100.0,Offline,0,Friday,May,0.33,0.0,Critical,Scrubber Telemetry Offline,CEMS Sensor Communication Failure,Inspect Modbus Transmitters and Field PLC Cabinets,Sensor Connection Error
2026-05-09,,GCB-6-SCRUBBER,Offline,0.0,,0.0,,,,100.0,Offline,0,Saturday,May,0.37,0.0,Critical,Scrubber Telemetry Offline,CEMS Sensor Communication Failure,Inspect Modbus Transmitters and Field PLC Cabinets,Sensor Connection Error
2026-05-10,,GCB-6-SCRUBBER,Offline,0.0,,0.0,,,,100.0,Offline,0,Sunday,May,0.39,0.0,Critical,Scrubber Telemetry Offline,CEMS Sensor Communication Failure,Inspect Modbus Transmitters and Field PLC Cabinets,Sensor Connection Error
2026-05-11,,GCB-6-SCRUBBER,Offline,0.0,,0.0,,,,100.0,Offline,0,Monday,May,0.41,0.0,Critical,Scrubber Telemetry Offline,CEMS Sensor Communication Failure,Inspect Modbus Transmitters and Field PLC Cabinets,Sensor Connection Error
2026-05-12,,GCB-6-SCRUBBER,Offline,0.0,,0.0,,,,100.0,Offline,0,Tuesday,May,0.45,0.0,Critical,Scrubber Telemetry Offline,CEMS Sensor Communication Failure,Inspect Modbus Transmitters and Field PLC Cabinets,Sensor Connection Error
2026-05-13,,GCB-6-SCRUBBER,Offline,0.0,,0.0,,,,100.0,Offline,0,Wednesday,May,0.24,0.0,Critical,Scrubber Telemetry Offline,CEMS Sensor Communication Failure,Inspect Modbus Transmitters and Field PLC Cabinets,Sensor Connection Error
2026-05-14,,GCB-6-SCRUBBER,Offline,0.0,,0.0,,,,100.0,Offline,0,Thursday,May,0.32,0.0,Critical,Scrubber Telemetry Offline,CEMS Sensor Communication Failure,Inspect Modbus Transmitters and Field PLC Cabinets,Sensor Connection Error
2026-05-15,,GCB-6-SCRUBBER,Offline,0.0,,0.0,,,,100.0,Offline,0,Friday,May,0.2,0.0,Critical,Scrubber Telemetry Offline,CEMS Sensor Communication Failure,Inspect Modbus Transmitters and Field PLC Cabinets,Sensor Connection Error
2026-05-16,,GCB-6-SCRUBBER,Offline,0.0,,0.0,,,,100.0,Offline,0,Saturday,May,0.29,0.0,Critical,Scrubber Telemetry Offline,CEMS Sensor Communication Failure,Inspect Modbus Transmitters and Field PLC Cabinets,Sensor Connection Error
2026-05-17,,GCB-6-SCRUBBER,Offline,0.0,,0.0,,,,100.0,Offline,0,Sunday,May,0.28,0.0,Critical,Scrubber Telemetry Offline,CEMS Sensor Communication Failure,Inspect Modbus Transmitters and Field PLC Cabinets,Sensor Connection Error
2026-05-18,,GCB-6-SCRUBBER,Offline,0.0,,0.0,,,,100.0,Offline,0,Monday,May,0.29,0.0,Critical,Scrubber Telemetry Offline,CEMS Sensor Communication Failure,Inspect Modbus Transmitters and Field PLC Cabinets,Sensor Connection Error
2026-05-19,,GCB-6-SCRUBBER,Offline,0.0,,0.0,,,,100.0,Offline,0,Tuesday,May,0.27,0.0,Critical,Scrubber Telemetry Offline,CEMS Sensor Communication Failure,Inspect Modbus Transmitters and Field PLC Cabinets,Sensor Connection Error
2026-05-20,,GCB-6-SCRUBBER,Offline,0.0,,0.0,,,,100.0,Offline,0,Wednesday,May,0.31,0.0,Critical,Scrubber Telemetry Offline,CEMS Sensor Communication Failure,Inspect Modbus Transmitters and Field PLC Cabinets,Sensor Connection Error
2026-05-21,,GCB-6-SCRUBBER,Offline,0.0,,0.0,,,,100.0,Offline,0,Thursday,May,0.34,0.0,Critical,Scrubber Telemetry Offline,CEMS Sensor Communication Failure,Inspect Modbus Transmitters and Field PLC Cabinets,Sensor Connection Error
2026-05-22,,GCB-6-SCRUBBER,Offline,0.0,,0.0,,,,100.0,Offline,0,Friday,May,0.25,0.0,Critical,Scrubber Telemetry Offline,CEMS Sensor Communication Failure,Inspect Modbus Transmitters and Field PLC Cabinets,Sensor Connection Error
2026-05-23,,GCB-6-SCRUBBER,Offline,0.0,,0.0,,,,100.0,Offline,0,Saturday,May,0.19,0.0,Critical,Scrubber Telemetry Offline,CEMS Sensor Communication Failure,Inspect Modbus Transmitters and Field PLC Cabinets,Sensor Connection Error
2026-05-24,,GCB-6-SCRUBBER,Offline,0.0,,0.0,,,,100.0,Offline,0,Sunday,May,0.35,0.0,Critical,Scrubber Telemetry Offline,CEMS Sensor Communication Failure,Inspect Modbus Transmitters and Field PLC Cabinets,Sensor Connection Error
2026-05-25,,GCB-6-SCRUBBER,Offline,0.0,,0.0,,,,100.0,Offline,0,Monday,May,0.36,0.0,Critical,Scrubber Telemetry Offline,CEMS Sensor Communication Failure,Inspect Modbus Transmitters and Field PLC Cabinets,Sensor Connection Error
2026-05-26,,GCB-6-SCRUBBER,Offline,0.0,,0.0,,,,100.0,Offline,0,Tuesday,May,0.3,0.0,Critical,Scrubber Telemetry Offline,CEMS Sensor Communication Failure,Inspect Modbus Transmitters and Field PLC Cabinets,Sensor Connection Error
2026-05-27,,GCB-6-SCRUBBER,Offline,0.0,,0.0,,,,100.0,Offline,0,Wednesday,May,0.41,0.0,Critical,Scrubber Telemetry Offline,CEMS Sensor Communication Failure,Inspect Modbus Transmitters and Field PLC Cabinets,Sensor Connection Error
2026-05-28,,GCB-6-SCRUBBER,Offline,0.0,,0.0,,,,100.0,Offline,0,Thursday,May,2.01,0.0,Critical,Scrubber Telemetry Offline,CEMS Sensor Communication Failure,Inspect Modbus Transmitters and Field PLC Cabinets,Sensor Connection Error
2026-05-29,,GCB-6-SCRUBBER,Offline,0.0,,0.0,,,,100.0,Offline,0,Friday,May,0.31,0.0,Critical,Scrubber Telemetry Offline,CEMS Sensor Communication Failure,Inspect Modbus Transmitters and Field PLC Cabinets,Sensor Connection Error
2026-05-30,,GCB-6-SCRUBBER,Offline,0.0,,0.0,,,,100.0,Offline,0,Saturday,May,0.3,0.0,Critical,Scrubber Telemetry Offline,CEMS Sensor Communication Failure,Inspect Modbus Transmitters and Field PLC Cabinets,Sensor Connection Error
2026-05-31,,GCB-6-SCRUBBER,Offline,0.0,,0.0,,,,100.0,Offline,0,Sunday,May,0.29,0.0,Critical,Scrubber Telemetry Offline,CEMS Sensor Communication Failure,Inspect Modbus Transmitters and Field PLC Cabinets,Sensor Connection Error
2026-06-01,,GCB-6-SCRUBBER,Offline,0.0,,0.0,,,,100.0,Offline,0,Monday,June,0.29,0.0,Critical,Scrubber Telemetry Offline,CEMS Sensor Communication Failure,Inspect Modbus Transmitters and Field PLC Cabinets,Sensor Connection Error
2026-06-02,,GCB-6-SCRUBBER,Offline,0.0,,0.0,,,,100.0,Offline,0,Tuesday,June,0.3,0.0,Critical,Scrubber Telemetry Offline,CEMS Sensor Communication Failure,Inspect Modbus Transmitters and Field PLC Cabinets,Sensor Connection Error
2026-06-03,,GCB-6-SCRUBBER,Offline,0.0,,0.0,,,,100.0,Offline,0,Wednesday,June,0.27,0.0,Critical,Scrubber Telemetry Offline,CEMS Sensor Communication Failure,Inspect Modbus Transmitters and Field PLC Cabinets,Sensor Connection Error
2026-06-04,,GCB-6-SCRUBBER,Offline,0.0,,0.0,,,,100.0,Offline,0,Thursday,June,0.24,0.0,Critical,Scrubber Telemetry Offline,CEMS Sensor Communication Failure,Inspect Modbus Transmitters and Field PLC Cabinets,Sensor Connection Error
2026-06-05,,GCB-6-SCRUBBER,Offline,0.0,,0.0,,,,100.0,Offline,0,Friday,June,0.24,0.0,Critical,Scrubber Telemetry Offline,CEMS Sensor Communication Failure,Inspect Modbus Transmitters and Field PLC Cabinets,Sensor Connection Error
2026-06-06,,GCB-6-SCRUBBER,Offline,0.0,,0.0,,,,100.0,Offline,0,Saturday,June,0.2333333333333333,0.0,Critical,Scrubber Telemetry Offline,CEMS Sensor Communication Failure,Inspect Modbus Transmitters and Field PLC Cabinets,Sensor Connection Error
2026-06-07,,GCB-6-SCRUBBER,Offline,0.0,,0.0,,,,100.0,Offline,0,Sunday,June,0.2266666666666666,0.0,Critical,Scrubber Telemetry Offline,CEMS Sensor Communication Failure,Inspect Modbus Transmitters and Field PLC Cabinets,Sensor Connection Error
2026-06-08,,GCB-6-SCRUBBER,Offline,0.0,,0.0,,,,100.0,Offline,0,Monday,June,0.22,0.0,Critical,Scrubber Telemetry Offline,CEMS Sensor Communication Failure,Inspect Modbus Transmitters and Field PLC Cabinets,Sensor Connection Error
2026-06-09,,GCB-6-SCRUBBER,Offline,0.0,,0.0,,,,100.0,Offline,0,Tuesday,June,0.32,0.0,Critical,Scrubber Telemetry Offline,CEMS Sensor Communication Failure,Inspect Modbus Transmitters and Field PLC Cabinets,Sensor Connection Error
2026-06-10,,GCB-6-SCRUBBER,Offline,0.0,,0.0,,,,100.0,Offline,0,Wednesday,June,0.31,0.0,Critical,Scrubber Telemetry Offline,CEMS Sensor Communication Failure,Inspect Modbus Transmitters and Field PLC Cabinets,Sensor Connection Error
2026-06-11,,GCB-6-SCRUBBER,Offline,0.0,,0.0,,,,100.0,Offline,0,Thursday,June,0.32,0.0,Critical,Scrubber Telemetry Offline,CEMS Sensor Communication Failure,Inspect Modbus Transmitters and Field PLC Cabinets,Sensor Connection Error
2026-06-12,,GCB-6-SCRUBBER,Offline,0.0,,0.0,,,,100.0,Offline,0,Friday,June,0.36,0.0,Critical,Scrubber Telemetry Offline,CEMS Sensor Communication Failure,Inspect Modbus Transmitters and Field PLC Cabinets,Sensor Connection Error
2026-06-13,,GCB-6-SCRUBBER,Offline,0.0,,0.0,,,,100.0,Offline,0,Saturday,June,0.29,0.0,Critical,Scrubber Telemetry Offline,CEMS Sensor Communication Failure,Inspect Modbus Transmitters and Field PLC Cabinets,Sensor Connection Error
2026-06-14,,GCB-6-SCRUBBER,Offline,0.0,,0.0,,,,100.0,Offline,0,Sunday,June,0.29,0.0,Critical,Scrubber Telemetry Offline,CEMS Sensor Communication Failure,Inspect Modbus Transmitters and Field PLC Cabinets,Sensor Connection Error
2026-06-15,,GCB-6-SCRUBBER,Offline,0.0,,0.0,,,,100.0,Offline,0,Monday,June,0.31,0.0,Critical,Scrubber Telemetry Offline,CEMS Sensor Communication Failure,Inspect Modbus Transmitters and Field PLC Cabinets,Sensor Connection Error
2026-06-16,,GCB-6-SCRUBBER,Offline,0.0,,0.0,,,,100.0,Offline,0,Tuesday,June,0.24,0.0,Critical,Scrubber Telemetry Offline,CEMS Sensor Communication Failure,Inspect Modbus Transmitters and Field PLC Cabinets,Sensor Connection Error
2026-06-17,,GCB-6-SCRUBBER,Offline,0.0,,0.0,,,,100.0,Offline,0,Wednesday,June,0.21,0.0,Critical,Scrubber Telemetry Offline,CEMS Sensor Communication Failure,Inspect Modbus Transmitters and Field PLC Cabinets,Sensor Connection Error
2026-06-18,,GCB-6-SCRUBBER,Offline,0.0,,0.0,,,,100.0,Offline,0,Thursday,June,0.36,0.0,Critical,Scrubber Telemetry Offline,CEMS Sensor Communication Failure,Inspect Modbus Transmitters and Field PLC Cabinets,Sensor Connection Error
2026-06-19,,GCB-6-SCRUBBER,Offline,0.0,,0.0,,,,100.0,Offline,0,Friday,June,0.26,0.0,Critical,Scrubber Telemetry Offline,CEMS Sensor Communication Failure,Inspect Modbus Transmitters and Field PLC Cabinets,Sensor Connection Error
2026-06-20,,GCB-6-SCRUBBER,Offline,0.0,,0.0,,,,100.0,Offline,0,Saturday,June,0.24,0.0,Critical,Scrubber Telemetry Offline,CEMS Sensor Communication Failure,Inspect Modbus Transmitters and Field PLC Cabinets,Sensor Connection Error
2026-06-21,,GCB-6-SCRUBBER,Offline,0.0,,0.0,,,,100.0,Offline,0,Sunday,June,0.3,0.0,Critical,Scrubber Telemetry Offline,CEMS Sensor Communication Failure,Inspect Modbus Transmitters and Field PLC Cabinets,Sensor Connection Error
2026-06-22,,GCB-6-SCRUBBER,Offline,0.0,,0.0,,,,100.0,Offline,0,Monday,June,0.28,0.0,Critical,Scrubber Telemetry Offline,CEMS Sensor Communication Failure,Inspect Modbus Transmitters and Field PLC Cabinets,Sensor Connection Error
2026-06-23,,GCB-6-SCRUBBER,Offline,0.0,,0.0,,,,100.0,Offline,0,Tuesday,June,0.37,0.0,Critical,Scrubber Telemetry Offline,CEMS Sensor Communication Failure,Inspect Modbus Transmitters and Field PLC Cabinets,Sensor Connection Error
2026-06-24,,GCB-6-SCRUBBER,Offline,0.0,,0.0,,,,100.0,Offline,0,Wednesday,June,0.27,0.0,Critical,Scrubber Telemetry Offline,CEMS Sensor Communication Failure,Inspect Modbus Transmitters and Field PLC Cabinets,Sensor Connection Error
2026-06-25,,GCB-6-SCRUBBER,Offline,0.0,,0.0,,,,100.0,Offline,0,Thursday,June,0.33,0.0,Critical,Scrubber Telemetry Offline,CEMS Sensor Communication Failure,Inspect Modbus Transmitters and Field PLC Cabinets,Sensor Connection Error
2026-06-26,,GCB-6-SCRUBBER,Offline,0.0,,0.0,,,,100.0,Offline,0,Friday,June,0.24,0.0,Critical,Scrubber Telemetry Offline,CEMS Sensor Communication Failure,Inspect Modbus Transmitters and Field PLC Cabinets,Sensor Connection Error
2026-06-27,,GCB-6-SCRUBBER,Offline,0.0,,0.0,,,,100.0,Offline,0,Saturday,June,0.34,0.0,Critical,Scrubber Telemetry Offline,CEMS Sensor Communication Failure,Inspect Modbus Transmitters and Field PLC Cabinets,Sensor Connection Error
2026-06-28,,GCB-6-SCRUBBER,Offline,0.0,,0.0,,,,100.0,Offline,0,Sunday,June,0.24,0.0,Critical,Scrubber Telemetry Offline,CEMS Sensor Communication Failure,Inspect Modbus Transmitters and Field PLC Cabinets,Sensor Connection Error
2026-06-29,,GCB-6-SCRUBBER,Offline,0.0,,0.0,,,,100.0,Offline,0,Monday,June,0.44,0.0,Critical,Scrubber Telemetry Offline,CEMS Sensor Communication Failure,Inspect Modbus Transmitters and Field PLC Cabinets,Sensor Connection Error
2026-06-30,,GCB-6-SCRUBBER,Offline,0.0,,0.0,,,,100.0,Offline,0,Tuesday,June,0.47,0.0,Critical,Scrubber Telemetry Offline,CEMS Sensor Communication Failure,Inspect Modbus Transmitters and Field PLC Cabinets,Sensor Connection Error
2026-01-01,12.0,SCB-102,Good,0.0,12.0,0.0,12.0,12.0,0.0,100.0,High,0,Thursday,January,0.45,75.0,Warning,Excessive Caustic Feed,Over-dosing Caustic Buffer,Calibrate Caustic Dosing Pump Feedback Controller,Alkaline Scrubber High pH
2026-01-02,12.0,SCB-102,Good,0.0,12.0,0.0,12.0,12.0,0.0,100.0,High,0,Friday,January,0.45,75.0,Warning,Excessive Caustic Feed,Over-dosing Caustic Buffer,Calibrate Caustic Dosing Pump Feedback Controller,Alkaline Scrubber High pH
2026-01-03,12.09,SCB-102,Good,0.0899999999999998,12.03,0.0519615242270664,12.0,12.09,0.0899999999999998,99.1,High,0,Saturday,January,0.47,75.0,Warning,Excessive Caustic Feed,Over-dosing Caustic Buffer,Calibrate Caustic Dosing Pump Feedback Controller,Alkaline Scrubber High pH
2026-01-04,12.04,SCB-102,Good,-0.0500000000000007,12.0325,0.0427200187265878,12.0,12.09,0.0899999999999998,99.5,High,0,Sunday,January,0.51,75.0,Warning,Excessive Caustic Feed,Over-dosing Caustic Buffer,Calibrate Caustic Dosing Pump Feedback Controller,Alkaline Scrubber High pH
2026-01-05,12.14,SCB-102,Good,0.1000000000000014,12.053999999999998,0.0606630035524132,12.0,12.14,0.1400000000000005,99.0,High,0,Monday,January,0.41,75.0,Warning,Excessive Caustic Feed,Over-dosing Caustic Buffer,Calibrate Caustic Dosing Pump Feedback Controller,Alkaline Scrubber High pH
2026-01-06,12.055,SCB-102,Interpolated,-0.0850000000000008,12.054166666666667,0.0542601756969764,12.0,12.14,0.1400000000000005,99.15,High,0,Tuesday,January,0.41,75.0,Warning,Excessive Caustic Feed,Over-dosing Caustic Buffer,Calibrate Caustic Dosing Pump Feedback Controller,Alkaline Scrubber High pH
2026-01-07,11.97,SCB-102,Interpolated,-0.084999999999999,12.042142857142858,0.0588682952910666,11.97,12.14,0.1699999999999999,99.15,High,0,Wednesday,January,0.52,75.0,Warning,Excessive Caustic Feed,Over-dosing Caustic Buffer,Calibrate Caustic Dosing Pump Feedback Controller,Alkaline Scrubber High pH
2026-01-08,11.885000000000002,SCB-102,Interpolated,-0.084999999999999,12.025714285714288,0.0834879517968791,11.885000000000002,12.14,0.254999999999999,99.15,High,0,Thursday,January,0.54,75.0,Warning,Excessive Caustic Feed,Over-dosing Caustic Buffer,Calibrate Caustic Dosing Pump Feedback Controller,Alkaline Scrubber High pH
2026-01-09,11.8,SCB-102,Good,-0.0850000000000008,11.997142857142858,0.1199950395800149,11.8,12.14,0.3399999999999998,99.15,High,0,Friday,January,0.48,75.0,Warning,Excessive Caustic Feed,Over-dosing Caustic Buffer,Calibrate Caustic Dosing Pump Feedback Controller,Alkaline Scrubber High pH
2026-01-10,11.82,SCB-102,Good,0.0199999999999995,11.958571428571428,0.128280756081932,11.8,12.14,0.3399999999999998,99.8,High,0,Saturday,January,0.53,75.0,Warning,Excessive Caustic Feed,Over-dosing Caustic Buffer,Calibrate Caustic Dosing Pump Feedback Controller,Alkaline Scrubber High pH
2026-01-11,12.08,SCB-102,Good,0.2599999999999998,11.964285714285714,0.1333050565253916,11.8,12.14,0.3399999999999998,97.4,High,0,Sunday,January,0.51,75.0,Warning,Excessive Caustic Feed,Over-dosing Caustic Buffer,Calibrate Caustic Dosing Pump Feedback Controller,Alkaline Scrubber High pH
2026-01-12,11.9,SCB-102,Good,-0.1799999999999997,11.93,0.1092779331185689,11.8,12.08,0.2799999999999993,98.2,High,0,Monday,January,0.52,75.0,Warning,Excessive Caustic Feed,Over-dosing Caustic Buffer,Calibrate Caustic Dosing Pump Feedback Controller,Alkaline Scrubber High pH
2026-01-13,11.9,SCB-102,Good,0.0,11.907857142857145,0.0944217993393259,11.8,12.08,0.2799999999999993,100.0,High,0,Tuesday,January,0.54,75.0,Warning,Excessive Caustic Feed,Over-dosing Caustic Buffer,Calibrate Caustic Dosing Pump Feedback Controller,Alkaline Scrubber High pH
2026-01-14,11.95,SCB-102,Good,0.0499999999999989,11.905,0.0925112605758512,11.8,12.08,0.2799999999999993,99.5,High,0,Wednesday,January,0.57,75.0,Warning,Excessive Caustic Feed,Over-dosing Caustic Buffer,Calibrate Caustic Dosing Pump Feedback Controller,Alkaline Scrubber High pH
2026-01-15,12.12,SCB-102,Good,0.1699999999999999,11.938571428571429,0.1219875091185648,11.8,12.12,0.3199999999999985,98.3,High,0,Thursday,January,0.51,75.0,Warning,Excessive Caustic Feed,Over-dosing Caustic Buffer,Calibrate Caustic Dosing Pump Feedback Controller,Alkaline Scrubber High pH
2026-01-16,12.6,SCB-102,Good,0.4800000000000004,12.052857142857144,0.2633574431398164,11.82,12.6,0.7799999999999994,95.2,High,0,Friday,January,0.49,75.0,Warning,Excessive Caustic Feed,Over-dosing Caustic Buffer,Calibrate Caustic Dosing Pump Feedback Controller,Alkaline Scrubber High pH
2026-01-17,12.2,SCB-102,Good,-0.4000000000000003,12.107142857142858,0.2459481168671039,11.9,12.6,0.6999999999999993,96.0,High,0,Saturday,January,0.54,75.0,Warning,Excessive Caustic Feed,Over-dosing Caustic Buffer,Calibrate Caustic Dosing Pump Feedback Controller,Alkaline Scrubber High pH
2026-01-18,12.13,SCB-102,Good,-0.0699999999999985,12.114285714285714,0.2457544264000884,11.9,12.6,0.6999999999999993,99.3,High,0,Sunday,January,0.46,75.0,Warning,Excessive Caustic Feed,Over-dosing Caustic Buffer,Calibrate Caustic Dosing Pump Feedback Controller,Alkaline Scrubber High pH
2026-01-19,12.0,SCB-102,Good,-0.1300000000000007,12.12857142857143,0.233839586855927,11.9,12.6,0.6999999999999993,98.7,High,0,Monday,January,0.34,75.0,Warning,Excessive Caustic Feed,Over-dosing Caustic Buffer,Calibrate Caustic Dosing Pump Feedback Controller,Alkaline Scrubber High pH
2026-01-20,11.9,SCB-102,Good,-0.0999999999999996,12.128571428571428,0.233839586855927,11.9,12.6,0.6999999999999993,99.0,High,0,Tuesday,January,0.53,75.0,Warning,Excessive Caustic Feed,Over-dosing Caustic Buffer,Calibrate Caustic Dosing Pump Feedback Controller,Alkaline Scrubber High pH
2026-01-21,11.94,SCB-102,Good,0.0399999999999991,12.127142857142855,0.235139269775328,11.9,12.6,0.6999999999999993,99.6,High,0,Wednesday,January,0.44,75.0,Warning,Excessive Caustic Feed,Over-dosing Caustic Buffer,Calibrate Caustic Dosing Pump Feedback Controller,Alkaline Scrubber High pH
2026-01-22,12.1,SCB-102,Good,0.1600000000000001,12.124285714285715,0.2353619300040608,11.9,12.6,0.6999999999999993,98.4,High,0,Thursday,January,0.46,75.0,Warning,Excessive Caustic Feed,Over-dosing Caustic Buffer,Calibrate Caustic Dosing Pump Feedback Controller,Alkaline Scrubber High pH
2026-01-23,12.1,SCB-102,Good,0.0,12.052857142857144,0.1087373419015215,11.9,12.2,0.2999999999999989,100.0,High,0,Friday,January,0.36,75.0,Warning,Excessive Caustic Feed,Over-dosing Caustic Buffer,Calibrate Caustic Dosing Pump Feedback Controller,Alkaline Scrubber High pH
2026-01-24,12.285714285714285,SCB-102,Interpolated,0.185714285714285,12.065102040816328,0.1306807324691634,11.9,12.285714285714285,0.3857142857142843,98.14285714285715,High,0,Saturday,January,0.37,75.0,Warning,Excessive Caustic Feed,Over-dosing Caustic Buffer,Calibrate Caustic Dosing Pump Feedback Controller,Alkaline Scrubber High pH
2026-01-25,12.471428571428572,SCB-102,Interpolated,0.1857142857142868,12.113877551020408,0.2027728099111414,11.9,12.471428571428572,0.5714285714285712,98.14285714285714,High,0,Sunday,January,0.54,75.0,Warning,Excessive Caustic Feed,Over-dosing Caustic Buffer,Calibrate Caustic Dosing Pump Feedback Controller,Alkaline Scrubber High pH
2026-01-26,12.657142857142857,SCB-102,Interpolated,0.185714285714285,12.207755102040815,0.2790397249933972,11.9,12.657142857142857,0.7571428571428562,98.14285714285715,High,0,Monday,January,0.41,75.0,Warning,Excessive Caustic Feed,Over-dosing Caustic Buffer,Calibrate Caustic Dosing Pump Feedback Controller,Alkaline Scrubber High pH
2026-01-27,,SCB-102,Offline,0.0,12.25904761904762,0.2670881023590649,11.94,12.657142857142857,0.7171428571428571,100.0,Offline,0,Tuesday,January,0.42,0.0,Critical,Scrubber Telemetry Offline,CEMS Sensor Communication Failure,Inspect Modbus Transmitters and Field PLC Cabinets,Sensor Connection Error
2026-01-28,,SCB-102,Offline,0.0,12.322857142857142,0.2421418036218055,12.1,12.657142857142857,0.5571428571428569,100.0,Offline,0,Wednesday,January,0.425,0.0,Critical,Scrubber Telemetry Offline,CEMS Sensor Communication Failure,Inspect Modbus Transmitters and Field PLC Cabinets,Sensor Connection Error
2026-01-29,,SCB-102,Offline,0.0,12.378571428571426,0.2397561119080674,12.1,12.657142857142857,0.5571428571428569,100.0,Offline,0,Thursday,January,0.43,0.0,Critical,Scrubber Telemetry Offline,CEMS Sensor Communication Failure,Inspect Modbus Transmitters and Field PLC Cabinets,Sensor Connection Error
2026-01-30,13.4,SCB-102,Good,0.0,12.70357142857143,0.4884203330827865,12.285714285714285,13.4,1.1142857142857157,100.0,High,0,Friday,January,0.435,75.0,Warning,Excessive Caustic Feed,Over-dosing Caustic Buffer,Calibrate Caustic Dosing Pump Feedback Controller,Alkaline Scrubber High pH
2026-01-31,13.9,SCB-102,Good,0.5,13.107142857142858,0.6635812957388196,12.471428571428572,13.9,1.4285714285714288,95.0,High,0,Saturday,January,0.0,75.0,Warning,Excessive Caustic Feed,Over-dosing Caustic Buffer,Calibrate Caustic Dosing Pump Feedback Controller,Alkaline Scrubber High pH
2026-02-01,13.6,SCB-102,Good,-0.3000000000000007,13.389285714285714,0.5295839722588431,12.657142857142857,13.9,1.2428571428571438,97.0,High,0,Sunday,February,0.0,75.0,Warning,Excessive Caustic Feed,Over-dosing Caustic Buffer,Calibrate Caustic Dosing Pump Feedback Controller,Alkaline Scrubber High pH
2026-02-02,13.48,SCB-102,Good,-0.1199999999999992,13.595,0.2193171219945733,13.4,13.9,0.5,98.8,High,0,Monday,February,0.45,75.0,Warning,Excessive Caustic Feed,Over-dosing Caustic Buffer,Calibrate Caustic Dosing Pump Feedback Controller,Alkaline Scrubber High pH
2026-02-03,13.34,SCB-102,Good,-0.1400000000000005,13.544,0.2215400640967396,13.34,13.9,0.5600000000000005,98.6,High,0,Tuesday,February,0.23,75.0,Warning,Excessive Caustic Feed,Over-dosing Caustic Buffer,Calibrate Caustic Dosing Pump Feedback Controller,Alkaline Scrubber High pH
2026-02-04,12.75,SCB-102,Good,-0.5899999999999999,13.411666666666669,0.3799166575272237,12.75,13.9,1.1500000000000004,94.1,High,0,Wednesday,February,0.25,75.0,Warning,Excessive Caustic Feed,Over-dosing Caustic Buffer,Calibrate Caustic Dosing Pump Feedback Controller,Alkaline Scrubber High pH
2026-02-05,12.77,SCB-102,Good,0.0199999999999995,13.320000000000002,0.4232020793899688,12.75,13.9,1.1500000000000004,99.8,High,0,Thursday,February,0.2,75.0,Warning,Excessive Caustic Feed,Over-dosing Caustic Buffer,Calibrate Caustic Dosing Pump Feedback Controller,Alkaline Scrubber High pH
2026-02-06,12.86,SCB-102,Good,0.0899999999999998,13.242857142857144,0.4542654982024689,12.75,13.9,1.1500000000000004,99.1,High,0,Friday,February,0.24,75.0,Warning,Excessive Caustic Feed,Over-dosing Caustic Buffer,Calibrate Caustic Dosing Pump Feedback Controller,Alkaline Scrubber High pH
2026-02-07,12.98,SCB-102,Good,0.120000000000001,13.111428571428572,0.3546091073951918,12.75,13.6,0.8499999999999996,98.79999999999998,High,0,Saturday,February,0.2,75.0,Warning,Excessive Caustic Feed,Over-dosing Caustic Buffer,Calibrate Caustic Dosing Pump Feedback Controller,Alkaline Scrubber High pH
2026-02-08,12.94,SCB-102,Good,-0.0400000000000009,13.017142857142858,0.2837084351768075,12.75,13.48,0.7300000000000004,99.6,High,0,Sunday,February,0.27,75.0,Warning,Excessive Caustic Feed,Over-dosing Caustic Buffer,Calibrate Caustic Dosing Pump Feedback Controller,Alkaline Scrubber High pH
2026-02-09,12.92,SCB-102,Good,-0.0199999999999995,12.937142857142856,0.1972066839396513,12.75,13.34,0.5899999999999999,99.8,High,0,Monday,February,0.28,75.0,Warning,Excessive Caustic Feed,Over-dosing Caustic Buffer,Calibrate Caustic Dosing Pump Feedback Controller,Alkaline Scrubber High pH
2026-02-10,13.17,SCB-102,Good,0.25,12.912857142857144,0.1420931954404353,12.75,13.17,0.4199999999999999,97.5,High,0,Tuesday,February,0.27,75.0,Warning,Excessive Caustic Feed,Over-dosing Caustic Buffer,Calibrate Caustic Dosing Pump Feedback Controller,Alkaline Scrubber High pH
2026-02-11,13.2,SCB-102,Good,0.0299999999999993,12.977142857142857,0.1571320342593231,12.77,13.2,0.4299999999999997,99.7,High,0,Wednesday,February,0.14,75.0,Warning,Excessive Caustic Feed,Over-dosing Caustic Buffer,Calibrate Caustic Dosing Pump Feedback Controller,Alkaline Scrubber High pH
2026-02-12,12.65,SCB-102,Good,-0.5499999999999989,12.96,0.1871719352182112,12.65,13.2,0.5499999999999989,94.5,High,0,Thursday,February,0.26,75.0,Warning,Excessive Caustic Feed,Over-dosing Caustic Buffer,Calibrate Caustic Dosing Pump Feedback Controller,Alkaline Scrubber High pH
2026-02-13,12.39,SCB-102,Good,-0.2599999999999998,12.892857142857142,0.2868050607244233,12.39,13.2,0.8099999999999987,97.4,High,0,Friday,February,0.29,75.0,Warning,Excessive Caustic Feed,Over-dosing Caustic Buffer,Calibrate Caustic Dosing Pump Feedback Controller,Alkaline Scrubber High pH
2026-02-14,12.6,SCB-102,Good,0.209999999999999,12.838571428571427,0.3030637211010529,12.39,13.2,0.8099999999999987,97.9,High,0,Saturday,February,0.17,75.0,Warning,Excessive Caustic Feed,Over-dosing Caustic Buffer,Calibrate Caustic Dosing Pump Feedback Controller,Alkaline Scrubber High pH
2026-02-15,12.6,SCB-102,Good,0.0,12.79,0.3112341026729957,12.39,13.2,0.8099999999999987,100.0,High,0,Sunday,February,0.29,75.0,Warning,Excessive Caustic Feed,Over-dosing Caustic Buffer,Calibrate Caustic Dosing Pump Feedback Controller,Alkaline Scrubber High pH
2026-02-16,3.23,SCB-102,Good,-9.37,11.405714285714286,3.618106581914806,3.23,13.2,9.97,6.300000000000011,Low,0,Monday,February,0.19,0.0,Warning,Low Alkali Dosing,Insufficient Caustic Injection Flow Rate,Increase Caustic Dosing Pump Output,Alkaline Scrubber Low pH
2026-02-17,0.95,SCB-102,Good,-2.28,9.66,5.218888770610082,0.95,13.2,12.25,77.19999999999999,Low,0,Tuesday,February,0.19,46.8,Warning,Low Alkali Dosing,Insufficient Caustic Injection Flow Rate,Increase Caustic Dosing Pump Output,Alkaline Scrubber Low pH
2026-02-18,9.01,SCB-102,Good,8.06,9.061428571428571,4.980021514583476,0.95,12.65,11.7,19.39999999999999,Low,0,Wednesday,February,0.22,0.5,Warning,Low Alkali Dosing,Insufficient Caustic Injection Flow Rate,Increase Caustic Dosing Pump Output,Alkaline Scrubber Low pH
2026-02-19,9.01,SCB-102,Good,0.0,8.541428571428572,4.7264448534158285,0.95,12.6,11.65,100.0,Low,0,Thursday,February,0.25,65.0,Warning,Low Alkali Dosing,Insufficient Caustic Injection Flow Rate,Increase Caustic Dosing Pump Output,Alkaline Scrubber Low pH
2026-02-20,9.01,SCB-102,Good,0.0,8.058571428571428,4.431171510151799,0.95,12.6,11.65,100.0,Low,0,Friday,February,0.25,65.0,Warning,Low Alkali Dosing,Insufficient Caustic Injection Flow Rate,Increase Caustic Dosing Pump Output,Alkaline Scrubber Low pH
2026-02-21,8.16,SCB-102,Good,-0.8499999999999996,7.424285714285714,3.9661310162544128,0.95,12.6,11.65,91.5,Low,0,Saturday,February,0.24,65.0,Warning,Low Alkali Dosing,Insufficient Caustic Injection Flow Rate,Increase Caustic Dosing Pump Output,Alkaline Scrubber Low pH
2026-02-22,7.37,SCB-102,Good,-0.79,6.677142857142856,3.2580296411876257,0.95,9.01,8.06,92.1,Low,0,Sunday,February,0.24,65.0,Warning,Low Alkali Dosing,Insufficient Caustic Injection Flow Rate,Increase Caustic Dosing Pump Output,Alkaline Scrubber Low pH
2026-02-23,7.36,SCB-102,Good,-0.0099999999999997,7.267142857142858,2.881994183927251,0.95,9.01,8.06,99.9,Low,0,Monday,February,0.34,65.0,Warning,Low Alkali Dosing,Insufficient Caustic Injection Flow Rate,Increase Caustic Dosing Pump Output,Alkaline Scrubber Low pH
2026-02-24,7.36,SCB-102,Good,0.0,8.182857142857143,0.8234017708205998,7.36,9.01,1.6499999999999997,100.0,Low,0,Tuesday,February,0.21,65.0,Warning,Low Alkali Dosing,Insufficient Caustic Injection Flow Rate,Increase Caustic Dosing Pump Output,Alkaline Scrubber Low pH
2026-02-25,7.36,SCB-102,Good,0.0,7.9471428571428575,0.7822982015769304,7.36,9.01,1.6499999999999997,100.0,Low,0,Wednesday,February,0.22,65.0,Warning,Low Alkali Dosing,Insufficient Caustic Injection Flow Rate,Increase Caustic Dosing Pump Output,Alkaline Scrubber Low pH
2026-02-26,7.35,SCB-102,Good,-0.0100000000000006,7.71,0.6461681927589419,7.35,9.01,1.66,99.9,Low,0,Thursday,February,0.23,65.0,Warning,Low Alkali Dosing,Insufficient Caustic Injection Flow Rate,Increase Caustic Dosing Pump Output,Alkaline Scrubber Low pH
2026-02-27,7.36,SCB-102,Good,0.0100000000000006,7.474285714285714,0.3024266932033755,7.35,8.16,0.8100000000000005,99.9,Low,0,Friday,February,0.23,65.0,Warning,Low Alkali Dosing,Insufficient Caustic Injection Flow Rate,Increase Caustic Dosing Pump Output,Alkaline Scrubber Low pH
2026-02-28,7.36,SCB-102,Good,0.0,7.36,0.0057735026939535,7.35,7.37,0.0200000000000004,100.0,Low,0,Saturday,February,0.23,65.0,Warning,Low Alkali Dosing,Insufficient Caustic Injection Flow Rate,Increase Caustic Dosing Pump Output,Alkaline Scrubber Low pH
2026-03-01,7.32,SCB-102,Good,-0.04,7.352857142857144,0.0149602648316553,7.32,7.36,0.04,99.6,Low,0,Sunday,March,0.24,65.0,Warning,Low Alkali Dosing,Insufficient Caustic Injection Flow Rate,Increase Caustic Dosing Pump Output,Alkaline Scrubber Low pH
2026-03-02,7.33,SCB-102,Good,0.0099999999999997,7.348571428571428,0.0167616341976584,7.32,7.36,0.04,99.9,Low,0,Monday,March,0.3,65.0,Warning,Low Alkali Dosing,Insufficient Caustic Injection Flow Rate,Increase Caustic Dosing Pump Output,Alkaline Scrubber Low pH
2026-03-03,7.33,SCB-102,Good,0.0,7.344285714285713,0.0171824938603748,7.32,7.36,0.04,100.0,Low,0,Tuesday,March,0.26,65.0,Warning,Low Alkali Dosing,Insufficient Caustic Injection Flow Rate,Increase Caustic Dosing Pump Output,Alkaline Scrubber Low pH
2026-03-04,7.32,SCB-102,Good,-0.0099999999999997,7.338571428571428,0.017728105209227,7.32,7.36,0.04,99.9,Low,0,Wednesday,March,0.18,65.0,Warning,Low Alkali Dosing,Insufficient Caustic Injection Flow Rate,Increase Caustic Dosing Pump Output,Alkaline Scrubber Low pH
2026-03-05,7.33,SCB-102,Good,0.0099999999999997,7.3357142857142845,0.0171824938603743,7.32,7.36,0.04,99.9,Low,0,Thursday,March,0.22,65.0,Warning,Low Alkali Dosing,Insufficient Caustic Injection Flow Rate,Increase Caustic Dosing Pump Output,Alkaline Scrubber Low pH
2026-03-06,7.31,SCB-102,Good,-0.0200000000000004,7.328571428571428,0.0157359158501419,7.31,7.36,0.0500000000000007,99.8,Low,0,Friday,March,0.25,65.0,Warning,Low Alkali Dosing,Insufficient Caustic Injection Flow Rate,Increase Caustic Dosing Pump Output,Alkaline Scrubber Low pH
2026-03-07,7.3,SCB-102,Good,-0.0099999999999997,7.319999999999999,0.0115470053848186,7.3,7.33,0.0300000000000002,99.9,Low,0,Saturday,March,0.2,65.0,Warning,Low Alkali Dosing,Insufficient Caustic Injection Flow Rate,Increase Caustic Dosing Pump Output,Alkaline Scrubber Low pH
2026-03-08,7.25,SCB-102,Good,-0.0499999999999998,7.31,0.0288675134598918,7.25,7.33,0.08,99.5,Low,0,Sunday,March,0.22,65.0,Warning,Low Alkali Dosing,Insufficient Caustic Injection Flow Rate,Increase Caustic Dosing Pump Output,Alkaline Scrubber Low pH
2026-03-09,7.24,SCB-102,Good,-0.0099999999999997,7.297142857142857,0.0372890894297502,7.24,7.33,0.0899999999999998,99.9,Low,0,Monday,March,0.2,65.0,Warning,Low Alkali Dosing,Insufficient Caustic Injection Flow Rate,Increase Caustic Dosing Pump Output,Alkaline Scrubber Low pH
2026-03-10,7.27,SCB-102,Good,0.0299999999999993,7.288571428571429,0.0353216512587222,7.24,7.33,0.0899999999999998,99.7,Low,0,Tuesday,March,0.19,65.0,Warning,Low Alkali Dosing,Insufficient Caustic Injection Flow Rate,Increase Caustic Dosing Pump Output,Alkaline Scrubber Low pH
2026-03-11,7.31,SCB-102,Good,0.04,7.287142857142856,0.0340168025711794,7.24,7.33,0.0899999999999998,99.6,Low,0,Wednesday,March,0.24,65.0,Warning,Low Alkali Dosing,Insufficient Caustic Injection Flow Rate,Increase Caustic Dosing Pump Output,Alkaline Scrubber Low pH
2026-03-12,7.34,SCB-102,Good,0.0300000000000002,7.288571428571428,0.0362530786873259,7.24,7.34,0.0999999999999996,99.7,Low,0,Thursday,March,0.25,65.0,Warning,Low Alkali Dosing,Insufficient Caustic Injection Flow Rate,Increase Caustic Dosing Pump Output,Alkaline Scrubber Low pH
2026-03-13,7.33,SCB-102,Good,-0.0099999999999997,7.291428571428571,0.0389138242056655,7.24,7.34,0.0999999999999996,99.9,Low,0,Friday,March,0.22,65.0,Warning,Low Alkali Dosing,Insufficient Caustic Injection Flow Rate,Increase Caustic Dosing Pump Output,Alkaline Scrubber Low pH
2026-03-14,7.32,SCB-102,Good,-0.0099999999999997,7.294285714285714,0.0403555625483668,7.24,7.34,0.0999999999999996,99.9,Low,0,Saturday,March,0.13,65.0,Warning,Low Alkali Dosing,Insufficient Caustic Injection Flow Rate,Increase Caustic Dosing Pump Output,Alkaline Scrubber Low pH
2026-03-15,7.32,SCB-102,Good,0.0,7.304285714285714,0.0359894164340263,7.24,7.34,0.0999999999999996,100.0,Low,0,Sunday,March,0.15,65.0,Warning,Low Alkali Dosing,Insufficient Caustic Injection Flow Rate,Increase Caustic Dosing Pump Output,Alkaline Scrubber Low pH
2026-03-16,7.34,SCB-102,Good,0.0199999999999995,7.318571428571429,0.024102953781144,7.27,7.34,0.0700000000000002,99.8,Low,0,Monday,March,0.14,65.0,Warning,Low Alkali Dosing,Insufficient Caustic Injection Flow Rate,Increase Caustic Dosing Pump Output,Alkaline Scrubber Low pH
2026-03-17,7.35,SCB-102,Good,0.0099999999999997,7.329999999999999,0.0141421356245618,7.31,7.35,0.04,99.9,Low,0,Tuesday,March,0.19,65.0,Warning,Low Alkali Dosing,Insufficient Caustic Injection Flow Rate,Increase Caustic Dosing Pump Output,Alkaline Scrubber Low pH
2026-03-18,7.36,SCB-102,Good,0.0100000000000006,7.337142857142857,0.0149602648316458,7.32,7.36,0.04,99.9,Low,0,Wednesday,March,0.12,65.0,Warning,Low Alkali Dosing,Insufficient Caustic Injection Flow Rate,Increase Caustic Dosing Pump Output,Alkaline Scrubber Low pH
2026-03-19,7.36,SCB-102,Good,0.0,7.340000000000001,0.0173205080763654,7.32,7.36,0.04,100.0,Low,0,Thursday,March,0.19,65.0,Warning,Low Alkali Dosing,Insufficient Caustic Injection Flow Rate,Increase Caustic Dosing Pump Output,Alkaline Scrubber Low pH
2026-03-20,7.35,SCB-102,Good,-0.0100000000000006,7.3428571428571425,0.0170433620656141,7.32,7.36,0.04,99.9,Low,0,Friday,March,0.21,65.0,Warning,Low Alkali Dosing,Insufficient Caustic Injection Flow Rate,Increase Caustic Dosing Pump Output,Alkaline Scrubber Low pH
2026-03-21,7.35,SCB-102,Good,0.0,7.347142857142857,0.0138013111876949,7.32,7.36,0.04,100.0,Low,0,Saturday,March,0.25,65.0,Warning,Low Alkali Dosing,Insufficient Caustic Injection Flow Rate,Increase Caustic Dosing Pump Output,Alkaline Scrubber Low pH
2026-03-22,7.32,SCB-102,Good,-0.0299999999999993,7.347142857142857,0.0138013111876949,7.32,7.36,0.04,99.7,Low,0,Sunday,March,0.3,65.0,Warning,Low Alkali Dosing,Insufficient Caustic Injection Flow Rate,Increase Caustic Dosing Pump Output,Alkaline Scrubber Low pH
2026-03-23,7.37,SCB-102,Good,0.0499999999999998,7.35142857142857,0.0157359158501317,7.32,7.37,0.0499999999999998,99.5,Low,0,Monday,March,0.28,65.0,Warning,Low Alkali Dosing,Insufficient Caustic Injection Flow Rate,Increase Caustic Dosing Pump Output,Alkaline Scrubber Low pH
2026-03-24,7.36,SCB-102,Good,-0.0099999999999997,7.352857142857144,0.0160356745154741,7.32,7.37,0.0499999999999998,99.9,Low,0,Tuesday,March,0.24,65.0,Warning,Low Alkali Dosing,Insufficient Caustic Injection Flow Rate,Increase Caustic Dosing Pump Output,Alkaline Scrubber Low pH
2026-03-25,7.355,SCB-102,Interpolated,-0.0049999999999998,7.352142857142857,0.015773697215076,7.32,7.37,0.0499999999999998,99.95,Low,0,Wednesday,March,0.21,65.0,Warning,Low Alkali Dosing,Insufficient Caustic Injection Flow Rate,Increase Caustic Dosing Pump Output,Alkaline Scrubber Low pH
2026-03-26,7.35,SCB-102,Interpolated,-0.0050000000000007,7.350714285714285,0.0153917108187539,7.32,7.37,0.0499999999999998,99.95,Low,0,Thursday,March,0.31,65.0,Warning,Low Alkali Dosing,Insufficient Caustic Injection Flow Rate,Increase Caustic Dosing Pump Output,Alkaline Scrubber Low pH
2026-03-27,7.345,SCB-102,Interpolated,-0.0049999999999998,7.35,0.0155456317559003,7.32,7.37,0.0499999999999998,99.95,Low,0,Friday,March,0.27,65.0,Warning,Low Alkali Dosing,Insufficient Caustic Injection Flow Rate,Increase Caustic Dosing Pump Output,Alkaline Scrubber Low pH
2026-03-28,7.34,SCB-102,Good,-0.0049999999999998,7.348571428571428,0.015998511836286,7.32,7.37,0.0499999999999998,99.95,Low,0,Saturday,March,0.2,65.0,Warning,Low Alkali Dosing,Insufficient Caustic Injection Flow Rate,Increase Caustic Dosing Pump Output,Alkaline Scrubber Low pH
2026-03-29,7.33,SCB-102,Good,-0.0099999999999997,7.35,0.0132287565562071,7.33,7.37,0.04,99.9,Low,0,Sunday,March,0.25,65.0,Warning,Low Alkali Dosing,Insufficient Caustic Injection Flow Rate,Increase Caustic Dosing Pump Output,Alkaline Scrubber Low pH
2026-03-30,7.33,SCB-102,Good,0.0,7.344285714285713,0.0117006308346262,7.33,7.36,0.0300000000000002,100.0,Low,0,Monday,March,0.24,65.0,Warning,Low Alkali Dosing,Insufficient Caustic Injection Flow Rate,Increase Caustic Dosing Pump Output,Alkaline Scrubber Low pH
2026-03-31,7.21,SCB-102,Good,-0.1200000000000001,7.322857142857143,0.0506505300120323,7.21,7.355,0.1450000000000004,98.8,Low,0,Tuesday,March,0.28,65.0,Warning,Low Alkali Dosing,Insufficient Caustic Injection Flow Rate,Increase Caustic Dosing Pump Output,Alkaline Scrubber Low pH
2026-04-01,7.01,SCB-102,Good,-0.2000000000000001,7.273571428571429,0.1259865828080235,7.01,7.35,0.3399999999999998,98.0,Low,0,Wednesday,April,0.3,65.0,Warning,Low Alkali Dosing,Insufficient Caustic Injection Flow Rate,Increase Caustic Dosing Pump Output,Alkaline Scrubber Low pH
2026-04-02,7.25,SCB-102,Good,0.2400000000000002,7.259285714285714,0.121464280463828,7.01,7.345,0.3349999999999999,97.6,Low,0,Thursday,April,0.32,65.0,Warning,Low Alkali Dosing,Insufficient Caustic Injection Flow Rate,Increase Caustic Dosing Pump Output,Alkaline Scrubber Low pH
2026-04-03,7.3,SCB-102,Good,0.0499999999999998,7.252857142857143,0.1172908472864227,7.01,7.34,0.33,99.5,Low,0,Friday,April,0.26,65.0,Warning,Low Alkali Dosing,Insufficient Caustic Injection Flow Rate,Increase Caustic Dosing Pump Output,Alkaline Scrubber Low pH
2026-04-04,7.32,SCB-102,Good,0.0200000000000004,7.25,0.1150362261783541,7.01,7.33,0.3200000000000003,99.8,Low,0,Saturday,April,0.27,65.0,Warning,Low Alkali Dosing,Insufficient Caustic Injection Flow Rate,Increase Caustic Dosing Pump Output,Alkaline Scrubber Low pH
2026-04-05,7.31,SCB-102,Good,-0.0100000000000006,7.247142857142856,0.1129475225809179,7.01,7.33,0.3200000000000003,99.9,Low,0,Sunday,April,0.25,65.0,Warning,Low Alkali Dosing,Insufficient Caustic Injection Flow Rate,Increase Caustic Dosing Pump Output,Alkaline Scrubber Low pH
2026-04-06,7.31,SCB-102,Good,0.0,7.244285714285715,0.110733485278523,7.01,7.32,0.3100000000000005,100.0,Low,0,Monday,April,0.34,65.0,Warning,Low Alkali Dosing,Insufficient Caustic Injection Flow Rate,Increase Caustic Dosing Pump Output,Alkaline Scrubber Low pH
2026-04-07,7.31,SCB-102,Good,0.0,7.258571428571428,0.112016155297542,7.01,7.32,0.3100000000000005,100.0,Low,0,Tuesday,April,0.34,65.0,Warning,Low Alkali Dosing,Insufficient Caustic Injection Flow Rate,Increase Caustic Dosing Pump Output,Alkaline Scrubber Low pH
2026-04-08,7.32,SCB-102,Good,0.0100000000000006,7.3028571428571425,0.0242997158522457,7.25,7.32,0.0700000000000002,99.9,Low,0,Wednesday,April,0.27,65.0,Warning,Low Alkali Dosing,Insufficient Caustic Injection Flow Rate,Increase Caustic Dosing Pump Output,Alkaline Scrubber Low pH
2026-04-09,7.33,SCB-102,Good,0.0099999999999997,7.314285714285715,0.0097590007306949,7.3,7.33,0.0300000000000002,99.9,Low,0,Thursday,April,0.28,65.0,Warning,Low Alkali Dosing,Insufficient Caustic Injection Flow Rate,Increase Caustic Dosing Pump Output,Alkaline Scrubber Low pH
2026-04-10,7.33,SCB-102,Good,0.0,7.318571428571429,0.0089973541097344,7.31,7.33,0.0200000000000004,100.0,Low,0,Friday,April,0.33,65.0,Warning,Low Alkali Dosing,Insufficient Caustic Injection Flow Rate,Increase Caustic Dosing Pump Output,Alkaline Scrubber Low pH
2026-04-11,7.34,SCB-102,Good,0.0099999999999997,7.32142857142857,0.0121498579268483,7.31,7.34,0.0300000000000002,99.9,Low,0,Saturday,April,0.34,65.0,Warning,Low Alkali Dosing,Insufficient Caustic Injection Flow Rate,Increase Caustic Dosing Pump Output,Alkaline Scrubber Low pH
2026-04-12,7.35,SCB-102,Good,0.0099999999999997,7.327142857142857,0.0149602648316472,7.31,7.35,0.04,99.9,Low,0,Sunday,April,0.2,65.0,Warning,Low Alkali Dosing,Insufficient Caustic Injection Flow Rate,Increase Caustic Dosing Pump Output,Alkaline Scrubber Low pH
2026-04-13,7.35,SCB-102,Good,0.0,7.332857142857143,0.0149602648316454,7.31,7.35,0.04,100.0,Low,0,Monday,April,0.23,65.0,Warning,Low Alkali Dosing,Insufficient Caustic Injection Flow Rate,Increase Caustic Dosing Pump Output,Alkaline Scrubber Low pH
2026-04-14,7.35,SCB-102,Good,0.0,7.338571428571429,0.0121498579268418,7.32,7.35,0.0299999999999993,100.0,Low,0,Tuesday,April,0.26,65.0,Warning,Low Alkali Dosing,Insufficient Caustic Injection Flow Rate,Increase Caustic Dosing Pump Output,Alkaline Scrubber Low pH
2026-04-15,7.35,SCB-102,Good,0.0,7.3428571428571425,0.0095118973133415,7.33,7.35,0.0199999999999995,100.0,Low,0,Wednesday,April,0.26,65.0,Warning,Low Alkali Dosing,Insufficient Caustic Injection Flow Rate,Increase Caustic Dosing Pump Output,Alkaline Scrubber Low pH
2026-04-16,7.35,SCB-102,Good,0.0,7.345714285714285,0.0078679579261777,7.33,7.35,0.0199999999999995,100.0,Low,0,Thursday,April,0.22,65.0,Warning,Low Alkali Dosing,Insufficient Caustic Injection Flow Rate,Increase Caustic Dosing Pump Output,Alkaline Scrubber Low pH
2026-04-17,7.35,SCB-102,Good,0.0,7.348571428571428,0.0037796447331765,7.34,7.35,0.0099999999999997,100.0,Low,0,Friday,April,0.25,65.0,Warning,Low Alkali Dosing,Insufficient Caustic Injection Flow Rate,Increase Caustic Dosing Pump Output,Alkaline Scrubber Low pH
2026-04-18,7.35,SCB-102,Good,0.0,7.35,1.526501502557417e-07,7.35,7.35,0.0,100.0,Low,0,Saturday,April,0.22,65.0,Warning,Low Alkali Dosing,Insufficient Caustic Injection Flow Rate,Increase Caustic Dosing Pump Output,Alkaline Scrubber Low pH
2026-04-19,7.35,SCB-102,Good,0.0,7.35,1.526501502557417e-07,7.35,7.35,0.0,100.0,Low,0,Sunday,April,0.28,65.0,Warning,Low Alkali Dosing,Insufficient Caustic Injection Flow Rate,Increase Caustic Dosing Pump Output,Alkaline Scrubber Low pH
2026-04-20,7.35,SCB-102,Good,0.0,7.35,1.526501502557417e-07,7.35,7.35,0.0,100.0,Low,0,Monday,April,0.27,65.0,Warning,Low Alkali Dosing,Insufficient Caustic Injection Flow Rate,Increase Caustic Dosing Pump Output,Alkaline Scrubber Low pH
2026-04-21,7.35,SCB-102,Good,0.0,7.35,1.526501502557417e-07,7.35,7.35,0.0,100.0,Low,0,Tuesday,April,0.29,65.0,Warning,Low Alkali Dosing,Insufficient Caustic Injection Flow Rate,Increase Caustic Dosing Pump Output,Alkaline Scrubber Low pH
2026-04-22,7.36,SCB-102,Good,0.0100000000000006,7.351428571428571,0.0037796447331734,7.35,7.36,0.0100000000000006,99.9,Low,0,Wednesday,April,0.34,65.0,Warning,Low Alkali Dosing,Insufficient Caustic Injection Flow Rate,Increase Caustic Dosing Pump Output,Alkaline Scrubber Low pH
2026-04-23,7.36,SCB-102,Good,0.0,7.352857142857142,0.004879500367128,7.35,7.36,0.0100000000000006,100.0,Low,0,Thursday,April,0.38,65.0,Warning,Low Alkali Dosing,Insufficient Caustic Injection Flow Rate,Increase Caustic Dosing Pump Output,Alkaline Scrubber Low pH
2026-04-24,7.36,SCB-102,Good,0.0,7.354285714285714,0.0053452248404248,7.35,7.36,0.0100000000000006,100.0,Low,0,Friday,April,0.41,65.0,Warning,Low Alkali Dosing,Insufficient Caustic Injection Flow Rate,Increase Caustic Dosing Pump Output,Alkaline Scrubber Low pH
2026-04-25,7.36,SCB-102,Good,0.0,7.355714285714285,0.0053452248404234,7.35,7.36,0.0100000000000006,100.0,Low,0,Saturday,April,0.6,65.0,Warning,Low Alkali Dosing,Insufficient Caustic Injection Flow Rate,Increase Caustic Dosing Pump Output,Alkaline Scrubber Low pH
2026-04-26,7.38,SCB-102,Good,0.0199999999999995,7.36,0.0100000000011602,7.35,7.38,0.0300000000000002,99.8,Low,0,Sunday,April,0.0,65.0,Warning,Low Alkali Dosing,Insufficient Caustic Injection Flow Rate,Increase Caustic Dosing Pump Output,Alkaline Scrubber Low pH
2026-04-27,7.38,SCB-102,Good,0.0,7.364285714285715,0.0113389341912977,7.35,7.38,0.0300000000000002,100.0,Low,0,Monday,April,0.51,65.0,Warning,Low Alkali Dosing,Insufficient Caustic Injection Flow Rate,Increase Caustic Dosing Pump Output,Alkaline Scrubber Low pH
2026-04-28,7.39,SCB-102,Good,0.0099999999999997,7.37,0.0129099444882521,7.36,7.39,0.0299999999999993,99.9,Low,0,Tuesday,April,0.34,65.0,Warning,Low Alkali Dosing,Insufficient Caustic Injection Flow Rate,Increase Caustic Dosing Pump Output,Alkaline Scrubber Low pH
2026-04-29,7.39,SCB-102,Good,0.0,7.374285714285714,0.0139727626209399,7.36,7.39,0.0299999999999993,100.0,Low,0,Wednesday,April,0.41,65.0,Warning,Low Alkali Dosing,Insufficient Caustic Injection Flow Rate,Increase Caustic Dosing Pump Output,Alkaline Scrubber Low pH
2026-04-30,7.4,SCB-102,Good,0.0100000000000006,7.380000000000001,0.015275252317272,7.36,7.4,0.04,99.9,Low,0,Thursday,April,0.3,65.0,Warning,Low Alkali Dosing,Insufficient Caustic Injection Flow Rate,Increase Caustic Dosing Pump Output,Alkaline Scrubber Low pH
2026-05-01,7.4,SCB-102,Good,0.0,7.385714285714286,0.0139727626209363,7.36,7.4,0.04,100.0,Low,0,Friday,May,0.35,65.0,Warning,Low Alkali Dosing,Insufficient Caustic Injection Flow Rate,Increase Caustic Dosing Pump Output,Alkaline Scrubber Low pH
2026-05-02,7.4,SCB-102,Good,0.0,7.3914285714285715,0.0089973541096967,7.38,7.4,0.0200000000000004,100.0,Low,0,Saturday,May,0.36,65.0,Warning,Low Alkali Dosing,Insufficient Caustic Injection Flow Rate,Increase Caustic Dosing Pump Output,Alkaline Scrubber Low pH
2026-05-03,7.4,SCB-102,Good,0.0,7.394285714285714,0.0078679579261478,7.38,7.4,0.0200000000000004,100.0,Low,0,Sunday,May,0.27,65.0,Warning,Low Alkali Dosing,Insufficient Caustic Injection Flow Rate,Increase Caustic Dosing Pump Output,Alkaline Scrubber Low pH
2026-05-04,7.41,SCB-102,Good,0.0099999999999997,7.398571428571429,0.0069006555950774,7.39,7.41,0.0200000000000004,99.9,Low,0,Monday,May,0.35,65.0,Warning,Low Alkali Dosing,Insufficient Caustic Injection Flow Rate,Increase Caustic Dosing Pump Output,Alkaline Scrubber Low pH
2026-05-05,7.41,SCB-102,Good,0.0,7.401428571428572,0.006900655595075,7.39,7.41,0.0200000000000004,100.0,Low,0,Tuesday,May,0.31,65.0,Warning,Low Alkali Dosing,Insufficient Caustic Injection Flow Rate,Increase Caustic Dosing Pump Output,Alkaline Scrubber Low pH
2026-05-06,7.41,SCB-102,Good,0.0,7.404285714285715,0.0053452248403772,7.4,7.41,0.0099999999999997,100.0,Low,0,Wednesday,May,0.4,65.0,Warning,Low Alkali Dosing,Insufficient Caustic Injection Flow Rate,Increase Caustic Dosing Pump Output,Alkaline Scrubber Low pH
2026-05-07,7.41,SCB-102,Good,0.0,7.405714285714285,0.0053452248403758,7.4,7.41,0.0099999999999997,100.0,Low,0,Thursday,May,0.47,65.0,Warning,Low Alkali Dosing,Insufficient Caustic Injection Flow Rate,Increase Caustic Dosing Pump Output,Alkaline Scrubber Low pH
2026-05-08,7.41,SCB-102,Good,0.0,7.4071428571428575,0.0048795003670717,7.4,7.41,0.0099999999999997,100.0,Low,0,Friday,May,0.33,65.0,Warning,Low Alkali Dosing,Insufficient Caustic Injection Flow Rate,Increase Caustic Dosing Pump Output,Alkaline Scrubber Low pH
2026-05-09,7.41,SCB-102,Good,0.0,7.408571428571428,0.0037796447330975,7.4,7.41,0.0099999999999997,100.0,Low,0,Saturday,May,0.37,65.0,Warning,Low Alkali Dosing,Insufficient Caustic Injection Flow Rate,Increase Caustic Dosing Pump Output,Alkaline Scrubber Low pH
2026-05-10,7.42,SCB-102,Good,0.0099999999999997,7.411428571428572,0.0037796447330948,7.41,7.42,0.0099999999999997,99.9,Low,0,Sunday,May,0.39,65.0,Warning,Low Alkali Dosing,Insufficient Caustic Injection Flow Rate,Increase Caustic Dosing Pump Output,Alkaline Scrubber Low pH
2026-05-11,7.42,SCB-102,Good,0.0,7.412857142857143,0.0048795003670672,7.41,7.42,0.0099999999999997,100.0,Low,0,Monday,May,0.41,65.0,Warning,Low Alkali Dosing,Insufficient Caustic Injection Flow Rate,Increase Caustic Dosing Pump Output,Alkaline Scrubber Low pH
2026-05-12,7.42,SCB-102,Good,0.0,7.4142857142857155,0.0053452248403694,7.41,7.42,0.0099999999999997,100.0,Low,0,Tuesday,May,0.45,65.0,Warning,Low Alkali Dosing,Insufficient Caustic Injection Flow Rate,Increase Caustic Dosing Pump Output,Alkaline Scrubber Low pH
2026-05-13,7.42,SCB-102,Good,0.0,7.415714285714285,0.0053452248403682,7.41,7.42,0.0099999999999997,100.0,Low,0,Wednesday,May,0.24,65.0,Warning,Low Alkali Dosing,Insufficient Caustic Injection Flow Rate,Increase Caustic Dosing Pump Output,Alkaline Scrubber Low pH
2026-05-14,7.43,SCB-102,Good,0.0099999999999997,7.418571428571428,0.0069006555950634,7.41,7.43,0.0199999999999995,99.9,Low,0,Thursday,May,0.32,65.0,Warning,Low Alkali Dosing,Insufficient Caustic Injection Flow Rate,Increase Caustic Dosing Pump Output,Alkaline Scrubber Low pH
2026-05-15,7.42,SCB-102,Good,-0.0099999999999997,7.42,0.0057735026938552,7.41,7.43,0.0199999999999995,99.9,Low,0,Friday,May,0.2,65.0,Warning,Low Alkali Dosing,Insufficient Caustic Injection Flow Rate,Increase Caustic Dosing Pump Output,Alkaline Scrubber Low pH
2026-05-16,7.42,SCB-102,Good,0.0,7.421428571428572,0.0037796447330832,7.42,7.43,0.0099999999999997,100.0,Low,0,Saturday,May,0.29,65.0,Warning,Low Alkali Dosing,Insufficient Caustic Injection Flow Rate,Increase Caustic Dosing Pump Output,Alkaline Scrubber Low pH
2026-05-17,7.43,SCB-102,Good,0.0099999999999997,7.422857142857143,0.0048795003670582,7.42,7.43,0.0099999999999997,99.9,Low,0,Sunday,May,0.28,65.0,Warning,Low Alkali Dosing,Insufficient Caustic Injection Flow Rate,Increase Caustic Dosing Pump Output,Alkaline Scrubber Low pH
2026-05-18,7.43,SCB-102,Good,0.0,7.424285714285714,0.0053452248403611,7.42,7.43,0.0099999999999997,100.0,Low,0,Monday,May,0.29,65.0,Warning,Low Alkali Dosing,Insufficient Caustic Injection Flow Rate,Increase Caustic Dosing Pump Output,Alkaline Scrubber Low pH
2026-05-19,7.43,SCB-102,Good,0.0,7.425714285714285,0.0053452248403599,7.42,7.43,0.0099999999999997,100.0,Low,0,Tuesday,May,0.27,65.0,Warning,Low Alkali Dosing,Insufficient Caustic Injection Flow Rate,Increase Caustic Dosing Pump Output,Alkaline Scrubber Low pH
2026-05-20,7.43,SCB-102,Good,0.0,7.427142857142857,0.0048795003670543,7.42,7.43,0.0099999999999997,100.0,Low,0,Wednesday,May,0.31,65.0,Warning,Low Alkali Dosing,Insufficient Caustic Injection Flow Rate,Increase Caustic Dosing Pump Output,Alkaline Scrubber Low pH
2026-05-21,7.43,SCB-102,Good,0.0,7.427142857142857,0.0048795003670543,7.42,7.43,0.0099999999999997,100.0,Low,0,Thursday,May,0.34,65.0,Warning,Low Alkali Dosing,Insufficient Caustic Injection Flow Rate,Increase Caustic Dosing Pump Output,Alkaline Scrubber Low pH
2026-05-22,7.44,SCB-102,Good,0.0100000000000006,7.43,0.0057735026938481,7.42,7.44,0.0200000000000004,99.9,Low,0,Friday,May,0.25,65.0,Warning,Low Alkali Dosing,Insufficient Caustic Injection Flow Rate,Increase Caustic Dosing Pump Output,Alkaline Scrubber Low pH
2026-05-23,7.44,SCB-102,Good,0.0,7.432857142857143,0.0048795003670501,7.43,7.44,0.0100000000000006,100.0,Low,0,Saturday,May,0.19,65.0,Warning,Low Alkali Dosing,Insufficient Caustic Injection Flow Rate,Increase Caustic Dosing Pump Output,Alkaline Scrubber Low pH
2026-05-24,7.44,SCB-102,Good,0.0,7.434285714285714,0.0053452248403539,7.43,7.44,0.0100000000000006,100.0,Low,0,Sunday,May,0.35,65.0,Warning,Low Alkali Dosing,Insufficient Caustic Injection Flow Rate,Increase Caustic Dosing Pump Output,Alkaline Scrubber Low pH
2026-05-25,7.44,SCB-102,Good,0.0,7.435714285714285,0.0053452248403528,7.43,7.44,0.0100000000000006,100.0,Low,0,Monday,May,0.36,65.0,Warning,Low Alkali Dosing,Insufficient Caustic Injection Flow Rate,Increase Caustic Dosing Pump Output,Alkaline Scrubber Low pH
2026-05-26,7.44,SCB-102,Good,0.0,7.437142857142858,0.0048795003670465,7.43,7.44,0.0100000000000006,100.0,Low,0,Tuesday,May,0.3,65.0,Warning,Low Alkali Dosing,Insufficient Caustic Injection Flow Rate,Increase Caustic Dosing Pump Output,Alkaline Scrubber Low pH
2026-05-27,7.45,SCB-102,Good,0.0099999999999997,7.439999999999999,0.005773502693841,7.43,7.45,0.0200000000000004,99.9,Low,0,Wednesday,May,0.41,65.0,Warning,Low Alkali Dosing,Insufficient Caustic Injection Flow Rate,Increase Caustic Dosing Pump Output,Alkaline Scrubber Low pH
2026-05-28,7.45,SCB-102,Good,0.0,7.442857142857143,0.0048795003670408,7.44,7.45,0.0099999999999997,100.0,Low,0,Thursday,May,2.01,65.0,Warning,Low Alkali Dosing,Insufficient Caustic Injection Flow Rate,Increase Caustic Dosing Pump Output,Alkaline Scrubber Low pH
2026-05-29,7.45,SCB-102,Good,0.0,7.444285714285715,0.005345224840345,7.44,7.45,0.0099999999999997,100.0,Low,0,Friday,May,0.31,65.0,Warning,Low Alkali Dosing,Insufficient Caustic Injection Flow Rate,Increase Caustic Dosing Pump Output,Alkaline Scrubber Low pH
2026-05-30,7.46,SCB-102,Good,0.0099999999999997,7.447142857142857,0.0075592894616649,7.44,7.46,0.0199999999999995,99.9,Low,0,Saturday,May,0.3,65.0,Warning,Low Alkali Dosing,Insufficient Caustic Injection Flow Rate,Increase Caustic Dosing Pump Output,Alkaline Scrubber Low pH
2026-05-31,7.46,SCB-102,Good,0.0,7.45,0.0081649658106459,7.44,7.46,0.0199999999999995,100.0,Low,0,Sunday,May,0.29,65.0,Warning,Low Alkali Dosing,Insufficient Caustic Injection Flow Rate,Increase Caustic Dosing Pump Output,Alkaline Scrubber Low pH
2026-06-01,7.46,SCB-102,Good,0.0,7.452857142857143,0.0075592894616611,7.44,7.46,0.0199999999999995,100.0,Low,0,Monday,June,0.29,65.0,Warning,Low Alkali Dosing,Insufficient Caustic Injection Flow Rate,Increase Caustic Dosing Pump Output,Alkaline Scrubber Low pH
2026-06-02,7.47,SCB-102,Good,0.0099999999999997,7.457142857142856,0.0075592894616581,7.45,7.47,0.0199999999999995,99.9,Low,0,Tuesday,June,0.3,65.0,Warning,Low Alkali Dosing,Insufficient Caustic Injection Flow Rate,Increase Caustic Dosing Pump Output,Alkaline Scrubber Low pH
2026-06-03,7.47,SCB-102,Good,0.0,7.46,0.0081649658106397,7.45,7.47,0.0199999999999995,100.0,Low,0,Wednesday,June,0.27,65.0,Warning,Low Alkali Dosing,Insufficient Caustic Injection Flow Rate,Increase Caustic Dosing Pump Output,Alkaline Scrubber Low pH
2026-06-04,7.47,SCB-102,Good,0.0,7.462857142857143,0.0075592894616543,7.45,7.47,0.0199999999999995,100.0,Low,0,Thursday,June,0.24,65.0,Warning,Low Alkali Dosing,Insufficient Caustic Injection Flow Rate,Increase Caustic Dosing Pump Output,Alkaline Scrubber Low pH
2026-06-05,7.47,SCB-102,Good,0.0,7.465714285714285,0.0053452248403244,7.46,7.47,0.0099999999999997,100.0,Low,0,Friday,June,0.24,65.0,Warning,Low Alkali Dosing,Insufficient Caustic Injection Flow Rate,Increase Caustic Dosing Pump Output,Alkaline Scrubber Low pH
2026-06-06,7.47,SCB-102,Good,0.0,7.467142857142856,0.0048795003670153,7.46,7.47,0.0099999999999997,100.0,Low,0,Saturday,June,0.2333333333333333,65.0,Warning,Low Alkali Dosing,Insufficient Caustic Injection Flow Rate,Increase Caustic Dosing Pump Output,Alkaline Scrubber Low pH
2026-06-07,7.47,SCB-102,Good,0.0,7.468571428571429,0.0037796447330247,7.46,7.47,0.0099999999999997,100.0,Low,0,Sunday,June,0.2266666666666666,65.0,Warning,Low Alkali Dosing,Insufficient Caustic Injection Flow Rate,Increase Caustic Dosing Pump Output,Alkaline Scrubber Low pH
2026-06-08,7.47,SCB-102,Good,0.0,7.47,1.488558401844879e-07,7.47,7.47,0.0,100.0,Low,0,Monday,June,0.22,65.0,Warning,Low Alkali Dosing,Insufficient Caustic Injection Flow Rate,Increase Caustic Dosing Pump Output,Alkaline Scrubber Low pH
2026-06-09,7.48,SCB-102,Good,0.0100000000000006,7.471428571428572,0.0037796447330228,7.47,7.48,0.0100000000000006,99.9,Low,0,Tuesday,June,0.32,65.0,Warning,Low Alkali Dosing,Insufficient Caustic Injection Flow Rate,Increase Caustic Dosing Pump Output,Alkaline Scrubber Low pH
2026-06-10,7.48,SCB-102,Good,0.0,7.472857142857142,0.0048795003670119,7.47,7.48,0.0100000000000006,100.0,Low,0,Wednesday,June,0.31,65.0,Warning,Low Alkali Dosing,Insufficient Caustic Injection Flow Rate,Increase Caustic Dosing Pump Output,Alkaline Scrubber Low pH
2026-06-11,7.48,SCB-102,Good,0.0,7.474285714285714,0.0053452248403193,7.47,7.48,0.0100000000000006,100.0,Low,0,Thursday,June,0.32,65.0,Warning,Low Alkali Dosing,Insufficient Caustic Injection Flow Rate,Increase Caustic Dosing Pump Output,Alkaline Scrubber Low pH
2026-06-12,7.48,SCB-102,Good,0.0,7.475714285714285,0.0053452248403185,7.47,7.48,0.0100000000000006,100.0,Low,0,Friday,June,0.36,65.0,Warning,Low Alkali Dosing,Insufficient Caustic Injection Flow Rate,Increase Caustic Dosing Pump Output,Alkaline Scrubber Low pH
2026-06-13,7.48,SCB-102,Good,0.0,7.477142857142858,0.0048795003670092,7.47,7.48,0.0100000000000006,100.0,Low,0,Saturday,June,0.29,65.0,Warning,Low Alkali Dosing,Insufficient Caustic Injection Flow Rate,Increase Caustic Dosing Pump Output,Alkaline Scrubber Low pH
2026-06-14,7.48,SCB-102,Good,0.0,7.478571428571429,0.0037796447330169,7.47,7.48,0.0100000000000006,100.0,Low,0,Sunday,June,0.29,65.0,Warning,Low Alkali Dosing,Insufficient Caustic Injection Flow Rate,Increase Caustic Dosing Pump Output,Alkaline Scrubber Low pH
2026-06-15,7.49,SCB-102,Good,0.0099999999999997,7.481428571428572,0.0037796447330138,7.48,7.49,0.0099999999999997,99.9,Low,0,Monday,June,0.31,65.0,Warning,Low Alkali Dosing,Insufficient Caustic Injection Flow Rate,Increase Caustic Dosing Pump Output,Alkaline Scrubber Low pH
2026-06-16,7.49,SCB-102,Good,0.0,7.482857142857143,0.0048795003670045,7.48,7.49,0.0099999999999997,100.0,Low,0,Tuesday,June,0.24,65.0,Warning,Low Alkali Dosing,Insufficient Caustic Injection Flow Rate,Increase Caustic Dosing Pump Output,Alkaline Scrubber Low pH
2026-06-17,7.49,SCB-102,Good,0.0,7.484285714285714,0.0053452248403121,7.48,7.49,0.0099999999999997,100.0,Low,0,Wednesday,June,0.21,65.0,Warning,Low Alkali Dosing,Insufficient Caustic Injection Flow Rate,Increase Caustic Dosing Pump Output,Alkaline Scrubber Low pH
2026-06-18,7.49,SCB-102,Good,0.0,7.485714285714286,0.0053452248403109,7.48,7.49,0.0099999999999997,100.0,Low,0,Thursday,June,0.36,65.0,Warning,Low Alkali Dosing,Insufficient Caustic Injection Flow Rate,Increase Caustic Dosing Pump Output,Alkaline Scrubber Low pH
2026-06-19,7.49,SCB-102,Good,0.0,7.4871428571428575,0.0048795003670005,7.48,7.49,0.0099999999999997,100.0,Low,0,Friday,June,0.26,65.0,Warning,Low Alkali Dosing,Insufficient Caustic Injection Flow Rate,Increase Caustic Dosing Pump Output,Alkaline Scrubber Low pH
2026-06-20,7.49,SCB-102,Good,0.0,7.488571428571428,0.0037796447330057,7.48,7.49,0.0099999999999997,100.0,Low,0,Saturday,June,0.24,65.0,Warning,Low Alkali Dosing,Insufficient Caustic Injection Flow Rate,Increase Caustic Dosing Pump Output,Alkaline Scrubber Low pH
2026-06-21,7.49,SCB-102,Good,0.0,7.49,1.4837061596065432e-07,7.49,7.49,0.0,100.0,Low,0,Sunday,June,0.3,65.0,Warning,Low Alkali Dosing,Insufficient Caustic Injection Flow Rate,Increase Caustic Dosing Pump Output,Alkaline Scrubber Low pH
2026-06-22,7.49,SCB-102,Good,0.0,7.49,1.4837061596065432e-07,7.49,7.49,0.0,100.0,Low,0,Monday,June,0.28,65.0,Warning,Low Alkali Dosing,Insufficient Caustic Injection Flow Rate,Increase Caustic Dosing Pump Output,Alkaline Scrubber Low pH
2026-06-23,7.49,SCB-102,Good,0.0,7.49,1.4837061596065432e-07,7.49,7.49,0.0,100.0,Low,0,Tuesday,June,0.37,65.0,Warning,Low Alkali Dosing,Insufficient Caustic Injection Flow Rate,Increase Caustic Dosing Pump Output,Alkaline Scrubber Low pH
2026-06-24,7.5,SCB-102,Good,0.0099999999999997,7.491428571428572,0.003779644733003,7.49,7.5,0.0099999999999997,99.9,Low,0,Wednesday,June,0.27,65.0,Warning,Low Alkali Dosing,Insufficient Caustic Injection Flow Rate,Increase Caustic Dosing Pump Output,Alkaline Scrubber Low pH
2026-06-25,7.5,SCB-102,Good,0.0,7.492857142857143,0.0048795003669961,7.49,7.5,0.0099999999999997,100.0,Low,0,Thursday,June,0.33,65.0,Warning,Low Alkali Dosing,Insufficient Caustic Injection Flow Rate,Increase Caustic Dosing Pump Output,Alkaline Scrubber Low pH
2026-06-26,7.51,SCB-102,Good,0.0099999999999997,7.495714285714285,0.0078679579260904,7.49,7.51,0.0199999999999995,99.9,Low,0,Friday,June,0.24,65.0,Warning,Low Alkali Dosing,Insufficient Caustic Injection Flow Rate,Increase Caustic Dosing Pump Output,Alkaline Scrubber Low pH
2026-06-27,7.47,SCB-102,Good,-0.04,7.492857142857142,0.0125356634114373,7.47,7.51,0.04,99.6,Low,0,Saturday,June,0.34,65.0,Warning,Low Alkali Dosing,Insufficient Caustic Injection Flow Rate,Increase Caustic Dosing Pump Output,Alkaline Scrubber Low pH
2026-06-28,7.5,SCB-102,Good,0.0300000000000002,7.494285714285715,0.0127241802064707,7.47,7.51,0.04,99.7,Low,0,Sunday,June,0.24,65.0,Warning,Low Alkali Dosing,Insufficient Caustic Injection Flow Rate,Increase Caustic Dosing Pump Output,Alkaline Scrubber Low pH
2026-06-29,7.51,SCB-102,Good,0.0099999999999997,7.497142857142857,0.0138013111876424,7.47,7.51,0.04,99.9,Low,0,Monday,June,0.44,65.0,Warning,Low Alkali Dosing,Insufficient Caustic Injection Flow Rate,Increase Caustic Dosing Pump Output,Alkaline Scrubber Low pH
2026-06-30,7.52,SCB-102,Good,0.0099999999999997,7.501428571428571,0.0157359158500851,7.47,7.52,0.0499999999999998,99.9,Low,0,Tuesday,June,0.47,65.0,Warning,Low Alkali Dosing,Insufficient Caustic Injection Flow Rate,Increase Caustic Dosing Pump Output,Alkaline Scrubber Low pH
2026-01-01,14.0,SCB-103,Good,0.0,14.0,0.0,14.0,14.0,0.0,100.0,High,0,Thursday,January,0.45,75.0,Warning,Excessive Caustic Feed,Over-dosing Caustic Buffer,Calibrate Caustic Dosing Pump Feedback Controller,Alkaline Scrubber High pH
2026-01-02,14.0,SCB-103,Interpolated,0.0,14.0,0.0,14.0,14.0,0.0,100.0,High,0,Friday,January,0.45,75.0,Warning,Excessive Caustic Feed,Over-dosing Caustic Buffer,Calibrate Caustic Dosing Pump Feedback Controller,Alkaline Scrubber High pH
2026-01-03,14.0,SCB-103,Good,0.0,14.0,0.0,14.0,14.0,0.0,100.0,High,0,Saturday,January,0.47,75.0,Warning,Excessive Caustic Feed,Over-dosing Caustic Buffer,Calibrate Caustic Dosing Pump Feedback Controller,Alkaline Scrubber High pH
2026-01-04,13.91,SCB-103,Good,-0.0899999999999998,13.9775,0.0449999999999996,13.91,14.0,0.0899999999999998,99.1,High,0,Sunday,January,0.51,75.0,Warning,Excessive Caustic Feed,Over-dosing Caustic Buffer,Calibrate Caustic Dosing Pump Feedback Controller,Alkaline Scrubber High pH
2026-01-05,14.0,SCB-103,Good,0.0899999999999998,13.982,0.040249223594996,13.91,14.0,0.0899999999999998,99.1,High,0,Monday,January,0.41,75.0,Warning,Excessive Caustic Feed,Over-dosing Caustic Buffer,Calibrate Caustic Dosing Pump Feedback Controller,Alkaline Scrubber High pH
2026-01-06,13.96,SCB-103,Interpolated,-0.0399999999999991,13.978333333333332,0.0371034589582513,13.91,14.0,0.0899999999999998,99.6,High,0,Tuesday,January,0.41,75.0,Warning,Excessive Caustic Feed,Over-dosing Caustic Buffer,Calibrate Caustic Dosing Pump Feedback Controller,Alkaline Scrubber High pH
2026-01-07,13.92,SCB-103,Interpolated,-0.0400000000000009,13.97,0.0404145188432736,13.91,14.0,0.0899999999999998,99.6,High,0,Wednesday,January,0.52,75.0,Warning,Excessive Caustic Feed,Over-dosing Caustic Buffer,Calibrate Caustic Dosing Pump Feedback Controller,Alkaline Scrubber High pH
2026-01-08,13.88,SCB-103,Interpolated,-0.0399999999999991,13.952857142857145,0.0499046710286337,13.88,14.0,0.1199999999999992,99.6,High,0,Thursday,January,0.54,75.0,Warning,Excessive Caustic Feed,Over-dosing Caustic Buffer,Calibrate Caustic Dosing Pump Feedback Controller,Alkaline Scrubber High pH
2026-01-09,13.84,SCB-103,Good,-0.0400000000000009,13.93,0.0602771377334168,13.84,14.0,0.1600000000000001,99.6,High,0,Friday,January,0.48,75.0,Warning,Excessive Caustic Feed,Over-dosing Caustic Buffer,Calibrate Caustic Dosing Pump Feedback Controller,Alkaline Scrubber High pH
2026-01-10,13.82,SCB-103,Good,-0.0199999999999995,13.904285714285717,0.0637330743170665,13.82,14.0,0.1799999999999997,99.8,High,0,Saturday,January,0.53,75.0,Warning,Excessive Caustic Feed,Over-dosing Caustic Buffer,Calibrate Caustic Dosing Pump Feedback Controller,Alkaline Scrubber High pH
2026-01-11,13.99,SCB-103,Good,0.1699999999999999,13.915714285714287,0.0716140449113954,13.82,14.0,0.1799999999999997,98.3,High,0,Sunday,January,0.51,75.0,Warning,Excessive Caustic Feed,Over-dosing Caustic Buffer,Calibrate Caustic Dosing Pump Feedback Controller,Alkaline Scrubber High pH
2026-01-12,9.94,SCB-103,Good,-4.050000000000001,13.335714285714287,1.498620000120747,9.94,13.99,4.050000000000001,59.49999999999999,Normal,0,Monday,January,0.52,67.6,Normal,Healthy,Normal Operation,Continue Stream Monitoring,No Alert
2026-01-13,5.6,SCB-103,Good,-4.34,12.141428571428571,3.2388909036449958,5.6,13.99,8.39,56.6,Low,0,Tuesday,January,0.54,30.3,Warning,Low Alkali Dosing,Insufficient Caustic Injection Flow Rate,Increase Caustic Dosing Pump Output,Alkaline Scrubber Low pH
2026-01-14,5.6,SCB-103,Good,0.0,10.95285714285714,3.9302362706149294,5.6,13.99,8.39,100.0,Low,0,Wednesday,January,0.57,65.0,Warning,Low Alkali Dosing,Insufficient Caustic Injection Flow Rate,Increase Caustic Dosing Pump Output,Alkaline Scrubber Low pH
2026-01-15,5.6,SCB-103,Good,0.0,9.77,4.142692361254938,5.6,13.99,8.39,100.0,Low,0,Thursday,January,0.51,65.0,Warning,Low Alkali Dosing,Insufficient Caustic Injection Flow Rate,Increase Caustic Dosing Pump Output,Alkaline Scrubber Low pH
2026-01-16,5.6,SCB-103,Good,0.0,8.592857142857142,3.960129266769436,5.6,13.99,8.39,100.0,Low,0,Friday,January,0.49,65.0,Warning,Low Alkali Dosing,Insufficient Caustic Injection Flow Rate,Increase Caustic Dosing Pump Output,Alkaline Scrubber Low pH
2026-01-17,5.6,SCB-103,Good,0.0,7.418571428571428,3.318566098841634,5.6,13.99,8.39,100.0,Low,0,Saturday,January,0.54,65.0,Warning,Low Alkali Dosing,Insufficient Caustic Injection Flow Rate,Increase Caustic Dosing Pump Output,Alkaline Scrubber Low pH
2026-01-18,5.6,SCB-103,Good,0.0,6.22,1.640365812860057,5.6,9.94,4.34,100.0,Low,0,Sunday,January,0.46,65.0,Warning,Low Alkali Dosing,Insufficient Caustic Injection Flow Rate,Increase Caustic Dosing Pump Output,Alkaline Scrubber Low pH
2026-01-19,5.52,SCB-103,Good,-0.08,5.588571428571427,0.0302371578407381,5.52,5.6,0.08,99.2,Low,0,Monday,January,0.34,65.0,Warning,Low Alkali Dosing,Insufficient Caustic Injection Flow Rate,Increase Caustic Dosing Pump Output,Alkaline Scrubber Low pH
2026-01-20,5.5,SCB-103,Good,-0.0199999999999995,5.574285714285714,0.0442933941113654,5.5,5.6,0.0999999999999996,99.8,Low,0,Tuesday,January,0.53,65.0,Warning,Low Alkali Dosing,Insufficient Caustic Injection Flow Rate,Increase Caustic Dosing Pump Output,Alkaline Scrubber Low pH
2026-01-21,5.48,SCB-103,Good,-0.0199999999999995,5.557142857142857,0.0546852465522114,5.48,5.6,0.1199999999999992,99.8,Low,0,Wednesday,January,0.44,65.0,Warning,Low Alkali Dosing,Insufficient Caustic Injection Flow Rate,Increase Caustic Dosing Pump Output,Alkaline Scrubber Low pH
2026-01-22,5.46,SCB-103,Good,-0.0200000000000004,5.5371428571428565,0.0615668432719768,5.46,5.6,0.1399999999999996,99.8,Low,0,Thursday,January,0.46,65.0,Warning,Low Alkali Dosing,Insufficient Caustic Injection Flow Rate,Increase Caustic Dosing Pump Output,Alkaline Scrubber Low pH
2026-01-23,5.48,SCB-103,Good,0.0200000000000004,5.519999999999999,0.0577350269189624,5.46,5.6,0.1399999999999996,99.8,Low,0,Friday,January,0.36,65.0,Warning,Low Alkali Dosing,Insufficient Caustic Injection Flow Rate,Increase Caustic Dosing Pump Output,Alkaline Scrubber Low pH
2026-01-24,5.48,SCB-103,Good,0.0,5.502857142857144,0.0468025233344977,5.46,5.6,0.1399999999999996,100.0,Low,0,Saturday,January,0.37,65.0,Warning,Low Alkali Dosing,Insufficient Caustic Injection Flow Rate,Increase Caustic Dosing Pump Output,Alkaline Scrubber Low pH
2026-01-25,5.48,SCB-103,Interpolated,0.0,5.485714285714286,0.0190237946242282,5.46,5.52,0.0599999999999996,100.0,Low,0,Sunday,January,0.54,65.0,Warning,Low Alkali Dosing,Insufficient Caustic Injection Flow Rate,Increase Caustic Dosing Pump Output,Alkaline Scrubber Low pH
2026-01-26,5.48,SCB-103,Interpolated,0.0,5.48,0.0115470053837956,5.46,5.5,0.04,100.0,Low,0,Monday,January,0.41,65.0,Warning,Low Alkali Dosing,Insufficient Caustic Injection Flow Rate,Increase Caustic Dosing Pump Output,Alkaline Scrubber Low pH
2026-01-27,5.48,SCB-103,Interpolated,0.0,5.477142857142857,0.00755928946019,5.46,5.48,0.0200000000000004,100.0,Low,0,Tuesday,January,0.42,65.0,Warning,Low Alkali Dosing,Insufficient Caustic Injection Flow Rate,Increase Caustic Dosing Pump Output,Alkaline Scrubber Low pH
2026-01-28,,SCB-103,Offline,0.0,5.476666666666667,0.0081649658092834,5.46,5.48,0.0200000000000004,100.0,Offline,0,Wednesday,January,0.425,0.0,Critical,Scrubber Telemetry Offline,CEMS Sensor Communication Failure,Inspect Modbus Transmitters and Field PLC Cabinets,Sensor Connection Error
2026-01-29,5.48,SCB-103,Good,0.0,5.48,9.30798558246183e-09,5.48,5.48,0.0,100.0,Low,0,Thursday,January,0.43,65.0,Warning,Low Alkali Dosing,Insufficient Caustic Injection Flow Rate,Increase Caustic Dosing Pump Output,Alkaline Scrubber Low pH
2026-01-30,5.46,SCB-103,Good,-0.0200000000000004,5.476666666666667,0.0081649658092834,5.46,5.48,0.0200000000000004,99.8,Low,0,Friday,January,0.435,65.0,Warning,Low Alkali Dosing,Insufficient Caustic Injection Flow Rate,Increase Caustic Dosing Pump Output,Alkaline Scrubber Low pH
2026-01-31,5.48,SCB-103,Good,0.0200000000000004,5.476666666666667,0.0081649658092834,5.46,5.48,0.0200000000000004,99.8,Low,0,Saturday,January,0.0,65.0,Warning,Low Alkali Dosing,Insufficient Caustic Injection Flow Rate,Increase Caustic Dosing Pump Output,Alkaline Scrubber Low pH
2026-02-01,5.48,SCB-103,Good,0.0,5.476666666666667,0.0081649658092834,5.46,5.48,0.0200000000000004,100.0,Low,0,Sunday,February,0.0,65.0,Warning,Low Alkali Dosing,Insufficient Caustic Injection Flow Rate,Increase Caustic Dosing Pump Output,Alkaline Scrubber Low pH
2026-02-02,5.45,SCB-103,Good,-0.0300000000000002,5.471666666666667,0.0132916013582556,5.45,5.48,0.0300000000000002,99.7,Low,0,Monday,February,0.45,65.0,Warning,Low Alkali Dosing,Insufficient Caustic Injection Flow Rate,Increase Caustic Dosing Pump Output,Alkaline Scrubber Low pH
2026-02-03,5.46,SCB-103,Good,0.0099999999999997,5.468333333333334,0.0132916013582562,5.45,5.48,0.0300000000000002,99.9,Low,0,Tuesday,February,0.23,65.0,Warning,Low Alkali Dosing,Insufficient Caustic Injection Flow Rate,Increase Caustic Dosing Pump Output,Alkaline Scrubber Low pH
2026-02-04,5.46,SCB-103,Good,0.0,5.467142857142858,0.0125356634105647,5.45,5.48,0.0300000000000002,100.0,Low,0,Wednesday,February,0.25,65.0,Warning,Low Alkali Dosing,Insufficient Caustic Injection Flow Rate,Increase Caustic Dosing Pump Output,Alkaline Scrubber Low pH
2026-02-05,5.46,SCB-103,Good,0.0,5.464285714285714,0.0113389341902822,5.45,5.48,0.0300000000000002,100.0,Low,0,Thursday,February,0.2,65.0,Warning,Low Alkali Dosing,Insufficient Caustic Injection Flow Rate,Increase Caustic Dosing Pump Output,Alkaline Scrubber Low pH
2026-02-06,5.46,SCB-103,Good,0.0,5.464285714285714,0.0113389341902822,5.45,5.48,0.0300000000000002,100.0,Low,0,Friday,February,0.24,65.0,Warning,Low Alkali Dosing,Insufficient Caustic Injection Flow Rate,Increase Caustic Dosing Pump Output,Alkaline Scrubber Low pH
2026-02-07,5.24,SCB-103,Good,-0.2199999999999997,5.43,0.0842614977317646,5.24,5.48,0.2400000000000002,97.8,Low,0,Saturday,February,0.2,65.0,Warning,Low Alkali Dosing,Insufficient Caustic Injection Flow Rate,Increase Caustic Dosing Pump Output,Alkaline Scrubber Low pH
2026-02-08,5.45,SCB-103,Good,0.2099999999999999,5.425714285714286,0.0820278698283187,5.24,5.46,0.2199999999999997,97.9,Low,0,Sunday,February,0.27,65.0,Warning,Low Alkali Dosing,Insufficient Caustic Injection Flow Rate,Increase Caustic Dosing Pump Output,Alkaline Scrubber Low pH
2026-02-09,5.45,SCB-103,Good,0.0,5.425714285714285,0.0820278698283187,5.24,5.46,0.2199999999999997,100.0,Low,0,Monday,February,0.28,65.0,Warning,Low Alkali Dosing,Insufficient Caustic Injection Flow Rate,Increase Caustic Dosing Pump Output,Alkaline Scrubber Low pH
2026-02-10,5.43,SCB-103,Good,-0.0200000000000004,5.421428571428571,0.0807111250961469,5.24,5.46,0.2199999999999997,99.8,Low,0,Tuesday,February,0.27,65.0,Warning,Low Alkali Dosing,Insufficient Caustic Injection Flow Rate,Increase Caustic Dosing Pump Output,Alkaline Scrubber Low pH
2026-02-11,5.23,SCB-103,Good,-0.1999999999999993,5.388571428571429,0.1054243127285441,5.23,5.46,0.2299999999999995,98.0,Low,0,Wednesday,February,0.14,65.0,Warning,Low Alkali Dosing,Insufficient Caustic Injection Flow Rate,Increase Caustic Dosing Pump Output,Alkaline Scrubber Low pH
2026-02-12,5.22,SCB-103,Good,-0.0100000000000006,5.354285714285715,0.1167414726160827,5.22,5.46,0.2400000000000002,99.9,Low,0,Thursday,February,0.26,65.0,Warning,Low Alkali Dosing,Insufficient Caustic Injection Flow Rate,Increase Caustic Dosing Pump Output,Alkaline Scrubber Low pH
2026-02-13,5.19,SCB-103,Good,-0.0299999999999993,5.315714285714286,0.1205345238036453,5.19,5.45,0.2599999999999998,99.7,Low,0,Friday,February,0.29,65.0,Warning,Low Alkali Dosing,Insufficient Caustic Injection Flow Rate,Increase Caustic Dosing Pump Output,Alkaline Scrubber Low pH
2026-02-14,5.18,SCB-103,Good,-0.0100000000000006,5.307142857142857,0.1286745618105729,5.18,5.45,0.2700000000000004,99.9,Low,0,Saturday,February,0.17,65.0,Warning,Low Alkali Dosing,Insufficient Caustic Injection Flow Rate,Increase Caustic Dosing Pump Output,Alkaline Scrubber Low pH
2026-02-15,5.18,SCB-103,Good,0.0,5.268571428571428,0.1188035593502389,5.18,5.45,0.2700000000000004,100.0,Low,0,Sunday,February,0.29,65.0,Warning,Low Alkali Dosing,Insufficient Caustic Injection Flow Rate,Increase Caustic Dosing Pump Output,Alkaline Scrubber Low pH
2026-02-16,1.43,SCB-103,Good,-3.75,4.694285714285714,1.4420917347480258,1.43,5.43,4.0,62.5,Low,0,Monday,February,0.19,35.0,Warning,Low Alkali Dosing,Insufficient Caustic Injection Flow Rate,Increase Caustic Dosing Pump Output,Alkaline Scrubber Low pH
2026-02-17,2.33,SCB-103,Good,0.9000000000000001,4.251428571428571,1.6408070023764576,1.43,5.23,3.8000000000000007,91.0,Low,0,Tuesday,February,0.19,65.0,Warning,Low Alkali Dosing,Insufficient Caustic Injection Flow Rate,Increase Caustic Dosing Pump Output,Alkaline Scrubber Low pH
2026-02-18,8.98,SCB-103,Good,6.65,4.7871428571428565,2.434007082198093,1.43,8.98,7.550000000000001,33.5,Low,0,Wednesday,February,0.22,11.8,Warning,Low Alkali Dosing,Insufficient Caustic Injection Flow Rate,Increase Caustic Dosing Pump Output,Alkaline Scrubber Low pH
2026-02-19,8.98,SCB-103,Good,0.0,5.324285714285714,2.913170421510199,1.43,8.98,7.550000000000001,100.0,Low,0,Thursday,February,0.25,65.0,Warning,Low Alkali Dosing,Insufficient Caustic Injection Flow Rate,Increase Caustic Dosing Pump Output,Alkaline Scrubber Low pH
2026-02-20,8.98,SCB-103,Good,0.0,5.865714285714286,3.220082075262768,1.43,8.98,7.550000000000001,100.0,Low,0,Friday,February,0.25,65.0,Warning,Low Alkali Dosing,Insufficient Caustic Injection Flow Rate,Increase Caustic Dosing Pump Output,Alkaline Scrubber Low pH
2026-02-21,8.9,SCB-103,Good,-0.08,6.397142857142858,3.390509864733791,1.43,8.98,7.550000000000001,99.2,Low,0,Saturday,February,0.24,65.0,Warning,Low Alkali Dosing,Insufficient Caustic Injection Flow Rate,Increase Caustic Dosing Pump Output,Alkaline Scrubber Low pH
2026-02-22,8.83,SCB-103,Good,-0.0700000000000002,6.91857142857143,3.4522332316508244,1.43,8.98,7.550000000000001,99.3,Low,0,Sunday,February,0.24,65.0,Warning,Low Alkali Dosing,Insufficient Caustic Injection Flow Rate,Increase Caustic Dosing Pump Output,Alkaline Scrubber Low pH
2026-02-23,8.83,SCB-103,Good,0.0,7.975714285714287,2.4904407718504875,2.33,8.98,6.65,100.0,Low,0,Monday,February,0.34,65.0,Warning,Low Alkali Dosing,Insufficient Caustic Injection Flow Rate,Increase Caustic Dosing Pump Output,Alkaline Scrubber Low pH
2026-02-24,8.83,SCB-103,Good,0.0,8.904285714285715,0.0750238057458429,8.83,8.98,0.1500000000000003,100.0,Low,0,Tuesday,February,0.21,65.0,Warning,Low Alkali Dosing,Insufficient Caustic Injection Flow Rate,Increase Caustic Dosing Pump Output,Alkaline Scrubber Low pH
2026-02-25,8.83,SCB-103,Good,0.0,8.882857142857143,0.0711135912267222,8.83,8.98,0.1500000000000003,100.0,Low,0,Wednesday,February,0.22,65.0,Warning,Low Alkali Dosing,Insufficient Caustic Injection Flow Rate,Increase Caustic Dosing Pump Output,Alkaline Scrubber Low pH
2026-02-26,8.81,SCB-103,Good,-0.0199999999999995,8.858571428571429,0.0606708528122924,8.81,8.98,0.1699999999999999,99.8,Low,0,Thursday,February,0.23,65.0,Warning,Low Alkali Dosing,Insufficient Caustic Injection Flow Rate,Increase Caustic Dosing Pump Output,Alkaline Scrubber Low pH
2026-02-27,8.81,SCB-103,Good,0.0,8.834285714285715,0.0304724700113047,8.81,8.9,0.0899999999999998,100.0,Low,0,Friday,February,0.23,65.0,Warning,Low Alkali Dosing,Insufficient Caustic Injection Flow Rate,Increase Caustic Dosing Pump Output,Alkaline Scrubber Low pH
2026-02-28,8.81,SCB-103,Good,0.0,8.821428571428571,0.0106904496773597,8.81,8.83,0.0199999999999995,100.0,Low,0,Saturday,February,0.23,65.0,Warning,Low Alkali Dosing,Insufficient Caustic Injection Flow Rate,Increase Caustic Dosing Pump Output,Alkaline Scrubber Low pH
2026-03-01,8.81,SCB-103,Good,0.0,8.81857142857143,0.0106904496773602,8.81,8.83,0.0199999999999995,100.0,Low,0,Sunday,March,0.24,65.0,Warning,Low Alkali Dosing,Insufficient Caustic Injection Flow Rate,Increase Caustic Dosing Pump Output,Alkaline Scrubber Low pH
2026-03-02,8.81,SCB-103,Good,0.0,8.815714285714286,0.0097590007304318,8.81,8.83,0.0199999999999995,100.0,Low,0,Monday,March,0.3,65.0,Warning,Low Alkali Dosing,Insufficient Caustic Injection Flow Rate,Increase Caustic Dosing Pump Output,Alkaline Scrubber Low pH
2026-03-03,8.81,SCB-103,Good,0.0,8.812857142857144,0.0075592894614082,8.81,8.83,0.0199999999999995,100.0,Low,0,Tuesday,March,0.26,65.0,Warning,Low Alkali Dosing,Insufficient Caustic Injection Flow Rate,Increase Caustic Dosing Pump Output,Alkaline Scrubber Low pH
2026-03-04,8.81,SCB-103,Good,0.0,8.81,1.3613277419131358e-07,8.81,8.81,0.0,100.0,Low,0,Wednesday,March,0.18,65.0,Warning,Low Alkali Dosing,Insufficient Caustic Injection Flow Rate,Increase Caustic Dosing Pump Output,Alkaline Scrubber Low pH
2026-03-05,8.81,SCB-103,Good,0.0,8.81,1.3613277419131358e-07,8.81,8.81,0.0,100.0,Low,0,Thursday,March,0.22,65.0,Warning,Low Alkali Dosing,Insufficient Caustic Injection Flow Rate,Increase Caustic Dosing Pump Output,Alkaline Scrubber Low pH
2026-03-06,8.81,SCB-103,Good,0.0,8.81,1.3613277419131358e-07,8.81,8.81,0.0,100.0,Low,0,Friday,March,0.25,65.0,Warning,Low Alkali Dosing,Insufficient Caustic Injection Flow Rate,Increase Caustic Dosing Pump Output,Alkaline Scrubber Low pH
2026-03-07,8.81,SCB-103,Good,0.0,8.81,1.3613277419131358e-07,8.81,8.81,0.0,100.0,Low,0,Saturday,March,0.2,65.0,Warning,Low Alkali Dosing,Insufficient Caustic Injection Flow Rate,Increase Caustic Dosing Pump Output,Alkaline Scrubber Low pH
2026-03-08,8.81,SCB-103,Good,0.0,8.81,1.3613277419131358e-07,8.81,8.81,0.0,100.0,Low,0,Sunday,March,0.22,65.0,Warning,Low Alkali Dosing,Insufficient Caustic Injection Flow Rate,Increase Caustic Dosing Pump Output,Alkaline Scrubber Low pH
2026-03-09,8.81,SCB-103,Good,0.0,8.81,1.3613277419131358e-07,8.81,8.81,0.0,100.0,Low,0,Monday,March,0.2,65.0,Warning,Low Alkali Dosing,Insufficient Caustic Injection Flow Rate,Increase Caustic Dosing Pump Output,Alkaline Scrubber Low pH
2026-03-10,8.81,SCB-103,Good,0.0,8.81,1.3613277419131358e-07,8.81,8.81,0.0,100.0,Low,0,Tuesday,March,0.19,65.0,Warning,Low Alkali Dosing,Insufficient Caustic Injection Flow Rate,Increase Caustic Dosing Pump Output,Alkaline Scrubber Low pH
2026-03-11,8.81,SCB-103,Good,0.0,8.81,1.3613277419131358e-07,8.81,8.81,0.0,100.0,Low,0,Wednesday,March,0.24,65.0,Warning,Low Alkali Dosing,Insufficient Caustic Injection Flow Rate,Increase Caustic Dosing Pump Output,Alkaline Scrubber Low pH
2026-03-12,8.81,SCB-103,Good,0.0,8.81,1.3613277419131358e-07,8.81,8.81,0.0,100.0,Low,0,Thursday,March,0.25,65.0,Warning,Low Alkali Dosing,Insufficient Caustic Injection Flow Rate,Increase Caustic Dosing Pump Output,Alkaline Scrubber Low pH
2026-03-13,8.82,SCB-103,Good,0.0099999999999997,8.811428571428573,0.0037796447325416,8.81,8.82,0.0099999999999997,99.9,Low,0,Friday,March,0.22,65.0,Warning,Low Alkali Dosing,Insufficient Caustic Injection Flow Rate,Increase Caustic Dosing Pump Output,Alkaline Scrubber Low pH
2026-03-14,8.81,SCB-103,Good,-0.0099999999999997,8.811428571428571,0.0037796447325416,8.81,8.82,0.0099999999999997,99.9,Low,0,Saturday,March,0.13,65.0,Warning,Low Alkali Dosing,Insufficient Caustic Injection Flow Rate,Increase Caustic Dosing Pump Output,Alkaline Scrubber Low pH
2026-03-15,8.81,SCB-103,Good,0.0,8.811428571428573,0.0037796447325416,8.81,8.82,0.0099999999999997,100.0,Low,0,Sunday,March,0.15,65.0,Warning,Low Alkali Dosing,Insufficient Caustic Injection Flow Rate,Increase Caustic Dosing Pump Output,Alkaline Scrubber Low pH
2026-03-16,8.81,SCB-103,Good,0.0,8.811428571428573,0.0037796447325416,8.81,8.82,0.0099999999999997,100.0,Low,0,Monday,March,0.14,65.0,Warning,Low Alkali Dosing,Insufficient Caustic Injection Flow Rate,Increase Caustic Dosing Pump Output,Alkaline Scrubber Low pH
2026-03-17,8.81,SCB-103,Good,0.0,8.811428571428573,0.0037796447325416,8.81,8.82,0.0099999999999997,100.0,Low,0,Tuesday,March,0.19,65.0,Warning,Low Alkali Dosing,Insufficient Caustic Injection Flow Rate,Increase Caustic Dosing Pump Output,Alkaline Scrubber Low pH
2026-03-18,8.81,SCB-103,Good,0.0,8.811428571428571,0.0037796447325416,8.81,8.82,0.0099999999999997,100.0,Low,0,Wednesday,March,0.12,65.0,Warning,Low Alkali Dosing,Insufficient Caustic Injection Flow Rate,Increase Caustic Dosing Pump Output,Alkaline Scrubber Low pH
2026-03-19,8.81,SCB-103,Good,0.0,8.811428571428573,0.0037796447325416,8.81,8.82,0.0099999999999997,100.0,Low,0,Thursday,March,0.19,65.0,Warning,Low Alkali Dosing,Insufficient Caustic Injection Flow Rate,Increase Caustic Dosing Pump Output,Alkaline Scrubber Low pH
2026-03-20,8.81,SCB-103,Good,0.0,8.81,1.3613277419131358e-07,8.81,8.81,0.0,100.0,Low,0,Friday,March,0.21,65.0,Warning,Low Alkali Dosing,Insufficient Caustic Injection Flow Rate,Increase Caustic Dosing Pump Output,Alkaline Scrubber Low pH
2026-03-21,8.81,SCB-103,Good,0.0,8.81,1.3613277419131358e-07,8.81,8.81,0.0,100.0,Low,0,Saturday,March,0.25,65.0,Warning,Low Alkali Dosing,Insufficient Caustic Injection Flow Rate,Increase Caustic Dosing Pump Output,Alkaline Scrubber Low pH
2026-03-22,8.81,SCB-103,Good,0.0,8.81,1.3613277419131358e-07,8.81,8.81,0.0,100.0,Low,0,Sunday,March,0.3,65.0,Warning,Low Alkali Dosing,Insufficient Caustic Injection Flow Rate,Increase Caustic Dosing Pump Output,Alkaline Scrubber Low pH
2026-03-23,8.81,SCB-103,Good,0.0,8.81,1.3613277419131358e-07,8.81,8.81,0.0,100.0,Low,0,Monday,March,0.28,65.0,Warning,Low Alkali Dosing,Insufficient Caustic Injection Flow Rate,Increase Caustic Dosing Pump Output,Alkaline Scrubber Low pH
2026-03-24,8.81,SCB-103,Good,0.0,8.81,1.3613277419131358e-07,8.81,8.81,0.0,100.0,Low,0,Tuesday,March,0.24,65.0,Warning,Low Alkali Dosing,Insufficient Caustic Injection Flow Rate,Increase Caustic Dosing Pump Output,Alkaline Scrubber Low pH
2026-03-25,8.8125,SCB-103,Interpolated,0.0024999999999995,8.810357142857145,0.000944911192327,8.81,8.8125,0.0024999999999995,99.975,Low,0,Wednesday,March,0.21,65.0,Warning,Low Alkali Dosing,Insufficient Caustic Injection Flow Rate,Increase Caustic Dosing Pump Output,Alkaline Scrubber Low pH
2026-03-26,8.815000000000001,SCB-103,Interpolated,0.0025000000000012,8.811071428571429,0.0019669894858819,8.81,8.815000000000001,0.0050000000000007,99.975,Low,0,Thursday,March,0.31,65.0,Warning,Low Alkali Dosing,Insufficient Caustic Injection Flow Rate,Increase Caustic Dosing Pump Output,Alkaline Scrubber Low pH
2026-03-27,8.8175,SCB-103,Interpolated,0.0024999999999995,8.812142857142858,0.0030374644845173,8.81,8.8175,0.0075000000000002,99.975,Low,0,Friday,March,0.27,65.0,Warning,Low Alkali Dosing,Insufficient Caustic Injection Flow Rate,Increase Caustic Dosing Pump Output,Alkaline Scrubber Low pH
2026-03-28,8.82,SCB-103,Good,0.0024999999999995,8.813571428571429,0.0040458679708495,8.81,8.82,0.0099999999999997,99.975,Low,0,Saturday,March,0.2,65.0,Warning,Low Alkali Dosing,Insufficient Caustic Injection Flow Rate,Increase Caustic Dosing Pump Output,Alkaline Scrubber Low pH
2026-03-29,8.82,SCB-103,Good,0.0,8.815000000000001,0.0043301270210564,8.81,8.82,0.0099999999999997,100.0,Low,0,Sunday,March,0.25,65.0,Warning,Low Alkali Dosing,Insufficient Caustic Injection Flow Rate,Increase Caustic Dosing Pump Output,Alkaline Scrubber Low pH
2026-03-30,8.82,SCB-103,Good,0.0,8.816428571428572,0.0040458679708458,8.81,8.82,0.0099999999999997,100.0,Low,0,Monday,March,0.24,65.0,Warning,Low Alkali Dosing,Insufficient Caustic Injection Flow Rate,Increase Caustic Dosing Pump Output,Alkaline Scrubber Low pH
2026-03-31,8.82,SCB-103,Good,0.0,8.817857142857143,0.003037464484508,8.8125,8.82,0.0075000000000002,100.0,Low,0,Tuesday,March,0.28,65.0,Warning,Low Alkali Dosing,Insufficient Caustic Injection Flow Rate,Increase Caustic Dosing Pump Output,Alkaline Scrubber Low pH
2026-04-01,8.81,SCB-103,Good,-0.0099999999999997,8.8175,0.0038188130815468,8.81,8.82,0.0099999999999997,99.9,Low,0,Wednesday,April,0.3,65.0,Warning,Low Alkali Dosing,Insufficient Caustic Injection Flow Rate,Increase Caustic Dosing Pump Output,Alkaline Scrubber Low pH
2026-04-02,8.81,SCB-103,Good,0.0,8.816785714285714,0.0047245559145699,8.81,8.82,0.0099999999999997,100.0,Low,0,Thursday,April,0.32,65.0,Warning,Low Alkali Dosing,Insufficient Caustic Injection Flow Rate,Increase Caustic Dosing Pump Output,Alkaline Scrubber Low pH
2026-04-03,8.81,SCB-103,Good,0.0,8.815714285714286,0.0053452248399773,8.81,8.82,0.0099999999999997,100.0,Low,0,Friday,April,0.26,65.0,Warning,Low Alkali Dosing,Insufficient Caustic Injection Flow Rate,Increase Caustic Dosing Pump Output,Alkaline Scrubber Low pH
2026-04-04,8.81,SCB-103,Good,0.0,8.814285714285715,0.0053452248399789,8.81,8.82,0.0099999999999997,100.0,Low,0,Saturday,April,0.27,65.0,Warning,Low Alkali Dosing,Insufficient Caustic Injection Flow Rate,Increase Caustic Dosing Pump Output,Alkaline Scrubber Low pH
2026-04-05,8.81,SCB-103,Good,0.0,8.812857142857144,0.0048795003666401,8.81,8.82,0.0099999999999997,100.0,Low,0,Sunday,April,0.25,65.0,Warning,Low Alkali Dosing,Insufficient Caustic Injection Flow Rate,Increase Caustic Dosing Pump Output,Alkaline Scrubber Low pH
2026-04-06,8.81,SCB-103,Good,0.0,8.811428571428573,0.0037796447325439,8.81,8.82,0.0099999999999997,100.0,Low,0,Monday,April,0.34,65.0,Warning,Low Alkali Dosing,Insufficient Caustic Injection Flow Rate,Increase Caustic Dosing Pump Output,Alkaline Scrubber Low pH
2026-04-07,8.81,SCB-103,Good,0.0,8.81,1.361951717915226e-07,8.81,8.81,0.0,100.0,Low,0,Tuesday,April,0.34,65.0,Warning,Low Alkali Dosing,Insufficient Caustic Injection Flow Rate,Increase Caustic Dosing Pump Output,Alkaline Scrubber Low pH
2026-04-08,8.81,SCB-103,Good,0.0,8.81,1.361951717915226e-07,8.81,8.81,0.0,100.0,Low,0,Wednesday,April,0.27,65.0,Warning,Low Alkali Dosing,Insufficient Caustic Injection Flow Rate,Increase Caustic Dosing Pump Output,Alkaline Scrubber Low pH
2026-04-09,8.82,SCB-103,Good,0.0099999999999997,8.811428571428571,0.0037796447325439,8.81,8.82,0.0099999999999997,99.9,Low,0,Thursday,April,0.28,65.0,Warning,Low Alkali Dosing,Insufficient Caustic Injection Flow Rate,Increase Caustic Dosing Pump Output,Alkaline Scrubber Low pH
2026-04-10,8.81,SCB-103,Good,-0.0099999999999997,8.811428571428573,0.0037796447325439,8.81,8.82,0.0099999999999997,99.9,Low,0,Friday,April,0.33,65.0,Warning,Low Alkali Dosing,Insufficient Caustic Injection Flow Rate,Increase Caustic Dosing Pump Output,Alkaline Scrubber Low pH
2026-04-11,8.81,SCB-103,Good,0.0,8.811428571428573,0.0037796447325439,8.81,8.82,0.0099999999999997,100.0,Low,0,Saturday,April,0.34,65.0,Warning,Low Alkali Dosing,Insufficient Caustic Injection Flow Rate,Increase Caustic Dosing Pump Output,Alkaline Scrubber Low pH
2026-04-12,8.81,SCB-103,Good,0.0,8.811428571428571,0.0037796447325439,8.81,8.82,0.0099999999999997,100.0,Low,0,Sunday,April,0.2,65.0,Warning,Low Alkali Dosing,Insufficient Caustic Injection Flow Rate,Increase Caustic Dosing Pump Output,Alkaline Scrubber Low pH
2026-04-13,8.82,SCB-103,Good,0.0099999999999997,8.812857142857144,0.0048795003666401,8.81,8.82,0.0099999999999997,99.9,Low,0,Monday,April,0.23,65.0,Warning,Low Alkali Dosing,Insufficient Caustic Injection Flow Rate,Increase Caustic Dosing Pump Output,Alkaline Scrubber Low pH
2026-04-14,8.82,SCB-103,Good,0.0,8.814285714285715,0.0053452248399789,8.81,8.82,0.0099999999999997,100.0,Low,0,Tuesday,April,0.26,65.0,Warning,Low Alkali Dosing,Insufficient Caustic Injection Flow Rate,Increase Caustic Dosing Pump Output,Alkaline Scrubber Low pH
2026-04-15,8.82,SCB-103,Good,0.0,8.815714285714286,0.0053452248399773,8.81,8.82,0.0099999999999997,100.0,Low,0,Wednesday,April,0.26,65.0,Warning,Low Alkali Dosing,Insufficient Caustic Injection Flow Rate,Increase Caustic Dosing Pump Output,Alkaline Scrubber Low pH
2026-04-16,8.82,SCB-103,Good,0.0,8.815714285714286,0.0053452248399773,8.81,8.82,0.0099999999999997,100.0,Low,0,Thursday,April,0.22,65.0,Warning,Low Alkali Dosing,Insufficient Caustic Injection Flow Rate,Increase Caustic Dosing Pump Output,Alkaline Scrubber Low pH
2026-04-17,8.82,SCB-103,Good,0.0,8.817142857142857,0.0048795003666346,8.81,8.82,0.0099999999999997,100.0,Low,0,Friday,April,0.25,65.0,Warning,Low Alkali Dosing,Insufficient Caustic Injection Flow Rate,Increase Caustic Dosing Pump Output,Alkaline Scrubber Low pH
2026-04-18,8.82,SCB-103,Good,0.0,8.818571428571428,0.0037796447325321,8.81,8.82,0.0099999999999997,100.0,Low,0,Saturday,April,0.22,65.0,Warning,Low Alkali Dosing,Insufficient Caustic Injection Flow Rate,Increase Caustic Dosing Pump Output,Alkaline Scrubber Low pH
2026-04-19,8.82,SCB-103,Good,0.0,8.82,1.357379106317223e-07,8.82,8.82,0.0,100.0,Low,0,Sunday,April,0.28,65.0,Warning,Low Alkali Dosing,Insufficient Caustic Injection Flow Rate,Increase Caustic Dosing Pump Output,Alkaline Scrubber Low pH
2026-04-20,8.81,SCB-103,Good,-0.0099999999999997,8.81857142857143,0.0037796447325321,8.81,8.82,0.0099999999999997,99.9,Low,0,Monday,April,0.27,65.0,Warning,Low Alkali Dosing,Insufficient Caustic Injection Flow Rate,Increase Caustic Dosing Pump Output,Alkaline Scrubber Low pH
2026-04-21,8.82,SCB-103,Good,0.0099999999999997,8.81857142857143,0.0037796447325321,8.81,8.82,0.0099999999999997,99.9,Low,0,Tuesday,April,0.29,65.0,Warning,Low Alkali Dosing,Insufficient Caustic Injection Flow Rate,Increase Caustic Dosing Pump Output,Alkaline Scrubber Low pH
2026-04-22,8.82,SCB-103,Good,0.0,8.81857142857143,0.0037796447325321,8.81,8.82,0.0099999999999997,100.0,Low,0,Wednesday,April,0.34,65.0,Warning,Low Alkali Dosing,Insufficient Caustic Injection Flow Rate,Increase Caustic Dosing Pump Output,Alkaline Scrubber Low pH
2026-04-23,8.81,SCB-103,Good,-0.0099999999999997,8.817142857142859,0.0048795003666346,8.81,8.82,0.0099999999999997,99.9,Low,0,Thursday,April,0.38,65.0,Warning,Low Alkali Dosing,Insufficient Caustic Injection Flow Rate,Increase Caustic Dosing Pump Output,Alkaline Scrubber Low pH
2026-04-24,8.81,SCB-103,Good,0.0,8.815714285714288,0.0053452248399773,8.81,8.82,0.0099999999999997,100.0,Low,0,Friday,April,0.41,65.0,Warning,Low Alkali Dosing,Insufficient Caustic Injection Flow Rate,Increase Caustic Dosing Pump Output,Alkaline Scrubber Low pH
2026-04-25,8.81,SCB-103,Good,0.0,8.814285714285715,0.0053452248399789,8.81,8.82,0.0099999999999997,100.0,Low,0,Saturday,April,0.6,65.0,Warning,Low Alkali Dosing,Insufficient Caustic Injection Flow Rate,Increase Caustic Dosing Pump Output,Alkaline Scrubber Low pH
2026-04-26,8.81,SCB-103,Good,0.0,8.812857142857144,0.0048795003666401,8.81,8.82,0.0099999999999997,100.0,Low,0,Sunday,April,0.0,65.0,Warning,Low Alkali Dosing,Insufficient Caustic Injection Flow Rate,Increase Caustic Dosing Pump Output,Alkaline Scrubber Low pH
2026-04-27,8.82,SCB-103,Good,0.0099999999999997,8.814285714285715,0.0053452248399789,8.81,8.82,0.0099999999999997,99.9,Low,0,Monday,April,0.51,65.0,Warning,Low Alkali Dosing,Insufficient Caustic Injection Flow Rate,Increase Caustic Dosing Pump Output,Alkaline Scrubber Low pH
2026-04-28,8.81,SCB-103,Good,-0.0099999999999997,8.812857142857144,0.0048795003666401,8.81,8.82,0.0099999999999997,99.9,Low,0,Tuesday,April,0.34,65.0,Warning,Low Alkali Dosing,Insufficient Caustic Injection Flow Rate,Increase Caustic Dosing Pump Output,Alkaline Scrubber Low pH
2026-04-29,8.81,SCB-103,Good,0.0,8.811428571428573,0.0037796447325439,8.81,8.82,0.0099999999999997,100.0,Low,0,Wednesday,April,0.41,65.0,Warning,Low Alkali Dosing,Insufficient Caustic Injection Flow Rate,Increase Caustic Dosing Pump Output,Alkaline Scrubber Low pH
2026-04-30,8.81,SCB-103,Good,0.0,8.811428571428571,0.0037796447325439,8.81,8.82,0.0099999999999997,100.0,Low,0,Thursday,April,0.3,65.0,Warning,Low Alkali Dosing,Insufficient Caustic Injection Flow Rate,Increase Caustic Dosing Pump Output,Alkaline Scrubber Low pH
2026-05-01,8.81,SCB-103,Good,0.0,8.811428571428573,0.0037796447325439,8.81,8.82,0.0099999999999997,100.0,Low,0,Friday,May,0.35,65.0,Warning,Low Alkali Dosing,Insufficient Caustic Injection Flow Rate,Increase Caustic Dosing Pump Output,Alkaline Scrubber Low pH
2026-05-02,8.81,SCB-103,Good,0.0,8.811428571428573,0.0037796447325439,8.81,8.82,0.0099999999999997,100.0,Low,0,Saturday,May,0.36,65.0,Warning,Low Alkali Dosing,Insufficient Caustic Injection Flow Rate,Increase Caustic Dosing Pump Output,Alkaline Scrubber Low pH
2026-05-03,8.81,SCB-103,Good,0.0,8.811428571428573,0.0037796447325439,8.81,8.82,0.0099999999999997,100.0,Low,0,Sunday,May,0.27,65.0,Warning,Low Alkali Dosing,Insufficient Caustic Injection Flow Rate,Increase Caustic Dosing Pump Output,Alkaline Scrubber Low pH
2026-05-04,8.82,SCB-103,Good,0.0099999999999997,8.811428571428573,0.0037796447325439,8.81,8.82,0.0099999999999997,99.9,Low,0,Monday,May,0.35,65.0,Warning,Low Alkali Dosing,Insufficient Caustic Injection Flow Rate,Increase Caustic Dosing Pump Output,Alkaline Scrubber Low pH
2026-05-05,8.82,SCB-103,Good,0.0,8.812857142857142,0.0048795003666401,8.81,8.82,0.0099999999999997,100.0,Low,0,Tuesday,May,0.31,65.0,Warning,Low Alkali Dosing,Insufficient Caustic Injection Flow Rate,Increase Caustic Dosing Pump Output,Alkaline Scrubber Low pH
2026-05-06,8.81,SCB-103,Good,-0.0099999999999997,8.812857142857142,0.0048795003666401,8.81,8.82,0.0099999999999997,99.9,Low,0,Wednesday,May,0.4,65.0,Warning,Low Alkali Dosing,Insufficient Caustic Injection Flow Rate,Increase Caustic Dosing Pump Output,Alkaline Scrubber Low pH
2026-05-07,8.81,SCB-103,Good,0.0,8.812857142857144,0.0048795003666401,8.81,8.82,0.0099999999999997,100.0,Low,0,Thursday,May,0.47,65.0,Warning,Low Alkali Dosing,Insufficient Caustic Injection Flow Rate,Increase Caustic Dosing Pump Output,Alkaline Scrubber Low pH
2026-05-08,8.81,SCB-103,Good,0.0,8.812857142857144,0.0048795003666401,8.81,8.82,0.0099999999999997,100.0,Low,0,Friday,May,0.33,65.0,Warning,Low Alkali Dosing,Insufficient Caustic Injection Flow Rate,Increase Caustic Dosing Pump Output,Alkaline Scrubber Low pH
2026-05-09,8.83,SCB-103,Good,0.0199999999999995,8.815714285714286,0.0078679579258689,8.81,8.83,0.0199999999999995,99.8,Low,0,Saturday,May,0.37,65.0,Warning,Low Alkali Dosing,Insufficient Caustic Injection Flow Rate,Increase Caustic Dosing Pump Output,Alkaline Scrubber Low pH
2026-05-10,8.83,SCB-103,Good,0.0,8.81857142857143,0.0089973541094493,8.81,8.83,0.0199999999999995,100.0,Low,0,Sunday,May,0.39,65.0,Warning,Low Alkali Dosing,Insufficient Caustic Injection Flow Rate,Increase Caustic Dosing Pump Output,Alkaline Scrubber Low pH
2026-05-11,8.83,SCB-103,Good,0.0,8.819999999999999,0.0100000000009212,8.81,8.83,0.0199999999999995,100.0,Low,0,Monday,May,0.41,65.0,Warning,Low Alkali Dosing,Insufficient Caustic Injection Flow Rate,Increase Caustic Dosing Pump Output,Alkaline Scrubber Low pH
2026-05-12,8.83,SCB-103,Good,0.0,8.821428571428573,0.0106904496773576,8.81,8.83,0.0199999999999995,100.0,Low,0,Tuesday,May,0.45,65.0,Warning,Low Alkali Dosing,Insufficient Caustic Injection Flow Rate,Increase Caustic Dosing Pump Output,Alkaline Scrubber Low pH
2026-05-13,8.83,SCB-103,Good,0.0,8.824285714285715,0.0097590007304259,8.81,8.83,0.0199999999999995,100.0,Low,0,Wednesday,May,0.24,65.0,Warning,Low Alkali Dosing,Insufficient Caustic Injection Flow Rate,Increase Caustic Dosing Pump Output,Alkaline Scrubber Low pH
2026-05-14,8.82,SCB-103,Good,-0.0099999999999997,8.825714285714286,0.0078679579258596,8.81,8.83,0.0199999999999995,99.9,Low,0,Thursday,May,0.32,65.0,Warning,Low Alkali Dosing,Insufficient Caustic Injection Flow Rate,Increase Caustic Dosing Pump Output,Alkaline Scrubber Low pH
2026-05-15,8.81,SCB-103,Good,-0.0099999999999997,8.825714285714286,0.0078679579258596,8.81,8.83,0.0199999999999995,99.9,Low,0,Friday,May,0.2,65.0,Warning,Low Alkali Dosing,Insufficient Caustic Injection Flow Rate,Increase Caustic Dosing Pump Output,Alkaline Scrubber Low pH
2026-05-16,8.81,SCB-103,Good,0.0,8.822857142857144,0.0095118973130794,8.81,8.83,0.0199999999999995,100.0,Low,0,Saturday,May,0.29,65.0,Warning,Low Alkali Dosing,Insufficient Caustic Injection Flow Rate,Increase Caustic Dosing Pump Output,Alkaline Scrubber Low pH
2026-05-17,8.81,SCB-103,Good,0.0,8.82,0.010000000000921,8.81,8.83,0.0199999999999995,100.0,Low,0,Sunday,May,0.28,65.0,Warning,Low Alkali Dosing,Insufficient Caustic Injection Flow Rate,Increase Caustic Dosing Pump Output,Alkaline Scrubber Low pH
2026-05-18,8.81,SCB-103,Good,0.0,8.817142857142857,0.0095118973130843,8.81,8.83,0.0199999999999995,100.0,Low,0,Monday,May,0.29,65.0,Warning,Low Alkali Dosing,Insufficient Caustic Injection Flow Rate,Increase Caustic Dosing Pump Output,Alkaline Scrubber Low pH
2026-05-19,8.81,SCB-103,Good,0.0,8.814285714285715,0.0078679579258718,8.81,8.83,0.0199999999999995,100.0,Low,0,Tuesday,May,0.27,65.0,Warning,Low Alkali Dosing,Insufficient Caustic Injection Flow Rate,Increase Caustic Dosing Pump Output,Alkaline Scrubber Low pH
2026-05-20,8.81,SCB-103,Good,0.0,8.811428571428573,0.0037796447325518,8.81,8.82,0.0099999999999997,100.0,Low,0,Wednesday,May,0.31,65.0,Warning,Low Alkali Dosing,Insufficient Caustic Injection Flow Rate,Increase Caustic Dosing Pump Output,Alkaline Scrubber Low pH
2026-05-21,8.81,SCB-103,Good,0.0,8.81,1.3648356442497194e-07,8.81,8.81,0.0,100.0,Low,0,Thursday,May,0.34,65.0,Warning,Low Alkali Dosing,Insufficient Caustic Injection Flow Rate,Increase Caustic Dosing Pump Output,Alkaline Scrubber Low pH
2026-05-22,8.81,SCB-103,Good,0.0,8.81,1.3648356442497194e-07,8.81,8.81,0.0,100.0,Low,0,Friday,May,0.25,65.0,Warning,Low Alkali Dosing,Insufficient Caustic Injection Flow Rate,Increase Caustic Dosing Pump Output,Alkaline Scrubber Low pH
2026-05-23,8.81,SCB-103,Good,0.0,8.81,1.3648356442497194e-07,8.81,8.81,0.0,100.0,Low,0,Saturday,May,0.19,65.0,Warning,Low Alkali Dosing,Insufficient Caustic Injection Flow Rate,Increase Caustic Dosing Pump Output,Alkaline Scrubber Low pH
2026-05-24,8.81,SCB-103,Good,0.0,8.81,1.3648356442497194e-07,8.81,8.81,0.0,100.0,Low,0,Sunday,May,0.35,65.0,Warning,Low Alkali Dosing,Insufficient Caustic Injection Flow Rate,Increase Caustic Dosing Pump Output,Alkaline Scrubber Low pH
2026-05-25,8.81,SCB-103,Good,0.0,8.81,1.3648356442497194e-07,8.81,8.81,0.0,100.0,Low,0,Monday,May,0.36,65.0,Warning,Low Alkali Dosing,Insufficient Caustic Injection Flow Rate,Increase Caustic Dosing Pump Output,Alkaline Scrubber Low pH
2026-05-26,8.82,SCB-103,Good,0.0099999999999997,8.811428571428571,0.0037796447325518,8.81,8.82,0.0099999999999997,99.9,Low,0,Tuesday,May,0.3,65.0,Warning,Low Alkali Dosing,Insufficient Caustic Injection Flow Rate,Increase Caustic Dosing Pump Output,Alkaline Scrubber Low pH
2026-05-27,8.82,SCB-103,Good,0.0,8.812857142857144,0.0048795003666445,8.81,8.82,0.0099999999999997,100.0,Low,0,Wednesday,May,0.41,65.0,Warning,Low Alkali Dosing,Insufficient Caustic Injection Flow Rate,Increase Caustic Dosing Pump Output,Alkaline Scrubber Low pH
2026-05-28,8.81,SCB-103,Good,-0.0099999999999997,8.812857142857144,0.0048795003666445,8.81,8.82,0.0099999999999997,99.9,Low,0,Thursday,May,2.01,65.0,Warning,Low Alkali Dosing,Insufficient Caustic Injection Flow Rate,Increase Caustic Dosing Pump Output,Alkaline Scrubber Low pH
2026-05-29,8.81,SCB-103,Good,0.0,8.812857142857144,0.0048795003666445,8.81,8.82,0.0099999999999997,100.0,Low,0,Friday,May,0.31,65.0,Warning,Low Alkali Dosing,Insufficient Caustic Injection Flow Rate,Increase Caustic Dosing Pump Output,Alkaline Scrubber Low pH
2026-05-30,8.82,SCB-103,Good,0.0099999999999997,8.814285714285715,0.0053452248399816,8.81,8.82,0.0099999999999997,99.9,Low,0,Saturday,May,0.3,65.0,Warning,Low Alkali Dosing,Insufficient Caustic Injection Flow Rate,Increase Caustic Dosing Pump Output,Alkaline Scrubber Low pH
2026-05-31,8.82,SCB-103,Good,0.0,8.815714285714286,0.0053452248399785,8.81,8.82,0.0099999999999997,100.0,Low,0,Sunday,May,0.29,65.0,Warning,Low Alkali Dosing,Insufficient Caustic Injection Flow Rate,Increase Caustic Dosing Pump Output,Alkaline Scrubber Low pH
2026-06-01,8.81,SCB-103,Good,-0.0099999999999997,8.815714285714288,0.0053452248399785,8.81,8.82,0.0099999999999997,99.9,Low,0,Monday,June,0.29,65.0,Warning,Low Alkali Dosing,Insufficient Caustic Injection Flow Rate,Increase Caustic Dosing Pump Output,Alkaline Scrubber Low pH
2026-06-02,8.81,SCB-103,Good,0.0,8.814285714285715,0.0053452248399816,8.81,8.82,0.0099999999999997,100.0,Low,0,Tuesday,June,0.3,65.0,Warning,Low Alkali Dosing,Insufficient Caustic Injection Flow Rate,Increase Caustic Dosing Pump Output,Alkaline Scrubber Low pH
2026-06-03,8.81,SCB-103,Good,0.0,8.812857142857144,0.0048795003666445,8.81,8.82,0.0099999999999997,100.0,Low,0,Wednesday,June,0.27,65.0,Warning,Low Alkali Dosing,Insufficient Caustic Injection Flow Rate,Increase Caustic Dosing Pump Output,Alkaline Scrubber Low pH
2026-06-04,8.81,SCB-103,Good,0.0,8.812857142857144,0.0048795003666445,8.81,8.82,0.0099999999999997,100.0,Low,0,Thursday,June,0.24,65.0,Warning,Low Alkali Dosing,Insufficient Caustic Injection Flow Rate,Increase Caustic Dosing Pump Output,Alkaline Scrubber Low pH
2026-06-05,8.81,SCB-103,Good,0.0,8.812857142857142,0.0048795003666445,8.81,8.82,0.0099999999999997,100.0,Low,0,Friday,June,0.24,65.0,Warning,Low Alkali Dosing,Insufficient Caustic Injection Flow Rate,Increase Caustic Dosing Pump Output,Alkaline Scrubber Low pH
2026-06-06,8.81,SCB-103,Good,0.0,8.811428571428571,0.0037796447325518,8.81,8.82,0.0099999999999997,100.0,Low,0,Saturday,June,0.2333333333333333,65.0,Warning,Low Alkali Dosing,Insufficient Caustic Injection Flow Rate,Increase Caustic Dosing Pump Output,Alkaline Scrubber Low pH
2026-06-07,8.81,SCB-103,Good,0.0,8.81,1.3648356442497194e-07,8.81,8.81,0.0,100.0,Low,0,Sunday,June,0.2266666666666666,65.0,Warning,Low Alkali Dosing,Insufficient Caustic Injection Flow Rate,Increase Caustic Dosing Pump Output,Alkaline Scrubber Low pH
2026-06-08,8.81,SCB-103,Good,0.0,8.81,1.3648356442497194e-07,8.81,8.81,0.0,100.0,Low,0,Monday,June,0.22,65.0,Warning,Low Alkali Dosing,Insufficient Caustic Injection Flow Rate,Increase Caustic Dosing Pump Output,Alkaline Scrubber Low pH
2026-06-09,8.81,SCB-103,Good,0.0,8.81,1.3648356442497194e-07,8.81,8.81,0.0,100.0,Low,0,Tuesday,June,0.32,65.0,Warning,Low Alkali Dosing,Insufficient Caustic Injection Flow Rate,Increase Caustic Dosing Pump Output,Alkaline Scrubber Low pH
2026-06-10,8.81,SCB-103,Good,0.0,8.81,1.3648356442497194e-07,8.81,8.81,0.0,100.0,Low,0,Wednesday,June,0.31,65.0,Warning,Low Alkali Dosing,Insufficient Caustic Injection Flow Rate,Increase Caustic Dosing Pump Output,Alkaline Scrubber Low pH
2026-06-11,8.81,SCB-103,Good,0.0,8.81,1.3648356442497194e-07,8.81,8.81,0.0,100.0,Low,0,Thursday,June,0.32,65.0,Warning,Low Alkali Dosing,Insufficient Caustic Injection Flow Rate,Increase Caustic Dosing Pump Output,Alkaline Scrubber Low pH
2026-06-12,8.81,SCB-103,Good,0.0,8.81,1.3648356442497194e-07,8.81,8.81,0.0,100.0,Low,0,Friday,June,0.36,65.0,Warning,Low Alkali Dosing,Insufficient Caustic Injection Flow Rate,Increase Caustic Dosing Pump Output,Alkaline Scrubber Low pH
2026-06-13,8.81,SCB-103,Good,0.0,8.81,1.3648356442497194e-07,8.81,8.81,0.0,100.0,Low,0,Saturday,June,0.29,65.0,Warning,Low Alkali Dosing,Insufficient Caustic Injection Flow Rate,Increase Caustic Dosing Pump Output,Alkaline Scrubber Low pH
2026-06-14,8.81,SCB-103,Good,0.0,8.81,1.3648356442497194e-07,8.81,8.81,0.0,100.0,Low,0,Sunday,June,0.29,65.0,Warning,Low Alkali Dosing,Insufficient Caustic Injection Flow Rate,Increase Caustic Dosing Pump Output,Alkaline Scrubber Low pH
2026-06-15,8.81,SCB-103,Good,0.0,8.81,1.3648356442497194e-07,8.81,8.81,0.0,100.0,Low,0,Monday,June,0.31,65.0,Warning,Low Alkali Dosing,Insufficient Caustic Injection Flow Rate,Increase Caustic Dosing Pump Output,Alkaline Scrubber Low pH
2026-06-16,8.81,SCB-103,Good,0.0,8.81,1.3648356442497194e-07,8.81,8.81,0.0,100.0,Low,0,Tuesday,June,0.24,65.0,Warning,Low Alkali Dosing,Insufficient Caustic Injection Flow Rate,Increase Caustic Dosing Pump Output,Alkaline Scrubber Low pH
2026-06-17,8.81,SCB-103,Good,0.0,8.81,1.3648356442497194e-07,8.81,8.81,0.0,100.0,Low,0,Wednesday,June,0.21,65.0,Warning,Low Alkali Dosing,Insufficient Caustic Injection Flow Rate,Increase Caustic Dosing Pump Output,Alkaline Scrubber Low pH
2026-06-18,8.8,SCB-103,Good,-0.0099999999999997,8.80857142857143,0.0037796447325612,8.8,8.81,0.0099999999999997,99.9,Low,0,Thursday,June,0.36,65.0,Warning,Low Alkali Dosing,Insufficient Caustic Injection Flow Rate,Increase Caustic Dosing Pump Output,Alkaline Scrubber Low pH
2026-06-19,8.81,SCB-103,Good,0.0099999999999997,8.80857142857143,0.0037796447325612,8.8,8.81,0.0099999999999997,99.9,Low,0,Friday,June,0.26,65.0,Warning,Low Alkali Dosing,Insufficient Caustic Injection Flow Rate,Increase Caustic Dosing Pump Output,Alkaline Scrubber Low pH
2026-06-20,8.81,SCB-103,Good,0.0,8.80857142857143,0.0037796447325612,8.8,8.81,0.0099999999999997,100.0,Low,0,Saturday,June,0.24,65.0,Warning,Low Alkali Dosing,Insufficient Caustic Injection Flow Rate,Increase Caustic Dosing Pump Output,Alkaline Scrubber Low pH
2026-06-21,8.8,SCB-103,Good,-0.0099999999999997,8.807142857142859,0.004879500366659,8.8,8.81,0.0099999999999997,99.9,Low,0,Sunday,June,0.3,65.0,Warning,Low Alkali Dosing,Insufficient Caustic Injection Flow Rate,Increase Caustic Dosing Pump Output,Alkaline Scrubber Low pH
2026-06-22,8.82,SCB-103,Good,0.0199999999999995,8.80857142857143,0.0069006555947758,8.8,8.82,0.0199999999999995,99.8,Low,0,Monday,June,0.28,65.0,Warning,Low Alkali Dosing,Insufficient Caustic Injection Flow Rate,Increase Caustic Dosing Pump Output,Alkaline Scrubber Low pH
2026-06-23,8.81,SCB-103,Good,-0.0099999999999997,8.80857142857143,0.0069006555947758,8.8,8.82,0.0199999999999995,99.9,Low,0,Tuesday,June,0.37,65.0,Warning,Low Alkali Dosing,Insufficient Caustic Injection Flow Rate,Increase Caustic Dosing Pump Output,Alkaline Scrubber Low pH
2026-06-24,8.82,SCB-103,Good,0.0099999999999997,8.81,0.0081649658104176,8.8,8.82,0.0199999999999995,99.9,Low,0,Wednesday,June,0.27,65.0,Warning,Low Alkali Dosing,Insufficient Caustic Injection Flow Rate,Increase Caustic Dosing Pump Output,Alkaline Scrubber Low pH
2026-06-25,8.84,SCB-103,Good,0.0199999999999995,8.815714285714286,0.0127241802063321,8.8,8.84,0.0399999999999991,99.8,Low,0,Thursday,June,0.33,65.0,Warning,Low Alkali Dosing,Insufficient Caustic Injection Flow Rate,Increase Caustic Dosing Pump Output,Alkaline Scrubber Low pH
2026-06-26,8.83,SCB-103,Good,-0.0099999999999997,8.81857142857143,0.0134518541833739,8.8,8.84,0.0399999999999991,99.9,Low,0,Friday,June,0.24,65.0,Warning,Low Alkali Dosing,Insufficient Caustic Injection Flow Rate,Increase Caustic Dosing Pump Output,Alkaline Scrubber Low pH
2026-06-27,8.83,SCB-103,Good,0.0,8.821428571428571,0.0134518541833713,8.8,8.84,0.0399999999999991,100.0,Low,0,Saturday,June,0.34,65.0,Warning,Low Alkali Dosing,Insufficient Caustic Injection Flow Rate,Increase Caustic Dosing Pump Output,Alkaline Scrubber Low pH
2026-06-28,8.81,SCB-103,Good,-0.0199999999999995,8.822857142857144,0.0111269728061047,8.81,8.84,0.0299999999999993,99.8,Low,0,Sunday,June,0.24,65.0,Warning,Low Alkali Dosing,Insufficient Caustic Injection Flow Rate,Increase Caustic Dosing Pump Output,Alkaline Scrubber Low pH
2026-06-29,8.81,SCB-103,Good,0.0,8.821428571428571,0.0121498579266323,8.81,8.84,0.0299999999999993,100.0,Low,0,Monday,June,0.44,65.0,Warning,Low Alkali Dosing,Insufficient Caustic Injection Flow Rate,Increase Caustic Dosing Pump Output,Alkaline Scrubber Low pH
2026-06-30,8.81,SCB-103,Good,0.0,8.821428571428571,0.0121498579266323,8.81,8.84,0.0299999999999993,100.0,Low,0,Tuesday,June,0.47,65.0,Warning,Low Alkali Dosing,Insufficient Caustic Injection Flow Rate,Increase Caustic Dosing Pump Output,Alkaline Scrubber Low pH
2026-01-01,12.45,SCB-104,Good,0.0,12.45,0.0,12.45,12.45,0.0,100.0,High,0,Thursday,January,0.45,75.0,Warning,Excessive Caustic Feed,Over-dosing Caustic Buffer,Calibrate Caustic Dosing Pump Feedback Controller,Alkaline Scrubber High pH
2026-01-02,12.57,SCB-104,Good,0.120000000000001,12.51,0.0848528137423864,12.45,12.57,0.120000000000001,98.79999999999998,High,0,Friday,January,0.45,75.0,Warning,Excessive Caustic Feed,Over-dosing Caustic Buffer,Calibrate Caustic Dosing Pump Feedback Controller,Alkaline Scrubber High pH
2026-01-03,12.58,SCB-104,Good,0.0099999999999997,12.533333333333331,0.0723417813807028,12.45,12.58,0.1300000000000007,99.9,High,0,Saturday,January,0.47,75.0,Warning,Excessive Caustic Feed,Over-dosing Caustic Buffer,Calibrate Caustic Dosing Pump Feedback Controller,Alkaline Scrubber High pH
2026-01-04,12.57,SCB-104,Good,-0.0099999999999997,12.5425,0.0618465843842653,12.45,12.58,0.1300000000000007,99.9,High,0,Sunday,January,0.51,75.0,Warning,Excessive Caustic Feed,Over-dosing Caustic Buffer,Calibrate Caustic Dosing Pump Feedback Controller,Alkaline Scrubber High pH
2026-01-05,12.56,SCB-104,Good,-0.0099999999999997,12.546,0.0541294744108977,12.45,12.58,0.1300000000000007,99.9,High,0,Monday,January,0.41,75.0,Warning,Excessive Caustic Feed,Over-dosing Caustic Buffer,Calibrate Caustic Dosing Pump Feedback Controller,Alkaline Scrubber High pH
2026-01-06,12.54,SCB-104,Interpolated,-0.0200000000000013,12.545,0.0484767985741636,12.45,12.58,0.1300000000000007,99.79999999999998,High,0,Tuesday,January,0.41,75.0,Warning,Excessive Caustic Feed,Over-dosing Caustic Buffer,Calibrate Caustic Dosing Pump Feedback Controller,Alkaline Scrubber High pH
2026-01-07,12.52,SCB-104,Interpolated,-0.0199999999999995,12.54142857142857,0.0452506248312561,12.45,12.58,0.1300000000000007,99.8,High,0,Wednesday,January,0.52,75.0,Warning,Excessive Caustic Feed,Over-dosing Caustic Buffer,Calibrate Caustic Dosing Pump Feedback Controller,Alkaline Scrubber High pH
2026-01-08,12.5,SCB-104,Interpolated,-0.0199999999999995,12.54857142857143,0.0296808419852329,12.5,12.58,0.08,99.8,High,0,Thursday,January,0.54,75.0,Warning,Excessive Caustic Feed,Over-dosing Caustic Buffer,Calibrate Caustic Dosing Pump Feedback Controller,Alkaline Scrubber High pH
2026-01-09,12.48,SCB-104,Good,-0.0199999999999995,12.535714285714286,0.0373528860362636,12.48,12.58,0.0999999999999996,99.8,High,0,Friday,January,0.48,75.0,Warning,Excessive Caustic Feed,Over-dosing Caustic Buffer,Calibrate Caustic Dosing Pump Feedback Controller,Alkaline Scrubber High pH
2026-01-10,12.52,SCB-104,Good,0.0399999999999991,12.527142857142858,0.0319970236711095,12.48,12.57,0.0899999999999998,99.6,High,0,Saturday,January,0.53,75.0,Warning,Excessive Caustic Feed,Over-dosing Caustic Buffer,Calibrate Caustic Dosing Pump Feedback Controller,Alkaline Scrubber High pH
2026-01-11,12.5,SCB-104,Good,-0.0199999999999995,12.517142857142858,0.0269037083653822,12.48,12.56,0.08,99.8,High,0,Sunday,January,0.51,75.0,Warning,Excessive Caustic Feed,Over-dosing Caustic Buffer,Calibrate Caustic Dosing Pump Feedback Controller,Alkaline Scrubber High pH
2026-01-12,12.49,SCB-104,Good,-0.0099999999999997,12.507142857142856,0.0205866345916348,12.48,12.54,0.0599999999999987,99.9,High,0,Monday,January,0.52,75.0,Warning,Excessive Caustic Feed,Over-dosing Caustic Buffer,Calibrate Caustic Dosing Pump Feedback Controller,Alkaline Scrubber High pH
2026-01-13,12.52,SCB-104,Good,0.0299999999999993,12.504285714285714,0.0161834718742529,12.48,12.52,0.0399999999999991,99.7,High,0,Tuesday,January,0.54,75.0,Warning,Excessive Caustic Feed,Over-dosing Caustic Buffer,Calibrate Caustic Dosing Pump Feedback Controller,Alkaline Scrubber High pH
2026-01-14,12.54,SCB-104,Good,0.0199999999999995,12.507142857142856,0.0205866345916348,12.48,12.54,0.0599999999999987,99.8,High,0,Wednesday,January,0.57,75.0,Warning,Excessive Caustic Feed,Over-dosing Caustic Buffer,Calibrate Caustic Dosing Pump Feedback Controller,Alkaline Scrubber High pH
2026-01-15,12.57,SCB-104,Good,0.0300000000000011,12.517142857142858,0.0309377254681538,12.48,12.57,0.0899999999999998,99.7,High,0,Thursday,January,0.51,75.0,Warning,Excessive Caustic Feed,Over-dosing Caustic Buffer,Calibrate Caustic Dosing Pump Feedback Controller,Alkaline Scrubber High pH
2026-01-16,12.47,SCB-104,Good,-0.0999999999999996,12.515714285714283,0.0330943816264647,12.47,12.57,0.0999999999999996,99.0,High,0,Friday,January,0.49,75.0,Warning,Excessive Caustic Feed,Over-dosing Caustic Buffer,Calibrate Caustic Dosing Pump Feedback Controller,Alkaline Scrubber High pH
2026-01-17,12.59,SCB-104,Good,0.1199999999999992,12.525714285714288,0.0435343323738644,12.47,12.59,0.1199999999999992,98.8,High,0,Saturday,January,0.54,75.0,Warning,Excessive Caustic Feed,Over-dosing Caustic Buffer,Calibrate Caustic Dosing Pump Feedback Controller,Alkaline Scrubber High pH
2026-01-18,12.52,SCB-104,Good,-0.0700000000000002,12.528571428571428,0.0422013315068659,12.47,12.59,0.1199999999999992,99.3,High,0,Sunday,January,0.46,75.0,Warning,Excessive Caustic Feed,Over-dosing Caustic Buffer,Calibrate Caustic Dosing Pump Feedback Controller,Alkaline Scrubber High pH
2026-01-19,12.43,SCB-104,Good,-0.0899999999999998,12.52,0.055377492419454,12.43,12.59,0.1600000000000001,99.1,High,0,Monday,January,0.34,75.0,Warning,Excessive Caustic Feed,Over-dosing Caustic Buffer,Calibrate Caustic Dosing Pump Feedback Controller,Alkaline Scrubber High pH
2026-01-20,12.54,SCB-104,Good,0.1099999999999994,12.522857142857143,0.0558910504804619,12.43,12.59,0.1600000000000001,98.9,High,0,Tuesday,January,0.53,75.0,Warning,Excessive Caustic Feed,Over-dosing Caustic Buffer,Calibrate Caustic Dosing Pump Feedback Controller,Alkaline Scrubber High pH
2026-01-21,12.49,SCB-104,Good,-0.0499999999999989,12.515714285714283,0.0565264371355396,12.43,12.59,0.1600000000000001,99.5,High,0,Wednesday,January,0.44,75.0,Warning,Excessive Caustic Feed,Over-dosing Caustic Buffer,Calibrate Caustic Dosing Pump Feedback Controller,Alkaline Scrubber High pH
2026-01-22,11.78,SCB-104,Good,-0.7100000000000009,12.402857142857142,0.2793870842704488,11.78,12.59,0.8100000000000005,92.9,High,0,Thursday,January,0.46,75.0,Warning,Excessive Caustic Feed,Over-dosing Caustic Buffer,Calibrate Caustic Dosing Pump Feedback Controller,Alkaline Scrubber High pH
2026-01-23,10.81,SCB-104,Good,-0.9699999999999988,12.165714285714284,0.6592130951080266,10.81,12.59,1.7799999999999994,90.3,Normal,0,Friday,January,0.36,100.0,Normal,Healthy,Normal Operation,Continue Stream Monitoring,No Alert
2026-01-24,10.93,SCB-104,Good,0.1199999999999992,11.928571428571429,0.7703555147122775,10.81,12.54,1.7299999999999986,98.8,Normal,0,Saturday,January,0.37,100.0,Normal,Healthy,Normal Operation,Continue Stream Monitoring,No Alert
2026-01-25,10.936,SCB-104,Interpolated,0.0060000000000002,11.702285714285711,0.7997561533129351,10.81,12.54,1.7299999999999986,99.94,Normal,0,Sunday,January,0.54,100.0,Normal,Healthy,Normal Operation,Continue Stream Monitoring,No Alert
2026-01-26,10.942,SCB-104,Interpolated,0.0060000000000002,11.489714285714284,0.7713429229349957,10.81,12.54,1.7299999999999986,99.94,Normal,0,Monday,January,0.41,100.0,Normal,Healthy,Normal Operation,Continue Stream Monitoring,No Alert
2026-01-27,10.948,SCB-104,Interpolated,0.0060000000000002,11.262285714285714,0.6322061146719237,10.81,12.49,1.6799999999999995,99.94,Normal,0,Tuesday,January,0.42,100.0,Normal,Healthy,Normal Operation,Continue Stream Monitoring,No Alert
2026-01-28,,SCB-104,Offline,0.0,11.057666666666664,0.3576622242656663,10.81,11.78,0.9699999999999988,100.0,Offline,0,Wednesday,January,0.425,0.0,Critical,Scrubber Telemetry Offline,CEMS Sensor Communication Failure,Inspect Modbus Transmitters and Field PLC Cabinets,Sensor Connection Error
2026-01-29,10.96,SCB-104,Good,0.0,10.921,0.0553497967475693,10.81,10.96,0.1500000000000003,100.0,Normal,0,Thursday,January,0.43,100.0,Normal,Healthy,Normal Operation,Continue Stream Monitoring,No Alert
2026-01-30,10.96,SCB-104,Good,0.0,10.946,0.0123935467077551,10.93,10.96,0.0300000000000011,100.0,Normal,0,Friday,January,0.435,100.0,Normal,Healthy,Normal Operation,Continue Stream Monitoring,No Alert
2026-01-31,10.96,SCB-104,Good,0.0,10.951,0.0105640901168682,10.936,10.96,0.0240000000000009,100.0,Normal,0,Saturday,January,0.0,100.0,Normal,Healthy,Normal Operation,Continue Stream Monitoring,No Alert
2026-02-01,10.95,SCB-104,Good,-0.0100000000000015,10.953333333333331,0.0077631608680985,10.942,10.96,0.0180000000000006,99.89999999999998,Normal,0,Sunday,February,0.0,100.0,Normal,Healthy,Normal Operation,Continue Stream Monitoring,No Alert
2026-02-02,10.96,SCB-104,Good,0.0100000000000015,10.956333333333331,0.0057154760662589,10.948,10.96,0.0120000000000004,99.89999999999998,Normal,0,Monday,February,0.45,100.0,Normal,Healthy,Normal Operation,Continue Stream Monitoring,No Alert
2026-02-03,10.97,SCB-104,Good,0.0099999999999997,10.96,0.0063245553201243,10.95,10.97,0.0200000000000013,99.9,Normal,0,Tuesday,February,0.23,100.0,Normal,Healthy,Normal Operation,Continue Stream Monitoring,No Alert
2026-02-04,10.97,SCB-104,Good,0.0,10.961428571428572,0.0069006555932613,10.95,10.97,0.0200000000000013,100.0,Normal,0,Wednesday,February,0.25,100.0,Normal,Healthy,Normal Operation,Continue Stream Monitoring,No Alert
2026-02-05,10.97,SCB-104,Good,0.0,10.962857142857144,0.0075592894600367,10.95,10.97,0.0200000000000013,100.0,Normal,0,Thursday,February,0.2,100.0,Normal,Healthy,Normal Operation,Continue Stream Monitoring,No Alert
2026-02-06,10.94,SCB-104,Good,-0.0300000000000011,10.96,0.0115470053836957,10.94,10.97,0.0300000000000011,99.7,Normal,0,Friday,February,0.24,100.0,Normal,Healthy,Normal Operation,Continue Stream Monitoring,No Alert
2026-02-07,10.98,SCB-104,Good,0.0400000000000009,10.962857142857144,0.0138013111867663,10.94,10.98,0.0400000000000009,99.6,Normal,0,Saturday,February,0.2,100.0,Normal,Healthy,Normal Operation,Continue Stream Monitoring,No Alert
2026-02-08,10.98,SCB-104,Good,0.0,10.96714285714286,0.0138013111867663,10.94,10.98,0.0400000000000009,100.0,Normal,0,Sunday,February,0.27,100.0,Normal,Healthy,Normal Operation,Continue Stream Monitoring,No Alert
2026-02-09,10.98,SCB-104,Good,0.0,10.97,0.0141421356236521,10.94,10.98,0.0400000000000009,100.0,Normal,0,Monday,February,0.28,100.0,Normal,Healthy,Normal Operation,Continue Stream Monitoring,No Alert
2026-02-10,10.98,SCB-104,Good,0.0,10.971428571428572,0.0146385010941519,10.94,10.98,0.0400000000000009,100.0,Normal,0,Tuesday,February,0.27,100.0,Normal,Healthy,Normal Operation,Continue Stream Monitoring,No Alert
2026-02-11,10.98,SCB-104,Good,0.0,10.972857142857142,0.0149602648307874,10.94,10.98,0.0400000000000009,100.0,Normal,0,Wednesday,February,0.14,100.0,Normal,Healthy,Normal Operation,Continue Stream Monitoring,No Alert
2026-02-12,10.95,SCB-104,Good,-0.0300000000000011,10.97,0.0173205080756247,10.94,10.98,0.0400000000000009,99.7,Normal,0,Thursday,February,0.26,100.0,Normal,Healthy,Normal Operation,Continue Stream Monitoring,No Alert
2026-02-13,10.99,SCB-104,Good,0.0400000000000009,10.977142857142857,0.0125356634104708,10.95,10.99,0.0400000000000009,99.6,Normal,0,Friday,February,0.29,100.0,Normal,Healthy,Normal Operation,Continue Stream Monitoring,No Alert
2026-02-14,10.89,SCB-104,Good,-0.0999999999999996,10.964285714285714,0.0350509832753549,10.89,10.99,0.0999999999999996,99.0,Normal,0,Saturday,February,0.17,100.0,Normal,Healthy,Normal Operation,Continue Stream Monitoring,No Alert
2026-02-15,10.8,SCB-104,Good,-0.0899999999999998,10.938571428571429,0.0701019665507576,10.8,10.99,0.1899999999999995,99.1,Normal,0,Sunday,February,0.29,100.0,Normal,Healthy,Normal Operation,Continue Stream Monitoring,No Alert
2026-02-16,10.8,SCB-104,Good,0.0,10.912857142857144,0.0840068024456396,10.8,10.99,0.1899999999999995,100.0,Normal,0,Monday,February,0.19,100.0,Normal,Healthy,Normal Operation,Continue Stream Monitoring,No Alert
2026-02-17,10.8,SCB-104,Good,0.0,10.88714285714286,0.0875051018920652,10.8,10.99,0.1899999999999995,100.0,Normal,0,Tuesday,February,0.19,100.0,Normal,Healthy,Normal Operation,Continue Stream Monitoring,No Alert
2026-02-18,10.8,SCB-104,Good,0.0,10.861428571428572,0.0819407451411293,10.8,10.99,0.1899999999999995,100.0,Normal,0,Wednesday,February,0.22,100.0,Normal,Healthy,Normal Operation,Continue Stream Monitoring,No Alert
2026-02-19,10.8,SCB-104,Good,0.0,10.84,0.0741619848709416,10.8,10.99,0.1899999999999995,100.0,Normal,0,Thursday,February,0.25,100.0,Normal,Healthy,Normal Operation,Continue Stream Monitoring,No Alert
2026-02-20,10.8,SCB-104,Good,0.0,10.812857142857142,0.0340168025707972,10.8,10.89,0.0899999999999998,100.0,Normal,0,Friday,February,0.25,100.0,Normal,Healthy,Normal Operation,Continue Stream Monitoring,No Alert
2026-02-21,10.81,SCB-104,Good,0.0099999999999997,10.801428571428572,0.0037796447300923,10.8,10.81,0.0099999999999997,99.9,Normal,0,Saturday,February,0.24,100.0,Normal,Healthy,Normal Operation,Continue Stream Monitoring,No Alert
2026-02-22,10.81,SCB-104,Good,0.0,10.802857142857144,0.004879500364743,10.8,10.81,0.0099999999999997,100.0,Normal,0,Sunday,February,0.24,100.0,Normal,Healthy,Normal Operation,Continue Stream Monitoring,No Alert
2026-02-23,10.81,SCB-104,Good,0.0,10.804285714285712,0.0053452248382491,10.8,10.81,0.0099999999999997,100.0,Normal,0,Monday,February,0.34,100.0,Normal,Healthy,Normal Operation,Continue Stream Monitoring,No Alert
2026-02-24,10.81,SCB-104,Good,0.0,10.805714285714286,0.0053452248382494,10.8,10.81,0.0099999999999997,100.0,Normal,0,Tuesday,February,0.21,100.0,Normal,Healthy,Normal Operation,Continue Stream Monitoring,No Alert
2026-02-25,10.78,SCB-104,Good,-0.0300000000000011,10.802857142857144,0.0111269728052843,10.78,10.81,0.0300000000000011,99.7,Normal,0,Wednesday,February,0.22,100.0,Normal,Healthy,Normal Operation,Continue Stream Monitoring,No Alert
2026-02-26,10.82,SCB-104,Good,0.0400000000000009,10.805714285714286,0.0127241802056077,10.78,10.82,0.0400000000000009,99.6,Normal,0,Thursday,February,0.23,100.0,Normal,Healthy,Normal Operation,Continue Stream Monitoring,No Alert
2026-02-27,10.35,SCB-104,Good,-0.4700000000000006,10.741428571428573,0.1730538039097063,10.35,10.82,0.4700000000000006,95.3,Normal,0,Friday,February,0.23,100.0,Normal,Healthy,Normal Operation,Continue Stream Monitoring,No Alert
2026-02-28,10.82,SCB-104,Good,0.4700000000000006,10.742857142857144,0.1737540681264073,10.35,10.82,0.4700000000000006,95.3,Normal,0,Saturday,February,0.23,100.0,Normal,Healthy,Normal Operation,Continue Stream Monitoring,No Alert
2026-03-01,10.82,SCB-104,Good,0.0,10.744285714285716,0.1744378726898819,10.35,10.82,0.4700000000000006,100.0,Normal,0,Sunday,March,0.24,100.0,Normal,Healthy,Normal Operation,Continue Stream Monitoring,No Alert
2026-03-02,10.82,SCB-104,Good,0.0,10.745714285714286,0.1751054104301313,10.35,10.82,0.4700000000000006,100.0,Normal,0,Monday,March,0.3,100.0,Normal,Healthy,Normal Operation,Continue Stream Monitoring,No Alert
2026-03-03,10.83,SCB-104,Good,0.0099999999999997,10.748571428571427,0.1764868806671449,10.35,10.83,0.4800000000000004,99.9,Normal,0,Tuesday,March,0.26,100.0,Normal,Healthy,Normal Operation,Continue Stream Monitoring,No Alert
2026-03-04,10.83,SCB-104,Good,0.0,10.755714285714284,0.1789652799527646,10.35,10.83,0.4800000000000004,100.0,Normal,0,Wednesday,March,0.18,100.0,Normal,Healthy,Normal Operation,Continue Stream Monitoring,No Alert
2026-03-05,10.81,SCB-104,Good,-0.0199999999999995,10.754285714285714,0.1784056373228476,10.35,10.83,0.4800000000000004,99.8,Normal,0,Thursday,March,0.22,100.0,Normal,Healthy,Normal Operation,Continue Stream Monitoring,No Alert
2026-03-06,10.83,SCB-104,Good,0.0199999999999995,10.822857142857142,0.0075592894601776,10.81,10.83,0.0199999999999995,99.8,Normal,0,Friday,March,0.25,100.0,Normal,Healthy,Normal Operation,Continue Stream Monitoring,No Alert
2026-03-07,10.83,SCB-104,Good,0.0,10.824285714285717,0.0078679579246877,10.81,10.83,0.0199999999999995,100.0,Normal,0,Saturday,March,0.2,100.0,Normal,Healthy,Normal Operation,Continue Stream Monitoring,No Alert
2026-03-08,10.83,SCB-104,Good,0.0,10.825714285714286,0.0078679579246875,10.81,10.83,0.0199999999999995,100.0,Normal,0,Sunday,March,0.22,100.0,Normal,Healthy,Normal Operation,Continue Stream Monitoring,No Alert
2026-03-09,10.83,SCB-104,Good,0.0,10.827142857142858,0.0075592894601771,10.81,10.83,0.0199999999999995,100.0,Normal,0,Monday,March,0.2,100.0,Normal,Healthy,Normal Operation,Continue Stream Monitoring,No Alert
2026-03-10,10.4,SCB-104,Good,-0.4299999999999997,10.765714285714289,0.161436999358588,10.4,10.83,0.4299999999999997,95.7,Normal,0,Tuesday,March,0.19,100.0,Normal,Healthy,Normal Operation,Continue Stream Monitoring,No Alert
2026-03-11,10.83,SCB-104,Good,0.4299999999999997,10.765714285714283,0.161436999358588,10.4,10.83,0.4299999999999997,95.7,Normal,0,Wednesday,March,0.24,100.0,Normal,Healthy,Normal Operation,Continue Stream Monitoring,No Alert
2026-03-12,10.83,SCB-104,Good,0.0,10.76857142857143,0.1625247233939676,10.4,10.83,0.4299999999999997,100.0,Normal,0,Thursday,March,0.25,100.0,Normal,Healthy,Normal Operation,Continue Stream Monitoring,No Alert
2026-03-13,10.83,SCB-104,Good,0.0,10.76857142857143,0.1625247233939676,10.4,10.83,0.4299999999999997,100.0,Normal,0,Friday,March,0.22,100.0,Normal,Healthy,Normal Operation,Continue Stream Monitoring,No Alert
2026-03-14,10.84,SCB-104,Good,0.0099999999999997,10.77,0.1631972221985818,10.4,10.84,0.4399999999999995,99.9,Normal,0,Saturday,March,0.13,100.0,Normal,Healthy,Normal Operation,Continue Stream Monitoring,No Alert
2026-03-15,10.83,SCB-104,Good,-0.0099999999999997,10.77,0.1631972221985818,10.4,10.84,0.4399999999999995,99.9,Normal,0,Sunday,March,0.15,100.0,Normal,Healthy,Normal Operation,Continue Stream Monitoring,No Alert
2026-03-16,10.84,SCB-104,Good,0.0099999999999997,10.771428571428572,0.1638524307040301,10.4,10.84,0.4399999999999995,99.9,Normal,0,Monday,March,0.14,100.0,Normal,Healthy,Normal Operation,Continue Stream Monitoring,No Alert
2026-03-17,10.83,SCB-104,Good,-0.0099999999999997,10.832857142857142,0.0048795003647075,10.83,10.84,0.0099999999999997,99.9,Normal,0,Tuesday,March,0.19,100.0,Normal,Healthy,Normal Operation,Continue Stream Monitoring,No Alert
2026-03-18,10.84,SCB-104,Good,0.0099999999999997,10.834285714285713,0.0053452248382157,10.83,10.84,0.0099999999999997,99.9,Normal,0,Wednesday,March,0.12,100.0,Normal,Healthy,Normal Operation,Continue Stream Monitoring,No Alert
2026-03-19,10.81,SCB-104,Good,-0.0299999999999993,10.831428571428573,0.0106904496764813,10.81,10.84,0.0299999999999993,99.7,Normal,0,Thursday,March,0.19,100.0,Normal,Healthy,Normal Operation,Continue Stream Monitoring,No Alert
2026-03-20,10.81,SCB-104,Good,0.0,10.828571428571427,0.0134518541826793,10.81,10.84,0.0299999999999993,100.0,Normal,0,Friday,March,0.21,100.0,Normal,Healthy,Normal Operation,Continue Stream Monitoring,No Alert
2026-03-21,10.82,SCB-104,Good,0.0099999999999997,10.825714285714286,0.0127241802055958,10.81,10.84,0.0299999999999993,99.9,Normal,0,Saturday,March,0.25,100.0,Normal,Healthy,Normal Operation,Continue Stream Monitoring,No Alert
2026-03-22,10.83,SCB-104,Good,0.0099999999999997,10.825714285714286,0.0127241802055958,10.81,10.84,0.0299999999999993,99.9,Normal,0,Sunday,March,0.3,100.0,Normal,Healthy,Normal Operation,Continue Stream Monitoring,No Alert
2026-03-23,10.83,SCB-104,Good,0.0,10.824285714285711,0.0113389341902647,10.81,10.84,0.0299999999999993,100.0,Normal,0,Monday,March,0.28,100.0,Normal,Healthy,Normal Operation,Continue Stream Monitoring,No Alert
2026-03-24,10.83,SCB-104,Good,0.0,10.824285714285711,0.0113389341902647,10.81,10.84,0.0299999999999993,100.0,Normal,0,Tuesday,March,0.24,100.0,Normal,Healthy,Normal Operation,Continue Stream Monitoring,No Alert
2026-03-25,10.8325,SCB-104,Interpolated,0.0024999999999995,10.823214285714286,0.0098651623692245,10.81,10.8325,0.022499999999999,99.975,Normal,0,Wednesday,March,0.21,100.0,Normal,Healthy,Normal Operation,Continue Stream Monitoring,No Alert
2026-03-26,10.835,SCB-104,Interpolated,0.0025000000000012,10.826785714285716,0.0087457472658318,10.81,10.835,0.0250000000000003,99.975,Normal,0,Thursday,March,0.31,100.0,Normal,Healthy,Normal Operation,Continue Stream Monitoring,No Alert
2026-03-27,10.8375,SCB-104,Interpolated,0.0024999999999995,10.830714285714285,0.0055366742638918,10.82,10.8375,0.0175,99.975,Normal,0,Friday,March,0.27,100.0,Normal,Healthy,Normal Operation,Continue Stream Monitoring,No Alert
2026-03-28,10.84,SCB-104,Good,0.0024999999999995,10.833571428571428,0.0040458679685204,10.83,10.84,0.0099999999999997,99.975,Normal,0,Saturday,March,0.2,100.0,Normal,Healthy,Normal Operation,Continue Stream Monitoring,No Alert
2026-03-29,10.84,SCB-104,Good,0.0,10.835,0.0043301270188802,10.83,10.84,0.0099999999999997,100.0,Normal,0,Sunday,March,0.25,100.0,Normal,Healthy,Normal Operation,Continue Stream Monitoring,No Alert
2026-03-30,10.84,SCB-104,Good,0.0,10.836428571428572,0.0040458679685167,10.83,10.84,0.0099999999999997,100.0,Normal,0,Monday,March,0.24,100.0,Normal,Healthy,Normal Operation,Continue Stream Monitoring,No Alert
2026-03-31,10.84,SCB-104,Good,0.0,10.837857142857144,0.0030374644814056,10.8325,10.84,0.0075000000000002,100.0,Normal,0,Tuesday,March,0.28,100.0,Normal,Healthy,Normal Operation,Continue Stream Monitoring,No Alert
2026-04-01,10.84,SCB-104,Good,0.0,10.838928571428571,0.0019669894810721,10.835,10.84,0.004999999999999,100.0,Normal,0,Wednesday,April,0.3,100.0,Normal,Healthy,Normal Operation,Continue Stream Monitoring,No Alert
2026-04-02,10.85,SCB-104,Good,0.0099999999999997,10.841071428571428,0.004045867968512,10.8375,10.85,0.0124999999999992,99.9,Normal,0,Thursday,April,0.32,100.0,Normal,Healthy,Normal Operation,Continue Stream Monitoring,No Alert
2026-04-03,10.85,SCB-104,Good,0.0,10.842857142857143,0.0048795003646987,10.84,10.85,0.0099999999999997,100.0,Normal,0,Friday,April,0.26,100.0,Normal,Healthy,Normal Operation,Continue Stream Monitoring,No Alert
2026-04-04,10.85,SCB-104,Good,0.0,10.844285714285714,0.0053452248382077,10.84,10.85,0.0099999999999997,100.0,Normal,0,Saturday,April,0.27,100.0,Normal,Healthy,Normal Operation,Continue Stream Monitoring,No Alert
2026-04-05,10.85,SCB-104,Good,0.0,10.845714285714283,0.005345224838207,10.84,10.85,0.0099999999999997,100.0,Normal,0,Sunday,April,0.25,100.0,Normal,Healthy,Normal Operation,Continue Stream Monitoring,No Alert
2026-04-06,10.84,SCB-104,Good,-0.0099999999999997,10.845714285714283,0.005345224838207,10.84,10.85,0.0099999999999997,99.9,Normal,0,Monday,April,0.34,100.0,Normal,Healthy,Normal Operation,Continue Stream Monitoring,No Alert
2026-04-07,10.84,SCB-104,Good,0.0,10.845714285714283,0.005345224838207,10.84,10.85,0.0099999999999997,100.0,Normal,0,Tuesday,April,0.34,100.0,Normal,Healthy,Normal Operation,Continue Stream Monitoring,No Alert
2026-04-08,10.85,SCB-104,Good,0.0099999999999997,10.847142857142858,0.0048795003646969,10.84,10.85,0.0099999999999997,99.9,Normal,0,Wednesday,April,0.27,100.0,Normal,Healthy,Normal Operation,Continue Stream Monitoring,No Alert
2026-04-09,10.84,SCB-104,Good,-0.0099999999999997,10.845714285714283,0.005345224838207,10.84,10.85,0.0099999999999997,99.9,Normal,0,Thursday,April,0.28,100.0,Normal,Healthy,Normal Operation,Continue Stream Monitoring,No Alert
2026-04-10,10.59,SCB-104,Good,-0.25,10.808571428571428,0.0965105471660247,10.59,10.85,0.2599999999999998,97.5,Normal,0,Friday,April,0.33,100.0,Normal,Healthy,Normal Operation,Continue Stream Monitoring,No Alert
2026-04-11,10.84,SCB-104,Good,0.25,10.80714285714286,0.095866971322119,10.59,10.85,0.2599999999999998,97.5,Normal,0,Saturday,April,0.34,100.0,Normal,Healthy,Normal Operation,Continue Stream Monitoring,No Alert
2026-04-12,10.85,SCB-104,Good,0.0099999999999997,10.807142857142855,0.095866971322119,10.59,10.85,0.2599999999999998,99.9,Normal,0,Sunday,April,0.2,100.0,Normal,Healthy,Normal Operation,Continue Stream Monitoring,No Alert
2026-04-13,10.84,SCB-104,Good,-0.0099999999999997,10.80714285714286,0.095866971322119,10.59,10.85,0.2599999999999998,99.9,Normal,0,Monday,April,0.23,100.0,Normal,Healthy,Normal Operation,Continue Stream Monitoring,No Alert
2026-04-14,10.85,SCB-104,Good,0.0099999999999997,10.808571428571428,0.0965105471660247,10.59,10.85,0.2599999999999998,99.9,Normal,0,Tuesday,April,0.26,100.0,Normal,Healthy,Normal Operation,Continue Stream Monitoring,No Alert
2026-04-15,10.85,SCB-104,Good,0.0,10.80857142857143,0.0965105471660247,10.59,10.85,0.2599999999999998,100.0,Normal,0,Wednesday,April,0.26,100.0,Normal,Healthy,Normal Operation,Continue Stream Monitoring,No Alert
2026-04-16,10.85,SCB-104,Good,0.0,10.81,0.0971253485622219,10.59,10.85,0.2599999999999998,100.0,Normal,0,Thursday,April,0.22,100.0,Normal,Healthy,Normal Operation,Continue Stream Monitoring,No Alert
2026-04-17,10.85,SCB-104,Good,0.0,10.847142857142856,0.0048795003646977,10.84,10.85,0.0099999999999997,100.0,Normal,0,Friday,April,0.25,100.0,Normal,Healthy,Normal Operation,Continue Stream Monitoring,No Alert
2026-04-18,10.85,SCB-104,Good,0.0,10.848571428571429,0.0037796447300331,10.84,10.85,0.0099999999999997,100.0,Normal,0,Saturday,April,0.22,100.0,Normal,Healthy,Normal Operation,Continue Stream Monitoring,No Alert
2026-04-19,10.85,SCB-104,Good,0.0,10.848571428571429,0.0037796447300331,10.84,10.85,0.0099999999999997,100.0,Normal,0,Sunday,April,0.28,100.0,Normal,Healthy,Normal Operation,Continue Stream Monitoring,No Alert
2026-04-20,10.85,SCB-104,Good,0.0,10.85,0.0,10.85,10.85,0.0,100.0,Normal,0,Monday,April,0.27,100.0,Normal,Healthy,Normal Operation,Continue Stream Monitoring,No Alert
2026-04-21,10.85,SCB-104,Good,0.0,10.85,0.0,10.85,10.85,0.0,100.0,Normal,0,Tuesday,April,0.29,100.0,Normal,Healthy,Normal Operation,Continue Stream Monitoring,No Alert
2026-04-22,10.83,SCB-104,Good,-0.0199999999999995,10.847142857142856,0.0075592894601842,10.83,10.85,0.0199999999999995,99.8,Normal,0,Wednesday,April,0.34,100.0,Normal,Healthy,Normal Operation,Continue Stream Monitoring,No Alert
2026-04-23,10.85,SCB-104,Good,0.0199999999999995,10.847142857142856,0.0075592894601842,10.83,10.85,0.0199999999999995,99.8,Normal,0,Thursday,April,0.38,100.0,Normal,Healthy,Normal Operation,Continue Stream Monitoring,No Alert
2026-04-24,10.74,SCB-104,Good,-0.1099999999999994,10.831428571428573,0.0409994192757939,10.74,10.85,0.1099999999999994,98.9,Normal,0,Friday,April,0.41,100.0,Normal,Healthy,Normal Operation,Continue Stream Monitoring,No Alert
2026-04-25,10.84,SCB-104,Good,0.0999999999999996,10.83,0.0404145188432733,10.74,10.85,0.1099999999999994,99.0,Normal,0,Saturday,April,0.6,100.0,Normal,Healthy,Normal Operation,Continue Stream Monitoring,No Alert
2026-04-26,10.87,SCB-104,Good,0.0299999999999993,10.832857142857142,0.0427060829836861,10.74,10.87,0.129999999999999,99.7,Normal,0,Sunday,April,0.0,100.0,Normal,Healthy,Normal Operation,Continue Stream Monitoring,No Alert
2026-04-27,10.86,SCB-104,Good,-0.0099999999999997,10.834285714285713,0.043534332373864,10.74,10.87,0.129999999999999,99.9,Normal,0,Monday,April,0.51,100.0,Normal,Healthy,Normal Operation,Continue Stream Monitoring,No Alert
2026-04-28,10.85,SCB-104,Good,-0.0099999999999997,10.834285714285716,0.043534332373864,10.74,10.87,0.129999999999999,99.9,Normal,0,Tuesday,April,0.34,100.0,Normal,Healthy,Normal Operation,Continue Stream Monitoring,No Alert
2026-04-29,10.85,SCB-104,Good,0.0,10.837142857142856,0.0438612531035025,10.74,10.87,0.129999999999999,100.0,Normal,0,Wednesday,April,0.41,100.0,Normal,Healthy,Normal Operation,Continue Stream Monitoring,No Alert
2026-04-30,10.85,SCB-104,Good,0.0,10.837142857142856,0.0438612531035025,10.74,10.87,0.129999999999999,100.0,Normal,0,Thursday,April,0.3,100.0,Normal,Healthy,Normal Operation,Continue Stream Monitoring,No Alert
2026-05-01,10.85,SCB-104,Good,0.0,10.852857142857143,0.0095118973121183,10.84,10.87,0.0299999999999993,100.0,Normal,0,Friday,May,0.35,100.0,Normal,Healthy,Normal Operation,Continue Stream Monitoring,No Alert
2026-05-02,10.85,SCB-104,Good,0.0,10.854285714285712,0.007867957924701,10.85,10.87,0.0199999999999995,100.0,Normal,0,Saturday,May,0.36,100.0,Normal,Healthy,Normal Operation,Continue Stream Monitoring,No Alert
2026-05-03,10.84,SCB-104,Good,-0.0099999999999997,10.85,0.005773502691904,10.84,10.86,0.0199999999999995,99.9,Normal,0,Sunday,May,0.27,100.0,Normal,Healthy,Normal Operation,Continue Stream Monitoring,No Alert
2026-05-04,10.84,SCB-104,Good,0.0,10.847142857142858,0.0048795003647506,10.84,10.85,0.0099999999999997,100.0,Normal,0,Monday,May,0.35,100.0,Normal,Healthy,Normal Operation,Continue Stream Monitoring,No Alert
2026-05-05,10.84,SCB-104,Good,0.0,10.845714285714283,0.0053452248382551,10.84,10.85,0.0099999999999997,100.0,Normal,0,Tuesday,May,0.31,100.0,Normal,Healthy,Normal Operation,Continue Stream Monitoring,No Alert
2026-05-06,10.84,SCB-104,Good,0.0,10.844285714285714,0.0053452248382544,10.84,10.85,0.0099999999999997,100.0,Normal,0,Wednesday,May,0.4,100.0,Normal,Healthy,Normal Operation,Continue Stream Monitoring,No Alert
2026-05-07,10.83,SCB-104,Good,-0.0099999999999997,10.84142857142857,0.0069006555934276,10.83,10.85,0.0199999999999995,99.9,Normal,0,Thursday,May,0.47,100.0,Normal,Healthy,Normal Operation,Continue Stream Monitoring,No Alert
2026-05-08,10.84,SCB-104,Good,0.0099999999999997,10.84,0.0057735026919011,10.83,10.85,0.0199999999999995,99.9,Normal,0,Friday,May,0.33,100.0,Normal,Healthy,Normal Operation,Continue Stream Monitoring,No Alert
2026-05-09,10.82,SCB-104,Good,-0.0199999999999995,10.835714285714284,0.0078679579246978,10.82,10.84,0.0199999999999995,99.8,Normal,0,Saturday,May,0.37,100.0,Normal,Healthy,Normal Operation,Continue Stream Monitoring,No Alert
2026-05-10,10.8,SCB-104,Good,-0.0199999999999995,10.83,0.0152752523165208,10.8,10.84,0.0399999999999991,99.8,Normal,0,Sunday,May,0.39,100.0,Normal,Healthy,Normal Operation,Continue Stream Monitoring,No Alert
2026-05-11,10.73,SCB-104,Good,-0.0700000000000002,10.814285714285711,0.0399404318358994,10.73,10.84,0.1099999999999994,99.3,Normal,0,Monday,May,0.41,100.0,Normal,Healthy,Normal Operation,Continue Stream Monitoring,No Alert
2026-05-12,10.79,SCB-104,Good,0.0599999999999987,10.80714285714286,0.0390360029179419,10.73,10.84,0.1099999999999994,99.4,Normal,0,Tuesday,May,0.45,100.0,Normal,Healthy,Normal Operation,Continue Stream Monitoring,No Alert
2026-05-13,10.78,SCB-104,Good,-0.0099999999999997,10.79857142857143,0.0371611676478609,10.73,10.84,0.1099999999999994,99.9,Normal,0,Wednesday,May,0.24,100.0,Normal,Healthy,Normal Operation,Continue Stream Monitoring,No Alert
2026-05-14,10.76,SCB-104,Good,-0.0199999999999995,10.788571428571428,0.0367099311851586,10.73,10.84,0.1099999999999994,99.8,Normal,0,Thursday,May,0.32,100.0,Normal,Healthy,Normal Operation,Continue Stream Monitoring,No Alert
2026-05-15,10.76,SCB-104,Good,0.0,10.777142857142858,0.0298408476836067,10.73,10.82,0.0899999999999998,100.0,Normal,0,Friday,May,0.2,100.0,Normal,Healthy,Normal Operation,Continue Stream Monitoring,No Alert
2026-05-16,10.76,SCB-104,Good,0.0,10.76857142857143,0.0234012616672485,10.73,10.8,0.0700000000000002,100.0,Normal,0,Saturday,May,0.29,100.0,Normal,Healthy,Normal Operation,Continue Stream Monitoring,No Alert
2026-05-17,11.55,SCB-104,Good,0.7900000000000009,10.875714285714285,0.297929362033864,10.73,11.55,0.8200000000000003,92.1,High,0,Sunday,May,0.28,75.0,Warning,Excessive Caustic Feed,Over-dosing Caustic Buffer,Calibrate Caustic Dosing Pump Feedback Controller,Alkaline Scrubber High pH
2026-05-18,12.79,SCB-104,Good,1.2399999999999984,11.17,0.7713192162349738,10.76,12.79,2.03,87.60000000000002,High,0,Monday,May,0.29,65.1,Warning,Excessive Caustic Feed,Over-dosing Caustic Buffer,Calibrate Caustic Dosing Pump Feedback Controller,Alkaline Scrubber High pH
2026-05-19,12.59,SCB-104,Good,-0.1999999999999993,11.427142857142856,0.91092835952696,10.76,12.79,2.03,98.0,High,0,Tuesday,May,0.27,75.0,Warning,Excessive Caustic Feed,Over-dosing Caustic Buffer,Calibrate Caustic Dosing Pump Feedback Controller,Alkaline Scrubber High pH
2026-05-20,12.45,SCB-104,Good,-0.1400000000000005,11.665714285714284,0.9316447309795234,10.76,12.79,2.03,98.6,High,0,Wednesday,May,0.31,75.0,Warning,Excessive Caustic Feed,Over-dosing Caustic Buffer,Calibrate Caustic Dosing Pump Feedback Controller,Alkaline Scrubber High pH
2026-05-21,12.34,SCB-104,Good,-0.1099999999999994,11.891428571428571,0.8646276379927708,10.76,12.79,2.03,98.9,High,0,Thursday,May,0.34,75.0,Warning,Excessive Caustic Feed,Over-dosing Caustic Buffer,Calibrate Caustic Dosing Pump Feedback Controller,Alkaline Scrubber High pH
2026-05-22,12.18,SCB-104,Good,-0.1600000000000001,12.094285714285714,0.7071741214829945,10.76,12.79,2.03,98.4,High,0,Friday,May,0.25,75.0,Warning,Excessive Caustic Feed,Over-dosing Caustic Buffer,Calibrate Caustic Dosing Pump Feedback Controller,Alkaline Scrubber High pH
2026-05-23,12.16,SCB-104,Good,-0.0199999999999995,12.294285714285712,0.3967726949130697,11.55,12.79,1.2399999999999984,99.8,High,0,Saturday,May,0.19,75.0,Warning,Excessive Caustic Feed,Over-dosing Caustic Buffer,Calibrate Caustic Dosing Pump Feedback Controller,Alkaline Scrubber High pH
2026-05-24,12.08,SCB-104,Good,-0.08,12.37,0.2570343686487779,12.08,12.79,0.7099999999999991,99.2,High,0,Sunday,May,0.35,75.0,Warning,Excessive Caustic Feed,Over-dosing Caustic Buffer,Calibrate Caustic Dosing Pump Feedback Controller,Alkaline Scrubber High pH
2026-05-25,12.04,SCB-104,Good,-0.0400000000000009,12.262857142857143,0.2035283997967317,12.04,12.59,0.5500000000000007,99.6,High,0,Monday,May,0.36,75.0,Warning,Excessive Caustic Feed,Over-dosing Caustic Buffer,Calibrate Caustic Dosing Pump Feedback Controller,Alkaline Scrubber High pH
2026-05-26,11.99,SCB-104,Good,-0.0499999999999989,12.177142857142856,0.1656013572523417,11.99,12.45,0.4599999999999991,99.5,High,0,Tuesday,May,0.3,75.0,Warning,Excessive Caustic Feed,Over-dosing Caustic Buffer,Calibrate Caustic Dosing Pump Feedback Controller,Alkaline Scrubber High pH
2026-05-27,11.98,SCB-104,Good,-0.0099999999999997,12.11,0.1274100990241402,11.98,12.34,0.3599999999999994,99.9,High,0,Wednesday,May,0.41,75.0,Warning,Excessive Caustic Feed,Over-dosing Caustic Buffer,Calibrate Caustic Dosing Pump Feedback Controller,Alkaline Scrubber High pH
2026-05-28,11.9,SCB-104,Good,-0.08,12.047142857142855,0.1007826515683645,11.9,12.18,0.2799999999999993,99.2,High,0,Thursday,May,2.01,75.0,Warning,Excessive Caustic Feed,Over-dosing Caustic Buffer,Calibrate Caustic Dosing Pump Feedback Controller,Alkaline Scrubber High pH
2026-05-29,11.83,SCB-104,Good,-0.0700000000000002,11.997142857142858,0.1102594343226476,11.83,12.16,0.33,99.3,High,0,Friday,May,0.31,75.0,Warning,Excessive Caustic Feed,Over-dosing Caustic Buffer,Calibrate Caustic Dosing Pump Feedback Controller,Alkaline Scrubber High pH
2026-05-30,11.7,SCB-104,Good,-0.1300000000000007,11.931428571428572,0.1319631983330694,11.7,12.08,0.3800000000000008,98.7,High,0,Saturday,May,0.3,75.0,Warning,Excessive Caustic Feed,Over-dosing Caustic Buffer,Calibrate Caustic Dosing Pump Feedback Controller,Alkaline Scrubber High pH
2026-05-31,11.7,SCB-104,Good,0.0,11.877142857142855,0.1386499532052457,11.7,12.04,0.3399999999999998,100.0,High,0,Sunday,May,0.29,75.0,Warning,Excessive Caustic Feed,Over-dosing Caustic Buffer,Calibrate Caustic Dosing Pump Feedback Controller,Alkaline Scrubber High pH
2026-06-01,11.58,SCB-104,Good,-0.1199999999999992,11.811428571428571,0.1564639012071465,11.58,11.99,0.4100000000000001,98.8,High,0,Monday,June,0.29,75.0,Warning,Excessive Caustic Feed,Over-dosing Caustic Buffer,Calibrate Caustic Dosing Pump Feedback Controller,Alkaline Scrubber High pH
2026-06-02,11.66,SCB-104,Good,0.08,11.764285714285716,0.1428118975969628,11.58,11.98,0.4000000000000003,99.2,High,0,Tuesday,June,0.3,75.0,Warning,Excessive Caustic Feed,Over-dosing Caustic Buffer,Calibrate Caustic Dosing Pump Feedback Controller,Alkaline Scrubber High pH
2026-06-03,11.66,SCB-104,Good,0.0,11.718571428571428,0.109609697172709,11.58,11.9,0.3200000000000003,100.0,High,0,Wednesday,June,0.27,75.0,Warning,Excessive Caustic Feed,Over-dosing Caustic Buffer,Calibrate Caustic Dosing Pump Feedback Controller,Alkaline Scrubber High pH
2026-06-04,11.63,SCB-104,Good,-0.0299999999999993,11.679999999999998,0.0781024967591124,11.58,11.83,0.25,99.7,High,0,Thursday,June,0.24,75.0,Warning,Excessive Caustic Feed,Over-dosing Caustic Buffer,Calibrate Caustic Dosing Pump Feedback Controller,Alkaline Scrubber High pH
2026-06-05,11.61,SCB-104,Good,-0.0200000000000013,11.648571428571428,0.0448807944926652,11.58,11.7,0.1199999999999992,99.79999999999998,High,0,Friday,June,0.24,75.0,Warning,Excessive Caustic Feed,Over-dosing Caustic Buffer,Calibrate Caustic Dosing Pump Feedback Controller,Alkaline Scrubber High pH
2026-06-06,12.13,SCB-104,Good,0.5200000000000014,11.71,0.1892088792842646,11.58,12.13,0.5500000000000007,94.79999999999998,High,0,Saturday,June,0.2333333333333333,75.0,Warning,Excessive Caustic Feed,Over-dosing Caustic Buffer,Calibrate Caustic Dosing Pump Feedback Controller,Alkaline Scrubber High pH
2026-06-07,12.49,SCB-104,Good,0.3599999999999994,11.822857142857144,0.3497482087499765,11.58,12.49,0.91,96.4,High,0,Sunday,June,0.2266666666666666,75.0,Warning,Excessive Caustic Feed,Over-dosing Caustic Buffer,Calibrate Caustic Dosing Pump Feedback Controller,Alkaline Scrubber High pH
2026-06-08,12.49,SCB-104,Good,0.0,11.952857142857145,0.4086038948139758,11.61,12.49,0.8800000000000008,100.0,High,0,Monday,June,0.22,75.0,Warning,Excessive Caustic Feed,Over-dosing Caustic Buffer,Calibrate Caustic Dosing Pump Feedback Controller,Alkaline Scrubber High pH
2026-06-09,12.43,SCB-104,Good,-0.0600000000000005,12.062857142857142,0.4201076959429379,11.61,12.49,0.8800000000000008,99.4,High,0,Tuesday,June,0.32,75.0,Warning,Excessive Caustic Feed,Over-dosing Caustic Buffer,Calibrate Caustic Dosing Pump Feedback Controller,Alkaline Scrubber High pH
2026-06-10,12.23,SCB-104,Good,-0.1999999999999993,12.144285714285717,0.3825727444054433,11.61,12.49,0.8800000000000008,98.0,High,0,Wednesday,June,0.31,75.0,Warning,Excessive Caustic Feed,Over-dosing Caustic Buffer,Calibrate Caustic Dosing Pump Feedback Controller,Alkaline Scrubber High pH
2026-06-11,12.06,SCB-104,Good,-0.1699999999999999,12.205714285714288,0.3147410122019578,11.61,12.49,0.8800000000000008,98.3,High,0,Thursday,June,0.32,75.0,Warning,Excessive Caustic Feed,Over-dosing Caustic Buffer,Calibrate Caustic Dosing Pump Feedback Controller,Alkaline Scrubber High pH
2026-06-12,12.04,SCB-104,Good,-0.0200000000000013,12.267142857142858,0.2002260627153329,12.04,12.49,0.450000000000001,99.79999999999998,High,0,Friday,June,0.36,75.0,Warning,Excessive Caustic Feed,Over-dosing Caustic Buffer,Calibrate Caustic Dosing Pump Feedback Controller,Alkaline Scrubber High pH
2026-06-13,11.94,SCB-104,Good,-0.0999999999999996,12.239999999999998,0.2322355126446891,11.94,12.49,0.5500000000000007,99.0,High,0,Saturday,June,0.29,75.0,Warning,Excessive Caustic Feed,Over-dosing Caustic Buffer,Calibrate Caustic Dosing Pump Feedback Controller,Alkaline Scrubber High pH
2026-06-14,11.76,SCB-104,Good,-0.1799999999999997,12.135714285714286,0.2631132292922176,11.76,12.49,0.7300000000000004,98.2,High,0,Sunday,June,0.29,75.0,Warning,Excessive Caustic Feed,Over-dosing Caustic Buffer,Calibrate Caustic Dosing Pump Feedback Controller,Alkaline Scrubber High pH
2026-06-15,11.68,SCB-104,Good,-0.08,12.02,0.2594224354214699,11.68,12.43,0.75,99.2,High,0,Monday,June,0.31,75.0,Warning,Excessive Caustic Feed,Over-dosing Caustic Buffer,Calibrate Caustic Dosing Pump Feedback Controller,Alkaline Scrubber High pH
2026-06-16,11.6,SCB-104,Good,-0.08,11.901428571428571,0.2286502840167887,11.6,12.23,0.6300000000000008,99.2,High,0,Tuesday,June,0.24,75.0,Warning,Excessive Caustic Feed,Over-dosing Caustic Buffer,Calibrate Caustic Dosing Pump Feedback Controller,Alkaline Scrubber High pH
2026-06-17,11.57,SCB-104,Good,-0.0299999999999993,11.807142857142855,0.205484329144133,11.57,12.06,0.4900000000000002,99.7,High,0,Wednesday,June,0.21,75.0,Warning,Excessive Caustic Feed,Over-dosing Caustic Buffer,Calibrate Caustic Dosing Pump Feedback Controller,Alkaline Scrubber High pH
2026-06-18,11.57,SCB-104,Good,0.0,11.737142857142857,0.1876800722607855,11.57,12.04,0.4699999999999988,100.0,High,0,Thursday,June,0.36,75.0,Warning,Excessive Caustic Feed,Over-dosing Caustic Buffer,Calibrate Caustic Dosing Pump Feedback Controller,Alkaline Scrubber High pH
2026-06-19,11.49,SCB-104,Good,-0.08,11.65857142857143,0.1513746534737213,11.49,11.94,0.4499999999999993,99.2,Normal,0,Friday,June,0.26,100.0,Normal,Healthy,Normal Operation,Continue Stream Monitoring,No Alert
2026-06-20,11.49,SCB-104,Good,0.0,11.594285714285714,0.0981252843490109,11.49,11.76,0.2699999999999996,100.0,Normal,0,Saturday,June,0.24,100.0,Normal,Healthy,Normal Operation,Continue Stream Monitoring,No Alert
2026-06-21,11.51,SCB-104,Good,0.0199999999999995,11.558571428571428,0.0689029683513089,11.49,11.68,0.1899999999999995,99.8,High,0,Sunday,June,0.3,75.0,Warning,Excessive Caustic Feed,Over-dosing Caustic Buffer,Calibrate Caustic Dosing Pump Feedback Controller,Alkaline Scrubber High pH
2026-06-22,12.26,SCB-104,Good,0.75,11.641428571428571,0.2761900656811455,11.49,12.26,0.7699999999999996,92.5,High,0,Monday,June,0.28,75.0,Warning,Excessive Caustic Feed,Over-dosing Caustic Buffer,Calibrate Caustic Dosing Pump Feedback Controller,Alkaline Scrubber High pH
2026-06-23,12.54,SCB-104,Good,0.2799999999999993,11.775714285714283,0.4353487928415274,11.49,12.54,1.049999999999999,97.2,High,0,Tuesday,June,0.37,75.0,Warning,Excessive Caustic Feed,Over-dosing Caustic Buffer,Calibrate Caustic Dosing Pump Feedback Controller,Alkaline Scrubber High pH
2026-06-24,12.5,SCB-104,Good,-0.0399999999999991,11.90857142857143,0.4993138148642497,11.49,12.54,1.049999999999999,99.6,High,0,Wednesday,June,0.27,75.0,Warning,Excessive Caustic Feed,Over-dosing Caustic Buffer,Calibrate Caustic Dosing Pump Feedback Controller,Alkaline Scrubber High pH
2026-06-25,12.49,SCB-104,Good,-0.0099999999999997,12.04,0.5161395160225629,11.49,12.54,1.049999999999999,99.9,High,0,Thursday,June,0.33,75.0,Warning,Excessive Caustic Feed,Over-dosing Caustic Buffer,Calibrate Caustic Dosing Pump Feedback Controller,Alkaline Scrubber High pH
2026-06-26,12.54,SCB-104,Good,0.0499999999999989,12.19,0.4810405388322343,11.49,12.54,1.049999999999999,99.5,High,0,Friday,June,0.24,75.0,Warning,Excessive Caustic Feed,Over-dosing Caustic Buffer,Calibrate Caustic Dosing Pump Feedback Controller,Alkaline Scrubber High pH
2026-06-27,12.49,SCB-104,Good,-0.0499999999999989,12.332857142857144,0.3753982012794101,11.51,12.54,1.0299999999999994,99.5,High,0,Saturday,June,0.34,75.0,Warning,Excessive Caustic Feed,Over-dosing Caustic Buffer,Calibrate Caustic Dosing Pump Feedback Controller,Alkaline Scrubber High pH
2026-06-28,12.51,SCB-104,Good,0.0199999999999995,12.475714285714286,0.0974435123301974,12.26,12.54,0.2799999999999993,99.8,High,0,Sunday,June,0.24,75.0,Warning,Excessive Caustic Feed,Over-dosing Caustic Buffer,Calibrate Caustic Dosing Pump Feedback Controller,Alkaline Scrubber High pH
2026-06-29,12.53,SCB-104,Good,0.0199999999999995,12.514285714285714,0.0222539456107328,12.49,12.54,0.0499999999999989,99.8,High,0,Monday,June,0.44,75.0,Warning,Excessive Caustic Feed,Over-dosing Caustic Buffer,Calibrate Caustic Dosing Pump Feedback Controller,Alkaline Scrubber High pH
2026-06-30,12.5,SCB-104,Good,-0.0299999999999993,12.508571428571427,0.0195180014591588,12.49,12.54,0.0499999999999989,99.7,High,0,Tuesday,June,0.47,75.0,Warning,Excessive Caustic Feed,Over-dosing Caustic Buffer,Calibrate Caustic Dosing Pump Feedback Controller,Alkaline Scrubber High pH
2026-01-01,13.02,SCB-105,Good,0.0,13.02,0.0,13.02,13.02,0.0,100.0,High,0,Thursday,January,0.45,75.0,Warning,Excessive Caustic Feed,Over-dosing Caustic Buffer,Calibrate Caustic Dosing Pump Feedback Controller,Alkaline Scrubber High pH
2026-01-02,13.09,SCB-105,Good,0.0700000000000002,13.055,0.0494974746830585,13.02,13.09,0.0700000000000002,99.3,High,0,Friday,January,0.45,75.0,Warning,Excessive Caustic Feed,Over-dosing Caustic Buffer,Calibrate Caustic Dosing Pump Feedback Controller,Alkaline Scrubber High pH
2026-01-03,13.05,SCB-105,Good,-0.0399999999999991,13.053333333333333,0.0351188458428425,13.02,13.09,0.0700000000000002,99.6,High,0,Saturday,January,0.47,75.0,Warning,Excessive Caustic Feed,Over-dosing Caustic Buffer,Calibrate Caustic Dosing Pump Feedback Controller,Alkaline Scrubber High pH
2026-01-04,12.84,SCB-105,Good,-0.2100000000000008,13.0,0.1104536101718725,12.84,13.09,0.25,97.9,High,0,Sunday,January,0.51,75.0,Warning,Excessive Caustic Feed,Over-dosing Caustic Buffer,Calibrate Caustic Dosing Pump Feedback Controller,Alkaline Scrubber High pH
2026-01-05,12.8,SCB-105,Good,-0.0399999999999991,12.96,0.1309580085370878,12.8,13.09,0.2899999999999991,99.6,High,0,Monday,January,0.41,75.0,Warning,Excessive Caustic Feed,Over-dosing Caustic Buffer,Calibrate Caustic Dosing Pump Feedback Controller,Alkaline Scrubber High pH
2026-01-06,12.7525,SCB-105,Interpolated,-0.0475000000000012,12.925416666666663,0.1445546321176417,12.7525,13.09,0.3375000000000003,99.525,High,0,Tuesday,January,0.41,75.0,Warning,Excessive Caustic Feed,Over-dosing Caustic Buffer,Calibrate Caustic Dosing Pump Feedback Controller,Alkaline Scrubber High pH
2026-01-07,12.705,SCB-105,Interpolated,-0.0474999999999994,12.893928571428573,0.1560572620790813,12.705,13.09,0.3849999999999998,99.525,High,0,Wednesday,January,0.52,75.0,Warning,Excessive Caustic Feed,Over-dosing Caustic Buffer,Calibrate Caustic Dosing Pump Feedback Controller,Alkaline Scrubber High pH
2026-01-08,12.6575,SCB-105,Interpolated,-0.0474999999999994,12.84214285714286,0.1670106569168852,12.6575,13.09,0.4324999999999992,99.525,High,0,Thursday,January,0.54,75.0,Warning,Excessive Caustic Feed,Over-dosing Caustic Buffer,Calibrate Caustic Dosing Pump Feedback Controller,Alkaline Scrubber High pH
2026-01-09,12.61,SCB-105,Good,-0.0475000000000012,12.77357142857143,0.1454293724835268,12.61,13.05,0.4400000000000013,99.525,High,0,Friday,January,0.48,75.0,Warning,Excessive Caustic Feed,Over-dosing Caustic Buffer,Calibrate Caustic Dosing Pump Feedback Controller,Alkaline Scrubber High pH
2026-01-10,12.59,SCB-105,Good,-0.0199999999999995,12.707857142857142,0.0948291069440672,12.59,12.84,0.25,99.8,High,0,Saturday,January,0.53,75.0,Warning,Excessive Caustic Feed,Over-dosing Caustic Buffer,Calibrate Caustic Dosing Pump Feedback Controller,Alkaline Scrubber High pH
2026-01-11,12.52,SCB-105,Good,-0.0700000000000002,12.662142857142856,0.0976006806182341,12.52,12.8,0.2800000000000011,99.3,High,0,Sunday,January,0.51,75.0,Warning,Excessive Caustic Feed,Over-dosing Caustic Buffer,Calibrate Caustic Dosing Pump Feedback Controller,Alkaline Scrubber High pH
2026-01-12,12.46,SCB-105,Good,-0.0599999999999987,12.61357142857143,0.1020606145759395,12.46,12.7525,0.2924999999999986,99.4,High,0,Monday,January,0.52,75.0,Warning,Excessive Caustic Feed,Over-dosing Caustic Buffer,Calibrate Caustic Dosing Pump Feedback Controller,Alkaline Scrubber High pH
2026-01-13,12.45,SCB-105,Good,-0.0100000000000015,12.570357142857144,0.0973655972292521,12.45,12.705,0.2550000000000008,99.89999999999998,High,0,Tuesday,January,0.54,75.0,Warning,Excessive Caustic Feed,Over-dosing Caustic Buffer,Calibrate Caustic Dosing Pump Feedback Controller,Alkaline Scrubber High pH
2026-01-14,12.4,SCB-105,Good,-0.0499999999999989,12.526785714285714,0.0952924695970468,12.4,12.6575,0.2575000000000003,99.5,High,0,Wednesday,January,0.57,75.0,Warning,Excessive Caustic Feed,Over-dosing Caustic Buffer,Calibrate Caustic Dosing Pump Feedback Controller,Alkaline Scrubber High pH
2026-01-15,12.34,SCB-105,Good,-0.0600000000000005,12.48142857142857,0.0982222940457933,12.34,12.61,0.2699999999999996,99.4,High,0,Thursday,January,0.51,75.0,Warning,Excessive Caustic Feed,Over-dosing Caustic Buffer,Calibrate Caustic Dosing Pump Feedback Controller,Alkaline Scrubber High pH
2026-01-16,12.36,SCB-105,Good,0.0199999999999995,12.445714285714285,0.0886673827396754,12.34,12.59,0.25,99.8,High,0,Friday,January,0.49,75.0,Warning,Excessive Caustic Feed,Over-dosing Caustic Buffer,Calibrate Caustic Dosing Pump Feedback Controller,Alkaline Scrubber High pH
2026-01-17,12.3,SCB-105,Good,-0.0599999999999987,12.404285714285717,0.0769972170183493,12.3,12.52,0.2199999999999988,99.4,High,0,Saturday,January,0.54,75.0,Warning,Excessive Caustic Feed,Over-dosing Caustic Buffer,Calibrate Caustic Dosing Pump Feedback Controller,Alkaline Scrubber High pH
2026-01-18,12.27,SCB-105,Good,-0.0300000000000011,12.368571428571428,0.0722100111777114,12.27,12.46,0.1900000000000012,99.7,High,0,Sunday,January,0.46,75.0,Warning,Excessive Caustic Feed,Over-dosing Caustic Buffer,Calibrate Caustic Dosing Pump Feedback Controller,Alkaline Scrubber High pH
2026-01-19,12.29,SCB-105,Good,0.0199999999999995,12.344285714285714,0.0645128263363521,12.27,12.45,0.1799999999999997,99.8,High,0,Monday,January,0.34,75.0,Warning,Excessive Caustic Feed,Over-dosing Caustic Buffer,Calibrate Caustic Dosing Pump Feedback Controller,Alkaline Scrubber High pH
2026-01-20,12.25,SCB-105,Interpolated,-0.0399999999999991,12.315714285714284,0.0531843156256722,12.25,12.4,0.1500000000000003,99.6,High,0,Tuesday,January,0.53,75.0,Warning,Excessive Caustic Feed,Over-dosing Caustic Buffer,Calibrate Caustic Dosing Pump Feedback Controller,Alkaline Scrubber High pH
2026-01-21,12.21,SCB-105,Good,-0.0399999999999991,12.28857142857143,0.0514550196542462,12.21,12.36,0.1499999999999985,99.6,High,0,Wednesday,January,0.44,75.0,Warning,Excessive Caustic Feed,Over-dosing Caustic Buffer,Calibrate Caustic Dosing Pump Feedback Controller,Alkaline Scrubber High pH
2026-01-22,12.18,SCB-105,Good,-0.0300000000000011,12.265714285714283,0.0596816953672129,12.18,12.36,0.1799999999999997,99.7,High,0,Thursday,January,0.46,75.0,Warning,Excessive Caustic Feed,Over-dosing Caustic Buffer,Calibrate Caustic Dosing Pump Feedback Controller,Alkaline Scrubber High pH
2026-01-23,12.14,SCB-105,Good,-0.0399999999999991,12.234285714285717,0.0596816953672157,12.14,12.3,0.1600000000000001,99.6,High,0,Friday,January,0.36,75.0,Warning,Excessive Caustic Feed,Over-dosing Caustic Buffer,Calibrate Caustic Dosing Pump Feedback Controller,Alkaline Scrubber High pH
2026-01-24,12.08,SCB-105,Good,-0.0600000000000005,12.202857142857145,0.0752139804633653,12.08,12.29,0.209999999999999,99.4,High,0,Saturday,January,0.37,75.0,Warning,Excessive Caustic Feed,Over-dosing Caustic Buffer,Calibrate Caustic Dosing Pump Feedback Controller,Alkaline Scrubber High pH
2026-01-25,12.062,SCB-105,Interpolated,-0.0180000000000006,12.173142857142857,0.084749490797745,12.062,12.29,0.2279999999999997,99.82,High,0,Sunday,January,0.54,75.0,Warning,Excessive Caustic Feed,Over-dosing Caustic Buffer,Calibrate Caustic Dosing Pump Feedback Controller,Alkaline Scrubber High pH
2026-01-26,12.044,SCB-105,Interpolated,-0.0179999999999989,12.138000000000002,0.0790274214012736,12.044,12.25,0.2059999999999995,99.82,High,0,Monday,January,0.41,75.0,Warning,Excessive Caustic Feed,Over-dosing Caustic Buffer,Calibrate Caustic Dosing Pump Feedback Controller,Alkaline Scrubber High pH
2026-01-27,12.026,SCB-105,Interpolated,-0.0180000000000006,12.106,0.0710680425132708,12.026,12.21,0.184000000000001,99.82,High,0,Tuesday,January,0.42,75.0,Warning,Excessive Caustic Feed,Over-dosing Caustic Buffer,Calibrate Caustic Dosing Pump Feedback Controller,Alkaline Scrubber High pH
2026-01-28,,SCB-105,Offline,0.0,12.088666666666668,0.0594732432835848,12.026,12.18,0.1539999999999999,100.0,Offline,0,Wednesday,January,0.425,0.0,Critical,Scrubber Telemetry Offline,CEMS Sensor Communication Failure,Inspect Modbus Transmitters and Field PLC Cabinets,Sensor Connection Error
2026-01-29,11.99,SCB-105,Good,0.0,12.057,0.0511116425093353,11.99,12.14,0.1500000000000003,100.0,High,0,Thursday,January,0.43,75.0,Warning,Excessive Caustic Feed,Over-dosing Caustic Buffer,Calibrate Caustic Dosing Pump Feedback Controller,Alkaline Scrubber High pH
2026-01-30,11.96,SCB-105,Good,-0.0299999999999993,12.027,0.0451264888951307,11.96,12.08,0.1199999999999992,99.7,High,0,Friday,January,0.435,75.0,Warning,Excessive Caustic Feed,Over-dosing Caustic Buffer,Calibrate Caustic Dosing Pump Feedback Controller,Alkaline Scrubber High pH
2026-01-31,13.34,SCB-105,Good,1.379999999999999,12.237,0.5416164694689404,11.96,13.34,1.379999999999999,86.20000000000002,High,0,Saturday,January,0.0,64.0,Warning,Excessive Caustic Feed,Over-dosing Caustic Buffer,Calibrate Caustic Dosing Pump Feedback Controller,Alkaline Scrubber High pH
2026-02-01,13.338,SCB-105,Interpolated,-0.0020000000000006,12.449666666666667,0.6894860888130107,11.96,13.34,1.379999999999999,99.98,High,0,Sunday,February,0.0,75.0,Warning,Excessive Caustic Feed,Over-dosing Caustic Buffer,Calibrate Caustic Dosing Pump Feedback Controller,Alkaline Scrubber High pH
2026-02-02,13.336,SCB-105,Interpolated,-0.0019999999999988,12.665,0.7375318298215972,11.96,13.34,1.379999999999999,99.98000000000002,High,0,Monday,February,0.45,75.0,Warning,Excessive Caustic Feed,Over-dosing Caustic Buffer,Calibrate Caustic Dosing Pump Feedback Controller,Alkaline Scrubber High pH
2026-02-03,13.334,SCB-105,Interpolated,-0.0020000000000006,12.883,0.7034005970995405,11.96,13.34,1.379999999999999,99.98,High,0,Tuesday,February,0.23,75.0,Warning,Excessive Caustic Feed,Over-dosing Caustic Buffer,Calibrate Caustic Dosing Pump Feedback Controller,Alkaline Scrubber High pH
2026-02-04,,SCB-105,Offline,0.0,12.883,0.7034005970995405,11.96,13.34,1.379999999999999,100.0,Offline,0,Wednesday,February,0.25,0.0,Critical,Scrubber Telemetry Offline,CEMS Sensor Communication Failure,Inspect Modbus Transmitters and Field PLC Cabinets,Sensor Connection Error
2026-02-05,13.33,SCB-105,Good,0.0,13.106333333333334,0.5615968898299327,11.96,13.34,1.379999999999999,100.0,High,0,Thursday,February,0.2,75.0,Warning,Excessive Caustic Feed,Over-dosing Caustic Buffer,Calibrate Caustic Dosing Pump Feedback Controller,Alkaline Scrubber High pH
2026-02-06,12.45,SCB-105,Good,-0.8800000000000008,13.188,0.3615610598501815,12.45,13.34,0.8900000000000006,91.2,High,0,Friday,February,0.24,75.0,Warning,Excessive Caustic Feed,Over-dosing Caustic Buffer,Calibrate Caustic Dosing Pump Feedback Controller,Alkaline Scrubber High pH
2026-02-07,12.17,SCB-105,Good,-0.2799999999999993,12.993,0.5364143920515084,12.17,13.338,1.1679999999999993,97.2,High,0,Saturday,February,0.2,75.0,Warning,Excessive Caustic Feed,Over-dosing Caustic Buffer,Calibrate Caustic Dosing Pump Feedback Controller,Alkaline Scrubber High pH
2026-02-08,11.99,SCB-105,Good,-0.1799999999999997,12.768333333333333,0.6360558675671963,11.99,13.336,1.346,98.2,High,0,Sunday,February,0.27,75.0,Warning,Excessive Caustic Feed,Over-dosing Caustic Buffer,Calibrate Caustic Dosing Pump Feedback Controller,Alkaline Scrubber High pH
2026-02-09,11.86,SCB-105,Good,-0.1300000000000007,12.522333333333334,0.6576569521161177,11.86,13.334,1.4740000000000002,98.7,High,0,Monday,February,0.28,75.0,Warning,Excessive Caustic Feed,Over-dosing Caustic Buffer,Calibrate Caustic Dosing Pump Feedback Controller,Alkaline Scrubber High pH
2026-02-10,11.77,SCB-105,Good,-0.0899999999999998,12.261666666666663,0.5765558660413267,11.77,13.33,1.5600000000000005,99.1,High,0,Tuesday,February,0.27,75.0,Warning,Excessive Caustic Feed,Over-dosing Caustic Buffer,Calibrate Caustic Dosing Pump Feedback Controller,Alkaline Scrubber High pH
2026-02-11,11.68,SCB-105,Good,-0.0899999999999998,12.178571428571429,0.5703925131412734,11.68,13.33,1.6500000000000004,99.1,High,0,Wednesday,February,0.14,75.0,Warning,Excessive Caustic Feed,Over-dosing Caustic Buffer,Calibrate Caustic Dosing Pump Feedback Controller,Alkaline Scrubber High pH
2026-02-12,11.6,SCB-105,Good,-0.08,11.93142857142857,0.298184985729139,11.6,12.45,0.8499999999999996,99.2,High,0,Thursday,February,0.26,75.0,Warning,Excessive Caustic Feed,Over-dosing Caustic Buffer,Calibrate Caustic Dosing Pump Feedback Controller,Alkaline Scrubber High pH
2026-02-13,11.52,SCB-105,Good,-0.08,11.798571428571426,0.2274077520980507,11.52,12.17,0.6500000000000004,99.2,High,0,Friday,February,0.29,75.0,Warning,Excessive Caustic Feed,Over-dosing Caustic Buffer,Calibrate Caustic Dosing Pump Feedback Controller,Alkaline Scrubber High pH
2026-02-14,11.44,SCB-105,Good,-0.08,11.694285714285712,0.1935507808351822,11.44,11.99,0.5500000000000007,99.2,Normal,0,Saturday,February,0.17,100.0,Normal,Healthy,Normal Operation,Continue Stream Monitoring,No Alert
2026-02-15,11.37,SCB-105,Good,-0.0700000000000002,11.605714285714283,0.1768103638419138,11.37,11.86,0.4900000000000002,99.3,Normal,0,Sunday,February,0.29,100.0,Normal,Healthy,Normal Operation,Continue Stream Monitoring,No Alert
2026-02-16,11.51,SCB-105,Good,0.1400000000000005,11.555714285714286,0.1381855205701528,11.37,11.77,0.4000000000000003,98.6,High,0,Monday,February,0.19,75.0,Warning,Excessive Caustic Feed,Over-dosing Caustic Buffer,Calibrate Caustic Dosing Pump Feedback Controller,Alkaline Scrubber High pH
2026-02-17,11.38,SCB-105,Good,-0.129999999999999,11.5,0.1138712723502887,11.37,11.68,0.3100000000000005,98.70000000000002,Normal,0,Tuesday,February,0.19,100.0,Normal,Healthy,Normal Operation,Continue Stream Monitoring,No Alert
2026-02-18,13.44,SCB-105,Good,2.0599999999999987,11.751428571428573,0.7490533708494711,11.37,13.44,2.0700000000000003,79.4,High,0,Wednesday,February,0.22,58.5,Warning,Excessive Caustic Feed,Over-dosing Caustic Buffer,Calibrate Caustic Dosing Pump Feedback Controller,Alkaline Scrubber High pH
2026-02-19,11.38,SCB-105,Good,-2.0599999999999987,11.72,0.7609862022402266,11.37,13.44,2.0700000000000003,79.4,Normal,0,Thursday,February,0.25,83.5,Normal,Healthy,Normal Operation,Continue Stream Monitoring,No Alert
2026-02-20,11.07,SCB-105,Good,-0.3100000000000005,11.655714285714286,0.7987669068186134,11.07,13.44,2.369999999999999,96.9,Normal,0,Friday,February,0.25,100.0,Normal,Healthy,Normal Operation,Continue Stream Monitoring,No Alert
2026-02-21,11.02,SCB-105,Good,-0.0500000000000007,11.595714285714283,0.8327235864490549,11.02,13.44,2.42,99.5,Normal,0,Saturday,February,0.24,100.0,Normal,Healthy,Normal Operation,Continue Stream Monitoring,No Alert
2026-02-22,10.98,SCB-105,Good,-0.0399999999999991,11.54,0.862844134244422,10.98,13.44,2.459999999999999,99.6,Normal,0,Sunday,February,0.24,100.0,Normal,Healthy,Normal Operation,Continue Stream Monitoring,No Alert
2026-02-23,10.92,SCB-105,Good,-0.0600000000000005,11.455714285714285,0.8944990617259355,10.92,13.44,2.52,99.4,Normal,0,Monday,February,0.34,100.0,Normal,Healthy,Normal Operation,Continue Stream Monitoring,No Alert
2026-02-24,10.88,SCB-105,Good,-0.0399999999999991,11.384285714285712,0.9211199187738336,10.88,13.44,2.5599999999999987,99.6,Normal,0,Tuesday,February,0.21,100.0,Normal,Healthy,Normal Operation,Continue Stream Monitoring,No Alert
2026-02-25,13.49,SCB-105,Good,2.6099999999999994,11.391428571428571,0.939723870283692,10.88,13.49,2.6099999999999994,73.9,High,0,Wednesday,February,0.22,54.1,Warning,Excessive Caustic Feed,Over-dosing Caustic Buffer,Calibrate Caustic Dosing Pump Feedback Controller,Alkaline Scrubber High pH
2026-02-26,12.355,SCB-105,Interpolated,-1.1349999999999998,11.530714285714286,1.0075565681862455,10.88,13.49,2.6099999999999994,88.65,High,0,Thursday,February,0.23,65.9,Warning,Excessive Caustic Feed,Over-dosing Caustic Buffer,Calibrate Caustic Dosing Pump Feedback Controller,Alkaline Scrubber High pH
2026-02-27,11.22,SCB-105,Good,-1.1349999999999998,11.552142857142858,0.9976716942580938,10.88,13.49,2.6099999999999994,88.65,Normal,0,Friday,February,0.23,90.9,Normal,Healthy,Normal Operation,Continue Stream Monitoring,No Alert
2026-02-28,11.1,SCB-105,Good,-0.120000000000001,11.56357142857143,0.990995771457994,10.88,13.49,2.6099999999999994,98.79999999999998,Normal,0,Saturday,February,0.23,100.0,Normal,Healthy,Normal Operation,Continue Stream Monitoring,No Alert
2026-03-01,11.05,SCB-105,Good,-0.0499999999999989,11.573571428571428,0.9844571866673316,10.88,13.49,2.6099999999999994,99.5,Normal,0,Sunday,March,0.24,100.0,Normal,Healthy,Normal Operation,Continue Stream Monitoring,No Alert
2026-03-02,11.03,SCB-105,Good,-0.0200000000000013,11.589285714285714,0.9730982674402636,10.88,13.49,2.6099999999999994,99.79999999999998,Normal,0,Monday,March,0.3,100.0,Normal,Healthy,Normal Operation,Continue Stream Monitoring,No Alert
2026-03-03,11.02,SCB-105,Good,-0.0099999999999997,11.609285714285717,0.957402860918664,11.02,13.49,2.4700000000000006,99.9,Normal,0,Tuesday,March,0.26,100.0,Normal,Healthy,Normal Operation,Continue Stream Monitoring,No Alert
2026-03-04,11.01,SCB-105,Good,-0.0099999999999997,11.255,0.4904334817281675,11.01,12.355,1.3450000000000006,99.9,Normal,0,Wednesday,March,0.18,100.0,Normal,Healthy,Normal Operation,Continue Stream Monitoring,No Alert
2026-03-05,11.0,SCB-105,Good,-0.0099999999999997,11.061428571428571,0.0773366173359639,11.0,11.22,0.2200000000000006,99.9,Normal,0,Thursday,March,0.22,100.0,Normal,Healthy,Normal Operation,Continue Stream Monitoring,No Alert
2026-03-06,11.01,SCB-105,Good,0.0099999999999997,11.031428571428572,0.0343649877196242,11.0,11.1,0.0999999999999996,99.9,Normal,0,Friday,March,0.25,100.0,Normal,Healthy,Normal Operation,Continue Stream Monitoring,No Alert
2026-03-07,10.97,SCB-105,Good,-0.0399999999999991,11.012857142857143,0.0249761791278702,10.97,11.05,0.08,99.6,Normal,0,Saturday,March,0.2,100.0,Normal,Healthy,Normal Operation,Continue Stream Monitoring,No Alert
2026-03-08,10.96,SCB-105,Good,-0.0099999999999997,11.0,0.0258198889750688,10.96,11.03,0.0699999999999985,99.9,Normal,0,Sunday,March,0.22,100.0,Normal,Healthy,Normal Operation,Continue Stream Monitoring,No Alert
2026-03-09,10.94,SCB-105,Good,-0.0200000000000013,10.987142857142857,0.0303942350426534,10.94,11.02,0.08,99.79999999999998,Normal,0,Monday,March,0.2,100.0,Normal,Healthy,Normal Operation,Continue Stream Monitoring,No Alert
2026-03-10,10.93,SCB-105,Good,-0.0099999999999997,10.974285714285717,0.0330943816267495,10.93,11.01,0.08,99.9,Normal,0,Tuesday,March,0.19,100.0,Normal,Healthy,Normal Operation,Continue Stream Monitoring,No Alert
2026-03-11,10.92,SCB-105,Good,-0.0099999999999997,10.961428571428572,0.0343649877196472,10.92,11.01,0.0899999999999998,99.9,Normal,0,Wednesday,March,0.24,100.0,Normal,Healthy,Normal Operation,Continue Stream Monitoring,No Alert
2026-03-12,10.9,SCB-105,Good,-0.0199999999999995,10.947142857142856,0.0363841933238728,10.9,11.01,0.1099999999999994,99.8,Normal,0,Thursday,March,0.25,100.0,Normal,Healthy,Normal Operation,Continue Stream Monitoring,No Alert
2026-03-13,11.0,SCB-105,Good,0.0999999999999996,10.945714285714285,0.033594217189732,10.9,11.0,0.0999999999999996,99.0,Normal,0,Friday,March,0.22,100.0,Normal,Healthy,Normal Operation,Continue Stream Monitoring,No Alert
2026-03-14,10.91,SCB-105,Good,-0.0899999999999998,10.937142857142858,0.0340168025711191,10.9,11.0,0.0999999999999996,99.1,Normal,0,Saturday,March,0.13,100.0,Normal,Healthy,Normal Operation,Continue Stream Monitoring,No Alert
2026-03-15,10.9,SCB-105,Good,-0.0099999999999997,10.928571428571429,0.0348466026221427,10.9,11.0,0.0999999999999996,99.9,Normal,0,Sunday,March,0.15,100.0,Normal,Healthy,Normal Operation,Continue Stream Monitoring,No Alert
2026-03-16,10.97,SCB-105,Good,0.0700000000000002,10.932857142857143,0.0381725406170796,10.9,11.0,0.0999999999999996,99.3,Normal,0,Monday,March,0.14,100.0,Normal,Healthy,Normal Operation,Continue Stream Monitoring,No Alert
2026-03-17,11.29,SCB-105,Good,0.3199999999999985,10.984285714285717,0.1401020036565856,10.9,11.29,0.3899999999999988,96.8,Normal,0,Tuesday,March,0.19,100.0,Normal,Healthy,Normal Operation,Continue Stream Monitoring,No Alert
2026-03-18,11.13,SCB-105,Good,-0.1599999999999983,11.014285714285714,0.1463850109423409,10.9,11.29,0.3899999999999988,98.40000000000002,Normal,0,Wednesday,March,0.12,100.0,Normal,Healthy,Normal Operation,Continue Stream Monitoring,No Alert
2026-03-19,10.97,SCB-105,Good,-0.1600000000000001,11.024285714285714,0.1395059309202384,10.9,11.29,0.3899999999999988,98.4,Normal,0,Thursday,March,0.19,100.0,Normal,Healthy,Normal Operation,Continue Stream Monitoring,No Alert
2026-03-20,10.88,SCB-105,Good,-0.0899999999999998,11.007142857142858,0.1499682506082341,10.88,11.29,0.4099999999999983,99.1,Normal,0,Friday,March,0.21,100.0,Normal,Healthy,Normal Operation,Continue Stream Monitoring,No Alert
2026-03-21,10.96,SCB-105,Good,0.08,11.014285714285714,0.1457002794389537,10.88,11.29,0.4099999999999983,99.2,Normal,0,Saturday,March,0.25,100.0,Normal,Healthy,Normal Operation,Continue Stream Monitoring,No Alert
2026-03-22,10.86,SCB-105,Good,-0.1000000000000014,11.008571428571427,0.1515946977336948,10.86,11.29,0.4299999999999997,99.0,Normal,0,Sunday,March,0.3,100.0,Normal,Healthy,Normal Operation,Continue Stream Monitoring,No Alert
2026-03-23,10.83,SCB-105,Good,-0.0299999999999993,10.98857142857143,0.1660751407675778,10.83,11.29,0.4599999999999991,99.7,Normal,0,Monday,March,0.28,100.0,Normal,Healthy,Normal Operation,Continue Stream Monitoring,No Alert
2026-03-24,10.79,SCB-105,Good,-0.0400000000000009,10.917142857142858,0.114267855747638,10.79,11.13,0.3400000000000016,99.6,Normal,0,Tuesday,March,0.24,100.0,Normal,Healthy,Normal Operation,Continue Stream Monitoring,No Alert
2026-03-25,10.767499999999998,SCB-105,Interpolated,-0.0225000000000008,10.865357142857144,0.078161539074519,10.767499999999998,10.97,0.2025000000000023,99.775,Normal,0,Wednesday,March,0.21,100.0,Normal,Healthy,Normal Operation,Continue Stream Monitoring,No Alert
2026-03-26,10.745,SCB-105,Interpolated,-0.022499999999999,10.833214285714288,0.074115819916715,10.745,10.96,0.2150000000000016,99.775,Normal,0,Thursday,March,0.31,100.0,Normal,Healthy,Normal Operation,Continue Stream Monitoring,No Alert
2026-03-27,10.7225,SCB-105,Interpolated,-0.022499999999999,10.810714285714283,0.0811212349630323,10.7225,10.96,0.2375000000000007,99.775,Normal,0,Friday,March,0.27,100.0,Normal,Healthy,Normal Operation,Continue Stream Monitoring,No Alert
2026-03-28,10.7,SCB-105,Good,-0.0225000000000008,10.773571428571428,0.0574430359658689,10.7,10.86,0.1600000000000001,99.775,Normal,0,Saturday,March,0.2,100.0,Normal,Healthy,Normal Operation,Continue Stream Monitoring,No Alert
2026-03-29,10.72,SCB-105,Good,0.0200000000000013,10.75357142857143,0.0454573321659258,10.7,10.83,0.1300000000000007,99.79999999999998,Normal,0,Sunday,March,0.25,100.0,Normal,Healthy,Normal Operation,Continue Stream Monitoring,No Alert
2026-03-30,10.69,SCB-105,Good,-0.0300000000000011,10.733571428571429,0.0360513852851345,10.69,10.79,0.0999999999999996,99.7,Normal,0,Monday,March,0.24,100.0,Normal,Healthy,Normal Operation,Continue Stream Monitoring,No Alert
2026-03-31,10.67,SCB-105,Good,-0.0199999999999995,10.71642857142857,0.0331617608244454,10.67,10.767499999999998,0.0974999999999983,99.8,Normal,0,Tuesday,March,0.28,100.0,Normal,Healthy,Normal Operation,Continue Stream Monitoring,No Alert
2026-04-01,10.67,SCB-105,Good,0.0,10.7025,0.0282474187615863,10.67,10.745,0.0749999999999992,100.0,Normal,0,Wednesday,April,0.3,100.0,Normal,Healthy,Normal Operation,Continue Stream Monitoring,No Alert
2026-04-02,10.65,SCB-105,Good,-0.0199999999999995,10.688928571428573,0.0272280929858332,10.65,10.7225,0.0724999999999997,99.8,Normal,0,Thursday,April,0.32,100.0,Normal,Healthy,Normal Operation,Continue Stream Monitoring,No Alert
2026-04-03,10.64,SCB-105,Good,-0.0099999999999997,10.677142857142856,0.0281154084178526,10.64,10.72,0.08,99.9,Normal,0,Friday,April,0.26,100.0,Normal,Healthy,Normal Operation,Continue Stream Monitoring,No Alert
2026-04-04,10.64,SCB-105,Good,0.0,10.668571428571427,0.0291138978435694,10.64,10.72,0.08,100.0,Normal,0,Saturday,April,0.27,100.0,Normal,Healthy,Normal Operation,Continue Stream Monitoring,No Alert
2026-04-05,10.63,SCB-105,Good,-0.0099999999999997,10.655714285714286,0.0214919697080549,10.63,10.69,0.0599999999999987,99.9,Normal,0,Sunday,April,0.25,100.0,Normal,Healthy,Normal Operation,Continue Stream Monitoring,No Alert
2026-04-06,10.62,SCB-105,Good,-0.0100000000000015,10.645714285714288,0.0190237946249514,10.62,10.67,0.0500000000000007,99.89999999999998,Normal,0,Monday,April,0.34,100.0,Normal,Healthy,Normal Operation,Continue Stream Monitoring,No Alert
2026-04-07,10.68,SCB-105,Good,0.0600000000000005,10.647142857142857,0.0213808993536374,10.62,10.68,0.0600000000000005,99.4,Normal,0,Tuesday,April,0.34,100.0,Normal,Healthy,Normal Operation,Continue Stream Monitoring,No Alert
2026-04-08,10.6,SCB-105,Good,-0.08,10.63714285714286,0.0249761791280695,10.6,10.68,0.08,99.2,Normal,0,Wednesday,April,0.27,100.0,Normal,Healthy,Normal Operation,Continue Stream Monitoring,No Alert
2026-04-09,10.65,SCB-105,Good,0.0500000000000007,10.63714285714286,0.0249761791280695,10.6,10.68,0.08,99.5,Normal,0,Thursday,April,0.28,100.0,Normal,Healthy,Normal Operation,Continue Stream Monitoring,No Alert
2026-04-10,10.59,SCB-105,Good,-0.0600000000000005,10.63,0.0305505046334996,10.59,10.68,0.0899999999999998,99.4,Normal,0,Friday,April,0.33,100.0,Normal,Healthy,Normal Operation,Continue Stream Monitoring,No Alert
2026-04-11,10.87,SCB-105,Good,0.2799999999999993,10.662857142857144,0.0962140470886126,10.59,10.87,0.2799999999999993,97.2,Normal,0,Saturday,April,0.34,100.0,Normal,Healthy,Normal Operation,Continue Stream Monitoring,No Alert
2026-04-12,10.8,SCB-105,Good,-0.0699999999999985,10.687142857142856,0.1073490080244602,10.59,10.87,0.2799999999999993,99.3,Normal,0,Sunday,April,0.2,100.0,Normal,Healthy,Normal Operation,Continue Stream Monitoring,No Alert
2026-04-13,10.56,SCB-105,Good,-0.2400000000000002,10.678571428571429,0.1156760665867349,10.56,10.87,0.3099999999999987,97.6,Normal,0,Monday,April,0.23,100.0,Normal,Healthy,Normal Operation,Continue Stream Monitoring,No Alert
2026-04-14,10.55,SCB-105,Good,-0.0099999999999997,10.659999999999998,0.1254325848149526,10.55,10.87,0.3199999999999985,99.9,Normal,0,Tuesday,April,0.26,100.0,Normal,Healthy,Normal Operation,Continue Stream Monitoring,No Alert
2026-04-15,10.54,SCB-105,Good,-0.0100000000000015,10.651428571428571,0.1320894357912331,10.54,10.87,0.33,99.89999999999998,Normal,0,Wednesday,April,0.26,100.0,Normal,Healthy,Normal Operation,Continue Stream Monitoring,No Alert
2026-04-16,10.61,SCB-105,Good,0.0700000000000002,10.645714285714286,0.1330234494187605,10.54,10.87,0.33,99.3,Normal,0,Thursday,April,0.22,100.0,Normal,Healthy,Normal Operation,Continue Stream Monitoring,No Alert
2026-04-17,10.92,SCB-105,Good,0.3100000000000005,10.69285714285714,0.1646930767331625,10.54,10.92,0.3800000000000008,96.9,Normal,0,Friday,April,0.25,100.0,Normal,Healthy,Normal Operation,Continue Stream Monitoring,No Alert
2026-04-18,10.87,SCB-105,Good,-0.0500000000000007,10.69285714285714,0.1646930767331625,10.54,10.92,0.3800000000000008,99.5,Normal,0,Saturday,April,0.22,100.0,Normal,Healthy,Normal Operation,Continue Stream Monitoring,No Alert
2026-04-19,10.86,SCB-105,Good,-0.0099999999999997,10.70142857142857,0.1725715862503959,10.54,10.92,0.3800000000000008,99.9,Normal,0,Sunday,April,0.28,100.0,Normal,Healthy,Normal Operation,Continue Stream Monitoring,No Alert
2026-04-20,10.84,SCB-105,Good,-0.0199999999999995,10.741428571428573,0.1666761902041695,10.54,10.92,0.3800000000000008,99.8,Normal,0,Monday,April,0.27,100.0,Normal,Healthy,Normal Operation,Continue Stream Monitoring,No Alert
2026-04-21,10.82,SCB-105,Good,-0.0199999999999995,10.78,0.1447987108599017,10.54,10.92,0.3800000000000008,99.8,Normal,0,Tuesday,April,0.29,100.0,Normal,Healthy,Normal Operation,Continue Stream Monitoring,No Alert
2026-04-22,10.81,SCB-105,Good,-0.0099999999999997,10.818571428571428,0.0988986975696529,10.61,10.92,0.3100000000000005,99.9,Normal,0,Wednesday,April,0.34,100.0,Normal,Healthy,Normal Operation,Continue Stream Monitoring,No Alert
2026-04-23,10.8,SCB-105,Good,-0.0099999999999997,10.845714285714283,0.0415760920312589,10.8,10.92,0.1199999999999992,99.9,Normal,0,Thursday,April,0.38,100.0,Normal,Healthy,Normal Operation,Continue Stream Monitoring,No Alert
2026-04-24,10.79,SCB-105,Good,-0.0100000000000015,10.827142857142857,0.0303942350426935,10.79,10.87,0.08,99.89999999999998,Normal,0,Friday,April,0.41,100.0,Normal,Healthy,Normal Operation,Continue Stream Monitoring,No Alert
2026-04-25,10.8,SCB-105,Good,0.0100000000000015,10.817142857142857,0.0249761791279384,10.79,10.86,0.0700000000000002,99.89999999999998,Normal,0,Saturday,April,0.6,100.0,Normal,Healthy,Normal Operation,Continue Stream Monitoring,No Alert
2026-04-26,10.79,SCB-105,Interpolated,-0.0100000000000015,10.80714285714286,0.0179947082174523,10.79,10.84,0.0500000000000007,99.89999999999998,Normal,0,Sunday,April,0.0,100.0,Normal,Healthy,Normal Operation,Continue Stream Monitoring,No Alert
2026-04-27,10.78,SCB-105,Good,-0.0099999999999997,10.79857142857143,0.0134518541835104,10.78,10.82,0.0400000000000009,99.9,Normal,0,Monday,April,0.51,100.0,Normal,Healthy,Normal Operation,Continue Stream Monitoring,No Alert
2026-04-28,10.77,SCB-105,Good,-0.0099999999999997,10.79142857142857,0.0134518541835198,10.77,10.81,0.0400000000000009,99.9,Normal,0,Tuesday,April,0.34,100.0,Normal,Healthy,Normal Operation,Continue Stream Monitoring,No Alert
2026-04-29,10.79,SCB-105,Good,0.0199999999999995,10.788571428571428,0.0106904496775442,10.77,10.8,0.0300000000000011,99.8,Normal,0,Wednesday,April,0.41,100.0,Normal,Healthy,Normal Operation,Continue Stream Monitoring,No Alert
2026-04-30,10.77,SCB-105,Good,-0.0199999999999995,10.784285714285714,0.0113389341912703,10.77,10.8,0.0300000000000011,99.8,Normal,0,Thursday,April,0.3,100.0,Normal,Healthy,Normal Operation,Continue Stream Monitoring,No Alert
2026-05-01,10.77,SCB-105,Good,0.0,10.781428571428572,0.0121498579268101,10.77,10.8,0.0300000000000011,100.0,Normal,0,Friday,May,0.35,100.0,Normal,Healthy,Normal Operation,Continue Stream Monitoring,No Alert
2026-05-02,10.79,SCB-105,Good,0.0199999999999995,10.78,0.0100000000011329,10.77,10.79,0.0199999999999995,99.8,Normal,0,Saturday,May,0.36,100.0,Normal,Healthy,Normal Operation,Continue Stream Monitoring,No Alert
2026-05-03,10.8,SCB-105,Good,0.0100000000000015,10.781428571428572,0.0121498579268097,10.77,10.8,0.0300000000000011,99.89999999999998,Normal,0,Sunday,May,0.27,100.0,Normal,Healthy,Normal Operation,Continue Stream Monitoring,No Alert
2026-05-04,10.78,SCB-105,Good,-0.0200000000000013,10.781428571428572,0.0121498579268097,10.77,10.8,0.0300000000000011,99.79999999999998,Normal,0,Monday,May,0.35,100.0,Normal,Healthy,Normal Operation,Continue Stream Monitoring,No Alert
2026-05-05,10.77,SCB-105,Good,-0.0099999999999997,10.781428571428572,0.0121498579268097,10.77,10.8,0.0300000000000011,99.9,Normal,0,Tuesday,May,0.31,100.0,Normal,Healthy,Normal Operation,Continue Stream Monitoring,No Alert
2026-05-06,10.76,SCB-105,Good,-0.0099999999999997,10.777142857142858,0.0138013111876718,10.76,10.8,0.0400000000000009,99.9,Normal,0,Wednesday,May,0.4,100.0,Normal,Healthy,Normal Operation,Continue Stream Monitoring,No Alert
2026-05-07,10.76,SCB-105,Good,0.0,10.775714285714283,0.0151185789211236,10.76,10.8,0.0400000000000009,100.0,Normal,0,Thursday,May,0.47,100.0,Normal,Healthy,Normal Operation,Continue Stream Monitoring,No Alert
2026-05-08,10.75,SCB-105,Good,-0.0099999999999997,10.772857142857143,0.0179947082174856,10.75,10.8,0.0500000000000007,99.9,Normal,0,Friday,May,0.33,100.0,Normal,Healthy,Normal Operation,Continue Stream Monitoring,No Alert
2026-05-09,10.75,SCB-105,Good,0.0,10.767142857142856,0.0179947082174919,10.75,10.8,0.0500000000000007,100.0,Normal,0,Saturday,May,0.37,100.0,Normal,Healthy,Normal Operation,Continue Stream Monitoring,No Alert
2026-05-10,10.75,SCB-105,Good,0.0,10.76,0.0115470053848065,10.75,10.78,0.0299999999999993,100.0,Normal,0,Sunday,May,0.39,100.0,Normal,Healthy,Normal Operation,Continue Stream Monitoring,No Alert
2026-05-11,10.75,SCB-105,Good,0.0,10.755714285714284,0.0078679579261941,10.75,10.77,0.0199999999999995,100.0,Normal,0,Monday,May,0.41,100.0,Normal,Healthy,Normal Operation,Continue Stream Monitoring,No Alert
2026-05-12,10.75,SCB-105,Good,0.0,10.752857142857142,0.0048795003671729,10.75,10.76,0.0099999999999997,100.0,Normal,0,Tuesday,May,0.45,100.0,Normal,Healthy,Normal Operation,Continue Stream Monitoring,No Alert
2026-05-13,10.75,SCB-105,Good,0.0,10.751428571428573,0.0037796447332372,10.75,10.76,0.0099999999999997,100.0,Normal,0,Wednesday,May,0.24,100.0,Normal,Healthy,Normal Operation,Continue Stream Monitoring,No Alert
2026-05-14,10.75,SCB-105,Good,0.0,10.75,1.5437239400675326e-07,10.75,10.75,0.0,100.0,Normal,0,Thursday,May,0.32,100.0,Normal,Healthy,Normal Operation,Continue Stream Monitoring,No Alert
2026-05-15,10.74,SCB-105,Good,-0.0099999999999997,10.748571428571427,0.0037796447332513,10.74,10.75,0.0099999999999997,99.9,Normal,0,Friday,May,0.2,100.0,Normal,Healthy,Normal Operation,Continue Stream Monitoring,No Alert
2026-05-16,10.74,SCB-105,Good,0.0,10.747142857142858,0.0048795003671947,10.74,10.75,0.0099999999999997,100.0,Normal,0,Saturday,May,0.29,100.0,Normal,Healthy,Normal Operation,Continue Stream Monitoring,No Alert
2026-05-17,10.74,SCB-105,Good,0.0,10.745714285714286,0.0053452248404914,10.74,10.75,0.0099999999999997,100.0,Normal,0,Sunday,May,0.28,100.0,Normal,Healthy,Normal Operation,Continue Stream Monitoring,No Alert
2026-05-18,10.73,SCB-105,Good,-0.0099999999999997,10.742857142857144,0.0075592894617769,10.73,10.75,0.0199999999999995,99.9,Normal,0,Monday,May,0.29,100.0,Normal,Healthy,Normal Operation,Continue Stream Monitoring,No Alert
2026-05-19,10.73,SCB-105,Good,0.0,10.74,0.0081649658107578,10.73,10.75,0.0199999999999995,100.0,Normal,0,Tuesday,May,0.27,100.0,Normal,Healthy,Normal Operation,Continue Stream Monitoring,No Alert
2026-05-20,10.73,SCB-105,Good,0.0,10.737142857142858,0.007559289461791,10.73,10.75,0.0199999999999995,100.0,Normal,0,Wednesday,May,0.31,100.0,Normal,Healthy,Normal Operation,Continue Stream Monitoring,No Alert
2026-05-21,10.75,SCB-105,Good,0.0199999999999995,10.737142857142858,0.007559289461791,10.73,10.75,0.0199999999999995,99.8,Normal,0,Thursday,May,0.34,100.0,Normal,Healthy,Normal Operation,Continue Stream Monitoring,No Alert
2026-05-22,10.9,SCB-105,Good,0.1500000000000003,10.76,0.0621825270207806,10.73,10.9,0.1699999999999999,98.5,Normal,0,Friday,May,0.25,100.0,Normal,Healthy,Normal Operation,Continue Stream Monitoring,No Alert
2026-05-23,10.99,SCB-105,Good,0.0899999999999998,10.795714285714286,0.1054920443853167,10.73,10.99,0.2599999999999998,99.1,Normal,0,Saturday,May,0.19,100.0,Normal,Healthy,Normal Operation,Continue Stream Monitoring,No Alert
2026-05-24,10.88,SCB-105,Good,-0.1099999999999994,10.815714285714288,0.106435761981549,10.73,10.99,0.2599999999999998,98.9,Normal,0,Sunday,May,0.35,100.0,Normal,Healthy,Normal Operation,Continue Stream Monitoring,No Alert
2026-05-25,10.85,SCB-105,Good,-0.0300000000000011,10.832857142857142,0.0997854842006784,10.73,10.99,0.2599999999999998,99.7,Normal,0,Monday,May,0.36,100.0,Normal,Healthy,Normal Operation,Continue Stream Monitoring,No Alert
2026-05-26,10.87,SCB-105,Good,0.0199999999999995,10.852857142857143,0.089202818661538,10.73,10.99,0.2599999999999998,99.8,Normal,0,Tuesday,May,0.3,100.0,Normal,Healthy,Normal Operation,Continue Stream Monitoring,No Alert
2026-05-27,10.76,SCB-105,Good,-0.1099999999999994,10.857142857142858,0.0828078671212049,10.75,10.99,0.2400000000000002,98.9,Normal,0,Wednesday,May,0.41,100.0,Normal,Healthy,Normal Operation,Continue Stream Monitoring,No Alert
2026-05-28,10.79,SCB-105,Good,0.0299999999999993,10.86285714285714,0.0752139804634948,10.76,10.99,0.2300000000000004,99.7,Normal,0,Thursday,May,2.01,100.0,Normal,Healthy,Normal Operation,Continue Stream Monitoring,No Alert
2026-05-29,10.72,SCB-105,Good,-0.0699999999999985,10.837142857142856,0.0897615889852877,10.72,10.99,0.2699999999999996,99.3,Normal,0,Friday,May,0.31,100.0,Normal,Healthy,Normal Operation,Continue Stream Monitoring,No Alert
2026-05-30,10.71,SCB-105,Good,-0.0099999999999997,10.797142857142855,0.0706433025169281,10.71,10.88,0.1699999999999999,99.9,Normal,0,Saturday,May,0.3,100.0,Normal,Healthy,Normal Operation,Continue Stream Monitoring,No Alert
2026-05-31,10.71,SCB-105,Good,0.0,10.772857142857143,0.0665117247094992,10.71,10.87,0.1599999999999983,100.0,Normal,0,Sunday,May,0.29,100.0,Normal,Healthy,Normal Operation,Continue Stream Monitoring,No Alert
2026-06-01,10.71,SCB-105,Good,0.0,10.752857142857144,0.0601980857156839,10.71,10.87,0.1599999999999983,100.0,Normal,0,Monday,June,0.29,100.0,Normal,Healthy,Normal Operation,Continue Stream Monitoring,No Alert
2026-06-02,10.73,SCB-105,Good,0.0199999999999995,10.732857142857142,0.0309377254685409,10.71,10.79,0.0799999999999983,99.8,Normal,0,Tuesday,June,0.3,100.0,Normal,Healthy,Normal Operation,Continue Stream Monitoring,No Alert
2026-06-03,10.72,SCB-105,Good,-0.0099999999999997,10.727142857142857,0.0287020822212196,10.71,10.79,0.0799999999999983,99.9,Normal,0,Wednesday,June,0.27,100.0,Normal,Healthy,Normal Operation,Continue Stream Monitoring,No Alert
2026-06-04,10.71,SCB-105,Good,-0.0099999999999997,10.715714285714286,0.0078679579262526,10.71,10.73,0.0199999999999995,99.9,Normal,0,Thursday,June,0.24,100.0,Normal,Healthy,Normal Operation,Continue Stream Monitoring,No Alert
2026-06-05,10.69,SCB-105,Good,-0.0200000000000013,10.711428571428572,0.0121498579268943,10.69,10.73,0.0400000000000009,99.79999999999998,Normal,0,Friday,June,0.24,100.0,Normal,Healthy,Normal Operation,Continue Stream Monitoring,No Alert
2026-06-06,10.69,SCB-105,Good,0.0,10.708571428571428,0.014638501095074,10.69,10.73,0.0400000000000009,100.0,Normal,0,Saturday,June,0.2333333333333333,100.0,Normal,Healthy,Normal Operation,Continue Stream Monitoring,No Alert
2026-06-07,10.69,SCB-105,Good,0.0,10.705714285714285,0.016183471875022,10.69,10.73,0.0400000000000009,100.0,Normal,0,Sunday,June,0.2266666666666666,100.0,Normal,Healthy,Normal Operation,Continue Stream Monitoring,No Alert
2026-06-08,10.67,SCB-105,Good,-0.0199999999999995,10.7,0.0208166599952635,10.67,10.73,0.0600000000000005,99.8,Normal,0,Monday,June,0.22,100.0,Normal,Healthy,Normal Operation,Continue Stream Monitoring,No Alert
2026-06-09,10.68,SCB-105,Good,0.0099999999999997,10.69285714285714,0.0170433620656699,10.67,10.72,0.0500000000000007,99.9,Normal,0,Tuesday,June,0.32,100.0,Normal,Healthy,Normal Operation,Continue Stream Monitoring,No Alert
2026-06-10,10.69,SCB-105,Good,0.0099999999999997,10.688571428571429,0.0121498579269277,10.67,10.71,0.0400000000000009,99.9,Normal,0,Wednesday,June,0.31,100.0,Normal,Healthy,Normal Operation,Continue Stream Monitoring,No Alert
2026-06-11,10.69,SCB-105,Good,0.0,10.685714285714283,0.00786795792632,10.67,10.69,0.0199999999999995,100.0,Normal,0,Thursday,June,0.32,100.0,Normal,Healthy,Normal Operation,Continue Stream Monitoring,No Alert
2026-06-12,10.69,SCB-105,Good,0.0,10.685714285714283,0.00786795792632,10.67,10.69,0.0199999999999995,100.0,Normal,0,Friday,June,0.36,100.0,Normal,Healthy,Normal Operation,Continue Stream Monitoring,No Alert
2026-06-13,10.69,SCB-105,Good,0.0,10.685714285714283,0.00786795792632,10.67,10.69,0.0199999999999995,100.0,Normal,0,Saturday,June,0.29,100.0,Normal,Healthy,Normal Operation,Continue Stream Monitoring,No Alert
2026-06-14,10.68,SCB-105,Good,-0.0099999999999997,10.684285714285712,0.0078679579263234,10.67,10.69,0.0199999999999995,99.9,Normal,0,Sunday,June,0.29,100.0,Normal,Healthy,Normal Operation,Continue Stream Monitoring,No Alert
2026-06-15,10.68,SCB-105,Good,0.0,10.685714285714283,0.0053452248406413,10.68,10.69,0.0099999999999997,100.0,Normal,0,Monday,June,0.31,100.0,Normal,Healthy,Normal Operation,Continue Stream Monitoring,No Alert
2026-06-16,10.68,SCB-105,Good,0.0,10.685714285714283,0.0053452248406413,10.68,10.69,0.0099999999999997,100.0,Normal,0,Tuesday,June,0.24,100.0,Normal,Healthy,Normal Operation,Continue Stream Monitoring,No Alert
2026-06-17,10.69,SCB-105,Good,0.0099999999999997,10.685714285714283,0.0053452248406413,10.68,10.69,0.0099999999999997,99.9,Normal,0,Wednesday,June,0.21,100.0,Normal,Healthy,Normal Operation,Continue Stream Monitoring,No Alert
2026-06-18,10.71,SCB-105,Good,0.0200000000000013,10.688571428571429,0.0106904496776887,10.68,10.71,0.0300000000000011,99.79999999999998,Normal,0,Thursday,June,0.36,100.0,Normal,Healthy,Normal Operation,Continue Stream Monitoring,No Alert
2026-06-19,10.7,SCB-105,Good,-0.0100000000000015,10.69,0.0115470053848935,10.68,10.71,0.0300000000000011,99.89999999999998,Normal,0,Friday,June,0.26,100.0,Normal,Healthy,Normal Operation,Continue Stream Monitoring,No Alert
2026-06-20,10.68,SCB-105,Good,-0.0199999999999995,10.68857142857143,0.0121498579269277,10.68,10.71,0.0300000000000011,99.8,Normal,0,Saturday,June,0.24,100.0,Normal,Healthy,Normal Operation,Continue Stream Monitoring,No Alert
2026-06-21,10.73,SCB-105,Good,0.0500000000000007,10.695714285714288,0.0190237946248894,10.68,10.73,0.0500000000000007,99.5,Normal,0,Sunday,June,0.3,100.0,Normal,Healthy,Normal Operation,Continue Stream Monitoring,No Alert
2026-06-22,10.68,SCB-105,Good,-0.0500000000000007,10.695714285714288,0.0190237946248894,10.68,10.73,0.0500000000000007,99.5,Normal,0,Monday,June,0.28,100.0,Normal,Healthy,Normal Operation,Continue Stream Monitoring,No Alert
2026-06-23,10.69,SCB-105,Good,0.0099999999999997,10.697142857142856,0.0179947082175477,10.68,10.73,0.0500000000000007,99.9,Normal,0,Tuesday,June,0.37,100.0,Normal,Healthy,Normal Operation,Continue Stream Monitoring,No Alert
2026-06-24,10.68,SCB-105,Good,-0.0099999999999997,10.695714285714288,0.0190237946248896,10.68,10.73,0.0500000000000007,99.9,Normal,0,Wednesday,June,0.27,100.0,Normal,Healthy,Normal Operation,Continue Stream Monitoring,No Alert
2026-06-25,10.67,SCB-105,Good,-0.0099999999999997,10.689999999999998,0.0200000000006365,10.67,10.73,0.0600000000000005,99.9,Normal,0,Thursday,June,0.33,100.0,Normal,Healthy,Normal Operation,Continue Stream Monitoring,No Alert
2026-06-26,10.67,SCB-105,Good,0.0,10.685714285714283,0.0207019667808902,10.67,10.73,0.0600000000000005,100.0,Normal,0,Friday,June,0.24,100.0,Normal,Healthy,Normal Operation,Continue Stream Monitoring,No Alert
2026-06-27,10.68,SCB-105,Good,0.0099999999999997,10.685714285714283,0.0207019667808902,10.67,10.73,0.0600000000000005,99.9,Normal,0,Saturday,June,0.34,100.0,Normal,Healthy,Normal Operation,Continue Stream Monitoring,No Alert
2026-06-28,10.71,SCB-105,Good,0.0300000000000011,10.68285714285714,0.013801311187781,10.67,10.71,0.0400000000000009,99.7,Normal,0,Sunday,June,0.24,100.0,Normal,Healthy,Normal Operation,Continue Stream Monitoring,No Alert
2026-06-29,10.7,SCB-105,Good,-0.0100000000000015,10.685714285714283,0.015118578921217,10.67,10.71,0.0400000000000009,99.89999999999998,Normal,0,Monday,June,0.44,100.0,Normal,Healthy,Normal Operation,Continue Stream Monitoring,No Alert
2026-06-30,10.7,SCB-105,Good,0.0,10.687142857142858,0.0160356745155427,10.67,10.71,0.0400000000000009,100.0,Normal,0,Tuesday,June,0.47,100.0,Normal,Healthy,Normal Operation,Continue Stream Monitoring,No Alert
2026-01-01,6.9,SCB-106,Good,0.0,6.9,0.0,6.9,6.9,0.0,100.0,Low,0,Thursday,January,0.45,65.0,Warning,Low Alkali Dosing,Insufficient Caustic Injection Flow Rate,Increase Caustic Dosing Pump Output,Alkaline Scrubber Low pH
2026-01-02,6.9,SCB-106,Good,0.0,6.9,0.0,6.9,6.9,0.0,100.0,Low,0,Friday,January,0.45,65.0,Warning,Low Alkali Dosing,Insufficient Caustic Injection Flow Rate,Increase Caustic Dosing Pump Output,Alkaline Scrubber Low pH
2026-01-03,6.9,SCB-106,Good,0.0,6.9,0.0,6.9,6.9,0.0,100.0,Low,0,Saturday,January,0.47,65.0,Warning,Low Alkali Dosing,Insufficient Caustic Injection Flow Rate,Increase Caustic Dosing Pump Output,Alkaline Scrubber Low pH
2026-01-04,6.9,SCB-106,Good,0.0,6.9,0.0,6.9,6.9,0.0,100.0,Low,0,Sunday,January,0.51,65.0,Warning,Low Alkali Dosing,Insufficient Caustic Injection Flow Rate,Increase Caustic Dosing Pump Output,Alkaline Scrubber Low pH
2026-01-05,6.9,SCB-106,Good,0.0,6.9,0.0,6.9,6.9,0.0,100.0,Low,0,Monday,January,0.41,65.0,Warning,Low Alkali Dosing,Insufficient Caustic Injection Flow Rate,Increase Caustic Dosing Pump Output,Alkaline Scrubber Low pH
2026-01-06,6.9,SCB-106,Interpolated,0.0,6.9,0.0,6.9,6.9,0.0,100.0,Low,0,Tuesday,January,0.41,65.0,Warning,Low Alkali Dosing,Insufficient Caustic Injection Flow Rate,Increase Caustic Dosing Pump Output,Alkaline Scrubber Low pH
2026-01-07,6.9,SCB-106,Interpolated,0.0,6.9,0.0,6.9,6.9,0.0,100.0,Low,0,Wednesday,January,0.52,65.0,Warning,Low Alkali Dosing,Insufficient Caustic Injection Flow Rate,Increase Caustic Dosing Pump Output,Alkaline Scrubber Low pH
2026-01-08,6.9,SCB-106,Interpolated,0.0,6.9,0.0,6.9,6.9,0.0,100.0,Low,0,Thursday,January,0.54,65.0,Warning,Low Alkali Dosing,Insufficient Caustic Injection Flow Rate,Increase Caustic Dosing Pump Output,Alkaline Scrubber Low pH
2026-01-09,6.9,SCB-106,Good,0.0,6.9,0.0,6.9,6.9,0.0,100.0,Low,0,Friday,January,0.48,65.0,Warning,Low Alkali Dosing,Insufficient Caustic Injection Flow Rate,Increase Caustic Dosing Pump Output,Alkaline Scrubber Low pH
2026-01-10,6.9,SCB-106,Good,0.0,6.9,0.0,6.9,6.9,0.0,100.0,Low,0,Saturday,January,0.53,65.0,Warning,Low Alkali Dosing,Insufficient Caustic Injection Flow Rate,Increase Caustic Dosing Pump Output,Alkaline Scrubber Low pH
2026-01-11,6.9,SCB-106,Good,0.0,6.9,0.0,6.9,6.9,0.0,100.0,Low,0,Sunday,January,0.51,65.0,Warning,Low Alkali Dosing,Insufficient Caustic Injection Flow Rate,Increase Caustic Dosing Pump Output,Alkaline Scrubber Low pH
2026-01-12,6.9,SCB-106,Good,0.0,6.9,0.0,6.9,6.9,0.0,100.0,Low,0,Monday,January,0.52,65.0,Warning,Low Alkali Dosing,Insufficient Caustic Injection Flow Rate,Increase Caustic Dosing Pump Output,Alkaline Scrubber Low pH
2026-01-13,6.9,SCB-106,Good,0.0,6.9,0.0,6.9,6.9,0.0,100.0,Low,0,Tuesday,January,0.54,65.0,Warning,Low Alkali Dosing,Insufficient Caustic Injection Flow Rate,Increase Caustic Dosing Pump Output,Alkaline Scrubber Low pH
2026-01-14,6.9,SCB-106,Good,0.0,6.9,0.0,6.9,6.9,0.0,100.0,Low,0,Wednesday,January,0.57,65.0,Warning,Low Alkali Dosing,Insufficient Caustic Injection Flow Rate,Increase Caustic Dosing Pump Output,Alkaline Scrubber Low pH
2026-01-15,6.9,SCB-106,Good,0.0,6.9,0.0,6.9,6.9,0.0,100.0,Low,0,Thursday,January,0.51,65.0,Warning,Low Alkali Dosing,Insufficient Caustic Injection Flow Rate,Increase Caustic Dosing Pump Output,Alkaline Scrubber Low pH
2026-01-16,6.89,SCB-106,Good,-0.0100000000000006,6.8985714285714295,0.0037796447300924,6.89,6.9,0.0100000000000006,99.9,Low,0,Friday,January,0.49,65.0,Warning,Low Alkali Dosing,Insufficient Caustic Injection Flow Rate,Increase Caustic Dosing Pump Output,Alkaline Scrubber Low pH
2026-01-17,6.9,SCB-106,Good,0.0100000000000006,6.898571428571429,0.0037796447300924,6.89,6.9,0.0100000000000006,99.9,Low,0,Saturday,January,0.54,65.0,Warning,Low Alkali Dosing,Insufficient Caustic Injection Flow Rate,Increase Caustic Dosing Pump Output,Alkaline Scrubber Low pH
2026-01-18,6.9,SCB-106,Good,0.0,6.898571428571429,0.0037796447300924,6.89,6.9,0.0100000000000006,100.0,Low,0,Sunday,January,0.46,65.0,Warning,Low Alkali Dosing,Insufficient Caustic Injection Flow Rate,Increase Caustic Dosing Pump Output,Alkaline Scrubber Low pH
2026-01-19,6.89,SCB-106,Good,-0.0100000000000006,6.897142857142858,0.0048795003647428,6.89,6.9,0.0100000000000006,99.9,Low,0,Monday,January,0.34,65.0,Warning,Low Alkali Dosing,Insufficient Caustic Injection Flow Rate,Increase Caustic Dosing Pump Output,Alkaline Scrubber Low pH
2026-01-20,6.89,SCB-106,Good,0.0,6.895714285714286,0.0053452248382486,6.89,6.9,0.0100000000000006,100.0,Low,0,Tuesday,January,0.53,65.0,Warning,Low Alkali Dosing,Insufficient Caustic Injection Flow Rate,Increase Caustic Dosing Pump Output,Alkaline Scrubber Low pH
2026-01-21,6.89,SCB-106,Good,0.0,6.894285714285715,0.0053452248382487,6.89,6.9,0.0100000000000006,100.0,Low,0,Wednesday,January,0.44,65.0,Warning,Low Alkali Dosing,Insufficient Caustic Injection Flow Rate,Increase Caustic Dosing Pump Output,Alkaline Scrubber Low pH
2026-01-22,6.89,SCB-106,Good,0.0,6.892857142857143,0.0048795003647432,6.89,6.9,0.0100000000000006,100.0,Low,0,Thursday,January,0.46,65.0,Warning,Low Alkali Dosing,Insufficient Caustic Injection Flow Rate,Increase Caustic Dosing Pump Output,Alkaline Scrubber Low pH
2026-01-23,6.89,SCB-106,Good,0.0,6.892857142857143,0.0048795003647432,6.89,6.9,0.0100000000000006,100.0,Low,0,Friday,January,0.36,65.0,Warning,Low Alkali Dosing,Insufficient Caustic Injection Flow Rate,Increase Caustic Dosing Pump Output,Alkaline Scrubber Low pH
2026-01-24,6.9,SCB-106,Good,0.0100000000000006,6.892857142857143,0.0048795003647432,6.89,6.9,0.0100000000000006,99.9,Low,0,Saturday,January,0.37,65.0,Warning,Low Alkali Dosing,Insufficient Caustic Injection Flow Rate,Increase Caustic Dosing Pump Output,Alkaline Scrubber Low pH
2026-01-25,6.898000000000001,SCB-106,Interpolated,-0.0019999999999997,6.892571428571428,0.0044293394111373,6.89,6.9,0.0100000000000006,99.98,Low,0,Sunday,January,0.54,65.0,Warning,Low Alkali Dosing,Insufficient Caustic Injection Flow Rate,Increase Caustic Dosing Pump Output,Alkaline Scrubber Low pH
2026-01-26,6.896,SCB-106,Interpolated,-0.0020000000000006,6.893428571428571,0.0044293394111369,6.89,6.9,0.0100000000000006,99.98,Low,0,Monday,January,0.41,65.0,Warning,Low Alkali Dosing,Insufficient Caustic Injection Flow Rate,Increase Caustic Dosing Pump Output,Alkaline Scrubber Low pH
2026-01-27,6.894,SCB-106,Interpolated,-0.0019999999999997,6.893999999999999,0.0041633319989323,6.89,6.9,0.0100000000000006,99.98,Low,0,Tuesday,January,0.42,65.0,Warning,Low Alkali Dosing,Insufficient Caustic Injection Flow Rate,Increase Caustic Dosing Pump Output,Alkaline Scrubber Low pH
2026-01-28,,SCB-106,Offline,0.0,6.894666666666666,0.0041311822359541,6.89,6.9,0.0100000000000006,100.0,Offline,0,Wednesday,January,0.425,0.0,Critical,Scrubber Telemetry Offline,CEMS Sensor Communication Failure,Inspect Modbus Transmitters and Field PLC Cabinets,Sensor Connection Error
2026-01-29,6.89,SCB-106,Good,0.0,6.894666666666666,0.0041311822359541,6.89,6.9,0.0100000000000006,100.0,Low,0,Thursday,January,0.43,65.0,Warning,Low Alkali Dosing,Insufficient Caustic Injection Flow Rate,Increase Caustic Dosing Pump Output,Alkaline Scrubber Low pH
2026-01-30,6.89,SCB-106,Good,0.0,6.894666666666666,0.0041311822359541,6.89,6.9,0.0100000000000006,100.0,Low,0,Friday,January,0.435,65.0,Warning,Low Alkali Dosing,Insufficient Caustic Injection Flow Rate,Increase Caustic Dosing Pump Output,Alkaline Scrubber Low pH
2026-01-31,6.89,SCB-106,Good,0.0,6.893,0.0035213633723326,6.89,6.898000000000001,0.0080000000000008,100.0,Low,0,Saturday,January,0.0,65.0,Warning,Low Alkali Dosing,Insufficient Caustic Injection Flow Rate,Increase Caustic Dosing Pump Output,Alkaline Scrubber Low pH
2026-02-01,6.89,SCB-106,Good,0.0,6.891666666666667,0.0026583202716527,6.89,6.896,0.0060000000000002,100.0,Low,0,Sunday,February,0.0,65.0,Warning,Low Alkali Dosing,Insufficient Caustic Injection Flow Rate,Increase Caustic Dosing Pump Output,Alkaline Scrubber Low pH
2026-02-02,6.89,SCB-106,Good,0.0,6.890666666666667,0.0016329931618614,6.89,6.894,0.0040000000000004,100.0,Low,0,Monday,February,0.45,65.0,Warning,Low Alkali Dosing,Insufficient Caustic Injection Flow Rate,Increase Caustic Dosing Pump Output,Alkaline Scrubber Low pH
2026-02-03,6.89,SCB-106,Good,0.0,6.89,4.776930771848412e-09,6.89,6.89,0.0,100.0,Low,0,Tuesday,February,0.23,65.0,Warning,Low Alkali Dosing,Insufficient Caustic Injection Flow Rate,Increase Caustic Dosing Pump Output,Alkaline Scrubber Low pH
2026-02-04,6.89,SCB-106,Good,0.0,6.89,4.360721232303369e-09,6.89,6.89,0.0,100.0,Low,0,Wednesday,February,0.25,65.0,Warning,Low Alkali Dosing,Insufficient Caustic Injection Flow Rate,Increase Caustic Dosing Pump Output,Alkaline Scrubber Low pH
2026-02-05,6.89,SCB-106,Good,0.0,6.89,4.360721232303369e-09,6.89,6.89,0.0,100.0,Low,0,Thursday,February,0.2,65.0,Warning,Low Alkali Dosing,Insufficient Caustic Injection Flow Rate,Increase Caustic Dosing Pump Output,Alkaline Scrubber Low pH
2026-02-06,6.89,SCB-106,Good,0.0,6.89,4.360721232303369e-09,6.89,6.89,0.0,100.0,Low,0,Friday,February,0.24,65.0,Warning,Low Alkali Dosing,Insufficient Caustic Injection Flow Rate,Increase Caustic Dosing Pump Output,Alkaline Scrubber Low pH
2026-02-07,6.89,SCB-106,Good,0.0,6.89,4.360721232303369e-09,6.89,6.89,0.0,100.0,Low,0,Saturday,February,0.2,65.0,Warning,Low Alkali Dosing,Insufficient Caustic Injection Flow Rate,Increase Caustic Dosing Pump Output,Alkaline Scrubber Low pH
2026-02-08,6.89,SCB-106,Good,0.0,6.89,4.360721232303369e-09,6.89,6.89,0.0,100.0,Low,0,Sunday,February,0.27,65.0,Warning,Low Alkali Dosing,Insufficient Caustic Injection Flow Rate,Increase Caustic Dosing Pump Output,Alkaline Scrubber Low pH
2026-02-09,6.89,SCB-106,Good,0.0,6.89,4.360721232303369e-09,6.89,6.89,0.0,100.0,Low,0,Monday,February,0.28,65.0,Warning,Low Alkali Dosing,Insufficient Caustic Injection Flow Rate,Increase Caustic Dosing Pump Output,Alkaline Scrubber Low pH
2026-02-10,6.89,SCB-106,Good,0.0,6.89,4.360721232303369e-09,6.89,6.89,0.0,100.0,Low,0,Tuesday,February,0.27,65.0,Warning,Low Alkali Dosing,Insufficient Caustic Injection Flow Rate,Increase Caustic Dosing Pump Output,Alkaline Scrubber Low pH
2026-02-11,6.89,SCB-106,Good,0.0,6.89,4.360721232303369e-09,6.89,6.89,0.0,100.0,Low,0,Wednesday,February,0.14,65.0,Warning,Low Alkali Dosing,Insufficient Caustic Injection Flow Rate,Increase Caustic Dosing Pump Output,Alkaline Scrubber Low pH
2026-02-12,6.89,SCB-106,Good,0.0,6.89,4.360721232303369e-09,6.89,6.89,0.0,100.0,Low,0,Thursday,February,0.26,65.0,Warning,Low Alkali Dosing,Insufficient Caustic Injection Flow Rate,Increase Caustic Dosing Pump Output,Alkaline Scrubber Low pH
2026-02-13,6.89,SCB-106,Good,0.0,6.89,4.360721232303369e-09,6.89,6.89,0.0,100.0,Low,0,Friday,February,0.29,65.0,Warning,Low Alkali Dosing,Insufficient Caustic Injection Flow Rate,Increase Caustic Dosing Pump Output,Alkaline Scrubber Low pH
2026-02-14,6.89,SCB-106,Good,0.0,6.89,4.360721232303369e-09,6.89,6.89,0.0,100.0,Low,0,Saturday,February,0.17,65.0,Warning,Low Alkali Dosing,Insufficient Caustic Injection Flow Rate,Increase Caustic Dosing Pump Output,Alkaline Scrubber Low pH
2026-02-15,6.89,SCB-106,Good,0.0,6.89,4.360721232303369e-09,6.89,6.89,0.0,100.0,Low,0,Sunday,February,0.29,65.0,Warning,Low Alkali Dosing,Insufficient Caustic Injection Flow Rate,Increase Caustic Dosing Pump Output,Alkaline Scrubber Low pH
2026-02-16,6.89,SCB-106,Good,0.0,6.89,4.360721232303369e-09,6.89,6.89,0.0,100.0,Low,0,Monday,February,0.19,65.0,Warning,Low Alkali Dosing,Insufficient Caustic Injection Flow Rate,Increase Caustic Dosing Pump Output,Alkaline Scrubber Low pH
2026-02-17,6.89,SCB-106,Good,0.0,6.89,4.360721232303369e-09,6.89,6.89,0.0,100.0,Low,0,Tuesday,February,0.19,65.0,Warning,Low Alkali Dosing,Insufficient Caustic Injection Flow Rate,Increase Caustic Dosing Pump Output,Alkaline Scrubber Low pH
2026-02-18,6.89,SCB-106,Good,0.0,6.89,4.360721232303369e-09,6.89,6.89,0.0,100.0,Low,0,Wednesday,February,0.22,65.0,Warning,Low Alkali Dosing,Insufficient Caustic Injection Flow Rate,Increase Caustic Dosing Pump Output,Alkaline Scrubber Low pH
2026-02-19,6.89,SCB-106,Good,0.0,6.89,4.360721232303369e-09,6.89,6.89,0.0,100.0,Low,0,Thursday,February,0.25,65.0,Warning,Low Alkali Dosing,Insufficient Caustic Injection Flow Rate,Increase Caustic Dosing Pump Output,Alkaline Scrubber Low pH
2026-02-20,6.89,SCB-106,Good,0.0,6.89,4.360721232303369e-09,6.89,6.89,0.0,100.0,Low,0,Friday,February,0.25,65.0,Warning,Low Alkali Dosing,Insufficient Caustic Injection Flow Rate,Increase Caustic Dosing Pump Output,Alkaline Scrubber Low pH
2026-02-21,6.89,SCB-106,Good,0.0,6.89,4.360721232303369e-09,6.89,6.89,0.0,100.0,Low,0,Saturday,February,0.24,65.0,Warning,Low Alkali Dosing,Insufficient Caustic Injection Flow Rate,Increase Caustic Dosing Pump Output,Alkaline Scrubber Low pH
2026-02-22,6.89,SCB-106,Good,0.0,6.89,4.360721232303369e-09,6.89,6.89,0.0,100.0,Low,0,Sunday,February,0.24,65.0,Warning,Low Alkali Dosing,Insufficient Caustic Injection Flow Rate,Increase Caustic Dosing Pump Output,Alkaline Scrubber Low pH
2026-02-23,6.89,SCB-106,Good,0.0,6.89,4.360721232303369e-09,6.89,6.89,0.0,100.0,Low,0,Monday,February,0.34,65.0,Warning,Low Alkali Dosing,Insufficient Caustic Injection Flow Rate,Increase Caustic Dosing Pump Output,Alkaline Scrubber Low pH
2026-02-24,6.89,SCB-106,Good,0.0,6.89,4.360721232303369e-09,6.89,6.89,0.0,100.0,Low,0,Tuesday,February,0.21,65.0,Warning,Low Alkali Dosing,Insufficient Caustic Injection Flow Rate,Increase Caustic Dosing Pump Output,Alkaline Scrubber Low pH
2026-02-25,6.89,SCB-106,Good,0.0,6.89,4.360721232303369e-09,6.89,6.89,0.0,100.0,Low,0,Wednesday,February,0.22,65.0,Warning,Low Alkali Dosing,Insufficient Caustic Injection Flow Rate,Increase Caustic Dosing Pump Output,Alkaline Scrubber Low pH
2026-02-26,6.89,SCB-106,Good,0.0,6.89,4.360721232303369e-09,6.89,6.89,0.0,100.0,Low,0,Thursday,February,0.23,65.0,Warning,Low Alkali Dosing,Insufficient Caustic Injection Flow Rate,Increase Caustic Dosing Pump Output,Alkaline Scrubber Low pH
2026-02-27,6.89,SCB-106,Good,0.0,6.89,4.360721232303369e-09,6.89,6.89,0.0,100.0,Low,0,Friday,February,0.23,65.0,Warning,Low Alkali Dosing,Insufficient Caustic Injection Flow Rate,Increase Caustic Dosing Pump Output,Alkaline Scrubber Low pH
2026-02-28,6.89,SCB-106,Good,0.0,6.89,4.360721232303369e-09,6.89,6.89,0.0,100.0,Low,0,Saturday,February,0.23,65.0,Warning,Low Alkali Dosing,Insufficient Caustic Injection Flow Rate,Increase Caustic Dosing Pump Output,Alkaline Scrubber Low pH
2026-03-01,6.89,SCB-106,Good,0.0,6.89,4.360721232303369e-09,6.89,6.89,0.0,100.0,Low,0,Sunday,March,0.24,65.0,Warning,Low Alkali Dosing,Insufficient Caustic Injection Flow Rate,Increase Caustic Dosing Pump Output,Alkaline Scrubber Low pH
2026-03-02,6.88,SCB-106,Good,-0.0099999999999997,6.888571428571429,0.0037796447300957,6.88,6.89,0.0099999999999997,99.9,Low,0,Monday,March,0.3,65.0,Warning,Low Alkali Dosing,Insufficient Caustic Injection Flow Rate,Increase Caustic Dosing Pump Output,Alkaline Scrubber Low pH
2026-03-03,6.89,SCB-106,Good,0.0099999999999997,6.888571428571429,0.0037796447300957,6.88,6.89,0.0099999999999997,99.9,Low,0,Tuesday,March,0.26,65.0,Warning,Low Alkali Dosing,Insufficient Caustic Injection Flow Rate,Increase Caustic Dosing Pump Output,Alkaline Scrubber Low pH
2026-03-04,6.89,SCB-106,Good,0.0,6.888571428571429,0.0037796447300957,6.88,6.89,0.0099999999999997,100.0,Low,0,Wednesday,March,0.18,65.0,Warning,Low Alkali Dosing,Insufficient Caustic Injection Flow Rate,Increase Caustic Dosing Pump Output,Alkaline Scrubber Low pH
2026-03-05,0.91,SCB-106,Good,-5.98,6.034285714285714,2.259600681114972,0.91,6.89,5.98,40.2,Low,0,Thursday,March,0.22,17.2,Warning,Low Alkali Dosing,Insufficient Caustic Injection Flow Rate,Increase Caustic Dosing Pump Output,Alkaline Scrubber Low pH
2026-03-06,3.9,SCB-106,Interpolated,2.99,5.607142857142857,2.351614440377181,0.91,6.89,5.98,70.1,Low,0,Friday,March,0.25,41.1,Warning,Low Alkali Dosing,Insufficient Caustic Injection Flow Rate,Increase Caustic Dosing Pump Output,Alkaline Scrubber Low pH
2026-03-07,6.89,SCB-106,Good,2.99,5.607142857142857,2.351614440377181,0.91,6.89,5.98,70.1,Low,0,Saturday,March,0.2,41.1,Warning,Low Alkali Dosing,Insufficient Caustic Injection Flow Rate,Increase Caustic Dosing Pump Output,Alkaline Scrubber Low pH
2026-03-08,6.89,SCB-106,Good,0.0,5.607142857142856,2.351614440377181,0.91,6.89,5.98,100.0,Low,0,Sunday,March,0.22,65.0,Warning,Low Alkali Dosing,Insufficient Caustic Injection Flow Rate,Increase Caustic Dosing Pump Output,Alkaline Scrubber Low pH
2026-03-09,6.89,SCB-106,Good,0.0,5.6085714285714285,2.3525194194836363,0.91,6.89,5.98,100.0,Low,0,Monday,March,0.2,65.0,Warning,Low Alkali Dosing,Insufficient Caustic Injection Flow Rate,Increase Caustic Dosing Pump Output,Alkaline Scrubber Low pH
2026-03-10,6.89,SCB-106,Good,0.0,5.6085714285714285,2.3525194194836363,0.91,6.89,5.98,100.0,Low,0,Tuesday,March,0.19,65.0,Warning,Low Alkali Dosing,Insufficient Caustic Injection Flow Rate,Increase Caustic Dosing Pump Output,Alkaline Scrubber Low pH
2026-03-11,6.89,SCB-106,Good,0.0,5.6085714285714285,2.3525194194836363,0.91,6.89,5.98,100.0,Low,0,Wednesday,March,0.24,65.0,Warning,Low Alkali Dosing,Insufficient Caustic Injection Flow Rate,Increase Caustic Dosing Pump Output,Alkaline Scrubber Low pH
2026-03-12,6.89,SCB-106,Good,0.0,6.462857142857144,1.13011377429759,3.9,6.89,2.99,100.0,Low,0,Thursday,March,0.25,65.0,Warning,Low Alkali Dosing,Insufficient Caustic Injection Flow Rate,Increase Caustic Dosing Pump Output,Alkaline Scrubber Low pH
2026-03-13,6.89,SCB-106,Good,0.0,6.89,0.0,6.89,6.89,0.0,100.0,Low,0,Friday,March,0.22,65.0,Warning,Low Alkali Dosing,Insufficient Caustic Injection Flow Rate,Increase Caustic Dosing Pump Output,Alkaline Scrubber Low pH
2026-03-14,6.89,SCB-106,Good,0.0,6.89,0.0,6.89,6.89,0.0,100.0,Low,0,Saturday,March,0.13,65.0,Warning,Low Alkali Dosing,Insufficient Caustic Injection Flow Rate,Increase Caustic Dosing Pump Output,Alkaline Scrubber Low pH
2026-03-15,6.89,SCB-106,Good,0.0,6.89,0.0,6.89,6.89,0.0,100.0,Low,0,Sunday,March,0.15,65.0,Warning,Low Alkali Dosing,Insufficient Caustic Injection Flow Rate,Increase Caustic Dosing Pump Output,Alkaline Scrubber Low pH
2026-03-16,6.88,SCB-106,Good,-0.0099999999999997,6.888571428571429,0.0037796447300921,6.88,6.89,0.0099999999999997,99.9,Low,0,Monday,March,0.14,65.0,Warning,Low Alkali Dosing,Insufficient Caustic Injection Flow Rate,Increase Caustic Dosing Pump Output,Alkaline Scrubber Low pH
2026-03-17,6.88,SCB-106,Good,0.0,6.887142857142857,0.0048795003647424,6.88,6.89,0.0099999999999997,100.0,Low,0,Tuesday,March,0.19,65.0,Warning,Low Alkali Dosing,Insufficient Caustic Injection Flow Rate,Increase Caustic Dosing Pump Output,Alkaline Scrubber Low pH
2026-03-18,6.88,SCB-106,Good,0.0,6.885714285714285,0.0053452248382483,6.88,6.89,0.0099999999999997,100.0,Low,0,Wednesday,March,0.12,65.0,Warning,Low Alkali Dosing,Insufficient Caustic Injection Flow Rate,Increase Caustic Dosing Pump Output,Alkaline Scrubber Low pH
2026-03-19,1.73,SCB-106,Good,-5.15,6.148571428571429,1.9484132738498487,1.73,6.89,5.16,48.5,Low,0,Thursday,March,0.19,23.8,Warning,Low Alkali Dosing,Insufficient Caustic Injection Flow Rate,Increase Caustic Dosing Pump Output,Alkaline Scrubber Low pH
2026-03-20,3.963333333333333,SCB-106,Interpolated,2.233333333333333,5.73047619047619,2.0728325838414743,1.73,6.89,5.16,77.66666666666667,Low,0,Friday,March,0.21,47.1,Warning,Low Alkali Dosing,Insufficient Caustic Injection Flow Rate,Increase Caustic Dosing Pump Output,Alkaline Scrubber Low pH
2026-03-21,6.196666666666665,SCB-106,Interpolated,2.2333333333333325,5.631428571428571,2.024186034071252,1.73,6.89,5.16,77.66666666666667,Low,0,Saturday,March,0.25,47.1,Warning,Low Alkali Dosing,Insufficient Caustic Injection Flow Rate,Increase Caustic Dosing Pump Output,Alkaline Scrubber Low pH
2026-03-22,8.43,SCB-106,Good,2.2333333333333343,5.851428571428571,2.2543725883703805,1.73,8.43,6.699999999999999,77.66666666666666,Low,0,Sunday,March,0.3,47.1,Warning,Low Alkali Dosing,Insufficient Caustic Injection Flow Rate,Increase Caustic Dosing Pump Output,Alkaline Scrubber Low pH
2026-03-23,8.43,SCB-106,Good,0.0,6.072857142857143,2.4406635622999384,1.73,8.43,6.699999999999999,100.0,Low,0,Monday,March,0.28,65.0,Warning,Low Alkali Dosing,Insufficient Caustic Injection Flow Rate,Increase Caustic Dosing Pump Output,Alkaline Scrubber Low pH
2026-03-24,8.63,SCB-106,Good,0.200000000000001,6.322857142857143,2.620147316024799,1.73,8.63,6.9,98.0,Low,0,Tuesday,March,0.24,65.0,Warning,Low Alkali Dosing,Insufficient Caustic Injection Flow Rate,Increase Caustic Dosing Pump Output,Alkaline Scrubber Low pH
2026-03-25,8.58,SCB-106,Interpolated,-0.0500000000000007,6.565714285714286,2.755674760606445,1.73,8.63,6.9,99.5,Low,0,Wednesday,March,0.21,65.0,Warning,Low Alkali Dosing,Insufficient Caustic Injection Flow Rate,Increase Caustic Dosing Pump Output,Alkaline Scrubber Low pH
2026-03-26,8.530000000000001,SCB-106,Interpolated,-0.0499999999999989,7.537142857142856,1.7995847551602813,3.963333333333333,8.63,4.666666666666668,99.5,Low,0,Thursday,March,0.31,65.0,Warning,Low Alkali Dosing,Insufficient Caustic Injection Flow Rate,Increase Caustic Dosing Pump Output,Alkaline Scrubber Low pH
2026-03-27,8.48,SCB-106,Interpolated,-0.0500000000000007,8.182380952380953,0.8787843334754556,6.196666666666665,8.63,2.433333333333336,99.5,Low,0,Friday,March,0.27,65.0,Warning,Low Alkali Dosing,Insufficient Caustic Injection Flow Rate,Increase Caustic Dosing Pump Output,Alkaline Scrubber Low pH
2026-03-28,8.43,SCB-106,Good,-0.0500000000000007,8.501428571428573,0.0809173593712365,8.43,8.63,0.200000000000001,99.5,Low,0,Saturday,March,0.2,65.0,Warning,Low Alkali Dosing,Insufficient Caustic Injection Flow Rate,Increase Caustic Dosing Pump Output,Alkaline Scrubber Low pH
2026-03-29,8.64,SCB-106,Good,0.2100000000000008,8.531428571428572,0.0885867882227025,8.43,8.64,0.2100000000000008,97.9,Low,0,Sunday,March,0.25,65.0,Warning,Low Alkali Dosing,Insufficient Caustic Injection Flow Rate,Increase Caustic Dosing Pump Output,Alkaline Scrubber Low pH
2026-03-30,8.95,SCB-106,Good,0.3099999999999987,8.605714285714287,0.1699859938207647,8.43,8.95,0.5199999999999996,96.9,Low,0,Monday,March,0.24,65.0,Warning,Low Alkali Dosing,Insufficient Caustic Injection Flow Rate,Increase Caustic Dosing Pump Output,Alkaline Scrubber Low pH
2026-03-31,9.69,SCB-106,Good,0.7400000000000002,8.757142857142856,0.4449612075119258,8.43,9.69,1.2599999999999998,92.6,Normal,0,Tuesday,March,0.28,100.0,Normal,Healthy,Normal Operation,Continue Stream Monitoring,No Alert
2026-04-01,10.21,SCB-106,Good,0.5200000000000014,8.99,0.693757882838095,8.43,10.21,1.7800000000000011,94.79999999999998,Normal,0,Wednesday,April,0.3,100.0,Normal,Healthy,Normal Operation,Continue Stream Monitoring,No Alert
2026-04-02,10.22,SCB-106,Good,0.0099999999999997,9.231428571428571,0.7938393744208899,8.43,10.22,1.790000000000001,99.9,Normal,0,Thursday,April,0.32,100.0,Normal,Healthy,Normal Operation,Continue Stream Monitoring,No Alert
2026-04-03,10.22,SCB-106,Good,0.0,9.48,0.7917491185133495,8.43,10.22,1.790000000000001,100.0,Normal,0,Friday,April,0.26,100.0,Normal,Healthy,Normal Operation,Continue Stream Monitoring,No Alert
2026-04-04,10.21,SCB-106,Good,-0.0099999999999997,9.734285714285717,0.675644313300452,8.64,10.22,1.58,99.9,Normal,0,Saturday,April,0.27,100.0,Normal,Healthy,Normal Operation,Continue Stream Monitoring,No Alert
2026-04-05,9.3,SCB-106,Good,-0.91,9.828571428571433,0.5272389898148224,8.95,10.22,1.2700000000000014,90.9,Low,0,Sunday,April,0.25,65.0,Warning,Low Alkali Dosing,Insufficient Caustic Injection Flow Rate,Increase Caustic Dosing Pump Output,Alkaline Scrubber Low pH
2026-04-06,9.23,SCB-106,Good,-0.0700000000000002,9.868571428571428,0.4551713439804336,9.23,10.22,0.9900000000000002,99.3,Low,0,Monday,April,0.34,65.0,Warning,Low Alkali Dosing,Insufficient Caustic Injection Flow Rate,Increase Caustic Dosing Pump Output,Alkaline Scrubber Low pH
2026-04-07,10.0,SCB-106,Good,0.7699999999999996,9.912857142857144,0.4499523784325903,9.23,10.22,0.9900000000000002,92.3,Normal,0,Tuesday,April,0.34,100.0,Normal,Healthy,Normal Operation,Continue Stream Monitoring,No Alert
2026-04-08,10.64,SCB-106,Good,0.6400000000000006,9.974285714285717,0.5210200617652908,9.23,10.64,1.41,93.6,Normal,0,Wednesday,April,0.27,100.0,Normal,Healthy,Normal Operation,Continue Stream Monitoring,No Alert
2026-04-09,10.47,SCB-106,Good,-0.1699999999999999,10.010000000000002,0.5485131417447257,9.23,10.64,1.41,98.3,Normal,0,Thursday,April,0.28,100.0,Normal,Healthy,Normal Operation,Continue Stream Monitoring,No Alert
2026-04-10,10.16,SCB-106,Good,-0.3100000000000005,10.001428571428573,0.5451430568034001,9.23,10.64,1.41,96.9,Normal,0,Friday,April,0.33,100.0,Normal,Healthy,Normal Operation,Continue Stream Monitoring,No Alert
2026-04-11,10.15,SCB-106,Good,-0.0099999999999997,9.992857142857144,0.5417783767591802,9.23,10.64,1.41,99.9,Normal,0,Saturday,April,0.34,100.0,Normal,Healthy,Normal Operation,Continue Stream Monitoring,No Alert
2026-04-12,10.14,SCB-106,Good,-0.0099999999999997,10.112857142857145,0.4475754791359922,9.23,10.64,1.41,99.9,Normal,0,Sunday,April,0.2,100.0,Normal,Healthy,Normal Operation,Continue Stream Monitoring,No Alert
2026-04-13,10.12,SCB-106,Good,-0.0200000000000013,10.24,0.2270829510700238,10.0,10.64,0.6400000000000006,99.79999999999998,Normal,0,Monday,April,0.23,100.0,Normal,Healthy,Normal Operation,Continue Stream Monitoring,No Alert
2026-04-14,10.11,SCB-106,Good,-0.0099999999999997,10.255714285714284,0.2109389439985949,10.11,10.64,0.5300000000000011,99.9,Normal,0,Tuesday,April,0.26,100.0,Normal,Healthy,Normal Operation,Continue Stream Monitoring,No Alert
2026-04-15,10.13,SCB-106,Good,0.0200000000000013,10.182857142857143,0.1277646646135518,10.11,10.47,0.3600000000000012,99.79999999999998,Normal,0,Wednesday,April,0.26,100.0,Normal,Healthy,Normal Operation,Continue Stream Monitoring,No Alert
2026-04-16,10.12,SCB-106,Good,-0.0100000000000015,10.132857142857144,0.0179947082169492,10.11,10.16,0.0500000000000007,99.89999999999998,Normal,0,Thursday,April,0.22,100.0,Normal,Healthy,Normal Operation,Continue Stream Monitoring,No Alert
2026-04-17,10.13,SCB-106,Good,0.0100000000000015,10.12857142857143,0.0134518541828245,10.11,10.15,0.0400000000000009,99.89999999999998,Normal,0,Friday,April,0.25,100.0,Normal,Healthy,Normal Operation,Continue Stream Monitoring,No Alert
2026-04-18,10.16,SCB-106,Good,0.0299999999999993,10.13,0.0163299316186648,10.11,10.16,0.0500000000000007,99.7,Normal,0,Saturday,April,0.22,100.0,Normal,Healthy,Normal Operation,Continue Stream Monitoring,No Alert
2026-04-19,10.16,SCB-106,Good,0.0,10.132857142857144,0.0197604704012785,10.11,10.16,0.0500000000000007,100.0,Normal,0,Sunday,April,0.28,100.0,Normal,Healthy,Normal Operation,Continue Stream Monitoring,No Alert
2026-04-20,10.16,SCB-106,Good,0.0,10.138571428571428,0.0211570094205841,10.11,10.16,0.0500000000000007,100.0,Normal,0,Monday,April,0.27,100.0,Normal,Healthy,Normal Operation,Continue Stream Monitoring,No Alert
2026-04-21,9.97,SCB-106,Good,-0.1899999999999995,10.118571428571428,0.067682733255653,9.97,10.16,0.1899999999999995,98.1,Normal,0,Tuesday,April,0.29,100.0,Normal,Healthy,Normal Operation,Continue Stream Monitoring,No Alert
2026-04-22,10.06,SCB-106,Good,0.0899999999999998,10.108571428571429,0.0708116213222741,9.97,10.16,0.1899999999999995,99.1,Normal,0,Wednesday,April,0.34,100.0,Normal,Healthy,Normal Operation,Continue Stream Monitoring,No Alert
2026-04-23,10.03,SCB-106,Good,-0.0300000000000011,10.095714285714283,0.0763450812336647,9.97,10.16,0.1899999999999995,99.7,Normal,0,Thursday,April,0.38,100.0,Normal,Healthy,Normal Operation,Continue Stream Monitoring,No Alert
2026-04-24,9.95,SCB-106,Good,-0.08,10.07,0.0916515138991356,9.95,10.16,0.2100000000000008,99.2,Normal,0,Friday,April,0.41,100.0,Normal,Healthy,Normal Operation,Continue Stream Monitoring,No Alert
2026-04-25,9.89,SCB-106,Good,-0.0599999999999987,10.031428571428572,0.1035098339013697,9.89,10.16,0.2699999999999996,99.4,Normal,0,Saturday,April,0.6,100.0,Normal,Healthy,Normal Operation,Continue Stream Monitoring,No Alert
2026-04-26,10.0,SCB-106,Interpolated,0.1099999999999994,10.008571428571427,0.0866849797501804,9.89,10.16,0.2699999999999996,98.9,Normal,0,Sunday,April,0.0,100.0,Normal,Healthy,Normal Operation,Continue Stream Monitoring,No Alert
2026-04-27,10.11,SCB-106,Good,0.1099999999999994,10.001428571428573,0.0731274165250114,9.89,10.11,0.2199999999999988,98.9,Normal,0,Monday,April,0.51,100.0,Normal,Healthy,Normal Operation,Continue Stream Monitoring,No Alert
2026-04-28,10.13,SCB-106,Good,0.0200000000000013,10.024285714285714,0.0856070758090403,9.89,10.13,0.2400000000000002,99.79999999999998,Normal,0,Tuesday,April,0.34,100.0,Normal,Healthy,Normal Operation,Continue Stream Monitoring,No Alert
2026-04-29,10.03,SCB-106,Good,-0.1000000000000014,10.02,0.0842614977317836,9.89,10.13,0.2400000000000002,99.0,Normal,0,Wednesday,April,0.41,100.0,Normal,Healthy,Normal Operation,Continue Stream Monitoring,No Alert
2026-04-30,9.99,SCB-106,Good,-0.0399999999999991,10.014285714285714,0.0848247493084508,9.89,10.13,0.2400000000000002,99.6,Normal,0,Thursday,April,0.3,100.0,Normal,Healthy,Normal Operation,Continue Stream Monitoring,No Alert
2026-05-01,10.07,SCB-106,Good,0.08,10.031428571428572,0.0817370930542288,9.89,10.13,0.2400000000000002,99.2,Normal,0,Friday,May,0.35,100.0,Normal,Healthy,Normal Operation,Continue Stream Monitoring,No Alert
2026-05-02,10.08,SCB-106,Good,0.0099999999999997,10.058571428571428,0.0536745040121976,9.99,10.13,0.1400000000000005,99.9,Normal,0,Saturday,May,0.36,100.0,Normal,Healthy,Normal Operation,Continue Stream Monitoring,No Alert
2026-05-03,9.87,SCB-106,Good,-0.2100000000000008,10.04,0.0885061203156969,9.87,10.13,0.2600000000000015,97.9,Normal,0,Sunday,May,0.27,100.0,Normal,Healthy,Normal Operation,Continue Stream Monitoring,No Alert
2026-05-04,10.14,SCB-106,Good,0.2700000000000013,10.044285714285715,0.0930693545798402,9.87,10.14,0.2700000000000013,97.29999999999998,Normal,0,Monday,May,0.35,100.0,Normal,Healthy,Normal Operation,Continue Stream Monitoring,No Alert
2026-05-05,10.14,SCB-106,Good,0.0,10.045714285714286,0.0946673373551195,9.87,10.14,0.2700000000000013,100.0,Normal,0,Tuesday,May,0.31,100.0,Normal,Healthy,Normal Operation,Continue Stream Monitoring,No Alert
2026-05-06,10.13,SCB-106,Good,-0.0099999999999997,10.06,0.0993310961716912,9.87,10.14,0.2700000000000013,99.9,Normal,0,Wednesday,May,0.4,100.0,Normal,Healthy,Normal Operation,Continue Stream Monitoring,No Alert
2026-05-07,10.14,SCB-106,Good,0.0099999999999997,10.081428571428573,0.0978823394742649,9.87,10.14,0.2700000000000013,99.9,Normal,0,Thursday,May,0.47,100.0,Normal,Healthy,Normal Operation,Continue Stream Monitoring,No Alert
2026-05-08,10.09,SCB-106,Good,-0.0500000000000007,10.084285714285716,0.0977849925188297,9.87,10.14,0.2700000000000013,99.5,Normal,0,Friday,May,0.33,100.0,Normal,Healthy,Normal Operation,Continue Stream Monitoring,No Alert
2026-05-09,9.79,SCB-106,Good,-0.3000000000000007,10.042857142857144,0.1482918615112764,9.79,10.14,0.3500000000000014,97.0,Normal,0,Saturday,May,0.37,100.0,Normal,Healthy,Normal Operation,Continue Stream Monitoring,No Alert
2026-05-10,10.13,SCB-106,Good,0.3400000000000016,10.08,0.1290994448735918,9.79,10.14,0.3500000000000014,96.59999999999998,Normal,0,Sunday,May,0.39,100.0,Normal,Healthy,Normal Operation,Continue Stream Monitoring,No Alert
2026-05-11,10.13,SCB-106,Good,0.0,10.078571428571433,0.1283781616200953,9.79,10.14,0.3500000000000014,100.0,Normal,0,Monday,May,0.41,100.0,Normal,Healthy,Normal Operation,Continue Stream Monitoring,No Alert
2026-05-12,10.13,SCB-106,Good,0.0,10.077142857142858,0.1276341497816284,9.79,10.14,0.3500000000000014,100.0,Normal,0,Tuesday,May,0.45,100.0,Normal,Healthy,Normal Operation,Continue Stream Monitoring,No Alert
2026-05-13,10.13,SCB-106,Good,0.0,10.077142857142858,0.1276341497816284,9.79,10.14,0.3500000000000014,100.0,Normal,0,Wednesday,May,0.24,100.0,Normal,Healthy,Normal Operation,Continue Stream Monitoring,No Alert
2026-05-14,10.11,SCB-106,Good,-0.0200000000000013,10.072857142857144,0.1256601615090446,9.79,10.13,0.3400000000000016,99.79999999999998,Normal,0,Thursday,May,0.32,100.0,Normal,Healthy,Normal Operation,Continue Stream Monitoring,No Alert
2026-05-15,9.83,SCB-106,Good,-0.2799999999999993,10.035714285714286,0.1547963331668684,9.79,10.13,0.3400000000000016,97.2,Normal,0,Friday,May,0.2,100.0,Normal,Healthy,Normal Operation,Continue Stream Monitoring,No Alert
2026-05-16,9.7,SCB-106,Good,-0.1300000000000007,10.022857142857143,0.180251147542754,9.7,10.13,0.4300000000000015,98.7,Normal,0,Saturday,May,0.29,100.0,Normal,Healthy,Normal Operation,Continue Stream Monitoring,No Alert
2026-05-17,9.53,SCB-106,Good,-0.1699999999999999,9.937142857142858,0.2499809516552821,9.53,10.13,0.6000000000000014,98.3,Normal,0,Sunday,May,0.28,100.0,Normal,Healthy,Normal Operation,Continue Stream Monitoring,No Alert
2026-05-18,9.69,SCB-106,Good,0.1600000000000001,9.874285714285715,0.2487205354648258,9.53,10.13,0.6000000000000014,98.4,Normal,0,Monday,May,0.29,100.0,Normal,Healthy,Normal Operation,Continue Stream Monitoring,No Alert
2026-05-19,9.49,SCB-106,Good,-0.1999999999999993,9.78285714285714,0.2565615121638774,9.49,10.13,0.6400000000000006,98.0,Low,0,Tuesday,May,0.27,65.0,Warning,Low Alkali Dosing,Insufficient Caustic Injection Flow Rate,Increase Caustic Dosing Pump Output,Alkaline Scrubber Low pH
2026-05-20,9.66,SCB-106,Good,0.1699999999999999,9.715714285714286,0.2073529312434352,9.49,10.11,0.6199999999999992,98.3,Normal,0,Wednesday,May,0.31,100.0,Normal,Healthy,Normal Operation,Continue Stream Monitoring,No Alert
2026-05-21,9.41,SCB-106,Good,-0.25,9.615714285714288,0.1448973363980382,9.41,9.83,0.4199999999999999,97.5,Low,0,Thursday,May,0.34,65.0,Warning,Low Alkali Dosing,Insufficient Caustic Injection Flow Rate,Increase Caustic Dosing Pump Output,Alkaline Scrubber Low pH
2026-05-22,9.07,SCB-106,Good,-0.3399999999999998,9.507142857142856,0.2218643944480935,9.07,9.7,0.629999999999999,96.6,Low,0,Friday,May,0.25,65.0,Warning,Low Alkali Dosing,Insufficient Caustic Injection Flow Rate,Increase Caustic Dosing Pump Output,Alkaline Scrubber Low pH
2026-05-23,9.68,SCB-106,Good,0.6099999999999994,9.504285714285714,0.2190781552214823,9.07,9.69,0.6199999999999992,93.9,Normal,0,Saturday,May,0.19,100.0,Normal,Healthy,Normal Operation,Continue Stream Monitoring,No Alert
2026-05-24,10.13,SCB-106,Good,0.450000000000001,9.59,0.3233676957685713,9.07,10.13,1.0600000000000005,95.5,Normal,0,Sunday,May,0.35,100.0,Normal,Healthy,Normal Operation,Continue Stream Monitoring,No Alert
2026-05-25,10.13,SCB-106,Good,0.0,9.652857142857144,0.3832629334940753,9.07,10.13,1.0600000000000005,100.0,Normal,0,Monday,May,0.36,100.0,Normal,Healthy,Normal Operation,Continue Stream Monitoring,No Alert
2026-05-26,10.12,SCB-106,Good,-0.0100000000000015,9.742857142857144,0.4115707426317894,9.07,10.13,1.0600000000000005,99.89999999999998,Normal,0,Tuesday,May,0.3,100.0,Normal,Healthy,Normal Operation,Continue Stream Monitoring,No Alert
2026-05-27,9.69,SCB-106,Good,-0.4299999999999997,9.747142857142858,0.4107194616651159,9.07,10.13,1.0600000000000005,95.7,Normal,0,Wednesday,May,0.41,100.0,Normal,Healthy,Normal Operation,Continue Stream Monitoring,No Alert
2026-05-28,9.09,SCB-106,Good,-0.5999999999999996,9.70142857142857,0.4682744413065481,9.07,10.13,1.0600000000000005,94.0,Low,0,Thursday,May,2.01,65.0,Warning,Low Alkali Dosing,Insufficient Caustic Injection Flow Rate,Increase Caustic Dosing Pump Output,Alkaline Scrubber Low pH
2026-05-29,9.6,SCB-106,Good,0.5099999999999998,9.777142857142858,0.3845219666770014,9.09,10.13,1.040000000000001,94.9,Normal,0,Friday,May,0.31,100.0,Normal,Healthy,Normal Operation,Continue Stream Monitoring,No Alert
2026-05-30,9.72,SCB-106,Good,0.120000000000001,9.782857142857145,0.3831324525415228,9.09,10.13,1.040000000000001,98.79999999999998,Normal,0,Saturday,May,0.3,100.0,Normal,Healthy,Normal Operation,Continue Stream Monitoring,No Alert
2026-05-31,9.22,SCB-106,Good,-0.5,9.652857142857142,0.399738009439288,9.09,10.13,1.040000000000001,95.0,Low,0,Sunday,May,0.29,65.0,Warning,Low Alkali Dosing,Insufficient Caustic Injection Flow Rate,Increase Caustic Dosing Pump Output,Alkaline Scrubber Low pH
2026-06-01,9.05,SCB-106,Good,-0.1699999999999999,9.498571428571427,0.3932526148007534,9.05,10.12,1.0699999999999985,98.3,Low,0,Monday,June,0.29,65.0,Warning,Low Alkali Dosing,Insufficient Caustic Injection Flow Rate,Increase Caustic Dosing Pump Output,Alkaline Scrubber Low pH
2026-06-02,9.54,SCB-106,Good,0.4899999999999984,9.415714285714284,0.2873358744777914,9.05,9.72,0.6699999999999999,95.10000000000002,Normal,0,Tuesday,June,0.3,100.0,Normal,Healthy,Normal Operation,Continue Stream Monitoring,No Alert
2026-06-03,10.11,SCB-106,Good,0.5700000000000003,9.475714285714286,0.3823112668519148,9.05,10.11,1.0599999999999987,94.3,Normal,0,Wednesday,June,0.27,100.0,Normal,Healthy,Normal Operation,Continue Stream Monitoring,No Alert
2026-06-04,10.13,SCB-106,Good,0.0200000000000013,9.624285714285715,0.4086097218152227,9.05,10.13,1.08,99.79999999999998,Normal,0,Thursday,June,0.24,100.0,Normal,Healthy,Normal Operation,Continue Stream Monitoring,No Alert
2026-06-05,10.13,SCB-106,Good,0.0,9.7,0.4503332099679169,9.05,10.13,1.08,100.0,Normal,0,Friday,June,0.24,100.0,Normal,Healthy,Normal Operation,Continue Stream Monitoring,No Alert
2026-06-06,10.13,SCB-106,Good,0.0,9.758571428571427,0.4791112804428906,9.05,10.13,1.08,100.0,Normal,0,Saturday,June,0.2333333333333333,100.0,Normal,Healthy,Normal Operation,Continue Stream Monitoring,No Alert
2026-06-07,10.12,SCB-106,Good,-0.0100000000000015,9.887142857142855,0.4285912693820082,9.05,10.13,1.08,99.89999999999998,Normal,0,Sunday,June,0.2266666666666666,100.0,Normal,Healthy,Normal Operation,Continue Stream Monitoring,No Alert
2026-06-08,9.32,SCB-106,Good,-0.7999999999999989,9.925714285714289,0.3446184916134206,9.32,10.13,0.8100000000000005,92.0,Low,0,Monday,June,0.22,65.0,Warning,Low Alkali Dosing,Insufficient Caustic Injection Flow Rate,Increase Caustic Dosing Pump Output,Alkaline Scrubber Low pH
2026-06-09,9.67,SCB-106,Good,0.3499999999999996,9.944285714285714,0.3232056694458017,9.32,10.13,0.8100000000000005,96.5,Normal,0,Tuesday,June,0.32,100.0,Normal,Healthy,Normal Operation,Continue Stream Monitoring,No Alert
2026-06-10,9.51,SCB-106,Good,-0.1600000000000001,9.858571428571429,0.3503535629155562,9.32,10.13,0.8100000000000005,98.4,Normal,0,Wednesday,June,0.31,100.0,Normal,Healthy,Normal Operation,Continue Stream Monitoring,No Alert
2026-06-11,9.58,SCB-106,Good,0.0700000000000002,9.78,0.3408812109811961,9.32,10.13,0.8100000000000005,99.3,Normal,0,Thursday,June,0.32,100.0,Normal,Healthy,Normal Operation,Continue Stream Monitoring,No Alert
2026-06-12,9.44,SCB-106,Good,-0.1400000000000005,9.68142857142857,0.3220470240730287,9.32,10.13,0.8100000000000005,98.6,Low,0,Friday,June,0.36,65.0,Warning,Low Alkali Dosing,Insufficient Caustic Injection Flow Rate,Increase Caustic Dosing Pump Output,Alkaline Scrubber Low pH
2026-06-13,9.34,SCB-106,Good,-0.0999999999999996,9.56857142857143,0.2734001079875954,9.32,10.12,0.7999999999999989,99.0,Low,0,Saturday,June,0.29,65.0,Warning,Low Alkali Dosing,Insufficient Caustic Injection Flow Rate,Increase Caustic Dosing Pump Output,Alkaline Scrubber Low pH
2026-06-14,9.13,SCB-106,Good,-0.209999999999999,9.427142857142856,0.1810814076333847,9.13,9.67,0.5399999999999991,97.9,Low,0,Sunday,June,0.29,65.0,Warning,Low Alkali Dosing,Insufficient Caustic Injection Flow Rate,Increase Caustic Dosing Pump Output,Alkaline Scrubber Low pH
2026-06-15,9.14,SCB-106,Good,0.0099999999999997,9.401428571428571,0.2093982307652843,9.13,9.67,0.5399999999999991,99.9,Low,0,Monday,June,0.31,65.0,Warning,Low Alkali Dosing,Insufficient Caustic Injection Flow Rate,Increase Caustic Dosing Pump Output,Alkaline Scrubber Low pH
2026-06-16,9.74,SCB-106,Good,0.5999999999999996,9.411428571428573,0.2254202424679244,9.13,9.74,0.6099999999999994,94.0,Normal,0,Tuesday,June,0.24,100.0,Normal,Healthy,Normal Operation,Continue Stream Monitoring,No Alert
2026-06-17,10.15,SCB-106,Good,0.4100000000000001,9.502857142857142,0.3610500558885892,9.13,10.15,1.0199999999999996,95.9,Normal,0,Wednesday,June,0.21,100.0,Normal,Healthy,Normal Operation,Continue Stream Monitoring,No Alert
2026-06-18,9.82,SCB-106,Good,-0.33,9.537142857142856,0.3804696346059076,9.13,10.15,1.0199999999999996,96.7,Normal,0,Thursday,June,0.36,100.0,Normal,Healthy,Normal Operation,Continue Stream Monitoring,No Alert
2026-06-19,9.78,SCB-106,Good,-0.0400000000000009,9.585714285714287,0.3876363047521657,9.13,10.15,1.0199999999999996,99.6,Normal,0,Friday,June,0.26,100.0,Normal,Healthy,Normal Operation,Continue Stream Monitoring,No Alert
2026-06-20,10.15,SCB-106,Good,0.370000000000001,9.70142857142857,0.4214826438272714,9.13,10.15,1.0199999999999996,96.29999999999998,Normal,0,Saturday,June,0.24,100.0,Normal,Healthy,Normal Operation,Continue Stream Monitoring,No Alert
2026-06-21,10.15,SCB-106,Good,0.0,9.847142857142858,0.363304935543796,9.14,10.15,1.0099999999999998,100.0,Normal,0,Sunday,June,0.3,100.0,Normal,Healthy,Normal Operation,Continue Stream Monitoring,No Alert
2026-06-22,10.15,SCB-106,Good,0.0,9.991428571428573,0.1991170988328797,9.74,10.15,0.4100000000000001,100.0,Normal,0,Monday,June,0.28,100.0,Normal,Healthy,Normal Operation,Continue Stream Monitoring,No Alert
2026-06-23,10.15,SCB-106,Interpolated,0.0,10.05,0.171172427686245,9.78,10.15,0.370000000000001,100.0,Normal,0,Tuesday,June,0.37,100.0,Normal,Healthy,Normal Operation,Continue Stream Monitoring,No Alert
2026-06-24,10.15,SCB-106,Interpolated,0.0,10.05,0.171172427686245,9.78,10.15,0.370000000000001,100.0,Normal,0,Wednesday,June,0.27,100.0,Normal,Healthy,Normal Operation,Continue Stream Monitoring,No Alert
2026-06-25,10.15,SCB-106,Interpolated,0.0,10.097142857142858,0.1398468550134211,9.78,10.15,0.370000000000001,100.0,Normal,0,Thursday,June,0.33,100.0,Normal,Healthy,Normal Operation,Continue Stream Monitoring,No Alert
2026-06-26,,SCB-106,Offline,0.0,10.15,0.0,10.15,10.15,0.0,100.0,Offline,0,Friday,June,0.24,0.0,Critical,Scrubber Telemetry Offline,CEMS Sensor Communication Failure,Inspect Modbus Transmitters and Field PLC Cabinets,Sensor Connection Error
2026-06-27,,SCB-106,Offline,0.0,10.15,0.0,10.15,10.15,0.0,100.0,Offline,0,Saturday,June,0.34,0.0,Critical,Scrubber Telemetry Offline,CEMS Sensor Communication Failure,Inspect Modbus Transmitters and Field PLC Cabinets,Sensor Connection Error
2026-06-28,,SCB-106,Offline,0.0,10.15,0.0,10.15,10.15,0.0,100.0,Offline,0,Sunday,June,0.24,0.0,Critical,Scrubber Telemetry Offline,CEMS Sensor Communication Failure,Inspect Modbus Transmitters and Field PLC Cabinets,Sensor Connection Error
2026-06-29,,SCB-106,Offline,0.0,10.15,0.0,10.15,10.15,0.0,100.0,Offline,0,Monday,June,0.44,0.0,Critical,Scrubber Telemetry Offline,CEMS Sensor Communication Failure,Inspect Modbus Transmitters and Field PLC Cabinets,Sensor Connection Error
2026-06-30,,SCB-106,Offline,0.0,10.15,0.0,10.15,10.15,0.0,100.0,Offline,0,Tuesday,June,0.47,0.0,Critical,Scrubber Telemetry Offline,CEMS Sensor Communication Failure,Inspect Modbus Transmitters and Field PLC Cabinets,Sensor Connection Error
2026-01-01,9.02,SCB-107,Good,0.0,9.02,0.0,9.02,9.02,0.0,100.0,Low,0,Thursday,January,0.45,65.0,Warning,Low Alkali Dosing,Insufficient Caustic Injection Flow Rate,Increase Caustic Dosing Pump Output,Alkaline Scrubber Low pH
2026-01-02,8.96,SCB-107,Good,-0.0599999999999987,8.99,0.0424264068711919,8.96,9.02,0.0599999999999987,99.4,Low,0,Friday,January,0.45,65.0,Warning,Low Alkali Dosing,Insufficient Caustic Injection Flow Rate,Increase Caustic Dosing Pump Output,Alkaline Scrubber Low pH
2026-01-03,8.47,SCB-107,Good,-0.4900000000000002,8.816666666666668,0.3017173069834294,8.47,9.02,0.5499999999999989,95.1,Low,0,Saturday,January,0.47,65.0,Warning,Low Alkali Dosing,Insufficient Caustic Injection Flow Rate,Increase Caustic Dosing Pump Output,Alkaline Scrubber Low pH
2026-01-04,8.87,SCB-107,Good,0.3999999999999986,8.83,0.2477902338672768,8.47,9.02,0.5499999999999989,96.0,Low,0,Sunday,January,0.51,65.0,Warning,Low Alkali Dosing,Insufficient Caustic Injection Flow Rate,Increase Caustic Dosing Pump Output,Alkaline Scrubber Low pH
2026-01-05,8.88,SCB-107,Good,0.0100000000000015,8.84,0.2157544901039138,8.47,9.02,0.5499999999999989,99.89999999999998,Low,0,Monday,January,0.41,65.0,Warning,Low Alkali Dosing,Insufficient Caustic Injection Flow Rate,Increase Caustic Dosing Pump Output,Alkaline Scrubber Low pH
2026-01-06,8.947500000000002,SCB-107,Interpolated,0.0675000000000007,8.857916666666666,0.1979041224094804,8.47,9.02,0.5499999999999989,99.325,Low,0,Tuesday,January,0.41,65.0,Warning,Low Alkali Dosing,Insufficient Caustic Injection Flow Rate,Increase Caustic Dosing Pump Output,Alkaline Scrubber Low pH
2026-01-07,9.015,SCB-107,Interpolated,0.067499999999999,8.880357142857143,0.1901667501356187,8.47,9.02,0.5499999999999989,99.32500000000002,Low,0,Wednesday,January,0.52,65.0,Warning,Low Alkali Dosing,Insufficient Caustic Injection Flow Rate,Increase Caustic Dosing Pump Output,Alkaline Scrubber Low pH
2026-01-08,9.0825,SCB-107,Interpolated,0.067499999999999,8.889285714285714,0.1990744955083517,8.47,9.0825,0.6124999999999989,99.32500000000002,Low,0,Thursday,January,0.54,65.0,Warning,Low Alkali Dosing,Insufficient Caustic Injection Flow Rate,Increase Caustic Dosing Pump Output,Alkaline Scrubber Low pH
2026-01-09,9.15,SCB-107,Good,0.0675000000000007,8.916428571428572,0.2219602870957303,8.47,9.15,0.6799999999999997,99.325,Low,0,Friday,January,0.48,65.0,Warning,Low Alkali Dosing,Insufficient Caustic Injection Flow Rate,Increase Caustic Dosing Pump Output,Alkaline Scrubber Low pH
2026-01-10,9.17,SCB-107,Good,0.0199999999999995,9.016428571428571,0.122880846273747,8.87,9.17,0.3000000000000007,99.8,Low,0,Saturday,January,0.53,65.0,Warning,Low Alkali Dosing,Insufficient Caustic Injection Flow Rate,Increase Caustic Dosing Pump Output,Alkaline Scrubber Low pH
2026-01-11,9.17,SCB-107,Good,0.0,9.059285714285716,0.1153862560933395,8.88,9.17,0.2899999999999991,100.0,Low,0,Sunday,January,0.51,65.0,Warning,Low Alkali Dosing,Insufficient Caustic Injection Flow Rate,Increase Caustic Dosing Pump Output,Alkaline Scrubber Low pH
2026-01-12,9.17,SCB-107,Good,0.0,9.100714285714286,0.0894277441769104,8.947500000000002,9.17,0.2224999999999983,100.0,Low,0,Monday,January,0.52,65.0,Warning,Low Alkali Dosing,Insufficient Caustic Injection Flow Rate,Increase Caustic Dosing Pump Output,Alkaline Scrubber Low pH
2026-01-13,9.17,SCB-107,Good,0.0,9.1325,0.060878978309425,9.015,9.17,0.1549999999999993,100.0,Low,0,Tuesday,January,0.54,65.0,Warning,Low Alkali Dosing,Insufficient Caustic Injection Flow Rate,Increase Caustic Dosing Pump Output,Alkaline Scrubber Low pH
2026-01-14,9.11,SCB-107,Good,-0.0600000000000005,9.14607142857143,0.035702974399226,9.0825,9.17,0.0875000000000003,99.4,Low,0,Wednesday,January,0.57,65.0,Warning,Low Alkali Dosing,Insufficient Caustic Injection Flow Rate,Increase Caustic Dosing Pump Output,Alkaline Scrubber Low pH
2026-01-15,9.0,SCB-107,Good,-0.1099999999999994,9.134285714285712,0.0632078958298527,9.0,9.17,0.1699999999999999,98.9,Low,0,Thursday,January,0.51,65.0,Warning,Low Alkali Dosing,Insufficient Caustic Injection Flow Rate,Increase Caustic Dosing Pump Output,Alkaline Scrubber Low pH
2026-01-16,9.13,SCB-107,Good,0.1300000000000007,9.131428571428572,0.0628300807545118,9.0,9.17,0.1699999999999999,98.7,Low,0,Friday,January,0.49,65.0,Warning,Low Alkali Dosing,Insufficient Caustic Injection Flow Rate,Increase Caustic Dosing Pump Output,Alkaline Scrubber Low pH
2026-01-17,9.06,SCB-107,Good,-0.0700000000000002,9.115714285714288,0.0652832655579069,9.0,9.17,0.1699999999999999,99.3,Low,0,Saturday,January,0.54,65.0,Warning,Low Alkali Dosing,Insufficient Caustic Injection Flow Rate,Increase Caustic Dosing Pump Output,Alkaline Scrubber Low pH
2026-01-18,9.07,SCB-107,Good,0.0099999999999997,9.10142857142857,0.0622972903178929,9.0,9.17,0.1699999999999999,99.9,Low,0,Sunday,January,0.46,65.0,Warning,Low Alkali Dosing,Insufficient Caustic Injection Flow Rate,Increase Caustic Dosing Pump Output,Alkaline Scrubber Low pH
2026-01-19,9.06,SCB-107,Good,-0.0099999999999997,9.085714285714284,0.0556348640264141,9.0,9.17,0.1699999999999999,99.9,Low,0,Monday,January,0.34,65.0,Warning,Low Alkali Dosing,Insufficient Caustic Injection Flow Rate,Increase Caustic Dosing Pump Output,Alkaline Scrubber Low pH
2026-01-20,8.86,SCB-107,Good,-0.200000000000001,9.041428571428572,0.0900793301167668,8.86,9.13,0.2700000000000013,98.0,Low,0,Tuesday,January,0.53,65.0,Warning,Low Alkali Dosing,Insufficient Caustic Injection Flow Rate,Increase Caustic Dosing Pump Output,Alkaline Scrubber Low pH
2026-01-21,9.06,SCB-107,Good,0.200000000000001,9.034285714285714,0.0856070758090195,8.86,9.13,0.2700000000000013,98.0,Low,0,Wednesday,January,0.44,65.0,Warning,Low Alkali Dosing,Insufficient Caustic Injection Flow Rate,Increase Caustic Dosing Pump Output,Alkaline Scrubber Low pH
2026-01-22,8.9,SCB-107,Good,-0.1600000000000001,9.02,0.0994987437106613,8.86,9.13,0.2700000000000013,98.4,Low,0,Thursday,January,0.46,65.0,Warning,Low Alkali Dosing,Insufficient Caustic Injection Flow Rate,Increase Caustic Dosing Pump Output,Alkaline Scrubber Low pH
2026-01-23,8.83,SCB-107,Good,-0.0700000000000002,8.977142857142857,0.1084303594808345,8.83,9.07,0.2400000000000002,99.3,Low,0,Friday,January,0.36,65.0,Warning,Low Alkali Dosing,Insufficient Caustic Injection Flow Rate,Increase Caustic Dosing Pump Output,Alkaline Scrubber Low pH
2026-01-24,8.87,SCB-107,Good,0.0399999999999991,8.95,0.1080123449734659,8.83,9.07,0.2400000000000002,99.6,Low,0,Saturday,January,0.37,65.0,Warning,Low Alkali Dosing,Insufficient Caustic Injection Flow Rate,Increase Caustic Dosing Pump Output,Alkaline Scrubber Low pH
2026-01-25,8.899999999999999,SCB-107,Interpolated,0.0299999999999993,8.925714285714285,0.0948432290426607,8.83,9.06,0.2300000000000004,99.7,Low,0,Sunday,January,0.54,65.0,Warning,Low Alkali Dosing,Insufficient Caustic Injection Flow Rate,Increase Caustic Dosing Pump Output,Alkaline Scrubber Low pH
2026-01-26,8.93,SCB-107,Interpolated,0.0300000000000011,8.907142857142857,0.0747694870283111,8.83,9.06,0.2300000000000004,99.7,Low,0,Monday,January,0.41,65.0,Warning,Low Alkali Dosing,Insufficient Caustic Injection Flow Rate,Increase Caustic Dosing Pump Output,Alkaline Scrubber Low pH
2026-01-27,8.959999999999999,SCB-107,Interpolated,0.0299999999999993,8.921428571428573,0.0738079876952321,8.83,9.06,0.2300000000000004,99.7,Low,0,Tuesday,January,0.42,65.0,Warning,Low Alkali Dosing,Insufficient Caustic Injection Flow Rate,Increase Caustic Dosing Pump Output,Alkaline Scrubber Low pH
2026-01-28,,SCB-107,Offline,0.0,8.898333333333333,0.0453504869507198,8.83,8.959999999999999,0.129999999999999,100.0,Offline,0,Wednesday,January,0.425,0.0,Critical,Scrubber Telemetry Offline,CEMS Sensor Communication Failure,Inspect Modbus Transmitters and Field PLC Cabinets,Sensor Connection Error
2026-01-29,9.02,SCB-107,Good,0.0,8.918333333333333,0.0673547820623541,8.83,9.02,0.1899999999999995,100.0,Low,0,Thursday,January,0.43,65.0,Warning,Low Alkali Dosing,Insufficient Caustic Injection Flow Rate,Increase Caustic Dosing Pump Output,Alkaline Scrubber Low pH
2026-01-30,9.05,SCB-107,Good,0.0300000000000011,8.954999999999998,0.0694982014155784,8.87,9.05,0.1800000000000015,99.7,Low,0,Friday,January,0.435,65.0,Warning,Low Alkali Dosing,Insufficient Caustic Injection Flow Rate,Increase Caustic Dosing Pump Output,Alkaline Scrubber Low pH
2026-01-31,8.98,SCB-107,Good,-0.0700000000000002,8.973333333333333,0.0557374799095435,8.899999999999999,9.05,0.1500000000000021,99.3,Low,0,Saturday,January,0.0,65.0,Warning,Low Alkali Dosing,Insufficient Caustic Injection Flow Rate,Increase Caustic Dosing Pump Output,Alkaline Scrubber Low pH
2026-02-01,9.05,SCB-107,Good,0.0700000000000002,8.998333333333333,0.0495647724363426,8.93,9.05,0.120000000000001,99.3,Low,0,Sunday,February,0.0,65.0,Warning,Low Alkali Dosing,Insufficient Caustic Injection Flow Rate,Increase Caustic Dosing Pump Output,Alkaline Scrubber Low pH
2026-02-02,9.05,SCB-107,Good,0.0,9.018333333333333,0.039707262140145,8.959999999999999,9.05,0.0900000000000016,100.0,Low,0,Monday,February,0.45,65.0,Warning,Low Alkali Dosing,Insufficient Caustic Injection Flow Rate,Increase Caustic Dosing Pump Output,Alkaline Scrubber Low pH
2026-02-03,9.14,SCB-107,Good,0.0899999999999998,9.048333333333334,0.0526940856896275,8.98,9.14,0.1600000000000001,99.1,Low,0,Tuesday,February,0.23,65.0,Warning,Low Alkali Dosing,Insufficient Caustic Injection Flow Rate,Increase Caustic Dosing Pump Output,Alkaline Scrubber Low pH
2026-02-04,9.16,SCB-107,Good,0.0199999999999995,9.064285714285717,0.0639940473422115,8.98,9.16,0.1799999999999997,99.8,Low,0,Wednesday,February,0.25,65.0,Warning,Low Alkali Dosing,Insufficient Caustic Injection Flow Rate,Increase Caustic Dosing Pump Output,Alkaline Scrubber Low pH
2026-02-05,9.22,SCB-107,Good,0.0600000000000005,9.092857142857143,0.0828078671210752,8.98,9.22,0.2400000000000002,99.4,Low,0,Thursday,February,0.2,65.0,Warning,Low Alkali Dosing,Insufficient Caustic Injection Flow Rate,Increase Caustic Dosing Pump Output,Alkaline Scrubber Low pH
2026-02-06,9.26,SCB-107,Good,0.0399999999999991,9.122857142857145,0.1007826515683193,8.98,9.26,0.2799999999999993,99.6,Low,0,Friday,February,0.24,65.0,Warning,Low Alkali Dosing,Insufficient Caustic Injection Flow Rate,Increase Caustic Dosing Pump Output,Alkaline Scrubber Low pH
2026-02-07,9.27,SCB-107,Good,0.0099999999999997,9.164285714285716,0.0914434511701233,9.05,9.27,0.2199999999999988,99.9,Low,0,Saturday,February,0.2,65.0,Warning,Low Alkali Dosing,Insufficient Caustic Injection Flow Rate,Increase Caustic Dosing Pump Output,Alkaline Scrubber Low pH
2026-02-08,9.27,SCB-107,Good,0.0,9.195714285714288,0.0830375703837476,9.05,9.27,0.2199999999999988,100.0,Low,0,Sunday,February,0.27,65.0,Warning,Low Alkali Dosing,Insufficient Caustic Injection Flow Rate,Increase Caustic Dosing Pump Output,Alkaline Scrubber Low pH
2026-02-09,9.27,SCB-107,Good,0.0,9.227142857142857,0.0558910504804403,9.14,9.27,0.129999999999999,100.0,Low,0,Monday,February,0.28,65.0,Warning,Low Alkali Dosing,Insufficient Caustic Injection Flow Rate,Increase Caustic Dosing Pump Output,Alkaline Scrubber Low pH
2026-02-10,9.24,SCB-107,Good,-0.0299999999999993,9.241428571428573,0.0405908739449721,9.16,9.27,0.1099999999999994,99.7,Low,0,Tuesday,February,0.27,65.0,Warning,Low Alkali Dosing,Insufficient Caustic Injection Flow Rate,Increase Caustic Dosing Pump Output,Alkaline Scrubber Low pH
2026-02-11,9.2,SCB-107,Good,-0.0400000000000009,9.247142857142858,0.0281154084173388,9.2,9.27,0.0700000000000002,99.6,Low,0,Wednesday,February,0.14,65.0,Warning,Low Alkali Dosing,Insufficient Caustic Injection Flow Rate,Increase Caustic Dosing Pump Output,Alkaline Scrubber Low pH
2026-02-12,9.22,SCB-107,Good,0.0200000000000013,9.247142857142856,0.0281154084173388,9.2,9.27,0.0700000000000002,99.79999999999998,Low,0,Thursday,February,0.26,65.0,Warning,Low Alkali Dosing,Insufficient Caustic Injection Flow Rate,Increase Caustic Dosing Pump Output,Alkaline Scrubber Low pH
2026-02-13,9.26,SCB-107,Good,0.0399999999999991,9.247142857142858,0.0281154084173388,9.2,9.27,0.0700000000000002,99.6,Low,0,Friday,February,0.29,65.0,Warning,Low Alkali Dosing,Insufficient Caustic Injection Flow Rate,Increase Caustic Dosing Pump Output,Alkaline Scrubber Low pH
2026-02-14,9.19,SCB-107,Good,-0.0700000000000002,9.235714285714286,0.0330943816264293,9.19,9.27,0.08,99.3,Low,0,Saturday,February,0.17,65.0,Warning,Low Alkali Dosing,Insufficient Caustic Injection Flow Rate,Increase Caustic Dosing Pump Output,Alkaline Scrubber Low pH
2026-02-15,9.17,SCB-107,Good,-0.0199999999999995,9.221428571428572,0.0371611676478295,9.17,9.27,0.0999999999999996,99.8,Low,0,Sunday,February,0.29,65.0,Warning,Low Alkali Dosing,Insufficient Caustic Injection Flow Rate,Increase Caustic Dosing Pump Output,Alkaline Scrubber Low pH
2026-02-16,9.1,SCB-107,Good,-0.0700000000000002,9.197142857142856,0.052508502712805,9.1,9.26,0.1600000000000001,99.3,Low,0,Monday,February,0.19,65.0,Warning,Low Alkali Dosing,Insufficient Caustic Injection Flow Rate,Increase Caustic Dosing Pump Output,Alkaline Scrubber Low pH
2026-02-17,9.09,SCB-107,Good,-0.0099999999999997,9.175714285714289,0.0618754509362903,9.09,9.26,0.1699999999999999,99.9,Low,0,Tuesday,February,0.19,65.0,Warning,Low Alkali Dosing,Insufficient Caustic Injection Flow Rate,Increase Caustic Dosing Pump Output,Alkaline Scrubber Low pH
2026-02-18,9.12,SCB-107,Good,0.0299999999999993,9.164285714285713,0.0639940473422021,9.09,9.26,0.1699999999999999,99.7,Low,0,Wednesday,February,0.22,65.0,Warning,Low Alkali Dosing,Insufficient Caustic Injection Flow Rate,Increase Caustic Dosing Pump Output,Alkaline Scrubber Low pH
2026-02-19,9.17,SCB-107,Good,0.0500000000000007,9.157142857142857,0.0593616839704489,9.09,9.26,0.1699999999999999,99.5,Low,0,Thursday,February,0.25,65.0,Warning,Low Alkali Dosing,Insufficient Caustic Injection Flow Rate,Increase Caustic Dosing Pump Output,Alkaline Scrubber Low pH
2026-02-20,9.22,SCB-107,Good,0.0500000000000007,9.151428571428571,0.0487950036474061,9.09,9.22,0.1300000000000007,99.5,Low,0,Friday,February,0.25,65.0,Warning,Low Alkali Dosing,Insufficient Caustic Injection Flow Rate,Increase Caustic Dosing Pump Output,Alkaline Scrubber Low pH
2026-02-21,9.23,SCB-107,Good,0.0099999999999997,9.157142857142858,0.0558910504804436,9.09,9.23,0.1400000000000005,99.9,Low,0,Saturday,February,0.24,65.0,Warning,Low Alkali Dosing,Insufficient Caustic Injection Flow Rate,Increase Caustic Dosing Pump Output,Alkaline Scrubber Low pH
2026-02-22,9.23,SCB-107,Good,0.0,9.165714285714284,0.0624118425880539,9.09,9.23,0.1400000000000005,100.0,Low,0,Sunday,February,0.24,65.0,Warning,Low Alkali Dosing,Insufficient Caustic Injection Flow Rate,Increase Caustic Dosing Pump Output,Alkaline Scrubber Low pH
2026-02-23,9.23,SCB-107,Good,0.0,9.184285714285716,0.0588379534136133,9.09,9.23,0.1400000000000005,100.0,Low,0,Monday,February,0.34,65.0,Warning,Low Alkali Dosing,Insufficient Caustic Injection Flow Rate,Increase Caustic Dosing Pump Output,Alkaline Scrubber Low pH
2026-02-24,9.25,SCB-107,Good,0.0199999999999995,9.207142857142856,0.0457217255850406,9.12,9.25,0.1300000000000007,99.8,Low,0,Tuesday,February,0.21,65.0,Warning,Low Alkali Dosing,Insufficient Caustic Injection Flow Rate,Increase Caustic Dosing Pump Output,Alkaline Scrubber Low pH
2026-02-25,9.26,SCB-107,Good,0.0099999999999997,9.227142857142857,0.0287020822207534,9.17,9.26,0.0899999999999998,99.9,Low,0,Wednesday,February,0.22,65.0,Warning,Low Alkali Dosing,Insufficient Caustic Injection Flow Rate,Increase Caustic Dosing Pump Output,Alkaline Scrubber Low pH
2026-02-26,9.24,SCB-107,Good,-0.0199999999999995,9.237142857142857,0.0138013111867491,9.22,9.26,0.0399999999999991,99.8,Low,0,Thursday,February,0.23,65.0,Warning,Low Alkali Dosing,Insufficient Caustic Injection Flow Rate,Increase Caustic Dosing Pump Output,Alkaline Scrubber Low pH
2026-02-27,9.19,SCB-107,Good,-0.0500000000000007,9.232857142857142,0.0221466970556227,9.19,9.26,0.0700000000000002,99.5,Low,0,Friday,February,0.23,65.0,Warning,Low Alkali Dosing,Insufficient Caustic Injection Flow Rate,Increase Caustic Dosing Pump Output,Alkaline Scrubber Low pH
2026-02-28,9.19,SCB-107,Good,0.0,9.227142857142857,0.0275162289774639,9.19,9.26,0.0700000000000002,100.0,Low,0,Saturday,February,0.23,65.0,Warning,Low Alkali Dosing,Insufficient Caustic Injection Flow Rate,Increase Caustic Dosing Pump Output,Alkaline Scrubber Low pH
2026-03-01,9.18,SCB-107,Good,-0.0099999999999997,9.22,0.0326598632370691,9.18,9.26,0.08,99.9,Low,0,Sunday,March,0.24,65.0,Warning,Low Alkali Dosing,Insufficient Caustic Injection Flow Rate,Increase Caustic Dosing Pump Output,Alkaline Scrubber Low pH
2026-03-02,9.2,SCB-107,Good,0.0199999999999995,9.215714285714286,0.0330943816264255,9.18,9.26,0.08,99.8,Low,0,Monday,March,0.3,65.0,Warning,Low Alkali Dosing,Insufficient Caustic Injection Flow Rate,Increase Caustic Dosing Pump Output,Alkaline Scrubber Low pH
2026-03-03,9.2,SCB-107,Good,0.0,9.208571428571428,0.0296808419851896,9.18,9.26,0.08,100.0,Low,0,Tuesday,March,0.26,65.0,Warning,Low Alkali Dosing,Insufficient Caustic Injection Flow Rate,Increase Caustic Dosing Pump Output,Alkaline Scrubber Low pH
2026-03-04,9.15,SCB-107,Good,-0.0499999999999989,9.19285714285714,0.0269037083653344,9.15,9.24,0.0899999999999998,99.5,Low,0,Wednesday,March,0.18,65.0,Warning,Low Alkali Dosing,Insufficient Caustic Injection Flow Rate,Increase Caustic Dosing Pump Output,Alkaline Scrubber Low pH
2026-03-05,1.88,SCB-107,Good,-7.27,8.141428571428571,2.7610832932711307,1.88,9.2,7.319999999999999,27.3,Low,0,Thursday,March,0.22,6.8,Warning,Low Alkali Dosing,Insufficient Caustic Injection Flow Rate,Increase Caustic Dosing Pump Output,Alkaline Scrubber Low pH
2026-03-06,0.17,SCB-107,Good,-1.71,6.852857142857141,4.01170667873294,0.17,9.2,9.03,82.9,Low,0,Friday,March,0.25,51.3,Warning,Low Alkali Dosing,Insufficient Caustic Injection Flow Rate,Increase Caustic Dosing Pump Output,Alkaline Scrubber Low pH
2026-03-07,8.89,SCB-107,Good,8.72,6.8100000000000005,3.984085005786565,0.17,9.2,9.03,12.799999999999995,Low,0,Saturday,March,0.2,0.0,Warning,Low Alkali Dosing,Insufficient Caustic Injection Flow Rate,Increase Caustic Dosing Pump Output,Alkaline Scrubber Low pH
2026-03-08,9.01,SCB-107,Good,0.1199999999999992,6.785714285714286,3.967714947518522,0.17,9.2,9.03,98.8,Low,0,Sunday,March,0.22,65.0,Warning,Low Alkali Dosing,Insufficient Caustic Injection Flow Rate,Increase Caustic Dosing Pump Output,Alkaline Scrubber Low pH
2026-03-09,9.01,SCB-107,Good,0.0,6.758571428571429,3.949052327548255,0.17,9.2,9.03,100.0,Low,0,Monday,March,0.2,65.0,Warning,Low Alkali Dosing,Insufficient Caustic Injection Flow Rate,Increase Caustic Dosing Pump Output,Alkaline Scrubber Low pH
2026-03-10,8.99,SCB-107,Good,-0.0199999999999995,6.728571428571429,3.9281566014753393,0.17,9.15,8.98,99.8,Low,0,Tuesday,March,0.19,65.0,Warning,Low Alkali Dosing,Insufficient Caustic Injection Flow Rate,Increase Caustic Dosing Pump Output,Alkaline Scrubber Low pH
2026-03-11,9.06,SCB-107,Good,0.0700000000000002,6.715714285714286,3.919046895793488,0.17,9.06,8.89,99.3,Low,0,Wednesday,March,0.24,65.0,Warning,Low Alkali Dosing,Insufficient Caustic Injection Flow Rate,Increase Caustic Dosing Pump Output,Alkaline Scrubber Low pH
2026-03-12,9.04,SCB-107,Good,-0.0200000000000013,7.738571428571428,3.337865728133416,0.17,9.06,8.89,99.79999999999998,Low,0,Thursday,March,0.25,65.0,Warning,Low Alkali Dosing,Insufficient Caustic Injection Flow Rate,Increase Caustic Dosing Pump Output,Alkaline Scrubber Low pH
2026-03-13,8.91,SCB-107,Good,-0.129999999999999,8.987142857142858,0.0639568306787614,8.89,9.06,0.1699999999999999,98.70000000000002,Low,0,Friday,March,0.22,65.0,Warning,Low Alkali Dosing,Insufficient Caustic Injection Flow Rate,Increase Caustic Dosing Pump Output,Alkaline Scrubber Low pH
2026-03-14,8.94,SCB-107,Good,0.0299999999999993,8.994285714285713,0.0531843156256335,8.91,9.06,0.1500000000000003,99.7,Low,0,Saturday,March,0.13,65.0,Warning,Low Alkali Dosing,Insufficient Caustic Injection Flow Rate,Increase Caustic Dosing Pump Output,Alkaline Scrubber Low pH
2026-03-15,8.84,SCB-107,Good,-0.0999999999999996,8.97,0.0778888096369579,8.84,9.06,0.2200000000000006,99.0,Low,0,Sunday,March,0.15,65.0,Warning,Low Alkali Dosing,Insufficient Caustic Injection Flow Rate,Increase Caustic Dosing Pump Output,Alkaline Scrubber Low pH
2026-03-16,9.05,SCB-107,Good,0.2100000000000008,8.975714285714286,0.0826351706512852,8.84,9.06,0.2200000000000006,97.9,Low,0,Monday,March,0.14,65.0,Warning,Low Alkali Dosing,Insufficient Caustic Injection Flow Rate,Increase Caustic Dosing Pump Output,Alkaline Scrubber Low pH
2026-03-17,8.99,SCB-107,Good,-0.0600000000000005,8.975714285714286,0.0826351706512852,8.84,9.06,0.2200000000000006,99.4,Low,0,Tuesday,March,0.19,65.0,Warning,Low Alkali Dosing,Insufficient Caustic Injection Flow Rate,Increase Caustic Dosing Pump Output,Alkaline Scrubber Low pH
2026-03-18,9.0,SCB-107,Good,0.0099999999999997,8.967142857142857,0.075213980463332,8.84,9.05,0.2100000000000008,99.9,Low,0,Wednesday,March,0.12,65.0,Warning,Low Alkali Dosing,Insufficient Caustic Injection Flow Rate,Increase Caustic Dosing Pump Output,Alkaline Scrubber Low pH
2026-03-19,2.87,SCB-107,Good,-6.13,8.085714285714285,2.300919071029785,2.87,9.05,6.180000000000001,38.7,Low,0,Thursday,March,0.19,16.0,Warning,Low Alkali Dosing,Insufficient Caustic Injection Flow Rate,Increase Caustic Dosing Pump Output,Alkaline Scrubber Low pH
2026-03-20,4.693333333333333,SCB-107,Interpolated,1.8233333333333333,7.483333333333333,2.583735452574216,2.87,9.05,6.180000000000001,81.76666666666667,Low,0,Friday,March,0.21,50.4,Warning,Low Alkali Dosing,Insufficient Caustic Injection Flow Rate,Increase Caustic Dosing Pump Output,Alkaline Scrubber Low pH
2026-03-21,6.516666666666667,SCB-107,Interpolated,1.8233333333333333,7.137142857142857,2.5175307041942605,2.87,9.05,6.180000000000001,81.76666666666667,Low,0,Saturday,March,0.25,50.4,Warning,Low Alkali Dosing,Insufficient Caustic Injection Flow Rate,Increase Caustic Dosing Pump Output,Alkaline Scrubber Low pH
2026-03-22,8.34,SCB-107,Good,1.8233333333333333,7.065714285714286,2.467765306601422,2.87,9.05,6.180000000000001,81.76666666666667,Low,0,Sunday,March,0.3,50.4,Warning,Low Alkali Dosing,Insufficient Caustic Injection Flow Rate,Increase Caustic Dosing Pump Output,Alkaline Scrubber Low pH
2026-03-23,8.34,SCB-107,Good,0.0,6.964285714285714,2.385846937350678,2.87,9.0,6.13,100.0,Low,0,Monday,March,0.28,65.0,Warning,Low Alkali Dosing,Insufficient Caustic Injection Flow Rate,Increase Caustic Dosing Pump Output,Alkaline Scrubber Low pH
2026-03-24,8.63,SCB-107,Good,0.2900000000000009,6.912857142857143,2.338310112002722,2.87,9.0,6.13,97.1,Low,0,Tuesday,March,0.24,65.0,Warning,Low Alkali Dosing,Insufficient Caustic Injection Flow Rate,Increase Caustic Dosing Pump Output,Alkaline Scrubber Low pH
2026-03-25,8.557500000000001,SCB-107,Interpolated,-0.0724999999999997,6.849642857142858,2.277677090786616,2.87,8.63,5.760000000000001,99.275,Low,0,Wednesday,March,0.21,65.0,Warning,Low Alkali Dosing,Insufficient Caustic Injection Flow Rate,Increase Caustic Dosing Pump Output,Alkaline Scrubber Low pH
2026-03-26,8.485,SCB-107,Interpolated,-0.0725000000000015,7.651785714285714,1.4977583889930113,4.693333333333333,8.63,3.936666666666667,99.27499999999998,Low,0,Thursday,March,0.31,65.0,Warning,Low Alkali Dosing,Insufficient Caustic Injection Flow Rate,Increase Caustic Dosing Pump Output,Alkaline Scrubber Low pH
2026-03-27,8.4125,SCB-107,Interpolated,-0.0724999999999997,8.183095238095238,0.7427312450549988,6.516666666666667,8.63,2.113333333333334,99.275,Low,0,Friday,March,0.27,65.0,Warning,Low Alkali Dosing,Insufficient Caustic Injection Flow Rate,Increase Caustic Dosing Pump Output,Alkaline Scrubber Low pH
2026-03-28,8.34,SCB-107,Good,-0.0724999999999997,8.44357142857143,0.1173301710883151,8.34,8.63,0.2900000000000009,99.275,Low,0,Saturday,March,0.2,65.0,Warning,Low Alkali Dosing,Insufficient Caustic Injection Flow Rate,Increase Caustic Dosing Pump Output,Alkaline Scrubber Low pH
2026-03-29,8.82,SCB-107,Good,0.4800000000000004,8.512142857142857,0.1735201031306458,8.34,8.82,0.4800000000000004,95.2,Low,0,Sunday,March,0.25,65.0,Warning,Low Alkali Dosing,Insufficient Caustic Injection Flow Rate,Increase Caustic Dosing Pump Output,Alkaline Scrubber Low pH
2026-03-30,9.76,SCB-107,Good,0.9399999999999996,8.715,0.4865032545283318,8.34,9.76,1.42,90.6,Normal,0,Monday,March,0.24,100.0,Normal,Healthy,Normal Operation,Continue Stream Monitoring,No Alert
2026-03-31,9.71,SCB-107,Good,-0.0499999999999989,8.869285714285715,0.6105030614953778,8.34,9.76,1.42,99.5,Normal,0,Tuesday,March,0.28,100.0,Normal,Healthy,Normal Operation,Continue Stream Monitoring,No Alert
2026-04-01,9.73,SCB-107,Good,0.0199999999999995,9.036785714285717,0.6687686356993933,8.34,9.76,1.42,99.8,Normal,0,Wednesday,April,0.3,100.0,Normal,Healthy,Normal Operation,Continue Stream Monitoring,No Alert
2026-04-02,9.69,SCB-107,Good,-0.0400000000000009,9.208928571428572,0.6580651201674041,8.34,9.76,1.42,99.6,Normal,0,Thursday,April,0.32,100.0,Normal,Healthy,Normal Operation,Continue Stream Monitoring,No Alert
2026-04-03,9.69,SCB-107,Good,0.0,9.391428571428571,0.571880773455101,8.34,9.76,1.42,100.0,Normal,0,Friday,April,0.26,100.0,Normal,Healthy,Normal Operation,Continue Stream Monitoring,No Alert
2026-04-04,9.71,SCB-107,Good,0.0200000000000013,9.587142857142856,0.3391516025670414,8.82,9.76,0.9399999999999996,99.79999999999998,Normal,0,Saturday,April,0.27,100.0,Normal,Healthy,Normal Operation,Continue Stream Monitoring,No Alert
2026-04-05,9.72,SCB-107,Good,0.0099999999999997,9.715714285714286,0.0243975018233265,9.69,9.76,0.0700000000000002,99.9,Normal,0,Sunday,April,0.25,100.0,Normal,Healthy,Normal Operation,Continue Stream Monitoring,No Alert
2026-04-06,9.72,SCB-107,Good,0.0,9.71,0.0152752523159043,9.69,9.73,0.0400000000000009,100.0,Normal,0,Monday,April,0.34,100.0,Normal,Healthy,Normal Operation,Continue Stream Monitoring,No Alert
2026-04-07,9.61,SCB-107,Good,-0.1100000000000012,9.695714285714288,0.040766466144199,9.61,9.73,0.120000000000001,98.9,Normal,0,Tuesday,April,0.34,100.0,Normal,Healthy,Normal Operation,Continue Stream Monitoring,No Alert
2026-04-08,9.58,SCB-107,Good,-0.0299999999999993,9.674285714285714,0.0562308168345998,9.58,9.72,0.1400000000000005,99.7,Normal,0,Wednesday,April,0.27,100.0,Normal,Healthy,Normal Operation,Continue Stream Monitoring,No Alert
2026-04-09,9.73,SCB-107,Good,0.1500000000000003,9.68,0.059999999999846,9.58,9.73,0.1500000000000003,98.5,Normal,0,Thursday,April,0.28,100.0,Normal,Healthy,Normal Operation,Continue Stream Monitoring,No Alert
2026-04-10,9.73,SCB-107,Good,0.0,9.685714285714283,0.0629436633974082,9.58,9.73,0.1500000000000003,100.0,Normal,0,Friday,April,0.33,100.0,Normal,Healthy,Normal Operation,Continue Stream Monitoring,No Alert
2026-04-11,9.72,SCB-107,Good,-0.0099999999999997,9.687142857142858,0.0636957051701628,9.58,9.73,0.1500000000000003,99.9,Normal,0,Saturday,April,0.34,100.0,Normal,Healthy,Normal Operation,Continue Stream Monitoring,No Alert
2026-04-12,9.71,SCB-107,Good,-0.0099999999999997,9.685714285714289,0.0629436633974082,9.58,9.73,0.1500000000000003,99.9,Normal,0,Sunday,April,0.2,100.0,Normal,Healthy,Normal Operation,Continue Stream Monitoring,No Alert
2026-04-13,9.73,SCB-107,Good,0.0199999999999995,9.687142857142858,0.0639568306786511,9.58,9.73,0.1500000000000003,99.8,Normal,0,Monday,April,0.23,100.0,Normal,Healthy,Normal Operation,Continue Stream Monitoring,No Alert
2026-04-14,9.73,SCB-107,Good,0.0,9.704285714285716,0.0553344807681977,9.58,9.73,0.1500000000000003,100.0,Normal,0,Tuesday,April,0.26,100.0,Normal,Healthy,Normal Operation,Continue Stream Monitoring,No Alert
2026-04-15,9.72,SCB-107,Good,-0.0099999999999997,9.724285714285717,0.0078679579234915,9.71,9.73,0.0199999999999995,99.9,Normal,0,Wednesday,April,0.26,100.0,Normal,Healthy,Normal Operation,Continue Stream Monitoring,No Alert
2026-04-16,9.72,SCB-107,Good,0.0,9.722857142857142,0.0075592894589333,9.71,9.73,0.0199999999999995,100.0,Normal,0,Thursday,April,0.22,100.0,Normal,Healthy,Normal Operation,Continue Stream Monitoring,No Alert
2026-04-17,9.71,SCB-107,Good,-0.0099999999999997,9.72,0.0081649658081208,9.71,9.73,0.0199999999999995,99.9,Normal,0,Friday,April,0.25,100.0,Normal,Healthy,Normal Operation,Continue Stream Monitoring,No Alert
2026-04-18,9.71,SCB-107,Good,0.0,9.718571428571428,0.0089973541073757,9.71,9.73,0.0199999999999995,100.0,Normal,0,Saturday,April,0.22,100.0,Normal,Healthy,Normal Operation,Continue Stream Monitoring,No Alert
2026-04-19,9.7,SCB-107,Good,-0.0100000000000015,9.71714285714286,0.0111269728044369,9.7,9.73,0.0300000000000011,99.89999999999998,Normal,0,Sunday,April,0.28,100.0,Normal,Healthy,Normal Operation,Continue Stream Monitoring,No Alert
2026-04-20,9.69,SCB-107,Good,-0.0099999999999997,9.711428571428572,0.0134518541819934,9.69,9.73,0.0400000000000009,99.9,Normal,0,Monday,April,0.27,100.0,Normal,Healthy,Normal Operation,Continue Stream Monitoring,No Alert
2026-04-21,9.69,SCB-107,Good,0.0,9.705714285714285,0.0127241802048722,9.69,9.72,0.0300000000000011,100.0,Normal,0,Tuesday,April,0.29,100.0,Normal,Healthy,Normal Operation,Continue Stream Monitoring,No Alert
2026-04-22,9.68,SCB-107,Good,-0.0099999999999997,9.7,0.0141421356230718,9.68,9.72,0.0400000000000009,99.9,Normal,0,Wednesday,April,0.34,100.0,Normal,Healthy,Normal Operation,Continue Stream Monitoring,No Alert
2026-04-23,9.69,SCB-107,Good,0.0099999999999997,9.695714285714288,0.0113389341894567,9.68,9.71,0.0300000000000011,99.9,Normal,0,Thursday,April,0.38,100.0,Normal,Healthy,Normal Operation,Continue Stream Monitoring,No Alert
2026-04-24,9.68,SCB-107,Good,-0.0099999999999997,9.69142857142857,0.0106904496756291,9.68,9.71,0.0300000000000011,99.9,Normal,0,Friday,April,0.41,100.0,Normal,Healthy,Normal Operation,Continue Stream Monitoring,No Alert
2026-04-25,9.66,SCB-107,Good,-0.0199999999999995,9.684285714285716,0.0127241802048801,9.66,9.7,0.0399999999999991,99.8,Normal,0,Saturday,April,0.6,100.0,Normal,Healthy,Normal Operation,Continue Stream Monitoring,No Alert
2026-04-26,9.63,SCB-107,Good,-0.0299999999999993,9.674285714285714,0.0222539456101534,9.63,9.69,0.0599999999999987,99.7,Normal,0,Sunday,April,0.0,100.0,Normal,Healthy,Normal Operation,Continue Stream Monitoring,No Alert
2026-04-27,9.7,SCB-107,Good,0.0699999999999985,9.675714285714289,0.023704530408475,9.63,9.7,0.0699999999999985,99.3,Normal,0,Monday,April,0.51,100.0,Normal,Healthy,Normal Operation,Continue Stream Monitoring,No Alert
2026-04-28,9.67,SCB-107,Good,-0.0299999999999993,9.672857142857143,0.0228868854104508,9.63,9.7,0.0699999999999985,99.7,Normal,0,Tuesday,April,0.34,100.0,Normal,Healthy,Normal Operation,Continue Stream Monitoring,No Alert
2026-04-29,9.65,SCB-107,Good,-0.0199999999999995,9.668571428571427,0.0241029537802736,9.63,9.7,0.0699999999999985,99.8,Normal,0,Wednesday,April,0.41,100.0,Normal,Healthy,Normal Operation,Continue Stream Monitoring,No Alert
2026-04-30,9.68,SCB-107,Good,0.0299999999999993,9.667142857142858,0.022886885410452,9.63,9.7,0.0699999999999985,99.7,Normal,0,Thursday,April,0.3,100.0,Normal,Healthy,Normal Operation,Continue Stream Monitoring,No Alert
2026-05-01,9.68,SCB-107,Good,0.0,9.667142857142858,0.022886885410452,9.63,9.7,0.0699999999999985,100.0,Normal,0,Friday,May,0.35,100.0,Normal,Healthy,Normal Operation,Continue Stream Monitoring,No Alert
2026-05-02,9.65,SCB-107,Good,-0.0299999999999993,9.665714285714284,0.0237045304084771,9.63,9.7,0.0699999999999985,99.7,Normal,0,Saturday,May,0.36,100.0,Normal,Healthy,Normal Operation,Continue Stream Monitoring,No Alert
2026-05-03,9.66,SCB-107,Good,0.0099999999999997,9.67,0.018257418583002,9.65,9.7,0.0499999999999989,99.9,Normal,0,Sunday,May,0.27,100.0,Normal,Healthy,Normal Operation,Continue Stream Monitoring,No Alert
2026-05-04,9.67,SCB-107,Good,0.0099999999999997,9.665714285714284,0.012724180204887,9.65,9.68,0.0299999999999993,99.9,Normal,0,Monday,May,0.35,100.0,Normal,Healthy,Normal Operation,Continue Stream Monitoring,No Alert
2026-05-05,9.67,SCB-107,Good,0.0,9.665714285714284,0.012724180204887,9.65,9.68,0.0299999999999993,100.0,Normal,0,Tuesday,May,0.31,100.0,Normal,Healthy,Normal Operation,Continue Stream Monitoring,No Alert
2026-05-06,9.69,SCB-107,Good,0.0199999999999995,9.671428571428567,0.0134518541820069,9.65,9.69,0.0399999999999991,99.8,Normal,0,Wednesday,May,0.4,100.0,Normal,Healthy,Normal Operation,Continue Stream Monitoring,No Alert
2026-05-07,9.68,SCB-107,Good,-0.0099999999999997,9.671428571428573,0.0134518541820069,9.65,9.69,0.0399999999999991,99.9,Normal,0,Thursday,May,0.47,100.0,Normal,Healthy,Normal Operation,Continue Stream Monitoring,No Alert
2026-05-08,9.68,SCB-107,Good,0.0,9.671428571428567,0.0134518541820069,9.65,9.69,0.0399999999999991,100.0,Normal,0,Friday,May,0.33,100.0,Normal,Healthy,Normal Operation,Continue Stream Monitoring,No Alert
2026-05-09,9.68,SCB-107,Good,0.0,9.675714285714283,0.0097590007285392,9.66,9.69,0.0299999999999993,100.0,Normal,0,Saturday,May,0.37,100.0,Normal,Healthy,Normal Operation,Continue Stream Monitoring,No Alert
2026-05-10,9.69,SCB-107,Good,0.0099999999999997,9.68,0.0081649658081421,9.67,9.69,0.0199999999999995,99.9,Normal,0,Sunday,May,0.39,100.0,Normal,Healthy,Normal Operation,Continue Stream Monitoring,No Alert
2026-05-11,9.69,SCB-107,Good,0.0,9.682857142857143,0.0075592894589551,9.67,9.69,0.0199999999999995,100.0,Normal,0,Monday,May,0.41,100.0,Normal,Healthy,Normal Operation,Continue Stream Monitoring,No Alert
2026-05-12,9.68,SCB-107,Good,-0.0099999999999997,9.684285714285712,0.0053452248365075,9.68,9.69,0.0099999999999997,99.9,Normal,0,Tuesday,May,0.45,100.0,Normal,Healthy,Normal Operation,Continue Stream Monitoring,No Alert
2026-05-13,9.68,SCB-107,Good,0.0,9.682857142857143,0.0048795003628387,9.68,9.69,0.0099999999999997,100.0,Normal,0,Wednesday,May,0.24,100.0,Normal,Healthy,Normal Operation,Continue Stream Monitoring,No Alert
2026-05-14,9.68,SCB-107,Good,0.0,9.682857142857143,0.0048795003628387,9.68,9.69,0.0099999999999997,100.0,Normal,0,Thursday,May,0.32,100.0,Normal,Healthy,Normal Operation,Continue Stream Monitoring,No Alert
2026-05-15,9.68,SCB-107,Good,0.0,9.682857142857143,0.0048795003628387,9.68,9.69,0.0099999999999997,100.0,Normal,0,Friday,May,0.2,100.0,Normal,Healthy,Normal Operation,Continue Stream Monitoring,No Alert
2026-05-16,9.68,SCB-107,Good,0.0,9.682857142857143,0.0048795003628387,9.68,9.69,0.0099999999999997,100.0,Normal,0,Saturday,May,0.29,100.0,Normal,Healthy,Normal Operation,Continue Stream Monitoring,No Alert
2026-05-17,9.68,SCB-107,Good,0.0,9.68142857142857,0.0037796447276386,9.68,9.69,0.0099999999999997,100.0,Normal,0,Sunday,May,0.28,100.0,Normal,Healthy,Normal Operation,Continue Stream Monitoring,No Alert
2026-05-18,9.69,SCB-107,Good,0.0099999999999997,9.68142857142857,0.0037796447300923,9.68,9.69,0.0099999999999997,99.9,Normal,0,Monday,May,0.29,100.0,Normal,Healthy,Normal Operation,Continue Stream Monitoring,No Alert
2026-05-19,9.68,SCB-107,Good,-0.0099999999999997,9.68142857142857,0.0037796447300923,9.68,9.69,0.0099999999999997,99.9,Normal,0,Tuesday,May,0.27,100.0,Normal,Healthy,Normal Operation,Continue Stream Monitoring,No Alert
2026-05-20,9.68,SCB-107,Good,0.0,9.68142857142857,0.0037796447300923,9.68,9.69,0.0099999999999997,100.0,Normal,0,Wednesday,May,0.31,100.0,Normal,Healthy,Normal Operation,Continue Stream Monitoring,No Alert
2026-05-21,9.68,SCB-107,Good,0.0,9.68142857142857,0.0037796447300923,9.68,9.69,0.0099999999999997,100.0,Normal,0,Thursday,May,0.34,100.0,Normal,Healthy,Normal Operation,Continue Stream Monitoring,No Alert
2026-05-22,9.63,SCB-107,Good,-0.0499999999999989,9.674285714285714,0.0198805959477591,9.63,9.69,0.0599999999999987,99.5,Normal,0,Friday,May,0.25,100.0,Normal,Healthy,Normal Operation,Continue Stream Monitoring,No Alert
2026-05-23,9.43,SCB-107,Good,-0.200000000000001,9.638571428571428,0.0940617831407578,9.43,9.69,0.2599999999999998,98.0,Low,0,Saturday,May,0.19,65.0,Warning,Low Alkali Dosing,Insufficient Caustic Injection Flow Rate,Increase Caustic Dosing Pump Output,Alkaline Scrubber Low pH
2026-05-24,9.43,SCB-107,Good,0.0,9.602857142857143,0.1196821186468946,9.43,9.69,0.2599999999999998,100.0,Low,0,Sunday,May,0.35,65.0,Warning,Low Alkali Dosing,Insufficient Caustic Injection Flow Rate,Increase Caustic Dosing Pump Output,Alkaline Scrubber Low pH
2026-05-25,9.47,SCB-107,Good,0.0400000000000009,9.571428571428571,0.1218508065119749,9.43,9.68,0.25,99.6,Low,0,Monday,May,0.36,65.0,Warning,Low Alkali Dosing,Insufficient Caustic Injection Flow Rate,Increase Caustic Dosing Pump Output,Alkaline Scrubber Low pH
2026-05-26,9.53,SCB-107,Good,0.0599999999999987,9.55,0.1123981020005807,9.43,9.68,0.25,99.4,Normal,0,Tuesday,May,0.3,100.0,Normal,Healthy,Normal Operation,Continue Stream Monitoring,No Alert
2026-05-27,9.37,SCB-107,Good,-0.1600000000000001,9.505714285714284,0.1137038760490197,9.37,9.68,0.3100000000000005,98.4,Low,0,Wednesday,May,0.41,65.0,Warning,Low Alkali Dosing,Insufficient Caustic Injection Flow Rate,Increase Caustic Dosing Pump Output,Alkaline Scrubber Low pH
2026-05-28,9.25,SCB-107,Good,-0.1199999999999992,9.444285714285714,0.1198411647219098,9.25,9.63,0.3800000000000008,98.8,Low,0,Thursday,May,2.01,65.0,Warning,Low Alkali Dosing,Insufficient Caustic Injection Flow Rate,Increase Caustic Dosing Pump Output,Alkaline Scrubber Low pH
2026-05-29,9.4,SCB-107,Good,0.1500000000000003,9.411428571428573,0.0876410427879046,9.25,9.53,0.2799999999999993,98.5,Low,0,Friday,May,0.31,65.0,Warning,Low Alkali Dosing,Insufficient Caustic Injection Flow Rate,Increase Caustic Dosing Pump Output,Alkaline Scrubber Low pH
2026-05-30,9.54,SCB-107,Good,0.1399999999999988,9.427142857142856,0.1004513623126891,9.25,9.54,0.2899999999999991,98.6,Normal,0,Saturday,May,0.3,100.0,Normal,Healthy,Normal Operation,Continue Stream Monitoring,No Alert
2026-05-31,9.57,SCB-107,Good,0.0300000000000011,9.447142857142856,0.1141219064150636,9.25,9.57,0.3200000000000003,99.7,Normal,0,Sunday,May,0.29,100.0,Normal,Healthy,Normal Operation,Continue Stream Monitoring,No Alert
2026-06-01,9.48,SCB-107,Good,-0.0899999999999998,9.448571428571428,0.114517621850459,9.25,9.57,0.3200000000000003,99.1,Low,0,Monday,June,0.29,65.0,Warning,Low Alkali Dosing,Insufficient Caustic Injection Flow Rate,Increase Caustic Dosing Pump Output,Alkaline Scrubber Low pH
2026-06-02,9.46,SCB-107,Good,-0.0199999999999995,9.438571428571429,0.109152579970813,9.25,9.57,0.3200000000000003,99.8,Low,0,Tuesday,June,0.3,65.0,Warning,Low Alkali Dosing,Insufficient Caustic Injection Flow Rate,Increase Caustic Dosing Pump Output,Alkaline Scrubber Low pH
2026-06-03,9.54,SCB-107,Good,0.0799999999999983,9.462857142857144,0.1102594343226099,9.25,9.57,0.3200000000000003,99.20000000000002,Normal,0,Wednesday,June,0.27,100.0,Normal,Healthy,Normal Operation,Continue Stream Monitoring,No Alert
2026-06-04,9.54,SCB-107,Good,0.0,9.504285714285714,0.0599603043290921,9.4,9.57,0.1699999999999999,100.0,Normal,0,Thursday,June,0.24,100.0,Normal,Healthy,Normal Operation,Continue Stream Monitoring,No Alert
2026-06-05,9.66,SCB-107,Good,0.120000000000001,9.54142857142857,0.0649175301000055,9.46,9.66,0.1999999999999993,98.79999999999998,Normal,0,Friday,June,0.24,100.0,Normal,Healthy,Normal Operation,Continue Stream Monitoring,No Alert
2026-06-06,9.65,SCB-107,Good,-0.0099999999999997,9.55714285714286,0.0767494377209089,9.46,9.66,0.1999999999999993,99.9,Normal,0,Saturday,June,0.2333333333333333,100.0,Normal,Healthy,Normal Operation,Continue Stream Monitoring,No Alert
2026-06-07,9.66,SCB-107,Good,0.0099999999999997,9.57,0.0862167810425144,9.46,9.66,0.1999999999999993,99.9,Normal,0,Sunday,June,0.2266666666666666,100.0,Normal,Healthy,Normal Operation,Continue Stream Monitoring,No Alert
2026-06-08,9.63,SCB-107,Good,-0.0299999999999993,9.59142857142857,0.0784067538393136,9.46,9.66,0.1999999999999993,99.7,Normal,0,Monday,June,0.22,100.0,Normal,Healthy,Normal Operation,Continue Stream Monitoring,No Alert
2026-06-09,9.67,SCB-107,Good,0.0399999999999991,9.621428571428572,0.0569878850951582,9.54,9.67,0.1300000000000007,99.6,Normal,0,Tuesday,June,0.32,100.0,Normal,Healthy,Normal Operation,Continue Stream Monitoring,No Alert
2026-06-10,9.57,SCB-107,Good,-0.0999999999999996,9.625714285714285,0.0506152621439885,9.54,9.67,0.1300000000000007,99.0,Normal,0,Wednesday,June,0.31,100.0,Normal,Healthy,Normal Operation,Continue Stream Monitoring,No Alert
2026-06-11,9.55,SCB-107,Good,-0.0199999999999995,9.627142857142855,0.0478589196542931,9.55,9.67,0.1199999999999992,99.8,Normal,0,Thursday,June,0.32,100.0,Normal,Healthy,Normal Operation,Continue Stream Monitoring,No Alert
2026-06-12,9.42,SCB-107,Good,-0.1300000000000007,9.592857142857143,0.0888283524021241,9.42,9.67,0.25,98.7,Low,0,Friday,June,0.36,65.0,Warning,Low Alkali Dosing,Insufficient Caustic Injection Flow Rate,Increase Caustic Dosing Pump Output,Alkaline Scrubber Low pH
2026-06-13,9.5,SCB-107,Good,0.08,9.571428571428571,0.0908164029656469,9.42,9.67,0.25,99.2,Normal,0,Saturday,June,0.29,100.0,Normal,Healthy,Normal Operation,Continue Stream Monitoring,No Alert
2026-06-14,9.52,SCB-107,Good,0.0199999999999995,9.551428571428572,0.0831521840620282,9.42,9.67,0.25,99.8,Normal,0,Sunday,June,0.29,100.0,Normal,Healthy,Normal Operation,Continue Stream Monitoring,No Alert
2026-06-15,9.67,SCB-107,Good,0.1500000000000003,9.55714285714286,0.0905012496625095,9.42,9.67,0.25,98.5,Normal,0,Monday,June,0.31,100.0,Normal,Healthy,Normal Operation,Continue Stream Monitoring,No Alert
2026-06-16,9.58,SCB-107,Good,-0.0899999999999998,9.544285714285715,0.0772133716522239,9.42,9.67,0.25,99.1,Normal,0,Tuesday,June,0.24,100.0,Normal,Healthy,Normal Operation,Continue Stream Monitoring,No Alert
2026-06-17,9.38,SCB-107,Good,-0.1999999999999993,9.517142857142858,0.0974190750853029,9.38,9.67,0.2899999999999991,98.0,Low,0,Wednesday,June,0.21,65.0,Warning,Low Alkali Dosing,Insufficient Caustic Injection Flow Rate,Increase Caustic Dosing Pump Output,Alkaline Scrubber Low pH
2026-06-18,9.04,SCB-107,Good,-0.3400000000000016,9.444285714285714,0.2026373725695844,9.04,9.67,0.6300000000000008,96.59999999999998,Low,0,Thursday,June,0.36,65.0,Warning,Low Alkali Dosing,Insufficient Caustic Injection Flow Rate,Increase Caustic Dosing Pump Output,Alkaline Scrubber Low pH
2026-06-19,9.16,SCB-107,Good,0.120000000000001,9.407142857142857,0.2298343088483728,9.04,9.67,0.6300000000000008,98.79999999999998,Low,0,Friday,June,0.26,65.0,Warning,Low Alkali Dosing,Insufficient Caustic Injection Flow Rate,Increase Caustic Dosing Pump Output,Alkaline Scrubber Low pH
2026-06-20,9.23,SCB-107,Good,0.0700000000000002,9.368571428571428,0.2342668401224382,9.04,9.67,0.6300000000000008,99.3,Low,0,Saturday,June,0.24,65.0,Warning,Low Alkali Dosing,Insufficient Caustic Injection Flow Rate,Increase Caustic Dosing Pump Output,Alkaline Scrubber Low pH
2026-06-21,9.01,SCB-107,Good,-0.2200000000000006,9.295714285714284,0.2574786167728066,9.01,9.67,0.6600000000000001,97.8,Low,0,Sunday,June,0.3,65.0,Warning,Low Alkali Dosing,Insufficient Caustic Injection Flow Rate,Increase Caustic Dosing Pump Output,Alkaline Scrubber Low pH
2026-06-22,8.74,SCB-107,Good,-0.2699999999999996,9.162857142857144,0.271705372644358,8.74,9.58,0.8399999999999999,97.3,Low,0,Monday,June,0.28,65.0,Warning,Low Alkali Dosing,Insufficient Caustic Injection Flow Rate,Increase Caustic Dosing Pump Output,Alkaline Scrubber Low pH
2026-06-23,8.74,SCB-107,Interpolated,0.0,9.042857142857144,0.2404658177866649,8.74,9.38,0.6400000000000006,100.0,Low,0,Tuesday,June,0.37,65.0,Warning,Low Alkali Dosing,Insufficient Caustic Injection Flow Rate,Increase Caustic Dosing Pump Output,Alkaline Scrubber Low pH
2026-06-24,8.74,SCB-107,Interpolated,0.0,8.95142857142857,0.2107469708306281,8.74,9.23,0.4900000000000002,100.0,Low,0,Wednesday,June,0.27,65.0,Warning,Low Alkali Dosing,Insufficient Caustic Injection Flow Rate,Increase Caustic Dosing Pump Output,Alkaline Scrubber Low pH
2026-06-25,8.74,SCB-107,Interpolated,0.0,8.90857142857143,0.2200324651370467,8.74,9.23,0.4900000000000002,100.0,Low,0,Thursday,June,0.33,65.0,Warning,Low Alkali Dosing,Insufficient Caustic Injection Flow Rate,Increase Caustic Dosing Pump Output,Alkaline Scrubber Low pH
2026-06-26,,SCB-107,Offline,0.0,8.866666666666667,0.2081986231142432,8.74,9.23,0.4900000000000002,100.0,Offline,0,Friday,June,0.24,0.0,Critical,Scrubber Telemetry Offline,CEMS Sensor Communication Failure,Inspect Modbus Transmitters and Field PLC Cabinets,Sensor Connection Error
2026-06-27,,SCB-107,Offline,0.0,8.794,0.1207476707849888,8.74,9.01,0.2699999999999996,100.0,Offline,0,Saturday,June,0.34,0.0,Critical,Scrubber Telemetry Offline,CEMS Sensor Communication Failure,Inspect Modbus Transmitters and Field PLC Cabinets,Sensor Connection Error
2026-06-28,,SCB-107,Offline,0.0,8.74,0.0,8.74,8.74,0.0,100.0,Offline,0,Sunday,June,0.24,0.0,Critical,Scrubber Telemetry Offline,CEMS Sensor Communication Failure,Inspect Modbus Transmitters and Field PLC Cabinets,Sensor Connection Error
2026-06-29,,SCB-107,Offline,0.0,8.74,0.0,8.74,8.74,0.0,100.0,Offline,0,Monday,June,0.44,0.0,Critical,Scrubber Telemetry Offline,CEMS Sensor Communication Failure,Inspect Modbus Transmitters and Field PLC Cabinets,Sensor Connection Error
2026-06-30,,SCB-107,Offline,0.0,8.74,0.0,8.74,8.74,0.0,100.0,Offline,0,Tuesday,June,0.47,0.0,Critical,Scrubber Telemetry Offline,CEMS Sensor Communication Failure,Inspect Modbus Transmitters and Field PLC Cabinets,Sensor Connection Error
2026-01-01,11.13,SCB-301,Good,0.0,11.13,0.0,11.13,11.13,0.0,100.0,Normal,0,Thursday,January,0.45,100.0,Normal,Healthy,Normal Operation,Continue Stream Monitoring,No Alert
2026-01-02,11.2,SCB-301,Good,0.0699999999999985,11.165,0.0494974746830579,11.13,11.2,0.0699999999999985,99.3,Normal,0,Friday,January,0.45,100.0,Normal,Healthy,Normal Operation,Continue Stream Monitoring,No Alert
2026-01-03,11.15,SCB-301,Good,-0.0499999999999989,11.160000000000002,0.0360555127546394,11.13,11.2,0.0699999999999985,99.5,Normal,0,Saturday,January,0.47,100.0,Normal,Healthy,Normal Operation,Continue Stream Monitoring,No Alert
2026-01-04,11.1,SCB-301,Good,-0.0500000000000007,11.145,0.0420317340430614,11.1,11.2,0.0999999999999996,99.5,Normal,0,Sunday,January,0.51,100.0,Normal,Healthy,Normal Operation,Continue Stream Monitoring,No Alert
2026-01-05,11.12,SCB-301,Good,0.0199999999999995,11.14,0.0380788655293194,11.1,11.2,0.0999999999999996,99.8,Normal,0,Monday,January,0.41,100.0,Normal,Healthy,Normal Operation,Continue Stream Monitoring,No Alert
2026-01-06,11.135,SCB-301,Interpolated,0.0150000000000005,11.139166666666666,0.0341198866742938,11.1,11.2,0.0999999999999996,99.85,Normal,0,Tuesday,January,0.41,100.0,Normal,Healthy,Normal Operation,Continue Stream Monitoring,No Alert
2026-01-07,11.15,SCB-301,Interpolated,0.0150000000000005,11.140714285714283,0.0314150403772581,11.1,11.2,0.0999999999999996,99.85,Normal,0,Wednesday,January,0.52,100.0,Normal,Healthy,Normal Operation,Continue Stream Monitoring,No Alert
2026-01-08,11.165,SCB-301,Interpolated,0.0149999999999987,11.145714285714288,0.0322010056039368,11.1,11.2,0.0999999999999996,99.85,Normal,0,Thursday,January,0.54,100.0,Normal,Healthy,Normal Operation,Continue Stream Monitoring,No Alert
2026-01-09,11.18,SCB-301,Good,0.0150000000000005,11.142857142857142,0.0270581384641085,11.1,11.18,0.08,99.85,Normal,0,Friday,January,0.48,100.0,Normal,Healthy,Normal Operation,Continue Stream Monitoring,No Alert
2026-01-10,11.2,SCB-301,Good,0.0199999999999995,11.15,0.034761089357691,11.1,11.2,0.0999999999999996,99.8,Normal,0,Saturday,January,0.53,100.0,Normal,Healthy,Normal Operation,Continue Stream Monitoring,No Alert
2026-01-11,11.18,SCB-301,Good,-0.0199999999999995,11.161428571428573,0.0280942291989981,11.12,11.2,0.08,99.8,Normal,0,Sunday,January,0.51,100.0,Normal,Healthy,Normal Operation,Continue Stream Monitoring,No Alert
2026-01-12,11.2,SCB-301,Good,0.0199999999999995,11.172857142857142,0.0244705848685666,11.135,11.2,0.0649999999999995,99.8,Normal,0,Monday,January,0.52,100.0,Normal,Healthy,Normal Operation,Continue Stream Monitoring,No Alert
2026-01-13,11.19,SCB-301,Good,-0.0099999999999997,11.180714285714286,0.0183549655925857,11.15,11.2,0.0499999999999989,99.9,Normal,0,Tuesday,January,0.54,100.0,Normal,Healthy,Normal Operation,Continue Stream Monitoring,No Alert
2026-01-14,11.22,SCB-301,Good,0.0300000000000011,11.190714285714284,0.0178951975467841,11.165,11.22,0.0550000000000014,99.7,Normal,0,Wednesday,January,0.57,100.0,Normal,Healthy,Normal Operation,Continue Stream Monitoring,No Alert
2026-01-15,11.18,SCB-301,Good,-0.0400000000000009,11.19285714285714,0.0149602648308733,11.18,11.22,0.0400000000000009,99.6,Normal,0,Thursday,January,0.51,100.0,Normal,Healthy,Normal Operation,Continue Stream Monitoring,No Alert
2026-01-16,11.01,SCB-301,Good,-0.1699999999999999,11.168571428571427,0.0712807995252057,11.01,11.22,0.2100000000000008,98.3,Normal,0,Friday,January,0.49,100.0,Normal,Healthy,Normal Operation,Continue Stream Monitoring,No Alert
2026-01-17,11.17,SCB-301,Good,0.1600000000000001,11.164285714285713,0.0699659781267886,11.01,11.22,0.2100000000000008,98.4,Normal,0,Saturday,January,0.54,100.0,Normal,Healthy,Normal Operation,Continue Stream Monitoring,No Alert
2026-01-18,11.17,SCB-301,Good,0.0,11.162857142857144,0.0696932052437181,11.01,11.22,0.2100000000000008,100.0,Normal,0,Sunday,January,0.46,100.0,Normal,Healthy,Normal Operation,Continue Stream Monitoring,No Alert
2026-01-19,11.14,SCB-301,Good,-0.0299999999999993,11.154285714285717,0.0680336051416616,11.01,11.22,0.2100000000000008,99.7,Normal,0,Monday,January,0.34,100.0,Normal,Healthy,Normal Operation,Continue Stream Monitoring,No Alert
2026-01-20,11.23,SCB-301,Good,0.0899999999999998,11.16,0.0730296743340232,11.01,11.23,0.2200000000000006,99.1,Normal,0,Tuesday,January,0.53,100.0,Normal,Healthy,Normal Operation,Continue Stream Monitoring,No Alert
2026-01-21,11.2,SCB-301,Good,-0.0300000000000011,11.157142857142858,0.070643302516773,11.01,11.23,0.2200000000000006,99.7,Normal,0,Wednesday,January,0.44,100.0,Normal,Healthy,Normal Operation,Continue Stream Monitoring,No Alert
2026-01-22,11.25,SCB-301,Good,0.0500000000000007,11.167142857142858,0.0788911244932517,11.01,11.25,0.2400000000000002,99.5,Normal,0,Thursday,January,0.46,100.0,Normal,Healthy,Normal Operation,Continue Stream Monitoring,No Alert
2026-01-23,11.27,SCB-301,Good,0.0199999999999995,11.204285714285716,0.0475594865605731,11.14,11.27,0.129999999999999,99.8,Normal,0,Friday,January,0.36,100.0,Normal,Healthy,Normal Operation,Continue Stream Monitoring,No Alert
2026-01-24,11.24,SCB-301,Good,-0.0299999999999993,11.214285714285714,0.0464962876142325,11.14,11.27,0.129999999999999,99.7,Normal,0,Saturday,January,0.37,100.0,Normal,Healthy,Normal Operation,Continue Stream Monitoring,No Alert
2026-01-25,11.246,SCB-301,Interpolated,0.0060000000000002,11.225142857142858,0.0431872997204459,11.14,11.27,0.129999999999999,99.94,Normal,0,Sunday,January,0.54,100.0,Normal,Healthy,Normal Operation,Continue Stream Monitoring,No Alert
2026-01-26,11.252,SCB-301,Interpolated,0.0060000000000002,11.241142857142858,0.021874098620907,11.2,11.27,0.0700000000000002,99.94,Normal,0,Monday,January,0.41,100.0,Normal,Healthy,Normal Operation,Continue Stream Monitoring,No Alert
2026-01-27,11.258,SCB-301,Interpolated,0.0059999999999984,11.245142857142856,0.0220562052601349,11.2,11.27,0.0700000000000002,99.94,Normal,0,Tuesday,January,0.42,100.0,Normal,Healthy,Normal Operation,Continue Stream Monitoring,No Alert
2026-01-28,,SCB-301,Offline,0.0,11.252666666666665,0.0104051269414637,11.24,11.27,0.0299999999999993,100.0,Offline,0,Wednesday,January,0.425,0.0,Critical,Scrubber Telemetry Offline,CEMS Sensor Communication Failure,Inspect Modbus Transmitters and Field PLC Cabinets,Sensor Connection Error
2026-01-29,11.27,SCB-301,Good,0.0,11.256,0.0123935467079184,11.24,11.27,0.0299999999999993,100.0,Normal,0,Thursday,January,0.43,100.0,Normal,Healthy,Normal Operation,Continue Stream Monitoring,No Alert
2026-01-30,11.19,SCB-301,Good,-0.08,11.242666666666668,0.0277896863362623,11.19,11.27,0.08,99.2,Normal,0,Friday,January,0.435,100.0,Normal,Healthy,Normal Operation,Continue Stream Monitoring,No Alert
2026-01-31,11.23,SCB-301,Good,0.0400000000000009,11.241,0.0282771992955659,11.19,11.27,0.08,99.6,Normal,0,Saturday,January,0.0,100.0,Normal,Healthy,Normal Operation,Continue Stream Monitoring,No Alert
2026-02-01,11.26,SCB-301,Good,0.0299999999999993,11.243333333333334,0.0293303028737831,11.19,11.27,0.08,99.7,Normal,0,Sunday,February,0.0,100.0,Normal,Healthy,Normal Operation,Continue Stream Monitoring,No Alert
2026-02-02,11.31,SCB-301,Good,0.0500000000000007,11.253,0.0402740611312209,11.19,11.31,0.120000000000001,99.5,Normal,0,Monday,February,0.45,100.0,Normal,Healthy,Normal Operation,Continue Stream Monitoring,No Alert
2026-02-03,11.35,SCB-301,Good,0.0399999999999991,11.268333333333333,0.0567156650905919,11.19,11.35,0.1600000000000001,99.6,Normal,0,Tuesday,February,0.23,100.0,Normal,Healthy,Normal Operation,Continue Stream Monitoring,No Alert
2026-02-04,11.52,SCB-301,Good,0.1699999999999999,11.304285714285712,0.1082985292078016,11.19,11.52,0.33,98.3,High,0,Wednesday,February,0.25,75.0,Warning,Excessive Caustic Feed,Over-dosing Caustic Buffer,Calibrate Caustic Dosing Pump Feedback Controller,Alkaline Scrubber High pH
2026-02-05,11.79,SCB-301,Good,0.2699999999999996,11.378571428571428,0.2107469708306336,11.19,11.79,0.5999999999999996,97.3,High,0,Thursday,February,0.2,75.0,Warning,Excessive Caustic Feed,Over-dosing Caustic Buffer,Calibrate Caustic Dosing Pump Feedback Controller,Alkaline Scrubber High pH
2026-02-06,12.09,SCB-301,Good,0.3000000000000007,11.507142857142856,0.321802956569927,11.23,12.09,0.8599999999999994,97.0,High,0,Friday,February,0.24,75.0,Warning,Excessive Caustic Feed,Over-dosing Caustic Buffer,Calibrate Caustic Dosing Pump Feedback Controller,Alkaline Scrubber High pH
2026-02-07,11.86,SCB-301,Good,-0.2300000000000004,11.597142857142858,0.3194638365404562,11.26,12.09,0.8300000000000001,97.7,High,0,Saturday,February,0.2,75.0,Warning,Excessive Caustic Feed,Over-dosing Caustic Buffer,Calibrate Caustic Dosing Pump Feedback Controller,Alkaline Scrubber High pH
2026-02-08,11.89,SCB-301,Good,0.0300000000000011,11.687142857142858,0.2965756949872126,11.31,12.09,0.7799999999999994,99.7,High,0,Sunday,February,0.27,75.0,Warning,Excessive Caustic Feed,Over-dosing Caustic Buffer,Calibrate Caustic Dosing Pump Feedback Controller,Alkaline Scrubber High pH
2026-02-09,12.01,SCB-301,Good,0.1199999999999992,11.787142857142856,0.2644941263188068,11.35,12.09,0.7400000000000002,98.8,High,0,Monday,February,0.28,75.0,Warning,Excessive Caustic Feed,Over-dosing Caustic Buffer,Calibrate Caustic Dosing Pump Feedback Controller,Alkaline Scrubber High pH
2026-02-10,12.02,SCB-301,Good,0.0099999999999997,11.882857142857144,0.1909375365326306,11.52,12.09,0.5700000000000003,99.9,High,0,Tuesday,February,0.27,75.0,Warning,Excessive Caustic Feed,Over-dosing Caustic Buffer,Calibrate Caustic Dosing Pump Feedback Controller,Alkaline Scrubber High pH
2026-02-11,12.06,SCB-301,Good,0.0400000000000009,11.96,0.1131370849898808,11.79,12.09,0.3000000000000007,99.6,High,0,Wednesday,February,0.14,75.0,Warning,Excessive Caustic Feed,Over-dosing Caustic Buffer,Calibrate Caustic Dosing Pump Feedback Controller,Alkaline Scrubber High pH
2026-02-12,12.13,SCB-301,Good,0.0700000000000002,12.008571428571427,0.1002378124642945,11.86,12.13,0.2700000000000013,99.3,High,0,Thursday,February,0.26,75.0,Warning,Excessive Caustic Feed,Over-dosing Caustic Buffer,Calibrate Caustic Dosing Pump Feedback Controller,Alkaline Scrubber High pH
2026-02-13,12.17,SCB-301,Good,0.0399999999999991,12.02,0.1146007562511763,11.86,12.17,0.3100000000000005,99.6,High,0,Friday,February,0.29,75.0,Warning,Excessive Caustic Feed,Over-dosing Caustic Buffer,Calibrate Caustic Dosing Pump Feedback Controller,Alkaline Scrubber High pH
2026-02-14,11.9,SCB-301,Good,-0.2699999999999996,12.025714285714283,0.105964953775197,11.89,12.17,0.2799999999999993,97.3,High,0,Saturday,February,0.17,75.0,Warning,Excessive Caustic Feed,Over-dosing Caustic Buffer,Calibrate Caustic Dosing Pump Feedback Controller,Alkaline Scrubber High pH
2026-02-15,11.96,SCB-301,Good,0.0600000000000005,12.035714285714286,0.0936050466690397,11.9,12.17,0.2699999999999996,99.4,High,0,Sunday,February,0.29,75.0,Warning,Excessive Caustic Feed,Over-dosing Caustic Buffer,Calibrate Caustic Dosing Pump Feedback Controller,Alkaline Scrubber High pH
2026-02-16,11.89,SCB-301,Good,-0.0700000000000002,12.01857142857143,0.1088467686595568,11.89,12.17,0.2799999999999993,99.3,High,0,Monday,February,0.19,75.0,Warning,Excessive Caustic Feed,Over-dosing Caustic Buffer,Calibrate Caustic Dosing Pump Feedback Controller,Alkaline Scrubber High pH
2026-02-17,11.95,SCB-301,Good,0.0599999999999987,12.008571428571427,0.1118672682883318,11.89,12.17,0.2799999999999993,99.4,High,0,Tuesday,February,0.19,75.0,Warning,Excessive Caustic Feed,Over-dosing Caustic Buffer,Calibrate Caustic Dosing Pump Feedback Controller,Alkaline Scrubber High pH
2026-02-18,11.98,SCB-301,Good,0.0300000000000011,11.997142857142856,0.1098050220033244,11.89,12.17,0.2799999999999993,99.7,High,0,Wednesday,February,0.22,75.0,Warning,Excessive Caustic Feed,Over-dosing Caustic Buffer,Calibrate Caustic Dosing Pump Feedback Controller,Alkaline Scrubber High pH
2026-02-19,12.08,SCB-301,Good,0.0999999999999996,11.99,0.1009950493836583,11.89,12.17,0.2799999999999993,99.0,High,0,Thursday,February,0.25,75.0,Warning,Excessive Caustic Feed,Over-dosing Caustic Buffer,Calibrate Caustic Dosing Pump Feedback Controller,Alkaline Scrubber High pH
2026-02-20,12.11,SCB-301,Good,0.0299999999999993,11.981428571428571,0.0843462252521898,11.89,12.11,0.2199999999999988,99.7,High,0,Friday,February,0.25,75.0,Warning,Excessive Caustic Feed,Over-dosing Caustic Buffer,Calibrate Caustic Dosing Pump Feedback Controller,Alkaline Scrubber High pH
2026-02-21,11.9,SCB-301,Good,-0.209999999999999,11.981428571428571,0.0843462252521898,11.89,12.11,0.2199999999999988,97.9,High,0,Saturday,February,0.24,75.0,Warning,Excessive Caustic Feed,Over-dosing Caustic Buffer,Calibrate Caustic Dosing Pump Feedback Controller,Alkaline Scrubber High pH
2026-02-22,11.87,SCB-301,Good,-0.0300000000000011,11.968571428571428,0.0944154950963717,11.87,12.11,0.2400000000000002,99.7,High,0,Sunday,February,0.24,75.0,Warning,Excessive Caustic Feed,Over-dosing Caustic Buffer,Calibrate Caustic Dosing Pump Feedback Controller,Alkaline Scrubber High pH
2026-02-23,11.84,SCB-301,Good,-0.0299999999999993,11.96142857142857,0.1028637564011718,11.84,12.11,0.2699999999999996,99.7,High,0,Monday,February,0.34,75.0,Warning,Excessive Caustic Feed,Over-dosing Caustic Buffer,Calibrate Caustic Dosing Pump Feedback Controller,Alkaline Scrubber High pH
2026-02-24,11.78,SCB-301,Good,-0.0600000000000005,11.937142857142856,0.1239239398064387,11.78,12.11,0.33,99.4,High,0,Tuesday,February,0.21,75.0,Warning,Excessive Caustic Feed,Over-dosing Caustic Buffer,Calibrate Caustic Dosing Pump Feedback Controller,Alkaline Scrubber High pH
2026-02-25,11.68,SCB-301,Good,-0.0999999999999996,11.894285714285717,0.1546886273407905,11.68,12.11,0.4299999999999997,99.0,High,0,Wednesday,February,0.22,75.0,Warning,Excessive Caustic Feed,Over-dosing Caustic Buffer,Calibrate Caustic Dosing Pump Feedback Controller,Alkaline Scrubber High pH
2026-02-26,11.59,SCB-301,Good,-0.0899999999999998,11.824285714285717,0.1670186758875901,11.59,12.11,0.5199999999999996,99.1,High,0,Thursday,February,0.23,75.0,Warning,Excessive Caustic Feed,Over-dosing Caustic Buffer,Calibrate Caustic Dosing Pump Feedback Controller,Alkaline Scrubber High pH
2026-02-27,11.58,SCB-301,Good,-0.0099999999999997,11.748571428571427,0.1324674263644612,11.58,11.9,0.3200000000000003,99.9,High,0,Friday,February,0.23,75.0,Warning,Excessive Caustic Feed,Over-dosing Caustic Buffer,Calibrate Caustic Dosing Pump Feedback Controller,Alkaline Scrubber High pH
2026-02-28,11.52,SCB-301,Good,-0.0600000000000005,11.694285714285714,0.1378232131944483,11.52,11.87,0.3499999999999996,99.4,High,0,Saturday,February,0.23,75.0,Warning,Excessive Caustic Feed,Over-dosing Caustic Buffer,Calibrate Caustic Dosing Pump Feedback Controller,Alkaline Scrubber High pH
2026-03-01,11.5,SCB-301,Good,-0.0199999999999995,11.641428571428571,0.1299267192726578,11.5,11.84,0.3399999999999998,99.8,Normal,0,Sunday,March,0.24,100.0,Normal,Healthy,Normal Operation,Continue Stream Monitoring,No Alert
2026-03-02,10.87,SCB-301,Good,-0.6300000000000008,11.502857142857144,0.2951109557276354,10.87,11.78,0.91,93.7,Normal,0,Monday,March,0.3,100.0,Normal,Healthy,Normal Operation,Continue Stream Monitoring,No Alert
2026-03-03,10.53,SCB-301,Good,-0.3399999999999998,11.324285714285717,0.4413938960028469,10.53,11.68,1.1500000000000004,96.6,Normal,0,Tuesday,March,0.26,100.0,Normal,Healthy,Normal Operation,Continue Stream Monitoring,No Alert
2026-03-04,10.59,SCB-301,Good,0.0600000000000005,11.168571428571427,0.4850920383950703,10.53,11.59,1.0600000000000005,99.4,Normal,0,Wednesday,March,0.18,100.0,Normal,Healthy,Normal Operation,Continue Stream Monitoring,No Alert
2026-03-05,10.66,SCB-301,Good,0.0700000000000002,11.035714285714286,0.4777327405867936,10.53,11.58,1.0500000000000007,99.3,Normal,0,Thursday,March,0.22,100.0,Normal,Healthy,Normal Operation,Continue Stream Monitoring,No Alert
2026-03-06,10.71,SCB-301,Good,0.0500000000000007,10.911428571428573,0.4225095096140223,10.53,11.52,0.9900000000000002,99.5,Normal,0,Friday,March,0.25,100.0,Normal,Healthy,Normal Operation,Continue Stream Monitoring,No Alert
2026-03-07,10.72,SCB-301,Good,0.0099999999999997,10.797142857142855,0.3281114793132629,10.53,11.5,0.9700000000000006,99.9,Normal,0,Saturday,March,0.2,100.0,Normal,Healthy,Normal Operation,Continue Stream Monitoring,No Alert
2026-03-08,10.86,SCB-301,Good,0.1399999999999988,10.705714285714285,0.1273914103405937,10.53,10.87,0.3399999999999998,98.6,Normal,0,Sunday,March,0.22,100.0,Normal,Healthy,Normal Operation,Continue Stream Monitoring,No Alert
2026-03-09,10.81,SCB-301,Good,-0.0499999999999989,10.697142857142856,0.1160049260037561,10.53,10.86,0.33,99.5,Normal,0,Monday,March,0.2,100.0,Normal,Healthy,Normal Operation,Continue Stream Monitoring,No Alert
2026-03-10,10.77,SCB-301,Good,-0.0400000000000009,10.73142857142857,0.0911827051270134,10.59,10.86,0.2699999999999996,99.6,Normal,0,Tuesday,March,0.19,100.0,Normal,Healthy,Normal Operation,Continue Stream Monitoring,No Alert
2026-03-11,10.87,SCB-301,Good,0.0999999999999996,10.771428571428572,0.0794624799152409,10.66,10.87,0.209999999999999,99.0,Normal,0,Wednesday,March,0.24,100.0,Normal,Healthy,Normal Operation,Continue Stream Monitoring,No Alert
2026-03-12,10.85,SCB-301,Good,-0.0199999999999995,10.79857142857143,0.0664400911670071,10.71,10.87,0.1599999999999983,99.8,Normal,0,Thursday,March,0.25,100.0,Normal,Healthy,Normal Operation,Continue Stream Monitoring,No Alert
2026-03-13,10.74,SCB-301,Good,-0.1099999999999994,10.802857142857144,0.0604743156814313,10.72,10.87,0.1499999999999985,98.9,Normal,0,Friday,March,0.22,100.0,Normal,Healthy,Normal Operation,Continue Stream Monitoring,No Alert
2026-03-14,10.66,SCB-301,Good,-0.08,10.794285714285715,0.0763450812336063,10.66,10.87,0.209999999999999,99.2,Normal,0,Saturday,March,0.13,100.0,Normal,Healthy,Normal Operation,Continue Stream Monitoring,No Alert
2026-03-15,10.52,SCB-301,Good,-0.1400000000000005,10.745714285714286,0.1220460490767007,10.52,10.87,0.3499999999999996,98.6,Normal,0,Sunday,March,0.15,100.0,Normal,Healthy,Normal Operation,Continue Stream Monitoring,No Alert
2026-03-16,10.65,SCB-301,Good,0.1300000000000007,10.722857142857142,0.1229788986932463,10.52,10.87,0.3499999999999996,98.7,Normal,0,Monday,March,0.14,100.0,Normal,Healthy,Normal Operation,Continue Stream Monitoring,No Alert
2026-03-17,10.67,SCB-301,Good,0.0199999999999995,10.70857142857143,0.1223967008580972,10.52,10.87,0.3499999999999996,99.8,Normal,0,Tuesday,March,0.19,100.0,Normal,Healthy,Normal Operation,Continue Stream Monitoring,No Alert
2026-03-18,10.68,SCB-301,Good,0.0099999999999997,10.68142857142857,0.0995705062469796,10.52,10.85,0.33,99.9,Normal,0,Wednesday,March,0.12,100.0,Normal,Healthy,Normal Operation,Continue Stream Monitoring,No Alert
2026-03-19,10.73,SCB-301,Good,0.0500000000000007,10.664285714285716,0.0723088613419236,10.52,10.74,0.2200000000000006,99.5,Normal,0,Thursday,March,0.19,100.0,Normal,Healthy,Normal Operation,Continue Stream Monitoring,No Alert
2026-03-20,10.53,SCB-301,Good,-0.200000000000001,10.634285714285712,0.0789212989538659,10.52,10.73,0.2100000000000008,98.0,Normal,0,Friday,March,0.21,100.0,Normal,Healthy,Normal Operation,Continue Stream Monitoring,No Alert
2026-03-21,10.06,SCB-301,Good,-0.4699999999999988,10.54857142857143,0.2291599566117072,10.06,10.73,0.6699999999999999,95.3,Normal,0,Saturday,March,0.25,100.0,Normal,Healthy,Normal Operation,Continue Stream Monitoring,No Alert
2026-03-22,10.41,SCB-301,Good,0.3499999999999996,10.532857142857145,0.2351392697753185,10.06,10.73,0.6699999999999999,96.5,Normal,0,Sunday,March,0.3,100.0,Normal,Healthy,Normal Operation,Continue Stream Monitoring,No Alert
2026-03-23,10.68,SCB-301,Good,0.2699999999999996,10.537142857142856,0.2378875284466799,10.06,10.73,0.6699999999999999,97.3,Normal,0,Monday,March,0.28,100.0,Normal,Healthy,Normal Operation,Continue Stream Monitoring,No Alert
2026-03-24,10.59,SCB-301,Good,-0.0899999999999998,10.525714285714288,0.232297018409403,10.06,10.73,0.6699999999999999,99.1,Normal,0,Tuesday,March,0.24,100.0,Normal,Healthy,Normal Operation,Continue Stream Monitoring,No Alert
2026-03-25,10.6325,SCB-301,Interpolated,0.0425000000000004,10.518928571428573,0.2276869979766364,10.06,10.73,0.6699999999999999,99.575,Normal,0,Wednesday,March,0.21,100.0,Normal,Healthy,Normal Operation,Continue Stream Monitoring,No Alert
2026-03-26,10.675,SCB-301,Interpolated,0.0425000000000004,10.511071428571428,0.2200087931143047,10.06,10.68,0.6199999999999992,99.575,Normal,0,Thursday,March,0.31,100.0,Normal,Healthy,Normal Operation,Continue Stream Monitoring,No Alert
2026-03-27,10.7175,SCB-301,Interpolated,0.0424999999999986,10.537857142857144,0.2336861703021171,10.06,10.7175,0.6574999999999989,99.57500000000002,Normal,0,Friday,March,0.27,100.0,Normal,Healthy,Normal Operation,Continue Stream Monitoring,No Alert
2026-03-28,10.76,SCB-301,Good,0.0425000000000004,10.637857142857143,0.1144955291287404,10.41,10.76,0.3499999999999996,99.575,Normal,0,Saturday,March,0.2,100.0,Normal,Healthy,Normal Operation,Continue Stream Monitoring,No Alert
2026-03-29,10.79,SCB-301,Good,0.0299999999999993,10.692142857142857,0.0698275938088725,10.59,10.79,0.1999999999999993,99.7,Normal,0,Sunday,March,0.25,100.0,Normal,Healthy,Normal Operation,Continue Stream Monitoring,No Alert
2026-03-30,10.75,SCB-301,Good,-0.0399999999999991,10.702142857142857,0.0727499795450388,10.59,10.79,0.1999999999999993,99.6,Normal,0,Monday,March,0.24,100.0,Normal,Healthy,Normal Operation,Continue Stream Monitoring,No Alert
2026-03-31,10.8,SCB-301,Good,0.0500000000000007,10.732142857142858,0.061176462171358,10.6325,10.8,0.1675000000000004,99.5,Normal,0,Tuesday,March,0.28,100.0,Normal,Healthy,Normal Operation,Continue Stream Monitoring,No Alert
2026-04-01,10.62,SCB-301,Good,-0.1800000000000015,10.730357142857144,0.064653379832795,10.62,10.8,0.1800000000000015,98.2,Normal,0,Wednesday,April,0.3,100.0,Normal,Healthy,Normal Operation,Continue Stream Monitoring,No Alert
2026-04-02,10.64,SCB-301,Good,0.0200000000000013,10.725357142857144,0.0707169912901916,10.62,10.8,0.1800000000000015,99.79999999999998,Normal,0,Thursday,April,0.32,100.0,Normal,Healthy,Normal Operation,Continue Stream Monitoring,No Alert
2026-04-03,10.7,SCB-301,Good,0.0599999999999987,10.722857142857142,0.0713475731224993,10.62,10.8,0.1800000000000015,99.4,Normal,0,Friday,April,0.26,100.0,Normal,Healthy,Normal Operation,Continue Stream Monitoring,No Alert
2026-04-04,10.76,SCB-301,Good,0.0600000000000005,10.722857142857142,0.0713475731224993,10.62,10.8,0.1800000000000015,99.4,Normal,0,Saturday,April,0.27,100.0,Normal,Healthy,Normal Operation,Continue Stream Monitoring,No Alert
2026-04-05,10.75,SCB-301,Good,-0.0099999999999997,10.71714285714286,0.0665117247092855,10.62,10.8,0.1800000000000015,99.9,Normal,0,Sunday,April,0.25,100.0,Normal,Healthy,Normal Operation,Continue Stream Monitoring,No Alert
2026-04-06,10.78,SCB-301,Good,0.0299999999999993,10.721428571428572,0.0698638131005359,10.62,10.8,0.1800000000000015,99.7,Normal,0,Monday,April,0.34,100.0,Normal,Healthy,Normal Operation,Continue Stream Monitoring,No Alert
2026-04-07,10.56,SCB-301,Good,-0.2199999999999988,10.687142857142856,0.0826063528053616,10.56,10.78,0.2199999999999988,97.8,Normal,0,Tuesday,April,0.34,100.0,Normal,Healthy,Normal Operation,Continue Stream Monitoring,No Alert
2026-04-08,10.55,SCB-301,Good,-0.0099999999999997,10.677142857142858,0.0953439887484814,10.55,10.78,0.2299999999999986,99.9,Normal,0,Wednesday,April,0.27,100.0,Normal,Healthy,Normal Operation,Continue Stream Monitoring,No Alert
2026-04-09,10.7,SCB-301,Good,0.1499999999999985,10.685714285714283,0.0941376904427714,10.55,10.78,0.2299999999999986,98.5,Normal,0,Thursday,April,0.28,100.0,Normal,Healthy,Normal Operation,Continue Stream Monitoring,No Alert
2026-04-10,10.5,SCB-301,Good,-0.1999999999999993,10.657142857142857,0.1167210757481443,10.5,10.78,0.2799999999999993,98.0,Normal,0,Friday,April,0.33,100.0,Normal,Healthy,Normal Operation,Continue Stream Monitoring,No Alert
2026-04-11,10.43,SCB-301,Good,-0.0700000000000002,10.61,0.1336662510384037,10.43,10.78,0.3499999999999996,99.3,Normal,0,Saturday,April,0.34,100.0,Normal,Healthy,Normal Operation,Continue Stream Monitoring,No Alert
2026-04-12,10.66,SCB-301,Good,0.2300000000000004,10.597142857142858,0.1217530678209158,10.43,10.78,0.3499999999999996,97.7,Normal,0,Sunday,April,0.2,100.0,Normal,Healthy,Normal Operation,Continue Stream Monitoring,No Alert
2026-04-13,10.83,SCB-301,Good,0.1699999999999999,10.604285714285714,0.135013226865246,10.43,10.83,0.4000000000000003,98.3,Normal,0,Monday,April,0.23,100.0,Normal,Healthy,Normal Operation,Continue Stream Monitoring,No Alert
2026-04-14,10.72,SCB-301,Good,-0.1099999999999994,10.627142857142855,0.1397276262011358,10.43,10.83,0.4000000000000003,98.9,Normal,0,Tuesday,April,0.26,100.0,Normal,Healthy,Normal Operation,Continue Stream Monitoring,No Alert
2026-04-15,10.74,SCB-301,Good,0.0199999999999995,10.654285714285717,0.1406955510854295,10.43,10.83,0.4000000000000003,99.8,Normal,0,Wednesday,April,0.26,100.0,Normal,Healthy,Normal Operation,Continue Stream Monitoring,No Alert
2026-04-16,10.57,SCB-301,Good,-0.1699999999999999,10.635714285714286,0.1422271824531662,10.43,10.83,0.4000000000000003,98.3,Normal,0,Thursday,April,0.22,100.0,Normal,Healthy,Normal Operation,Continue Stream Monitoring,No Alert
2026-04-17,10.21,SCB-301,Good,-0.3599999999999994,10.594285714285714,0.2129833438602651,10.21,10.83,0.6199999999999992,96.4,Normal,0,Friday,April,0.25,100.0,Normal,Healthy,Normal Operation,Continue Stream Monitoring,No Alert
2026-04-18,10.77,SCB-301,Good,0.5599999999999987,10.642857142857142,0.2079835158303114,10.21,10.83,0.6199999999999992,94.4,Normal,0,Saturday,April,0.22,100.0,Normal,Healthy,Normal Operation,Continue Stream Monitoring,No Alert
2026-04-19,10.71,SCB-301,Good,-0.0599999999999987,10.650000000000002,0.2095232683975564,10.21,10.83,0.6199999999999992,99.4,Normal,0,Sunday,April,0.28,100.0,Normal,Healthy,Normal Operation,Continue Stream Monitoring,No Alert
2026-04-20,10.77,SCB-301,Good,0.0599999999999987,10.641428571428571,0.2020254580845698,10.21,10.77,0.5599999999999987,99.4,Normal,0,Monday,April,0.27,100.0,Normal,Healthy,Normal Operation,Continue Stream Monitoring,No Alert
2026-04-21,10.63,SCB-301,Good,-0.1399999999999988,10.62857142857143,0.1990333783923702,10.21,10.77,0.5599999999999987,98.6,Normal,0,Tuesday,April,0.29,100.0,Normal,Healthy,Normal Operation,Continue Stream Monitoring,No Alert
2026-04-22,10.57,SCB-301,Good,-0.0600000000000005,10.604285714285714,0.193464651625475,10.21,10.77,0.5599999999999987,99.4,Normal,0,Wednesday,April,0.34,100.0,Normal,Healthy,Normal Operation,Continue Stream Monitoring,No Alert
2026-04-23,10.5,SCB-301,Good,-0.0700000000000002,10.594285714285714,0.1973032473847467,10.21,10.77,0.5599999999999987,99.3,Normal,0,Thursday,April,0.38,100.0,Normal,Healthy,Normal Operation,Continue Stream Monitoring,No Alert
2026-04-24,10.56,SCB-301,Good,0.0600000000000005,10.644285714285717,0.1076811872855827,10.5,10.77,0.2699999999999996,99.4,Normal,0,Friday,April,0.41,100.0,Normal,Healthy,Normal Operation,Continue Stream Monitoring,No Alert
2026-04-25,10.58,SCB-301,Good,0.0199999999999995,10.617142857142856,0.093757539379354,10.5,10.77,0.2699999999999996,99.8,Normal,0,Saturday,April,0.6,100.0,Normal,Healthy,Normal Operation,Continue Stream Monitoring,No Alert
2026-04-26,10.37,SCB-301,Good,-0.2100000000000008,10.56857142857143,0.1215769401693745,10.37,10.77,0.4000000000000003,97.9,Normal,0,Sunday,April,0.0,100.0,Normal,Healthy,Normal Operation,Continue Stream Monitoring,No Alert
2026-04-27,10.65,SCB-301,Good,0.2800000000000011,10.551428571428572,0.0937067360489512,10.37,10.65,0.2800000000000011,97.2,Normal,0,Monday,April,0.51,100.0,Normal,Healthy,Normal Operation,Continue Stream Monitoring,No Alert
2026-04-28,10.7,SCB-301,Good,0.0499999999999989,10.561428571428571,0.106368631251328,10.37,10.7,0.33,99.5,Normal,0,Tuesday,April,0.34,100.0,Normal,Healthy,Normal Operation,Continue Stream Monitoring,No Alert
2026-04-29,10.75,SCB-301,Good,0.0500000000000007,10.587142857142856,0.1282853961179446,10.37,10.75,0.3800000000000008,99.5,Normal,0,Wednesday,April,0.41,100.0,Normal,Healthy,Normal Operation,Continue Stream Monitoring,No Alert
2026-04-30,10.74,SCB-301,Good,-0.0099999999999997,10.62142857142857,0.1330950251297193,10.37,10.75,0.3800000000000008,99.9,Normal,0,Thursday,April,0.3,100.0,Normal,Healthy,Normal Operation,Continue Stream Monitoring,No Alert
2026-05-01,10.84,SCB-301,Good,0.0999999999999996,10.661428571428573,0.1522529224052761,10.37,10.84,0.4700000000000006,99.0,Normal,0,Friday,May,0.35,100.0,Normal,Healthy,Normal Operation,Continue Stream Monitoring,No Alert
2026-05-02,10.68,SCB-301,Good,-0.1600000000000001,10.675714285714289,0.1479703960095824,10.37,10.84,0.4700000000000006,98.4,Normal,0,Saturday,May,0.36,100.0,Normal,Healthy,Normal Operation,Continue Stream Monitoring,No Alert
2026-05-03,10.73,SCB-301,Good,0.0500000000000007,10.727142857142857,0.0610230245383135,10.65,10.84,0.1899999999999995,99.5,Normal,0,Sunday,May,0.27,100.0,Normal,Healthy,Normal Operation,Continue Stream Monitoring,No Alert
2026-05-04,10.69,SCB-301,Good,-0.0400000000000009,10.732857142857144,0.0540722620555455,10.68,10.84,0.1600000000000001,99.6,Normal,0,Monday,May,0.35,100.0,Normal,Healthy,Normal Operation,Continue Stream Monitoring,No Alert
2026-05-05,10.64,SCB-301,Good,-0.0499999999999989,10.724285714285717,0.0639940473421722,10.64,10.84,0.1999999999999993,99.5,Normal,0,Tuesday,May,0.31,100.0,Normal,Healthy,Normal Operation,Continue Stream Monitoring,No Alert
2026-05-06,10.57,SCB-301,Good,-0.0700000000000002,10.698571428571428,0.0847405002401247,10.57,10.84,0.2699999999999996,99.3,Normal,0,Wednesday,May,0.4,100.0,Normal,Healthy,Normal Operation,Continue Stream Monitoring,No Alert
2026-05-07,10.61,SCB-301,Good,0.0399999999999991,10.68,0.088317608663246,10.57,10.84,0.2699999999999996,99.6,Normal,0,Thursday,May,0.47,100.0,Normal,Healthy,Normal Operation,Continue Stream Monitoring,No Alert
2026-05-08,10.63,SCB-301,Good,0.0200000000000013,10.650000000000002,0.053851648071293,10.57,10.73,0.1600000000000001,99.79999999999998,Normal,0,Friday,May,0.33,100.0,Normal,Healthy,Normal Operation,Continue Stream Monitoring,No Alert
2026-05-09,10.66,SCB-301,Good,0.0299999999999993,10.647142857142857,0.0525085027127728,10.57,10.73,0.1600000000000001,99.7,Normal,0,Saturday,May,0.37,100.0,Normal,Healthy,Normal Operation,Continue Stream Monitoring,No Alert
2026-05-10,10.63,SCB-301,Good,-0.0299999999999993,10.632857142857144,0.0377334006392748,10.57,10.69,0.1199999999999992,99.7,Normal,0,Sunday,May,0.39,100.0,Normal,Healthy,Normal Operation,Continue Stream Monitoring,No Alert
2026-05-11,10.64,SCB-301,Good,0.0099999999999997,10.625714285714286,0.0287849166850626,10.57,10.66,0.0899999999999998,99.9,Normal,0,Monday,May,0.41,100.0,Normal,Healthy,Normal Operation,Continue Stream Monitoring,No Alert
2026-05-12,10.66,SCB-301,Good,0.0199999999999995,10.62857142857143,0.0313201593378279,10.57,10.66,0.0899999999999998,99.8,Normal,0,Tuesday,May,0.45,100.0,Normal,Healthy,Normal Operation,Continue Stream Monitoring,No Alert
2026-05-13,10.67,SCB-301,Good,0.0099999999999997,10.642857142857142,0.021380899352864,10.61,10.67,0.0600000000000005,99.9,Normal,0,Wednesday,May,0.24,100.0,Normal,Healthy,Normal Operation,Continue Stream Monitoring,No Alert
2026-05-14,10.73,SCB-301,Good,0.0600000000000005,10.66,0.0346410161512955,10.63,10.73,0.0999999999999996,99.4,Normal,0,Thursday,May,0.32,100.0,Normal,Healthy,Normal Operation,Continue Stream Monitoring,No Alert
2026-05-15,10.71,SCB-301,Good,-0.0199999999999995,10.671428571428573,0.036253078686919,10.63,10.73,0.0999999999999996,99.8,Normal,0,Friday,May,0.2,100.0,Normal,Healthy,Normal Operation,Continue Stream Monitoring,No Alert
2026-05-16,10.5,SCB-301,Good,-0.2100000000000008,10.64857142857143,0.0747057720724902,10.5,10.73,0.2300000000000004,97.9,Normal,0,Saturday,May,0.29,100.0,Normal,Healthy,Normal Operation,Continue Stream Monitoring,No Alert
2026-05-17,10.11,SCB-301,Good,-0.3900000000000005,10.574285714285717,0.2177810171446691,10.11,10.73,0.620000000000001,96.1,Normal,0,Sunday,May,0.28,100.0,Normal,Healthy,Normal Operation,Continue Stream Monitoring,No Alert
2026-05-18,9.96,SCB-301,Good,-0.1499999999999985,10.477142857142857,0.3139912040017555,9.96,10.73,0.7699999999999996,98.5,Normal,0,Monday,May,0.29,100.0,Normal,Healthy,Normal Operation,Continue Stream Monitoring,No Alert
2026-05-19,11.71,SCB-301,Good,1.75,10.627142857142855,0.5657653897071392,9.96,11.71,1.75,82.5,High,0,Tuesday,May,0.27,61.0,Warning,Excessive Caustic Feed,Over-dosing Caustic Buffer,Calibrate Caustic Dosing Pump Feedback Controller,Alkaline Scrubber High pH
2026-05-20,12.6,SCB-301,Good,0.8899999999999988,10.902857142857142,0.9379714687507656,9.96,12.6,2.639999999999999,91.1,High,0,Wednesday,May,0.31,75.0,Warning,Excessive Caustic Feed,Over-dosing Caustic Buffer,Calibrate Caustic Dosing Pump Feedback Controller,Alkaline Scrubber High pH
2026-05-21,11.77,SCB-301,Good,-0.8300000000000001,11.051428571428572,0.9871073661871554,9.96,12.6,2.639999999999999,91.7,High,0,Thursday,May,0.34,75.0,Warning,Excessive Caustic Feed,Over-dosing Caustic Buffer,Calibrate Caustic Dosing Pump Feedback Controller,Alkaline Scrubber High pH
2026-05-22,11.35,SCB-301,Good,-0.4199999999999999,11.142857142857142,0.9798250572715176,9.96,12.6,2.639999999999999,95.8,Normal,0,Friday,May,0.25,100.0,Normal,Healthy,Normal Operation,Continue Stream Monitoring,No Alert
2026-05-23,11.13,SCB-301,Good,-0.2199999999999988,11.232857142857142,0.9390192452006144,9.96,12.6,2.639999999999999,97.8,Normal,0,Saturday,May,0.19,100.0,Normal,Healthy,Normal Operation,Continue Stream Monitoring,No Alert
2026-05-24,11.0,SCB-301,Good,-0.1300000000000007,11.36,0.8135109095765023,9.96,12.6,2.639999999999999,98.7,Normal,0,Sunday,May,0.35,100.0,Normal,Healthy,Normal Operation,Continue Stream Monitoring,No Alert
2026-05-25,10.94,SCB-301,Good,-0.0600000000000005,11.5,0.5845225972249953,10.94,12.6,1.66,99.4,Normal,0,Monday,May,0.36,100.0,Normal,Healthy,Normal Operation,Continue Stream Monitoring,No Alert
2026-05-26,10.86,SCB-301,Good,-0.08,11.37857142857143,0.620790586575651,10.86,12.6,1.7400000000000002,99.2,Normal,0,Tuesday,May,0.3,100.0,Normal,Healthy,Normal Operation,Continue Stream Monitoring,No Alert
2026-05-27,10.84,SCB-301,Good,-0.0199999999999995,11.127142857142855,0.3336522284112608,10.84,11.77,0.9299999999999996,99.8,Normal,0,Wednesday,May,0.41,100.0,Normal,Healthy,Normal Operation,Continue Stream Monitoring,No Alert
2026-05-28,10.83,SCB-301,Good,-0.0099999999999997,10.992857142857142,0.1900626463137918,10.83,11.35,0.5199999999999996,99.9,Normal,0,Thursday,May,2.01,100.0,Normal,Healthy,Normal Operation,Continue Stream Monitoring,No Alert
2026-05-29,10.82,SCB-301,Good,-0.0099999999999997,10.917142857142858,0.1147045895208021,10.82,11.13,0.3100000000000005,99.9,Normal,0,Friday,May,0.31,100.0,Normal,Healthy,Normal Operation,Continue Stream Monitoring,No Alert
2026-05-30,10.84,SCB-301,Good,0.0199999999999995,10.875714285714286,0.0677881855136372,10.82,11.0,0.1799999999999997,99.8,Normal,0,Saturday,May,0.3,100.0,Normal,Healthy,Normal Operation,Continue Stream Monitoring,No Alert
2026-05-31,10.85,SCB-301,Good,0.0099999999999997,10.854285714285714,0.0399404318358162,10.82,10.94,0.1199999999999992,99.9,Normal,0,Sunday,May,0.29,100.0,Normal,Healthy,Normal Operation,Continue Stream Monitoring,No Alert
2026-06-01,10.89,SCB-301,Good,0.0400000000000009,10.847142857142856,0.0228868854107105,10.82,10.89,0.0700000000000002,99.6,Normal,0,Monday,June,0.29,100.0,Normal,Healthy,Normal Operation,Continue Stream Monitoring,No Alert
2026-06-02,10.89,SCB-301,Good,0.0,10.85142857142857,0.0279455252401138,10.82,10.89,0.0700000000000002,100.0,Normal,0,Tuesday,June,0.3,100.0,Normal,Healthy,Normal Operation,Continue Stream Monitoring,No Alert
2026-06-03,10.9,SCB-301,Good,0.0099999999999997,10.86,0.032659863237008,10.82,10.9,0.08,99.9,Normal,0,Wednesday,June,0.27,100.0,Normal,Healthy,Normal Operation,Continue Stream Monitoring,No Alert
2026-06-04,10.91,SCB-301,Good,0.0099999999999997,10.871428571428572,0.0343649877192717,10.82,10.91,0.0899999999999998,99.9,Normal,0,Thursday,June,0.24,100.0,Normal,Healthy,Normal Operation,Continue Stream Monitoring,No Alert
2026-06-05,10.96,SCB-301,Good,0.0500000000000007,10.891428571428571,0.0397611918954342,10.84,10.96,0.120000000000001,99.5,Normal,0,Friday,June,0.24,100.0,Normal,Healthy,Normal Operation,Continue Stream Monitoring,No Alert
2026-06-06,11.0,SCB-301,Good,0.0399999999999991,10.914285714285713,0.0499523582549519,10.85,11.0,0.1500000000000003,99.6,Normal,0,Saturday,June,0.2333333333333333,100.0,Normal,Healthy,Normal Operation,Continue Stream Monitoring,No Alert
2026-06-07,11.03,SCB-301,Good,0.0299999999999993,10.94,0.0571547606648772,10.89,11.03,0.1399999999999988,99.7,Normal,0,Sunday,June,0.2266666666666666,100.0,Normal,Healthy,Normal Operation,Continue Stream Monitoring,No Alert
2026-06-08,11.09,SCB-301,Good,0.0600000000000005,10.968571428571428,0.0751506423632663,10.89,11.09,0.1999999999999993,99.4,Normal,0,Monday,June,0.22,100.0,Normal,Healthy,Normal Operation,Continue Stream Monitoring,No Alert
2026-06-09,11.12,SCB-301,Good,0.0299999999999993,11.001428571428573,0.0847405002401137,10.9,11.12,0.2199999999999988,99.7,Normal,0,Tuesday,June,0.32,100.0,Normal,Healthy,Normal Operation,Continue Stream Monitoring,No Alert
2026-06-10,11.13,SCB-301,Good,0.0100000000000015,11.034285714285714,0.0834380294703623,10.91,11.13,0.2200000000000006,99.89999999999998,Normal,0,Wednesday,June,0.31,100.0,Normal,Healthy,Normal Operation,Continue Stream Monitoring,No Alert
2026-06-11,11.15,SCB-301,Good,0.0199999999999995,11.06857142857143,0.0724404517352788,10.96,11.15,0.1899999999999995,99.8,Normal,0,Thursday,June,0.32,100.0,Normal,Healthy,Normal Operation,Continue Stream Monitoring,No Alert
2026-06-12,11.19,SCB-301,Good,0.0399999999999991,11.101428571428572,0.0669399162006089,11.0,11.19,0.1899999999999995,99.6,Normal,0,Friday,June,0.36,100.0,Normal,Healthy,Normal Operation,Continue Stream Monitoring,No Alert
2026-06-13,11.24,SCB-301,Good,0.0500000000000007,11.135714285714286,0.0677881855136292,11.03,11.24,0.2100000000000008,99.5,Normal,0,Saturday,June,0.29,100.0,Normal,Healthy,Normal Operation,Continue Stream Monitoring,No Alert
2026-06-14,11.28,SCB-301,Good,0.0399999999999991,11.171428571428573,0.0686606562325013,11.09,11.28,0.1899999999999995,99.6,Normal,0,Sunday,June,0.29,100.0,Normal,Healthy,Normal Operation,Continue Stream Monitoring,No Alert
2026-06-15,11.33,SCB-301,Good,0.0500000000000007,11.205714285714285,0.0801783725736765,11.12,11.33,0.2100000000000008,99.5,Normal,0,Monday,June,0.31,100.0,Normal,Healthy,Normal Operation,Continue Stream Monitoring,No Alert
2026-06-16,11.38,SCB-301,Good,0.0500000000000007,11.242857142857142,0.0930437685024339,11.13,11.38,0.25,99.5,Normal,0,Tuesday,June,0.24,100.0,Normal,Healthy,Normal Operation,Continue Stream Monitoring,No Alert
2026-06-17,11.42,SCB-301,Good,0.0399999999999991,11.284285714285714,0.0988023520058918,11.15,11.42,0.2699999999999996,99.6,Normal,0,Wednesday,June,0.21,100.0,Normal,Healthy,Normal Operation,Continue Stream Monitoring,No Alert
2026-06-18,11.48,SCB-301,Good,0.0600000000000005,11.331428571428573,0.1027016019719758,11.19,11.48,0.2900000000000009,99.4,Normal,0,Thursday,June,0.36,100.0,Normal,Healthy,Normal Operation,Continue Stream Monitoring,No Alert
2026-06-19,11.51,SCB-301,Good,0.0299999999999993,11.377142857142855,0.1004513623126481,11.24,11.51,0.2699999999999996,99.7,High,0,Friday,June,0.26,75.0,Warning,Excessive Caustic Feed,Over-dosing Caustic Buffer,Calibrate Caustic Dosing Pump Feedback Controller,Alkaline Scrubber High pH
2026-06-20,11.43,SCB-301,Good,-0.08,11.404285714285717,0.0810055847574428,11.28,11.51,0.2300000000000004,99.2,Normal,0,Saturday,June,0.24,100.0,Normal,Healthy,Normal Operation,Continue Stream Monitoring,No Alert
2026-06-21,11.53,SCB-301,Good,0.0999999999999996,11.44,0.0716472842006134,11.33,11.53,0.1999999999999993,99.0,High,0,Sunday,June,0.3,75.0,Warning,Excessive Caustic Feed,Over-dosing Caustic Buffer,Calibrate Caustic Dosing Pump Feedback Controller,Alkaline Scrubber High pH
2026-06-22,11.52,SCB-301,Good,-0.0099999999999997,11.467142857142855,0.0576524893113857,11.38,11.53,0.1499999999999985,99.9,High,0,Monday,June,0.28,75.0,Warning,Excessive Caustic Feed,Over-dosing Caustic Buffer,Calibrate Caustic Dosing Pump Feedback Controller,Alkaline Scrubber High pH
2026-06-23,11.56,SCB-301,Good,0.0400000000000009,11.492857142857142,0.0521901286049311,11.42,11.56,0.1400000000000005,99.6,High,0,Tuesday,June,0.37,75.0,Warning,Excessive Caustic Feed,Over-dosing Caustic Buffer,Calibrate Caustic Dosing Pump Feedback Controller,Alkaline Scrubber High pH
2026-06-24,11.57,SCB-301,Good,0.0099999999999997,11.514285714285716,0.0479086432204835,11.43,11.57,0.1400000000000005,99.9,High,0,Wednesday,June,0.27,75.0,Warning,Excessive Caustic Feed,Over-dosing Caustic Buffer,Calibrate Caustic Dosing Pump Feedback Controller,Alkaline Scrubber High pH
2026-06-25,11.72,SCB-301,Good,0.1500000000000003,11.54857142857143,0.0882097068408087,11.43,11.72,0.2900000000000009,98.5,High,0,Thursday,June,0.33,75.0,Warning,Excessive Caustic Feed,Over-dosing Caustic Buffer,Calibrate Caustic Dosing Pump Feedback Controller,Alkaline Scrubber High pH
2026-06-26,11.8,SCB-301,Good,0.08,11.59,0.1267543556121651,11.43,11.8,0.370000000000001,99.2,High,0,Friday,June,0.24,75.0,Warning,Excessive Caustic Feed,Over-dosing Caustic Buffer,Calibrate Caustic Dosing Pump Feedback Controller,Alkaline Scrubber High pH
2026-06-27,11.68,SCB-301,Good,-0.120000000000001,11.625714285714286,0.1079902993879213,11.52,11.8,0.2800000000000011,98.79999999999998,High,0,Saturday,June,0.34,75.0,Warning,Excessive Caustic Feed,Over-dosing Caustic Buffer,Calibrate Caustic Dosing Pump Feedback Controller,Alkaline Scrubber High pH
2026-06-28,11.58,SCB-301,Good,-0.0999999999999996,11.632857142857144,0.1020970593298237,11.52,11.8,0.2800000000000011,99.0,High,0,Sunday,June,0.24,75.0,Warning,Excessive Caustic Feed,Over-dosing Caustic Buffer,Calibrate Caustic Dosing Pump Feedback Controller,Alkaline Scrubber High pH
2026-06-29,11.51,SCB-301,Good,-0.0700000000000002,11.631428571428572,0.1039917579151047,11.51,11.8,0.2900000000000009,99.3,High,0,Monday,June,0.44,75.0,Warning,Excessive Caustic Feed,Over-dosing Caustic Buffer,Calibrate Caustic Dosing Pump Feedback Controller,Alkaline Scrubber High pH
2026-06-30,11.5,SCB-301,Good,-0.0099999999999997,11.622857142857145,0.1129475225807586,11.5,11.8,0.3000000000000007,99.9,Normal,0,Tuesday,June,0.47,100.0,Normal,Healthy,Normal Operation,Continue Stream Monitoring,No Alert
2026-01-01,8.15,SCB-302,Good,0.0,8.15,0.0,8.15,8.15,0.0,100.0,Low,0,Thursday,January,0.45,65.0,Warning,Low Alkali Dosing,Insufficient Caustic Injection Flow Rate,Increase Caustic Dosing Pump Output,Alkaline Scrubber Low pH
2026-01-02,8.15,SCB-302,Good,0.0,8.15,0.0,8.15,8.15,0.0,100.0,Low,0,Friday,January,0.45,65.0,Warning,Low Alkali Dosing,Insufficient Caustic Injection Flow Rate,Increase Caustic Dosing Pump Output,Alkaline Scrubber Low pH
2026-01-03,8.15,SCB-302,Good,0.0,8.15,0.0,8.15,8.15,0.0,100.0,Low,0,Saturday,January,0.47,65.0,Warning,Low Alkali Dosing,Insufficient Caustic Injection Flow Rate,Increase Caustic Dosing Pump Output,Alkaline Scrubber Low pH
2026-01-04,8.12,SCB-302,Good,-0.0300000000000011,8.1425,0.0150000000000005,8.12,8.15,0.0300000000000011,99.7,Low,0,Sunday,January,0.51,65.0,Warning,Low Alkali Dosing,Insufficient Caustic Injection Flow Rate,Increase Caustic Dosing Pump Output,Alkaline Scrubber Low pH
2026-01-05,8.08,SCB-302,Good,-0.0399999999999991,8.129999999999999,0.0308220700148452,8.08,8.15,0.0700000000000002,99.6,Low,0,Monday,January,0.41,65.0,Warning,Low Alkali Dosing,Insufficient Caustic Injection Flow Rate,Increase Caustic Dosing Pump Output,Alkaline Scrubber Low pH
2026-01-06,8.0175,SCB-302,Interpolated,-0.0625,8.11125,0.0535665473966731,8.0175,8.15,0.1325000000000002,99.375,Low,0,Tuesday,January,0.41,65.0,Warning,Low Alkali Dosing,Insufficient Caustic Injection Flow Rate,Increase Caustic Dosing Pump Output,Alkaline Scrubber Low pH
2026-01-07,7.955,SCB-302,Interpolated,-0.0625,8.088928571428571,0.0766737833135881,7.955,8.15,0.1950000000000002,99.375,Low,0,Wednesday,January,0.52,65.0,Warning,Low Alkali Dosing,Insufficient Caustic Injection Flow Rate,Increase Caustic Dosing Pump Output,Alkaline Scrubber Low pH
2026-01-08,7.8925,SCB-302,Interpolated,-0.0625,8.052142857142858,0.1005446477465416,7.8925,8.15,0.2575000000000003,99.375,Low,0,Thursday,January,0.54,65.0,Warning,Low Alkali Dosing,Insufficient Caustic Injection Flow Rate,Increase Caustic Dosing Pump Output,Alkaline Scrubber Low pH
2026-01-09,7.83,SCB-302,Good,-0.0625,8.006428571428572,0.1195813630167857,7.83,8.15,0.3200000000000003,99.375,Low,0,Friday,January,0.48,65.0,Warning,Low Alkali Dosing,Insufficient Caustic Injection Flow Rate,Increase Caustic Dosing Pump Output,Alkaline Scrubber Low pH
2026-01-10,7.84,SCB-302,Good,0.0099999999999997,7.962142857142857,0.1148588678501116,7.83,8.12,0.2899999999999991,99.9,Low,0,Saturday,January,0.53,65.0,Warning,Low Alkali Dosing,Insufficient Caustic Injection Flow Rate,Increase Caustic Dosing Pump Output,Alkaline Scrubber Low pH
2026-01-11,7.83,SCB-302,Good,-0.0099999999999997,7.920714285714285,0.099736259347197,7.83,8.08,0.25,99.9,Low,0,Sunday,January,0.51,65.0,Warning,Low Alkali Dosing,Insufficient Caustic Injection Flow Rate,Increase Caustic Dosing Pump Output,Alkaline Scrubber Low pH
2026-01-12,7.77,SCB-302,Good,-0.0600000000000005,7.876428571428572,0.0849492145203175,7.77,8.0175,0.2475000000000005,99.4,Low,0,Monday,January,0.52,65.0,Warning,Low Alkali Dosing,Insufficient Caustic Injection Flow Rate,Increase Caustic Dosing Pump Output,Alkaline Scrubber Low pH
2026-01-13,8.27,SCB-302,Good,0.5,7.9125,0.1679223530881654,7.77,8.27,0.5,95.0,Low,0,Tuesday,January,0.54,65.0,Warning,Low Alkali Dosing,Insufficient Caustic Injection Flow Rate,Increase Caustic Dosing Pump Output,Alkaline Scrubber Low pH
2026-01-14,8.34,SCB-302,Good,0.0700000000000002,7.967499999999999,0.2341518382019093,7.77,8.34,0.5700000000000003,99.3,Low,0,Wednesday,January,0.57,65.0,Warning,Low Alkali Dosing,Insufficient Caustic Injection Flow Rate,Increase Caustic Dosing Pump Output,Alkaline Scrubber Low pH
2026-01-15,8.62,SCB-302,Good,0.2799999999999993,8.071428571428571,0.3350337580716586,7.77,8.62,0.8499999999999996,97.2,Low,0,Thursday,January,0.51,65.0,Warning,Low Alkali Dosing,Insufficient Caustic Injection Flow Rate,Increase Caustic Dosing Pump Output,Alkaline Scrubber Low pH
2026-01-16,8.69,SCB-302,Good,0.0700000000000002,8.194285714285714,0.3856102152371455,7.77,8.69,0.92,99.3,Low,0,Friday,January,0.49,65.0,Warning,Low Alkali Dosing,Insufficient Caustic Injection Flow Rate,Increase Caustic Dosing Pump Output,Alkaline Scrubber Low pH
2026-01-17,8.36,SCB-302,Good,-0.33,8.268571428571429,0.3548440301234971,7.77,8.69,0.92,96.7,Low,0,Saturday,January,0.54,65.0,Warning,Low Alkali Dosing,Insufficient Caustic Injection Flow Rate,Increase Caustic Dosing Pump Output,Alkaline Scrubber Low pH
2026-01-18,8.35,SCB-302,Good,-0.0099999999999997,8.342857142857143,0.2975295103410905,7.77,8.69,0.92,99.9,Low,0,Sunday,January,0.46,65.0,Warning,Low Alkali Dosing,Insufficient Caustic Injection Flow Rate,Increase Caustic Dosing Pump Output,Alkaline Scrubber Low pH
2026-01-19,7.99,SCB-302,Good,-0.3599999999999994,8.374285714285714,0.2311462122306374,7.99,8.69,0.6999999999999993,96.4,Low,0,Monday,January,0.34,65.0,Warning,Low Alkali Dosing,Insufficient Caustic Injection Flow Rate,Increase Caustic Dosing Pump Output,Alkaline Scrubber Low pH
2026-01-20,9.01,SCB-302,Good,1.0199999999999996,8.48,0.325474013299576,7.99,9.01,1.0199999999999996,89.80000000000001,Low,0,Tuesday,January,0.53,56.8,Warning,Low Alkali Dosing,Insufficient Caustic Injection Flow Rate,Increase Caustic Dosing Pump Output,Alkaline Scrubber Low pH
2026-01-21,8.52,SCB-302,Good,-0.4900000000000002,8.505714285714285,0.3196277596860197,7.99,9.01,1.0199999999999996,95.1,Low,0,Wednesday,January,0.44,65.0,Warning,Low Alkali Dosing,Insufficient Caustic Injection Flow Rate,Increase Caustic Dosing Pump Output,Alkaline Scrubber Low pH
2026-01-22,8.81,SCB-302,Good,0.2900000000000009,8.532857142857143,0.3384629120851236,7.99,9.01,1.0199999999999996,97.1,Low,0,Thursday,January,0.46,65.0,Warning,Low Alkali Dosing,Insufficient Caustic Injection Flow Rate,Increase Caustic Dosing Pump Output,Alkaline Scrubber Low pH
2026-01-23,8.53,SCB-302,Good,-0.2800000000000011,8.51,0.3314111243355187,7.99,9.01,1.0199999999999996,97.2,Low,0,Friday,January,0.36,65.0,Warning,Low Alkali Dosing,Insufficient Caustic Injection Flow Rate,Increase Caustic Dosing Pump Output,Alkaline Scrubber Low pH
2026-01-24,8.38,SCB-302,Good,-0.1499999999999985,8.512857142857143,0.3299855696700621,7.99,9.01,1.0199999999999996,98.5,Low,0,Saturday,January,0.37,65.0,Warning,Low Alkali Dosing,Insufficient Caustic Injection Flow Rate,Increase Caustic Dosing Pump Output,Alkaline Scrubber Low pH
2026-01-25,8.190000000000001,SCB-302,Interpolated,-0.1899999999999995,8.49,0.3481857741685213,7.99,9.01,1.0199999999999996,98.1,Low,0,Sunday,January,0.54,65.0,Warning,Low Alkali Dosing,Insufficient Caustic Injection Flow Rate,Increase Caustic Dosing Pump Output,Alkaline Scrubber Low pH
2026-01-26,8.0,SCB-302,Interpolated,-0.1900000000000012,8.491428571428571,0.3458047894129744,8.0,9.01,1.0099999999999998,98.1,Low,0,Monday,January,0.41,65.0,Warning,Low Alkali Dosing,Insufficient Caustic Injection Flow Rate,Increase Caustic Dosing Pump Output,Alkaline Scrubber Low pH
2026-01-27,7.81,SCB-302,Interpolated,-0.1900000000000004,8.32,0.3433171517222323,7.81,8.81,1.0000000000000009,98.1,Low,0,Tuesday,January,0.42,65.0,Warning,Low Alkali Dosing,Insufficient Caustic Injection Flow Rate,Increase Caustic Dosing Pump Output,Alkaline Scrubber Low pH
2026-01-28,,SCB-302,Offline,0.0,8.286666666666667,0.3634648080167684,7.81,8.81,1.0000000000000009,100.0,Offline,0,Wednesday,January,0.425,0.0,Critical,Scrubber Telemetry Offline,CEMS Sensor Communication Failure,Inspect Modbus Transmitters and Field PLC Cabinets,Sensor Connection Error
2026-01-29,7.43,SCB-302,Good,0.0,8.056666666666667,0.4007825678178461,7.43,8.53,1.0999999999999996,100.0,Low,0,Thursday,January,0.43,65.0,Warning,Low Alkali Dosing,Insufficient Caustic Injection Flow Rate,Increase Caustic Dosing Pump Output,Alkaline Scrubber Low pH
2026-01-30,7.46,SCB-302,Good,0.0300000000000002,7.878333333333333,0.3858194741931341,7.43,8.38,0.9500000000000012,99.7,Low,0,Friday,January,0.435,65.0,Warning,Low Alkali Dosing,Insufficient Caustic Injection Flow Rate,Increase Caustic Dosing Pump Output,Alkaline Scrubber Low pH
2026-01-31,7.43,SCB-302,Good,-0.0300000000000002,7.7200000000000015,0.3296058251912419,7.43,8.190000000000001,0.7600000000000016,99.7,Low,0,Saturday,January,0.0,65.0,Warning,Low Alkali Dosing,Insufficient Caustic Injection Flow Rate,Increase Caustic Dosing Pump Output,Alkaline Scrubber Low pH
2026-02-01,7.44,SCB-302,Good,0.0100000000000006,7.595,0.2477700546878075,7.43,8.0,0.5700000000000003,99.9,Low,0,Sunday,February,0.0,65.0,Warning,Low Alkali Dosing,Insufficient Caustic Injection Flow Rate,Increase Caustic Dosing Pump Output,Alkaline Scrubber Low pH
2026-02-02,7.48,SCB-302,Good,0.04,7.508333333333333,0.149052563435406,7.43,7.81,0.3799999999999999,99.6,Low,0,Monday,February,0.45,65.0,Warning,Low Alkali Dosing,Insufficient Caustic Injection Flow Rate,Increase Caustic Dosing Pump Output,Alkaline Scrubber Low pH
2026-02-03,7.9,SCB-302,Good,0.4199999999999999,7.523333333333333,0.1855442444988951,7.43,7.9,0.4700000000000006,95.8,Low,0,Tuesday,February,0.23,65.0,Warning,Low Alkali Dosing,Insufficient Caustic Injection Flow Rate,Increase Caustic Dosing Pump Output,Alkaline Scrubber Low pH
2026-02-04,8.15,SCB-302,Good,0.25,7.612857142857143,0.2911880426639726,7.43,8.15,0.7200000000000006,97.5,Low,0,Wednesday,February,0.25,65.0,Warning,Low Alkali Dosing,Insufficient Caustic Injection Flow Rate,Increase Caustic Dosing Pump Output,Alkaline Scrubber Low pH
2026-02-05,8.36,SCB-302,Good,0.209999999999999,7.745714285714285,0.3894379344156189,7.43,8.36,0.9299999999999996,97.9,Low,0,Thursday,February,0.2,65.0,Warning,Low Alkali Dosing,Insufficient Caustic Injection Flow Rate,Increase Caustic Dosing Pump Output,Alkaline Scrubber Low pH
2026-02-06,8.1,SCB-302,Good,-0.2599999999999998,7.837142857142858,0.3862949773473746,7.43,8.36,0.9299999999999996,97.4,Low,0,Friday,February,0.24,65.0,Warning,Low Alkali Dosing,Insufficient Caustic Injection Flow Rate,Increase Caustic Dosing Pump Output,Alkaline Scrubber Low pH
2026-02-07,7.7,SCB-302,Good,-0.3999999999999994,7.875714285714286,0.3507067693889543,7.44,8.36,0.919999999999999,96.0,Low,0,Saturday,February,0.2,65.0,Warning,Low Alkali Dosing,Insufficient Caustic Injection Flow Rate,Increase Caustic Dosing Pump Output,Alkaline Scrubber Low pH
2026-02-08,7.78,SCB-302,Good,0.08,7.924285714285714,0.3002142092382879,7.48,8.36,0.879999999999999,99.2,Low,0,Sunday,February,0.27,65.0,Warning,Low Alkali Dosing,Insufficient Caustic Injection Flow Rate,Increase Caustic Dosing Pump Output,Alkaline Scrubber Low pH
2026-02-09,7.87,SCB-302,Good,0.0899999999999998,7.980000000000001,0.232594066992258,7.7,8.36,0.6599999999999993,99.1,Low,0,Monday,February,0.28,65.0,Warning,Low Alkali Dosing,Insufficient Caustic Injection Flow Rate,Increase Caustic Dosing Pump Output,Alkaline Scrubber Low pH
2026-02-10,7.64,SCB-302,Good,-0.2300000000000004,7.942857142857142,0.2658768064169482,7.64,8.36,0.7199999999999998,97.7,Low,0,Tuesday,February,0.27,65.0,Warning,Low Alkali Dosing,Insufficient Caustic Injection Flow Rate,Increase Caustic Dosing Pump Output,Alkaline Scrubber Low pH
2026-02-11,7.3,SCB-302,Good,-0.3399999999999998,7.821428571428571,0.3394322991618289,7.3,8.36,1.0599999999999996,96.6,Low,0,Wednesday,February,0.14,65.0,Warning,Low Alkali Dosing,Insufficient Caustic Injection Flow Rate,Increase Caustic Dosing Pump Output,Alkaline Scrubber Low pH
2026-02-12,6.64,SCB-302,Good,-0.6600000000000001,7.575714285714286,0.4786041211292537,6.64,8.1,1.46,93.4,Low,0,Thursday,February,0.26,65.0,Warning,Low Alkali Dosing,Insufficient Caustic Injection Flow Rate,Increase Caustic Dosing Pump Output,Alkaline Scrubber Low pH
2026-02-13,6.08,SCB-302,Good,-0.5599999999999996,7.287142857142856,0.6774637575967769,6.08,7.87,1.79,94.4,Low,0,Friday,February,0.29,65.0,Warning,Low Alkali Dosing,Insufficient Caustic Injection Flow Rate,Increase Caustic Dosing Pump Output,Alkaline Scrubber Low pH
2026-02-14,6.93,SCB-302,Good,0.8499999999999996,7.177142857142857,0.6615817985634718,6.08,7.87,1.79,91.5,Low,0,Saturday,February,0.17,65.0,Warning,Low Alkali Dosing,Insufficient Caustic Injection Flow Rate,Increase Caustic Dosing Pump Output,Alkaline Scrubber Low pH
2026-02-15,6.94,SCB-302,Good,0.0100000000000006,7.057142857142857,0.6080217727931116,6.08,7.87,1.79,99.9,Low,0,Sunday,February,0.29,65.0,Warning,Low Alkali Dosing,Insufficient Caustic Injection Flow Rate,Increase Caustic Dosing Pump Output,Alkaline Scrubber Low pH
2026-02-16,6.69,SCB-302,Good,-0.25,6.888571428571429,0.4988796973028218,6.08,7.64,1.5599999999999996,97.5,Low,0,Monday,February,0.19,65.0,Warning,Low Alkali Dosing,Insufficient Caustic Injection Flow Rate,Increase Caustic Dosing Pump Output,Alkaline Scrubber Low pH
2026-02-17,6.46,SCB-302,Good,-0.2300000000000004,6.72,0.3901709027251223,6.08,7.3,1.2199999999999998,97.7,Low,0,Tuesday,February,0.19,65.0,Warning,Low Alkali Dosing,Insufficient Caustic Injection Flow Rate,Increase Caustic Dosing Pump Output,Alkaline Scrubber Low pH
2026-02-18,6.9,SCB-302,Good,0.4400000000000004,6.662857142857143,0.3126613868982651,6.08,6.94,0.8600000000000003,95.6,Low,0,Wednesday,February,0.22,65.0,Warning,Low Alkali Dosing,Insufficient Caustic Injection Flow Rate,Increase Caustic Dosing Pump Output,Alkaline Scrubber Low pH
2026-02-19,7.3,SCB-302,Good,0.3999999999999994,6.757142857142857,0.3936459613118699,6.08,7.3,1.2199999999999998,96.0,Low,0,Thursday,February,0.25,65.0,Warning,Low Alkali Dosing,Insufficient Caustic Injection Flow Rate,Increase Caustic Dosing Pump Output,Alkaline Scrubber Low pH
2026-02-20,7.51,SCB-302,Good,0.2099999999999999,6.961428571428572,0.3525823105521437,6.46,7.51,1.0499999999999998,97.9,Low,0,Friday,February,0.25,65.0,Warning,Low Alkali Dosing,Insufficient Caustic Injection Flow Rate,Increase Caustic Dosing Pump Output,Alkaline Scrubber Low pH
2026-02-21,7.05,SCB-302,Good,-0.4599999999999999,6.978571428571429,0.3537149780745625,6.46,7.51,1.0499999999999998,95.4,Low,0,Saturday,February,0.24,65.0,Warning,Low Alkali Dosing,Insufficient Caustic Injection Flow Rate,Increase Caustic Dosing Pump Output,Alkaline Scrubber Low pH
2026-02-22,6.7,SCB-302,Good,-0.3499999999999996,6.944285714285714,0.3693623849670863,6.46,7.51,1.0499999999999998,96.5,Low,0,Sunday,February,0.24,65.0,Warning,Low Alkali Dosing,Insufficient Caustic Injection Flow Rate,Increase Caustic Dosing Pump Output,Alkaline Scrubber Low pH
2026-02-23,6.65,SCB-302,Good,-0.0499999999999998,6.938571428571429,0.3742293668963215,6.46,7.51,1.0499999999999998,99.5,Low,0,Monday,February,0.34,65.0,Warning,Low Alkali Dosing,Insufficient Caustic Injection Flow Rate,Increase Caustic Dosing Pump Output,Alkaline Scrubber Low pH
2026-02-24,7.36,SCB-302,Good,0.71,7.067142857142857,0.3349484679625785,6.65,7.51,0.8599999999999994,92.9,Low,0,Tuesday,February,0.21,65.0,Warning,Low Alkali Dosing,Insufficient Caustic Injection Flow Rate,Increase Caustic Dosing Pump Output,Alkaline Scrubber Low pH
2026-02-25,7.4,SCB-302,Good,0.04,7.138571428571429,0.3464788868713666,6.65,7.51,0.8599999999999994,99.6,Low,0,Wednesday,February,0.22,65.0,Warning,Low Alkali Dosing,Insufficient Caustic Injection Flow Rate,Increase Caustic Dosing Pump Output,Alkaline Scrubber Low pH
2026-02-26,7.38,SCB-302,Good,-0.0200000000000004,7.15,0.3539303132915699,6.65,7.51,0.8599999999999994,99.8,Low,0,Thursday,February,0.23,65.0,Warning,Low Alkali Dosing,Insufficient Caustic Injection Flow Rate,Increase Caustic Dosing Pump Output,Alkaline Scrubber Low pH
2026-02-27,7.55,SCB-302,Good,0.1699999999999999,7.155714285714287,0.3609643169279204,6.65,7.55,0.8999999999999995,98.3,Low,0,Friday,February,0.23,65.0,Warning,Low Alkali Dosing,Insufficient Caustic Injection Flow Rate,Increase Caustic Dosing Pump Output,Alkaline Scrubber Low pH
2026-02-28,7.47,SCB-302,Good,-0.08,7.215714285714285,0.375093639102611,6.65,7.55,0.8999999999999995,99.2,Low,0,Saturday,February,0.23,65.0,Warning,Low Alkali Dosing,Insufficient Caustic Injection Flow Rate,Increase Caustic Dosing Pump Output,Alkaline Scrubber Low pH
2026-03-01,7.12,SCB-302,Good,-0.3499999999999996,7.275714285714287,0.3060967789690698,6.65,7.55,0.8999999999999995,96.5,Low,0,Sunday,March,0.24,65.0,Warning,Low Alkali Dosing,Insufficient Caustic Injection Flow Rate,Increase Caustic Dosing Pump Output,Alkaline Scrubber Low pH
2026-03-02,7.46,SCB-302,Good,0.3399999999999998,7.391428571428571,0.1359446666145942,7.12,7.55,0.4299999999999997,96.6,Low,0,Monday,March,0.3,65.0,Warning,Low Alkali Dosing,Insufficient Caustic Injection Flow Rate,Increase Caustic Dosing Pump Output,Alkaline Scrubber Low pH
2026-03-03,7.26,SCB-302,Good,-0.2000000000000001,7.377142857142857,0.1447658207490419,7.12,7.55,0.4299999999999997,98.0,Low,0,Tuesday,March,0.26,65.0,Warning,Low Alkali Dosing,Insufficient Caustic Injection Flow Rate,Increase Caustic Dosing Pump Output,Alkaline Scrubber Low pH
2026-03-04,7.06,SCB-302,Good,-0.2000000000000001,7.328571428571428,0.1867644301813212,7.06,7.55,0.4900000000000002,98.0,Low,0,Wednesday,March,0.18,65.0,Warning,Low Alkali Dosing,Insufficient Caustic Injection Flow Rate,Increase Caustic Dosing Pump Output,Alkaline Scrubber Low pH
2026-03-05,7.09,SCB-302,Good,0.0300000000000002,7.287142857142856,0.2047530452125462,7.06,7.55,0.4900000000000002,99.7,Low,0,Thursday,March,0.22,65.0,Warning,Low Alkali Dosing,Insufficient Caustic Injection Flow Rate,Increase Caustic Dosing Pump Output,Alkaline Scrubber Low pH
2026-03-06,7.05,SCB-302,Good,-0.04,7.215714285714285,0.1839254507363607,7.05,7.47,0.4199999999999999,99.6,Low,0,Friday,March,0.25,65.0,Warning,Low Alkali Dosing,Insufficient Caustic Injection Flow Rate,Increase Caustic Dosing Pump Output,Alkaline Scrubber Low pH
2026-03-07,7.06,SCB-302,Good,0.0099999999999997,7.1571428571428575,0.151955507272618,7.05,7.46,0.4100000000000001,99.9,Low,0,Saturday,March,0.2,65.0,Warning,Low Alkali Dosing,Insufficient Caustic Injection Flow Rate,Increase Caustic Dosing Pump Output,Alkaline Scrubber Low pH
2026-03-08,7.06,SCB-302,Good,0.0,7.148571428571428,0.1560372360932531,7.05,7.46,0.4100000000000001,100.0,Low,0,Sunday,March,0.22,65.0,Warning,Low Alkali Dosing,Insufficient Caustic Injection Flow Rate,Increase Caustic Dosing Pump Output,Alkaline Scrubber Low pH
2026-03-09,7.07,SCB-302,Good,0.0100000000000006,7.092857142857143,0.0747694870283264,7.05,7.26,0.2099999999999999,99.9,Low,0,Monday,March,0.2,65.0,Warning,Low Alkali Dosing,Insufficient Caustic Injection Flow Rate,Increase Caustic Dosing Pump Output,Alkaline Scrubber Low pH
2026-03-10,7.06,SCB-302,Good,-0.0100000000000006,7.064285714285714,0.0127241802057276,7.05,7.09,0.04,99.9,Low,0,Tuesday,March,0.19,65.0,Warning,Low Alkali Dosing,Insufficient Caustic Injection Flow Rate,Increase Caustic Dosing Pump Output,Alkaline Scrubber Low pH
2026-03-11,7.06,SCB-302,Good,0.0,7.064285714285715,0.0127241802057276,7.05,7.09,0.04,100.0,Low,0,Wednesday,March,0.24,65.0,Warning,Low Alkali Dosing,Insufficient Caustic Injection Flow Rate,Increase Caustic Dosing Pump Output,Alkaline Scrubber Low pH
2026-03-12,7.06,SCB-302,Good,0.0,7.06,0.0057735026921644,7.05,7.07,0.0200000000000004,100.0,Low,0,Thursday,March,0.25,65.0,Warning,Low Alkali Dosing,Insufficient Caustic Injection Flow Rate,Increase Caustic Dosing Pump Output,Alkaline Scrubber Low pH
2026-03-13,7.06,SCB-302,Good,0.0,7.061428571428571,0.0037796447305008,7.06,7.07,0.0100000000000006,100.0,Low,0,Friday,March,0.22,65.0,Warning,Low Alkali Dosing,Insufficient Caustic Injection Flow Rate,Increase Caustic Dosing Pump Output,Alkaline Scrubber Low pH
2026-03-14,7.06,SCB-302,Good,0.0,7.061428571428571,0.0037796447305008,7.06,7.07,0.0100000000000006,100.0,Low,0,Saturday,March,0.13,65.0,Warning,Low Alkali Dosing,Insufficient Caustic Injection Flow Rate,Increase Caustic Dosing Pump Output,Alkaline Scrubber Low pH
2026-03-15,7.07,SCB-302,Good,0.0100000000000006,7.062857142857143,0.0048795003650584,7.06,7.07,0.0100000000000006,99.9,Low,0,Sunday,March,0.15,65.0,Warning,Low Alkali Dosing,Insufficient Caustic Injection Flow Rate,Increase Caustic Dosing Pump Output,Alkaline Scrubber Low pH
2026-03-16,7.05,SCB-302,Good,-0.0200000000000004,7.0600000000000005,0.0057735026921644,7.05,7.07,0.0200000000000004,99.8,Low,0,Monday,March,0.14,65.0,Warning,Low Alkali Dosing,Insufficient Caustic Injection Flow Rate,Increase Caustic Dosing Pump Output,Alkaline Scrubber Low pH
2026-03-17,7.09,SCB-302,Good,0.04,7.064285714285715,0.0127241802057279,7.05,7.09,0.04,99.6,Low,0,Tuesday,March,0.19,65.0,Warning,Low Alkali Dosing,Insufficient Caustic Injection Flow Rate,Increase Caustic Dosing Pump Output,Alkaline Scrubber Low pH
2026-03-18,7.04,SCB-302,Good,-0.0499999999999998,7.061428571428571,0.015735915849487,7.04,7.09,0.0499999999999998,99.5,Low,0,Wednesday,March,0.12,65.0,Warning,Low Alkali Dosing,Insufficient Caustic Injection Flow Rate,Increase Caustic Dosing Pump Output,Alkaline Scrubber Low pH
2026-03-19,6.99,SCB-302,Good,-0.0499999999999998,7.051428571428572,0.0313201593379649,6.99,7.09,0.0999999999999996,99.5,Low,0,Thursday,March,0.19,65.0,Warning,Low Alkali Dosing,Insufficient Caustic Injection Flow Rate,Increase Caustic Dosing Pump Output,Alkaline Scrubber Low pH
2026-03-20,6.97,SCB-302,Good,-0.0200000000000004,7.038571428571428,0.0433699479012321,6.97,7.09,0.1200000000000001,99.8,Low,0,Friday,March,0.21,65.0,Warning,Low Alkali Dosing,Insufficient Caustic Injection Flow Rate,Increase Caustic Dosing Pump Output,Alkaline Scrubber Low pH
2026-03-21,6.99,SCB-302,Good,0.0200000000000004,7.028571428571428,0.0456174569759828,6.97,7.09,0.1200000000000001,99.8,Low,0,Saturday,March,0.25,65.0,Warning,Low Alkali Dosing,Insufficient Caustic Injection Flow Rate,Increase Caustic Dosing Pump Output,Alkaline Scrubber Low pH
2026-03-22,6.97,SCB-302,Good,-0.0200000000000004,7.014285714285713,0.0461364436056224,6.97,7.09,0.1200000000000001,99.8,Low,0,Sunday,March,0.3,65.0,Warning,Low Alkali Dosing,Insufficient Caustic Injection Flow Rate,Increase Caustic Dosing Pump Output,Alkaline Scrubber Low pH
2026-03-23,6.92,SCB-302,Good,-0.0499999999999998,6.9957142857142856,0.0547287684425802,6.92,7.09,0.1699999999999999,99.5,Low,0,Monday,March,0.28,65.0,Warning,Low Alkali Dosing,Insufficient Caustic Injection Flow Rate,Increase Caustic Dosing Pump Output,Alkaline Scrubber Low pH
2026-03-24,6.87,SCB-302,Good,-0.0499999999999998,6.964285714285714,0.054728768442582,6.87,7.04,0.1699999999999999,99.5,Low,0,Tuesday,March,0.24,65.0,Warning,Low Alkali Dosing,Insufficient Caustic Injection Flow Rate,Increase Caustic Dosing Pump Output,Alkaline Scrubber Low pH
2026-03-25,6.835,SCB-302,Interpolated,-0.0350000000000001,6.935,0.0618465843842959,6.835,6.99,0.1550000000000002,99.65,Low,0,Wednesday,March,0.21,65.0,Warning,Low Alkali Dosing,Insufficient Caustic Injection Flow Rate,Increase Caustic Dosing Pump Output,Alkaline Scrubber Low pH
2026-03-26,6.800000000000001,SCB-302,Interpolated,-0.0349999999999992,6.907857142857144,0.0741539582477799,6.800000000000001,6.99,0.1899999999999995,99.65,Low,0,Thursday,March,0.31,65.0,Warning,Low Alkali Dosing,Insufficient Caustic Injection Flow Rate,Increase Caustic Dosing Pump Output,Alkaline Scrubber Low pH
2026-03-27,6.765000000000001,SCB-302,Interpolated,-0.0350000000000001,6.878571428571429,0.0851818782427138,6.765000000000001,6.99,0.2249999999999996,99.65,Low,0,Friday,March,0.27,65.0,Warning,Low Alkali Dosing,Insufficient Caustic Injection Flow Rate,Increase Caustic Dosing Pump Output,Alkaline Scrubber Low pH
2026-03-28,6.73,SCB-302,Good,-0.0350000000000001,6.841428571428572,0.0851818782427154,6.73,6.97,0.2399999999999993,99.65,Low,0,Saturday,March,0.2,65.0,Warning,Low Alkali Dosing,Insufficient Caustic Injection Flow Rate,Increase Caustic Dosing Pump Output,Alkaline Scrubber Low pH
2026-03-29,6.83,SCB-302,Good,0.0999999999999996,6.821428571428572,0.0636863594575556,6.73,6.92,0.1899999999999995,99.0,Low,0,Sunday,March,0.25,65.0,Warning,Low Alkali Dosing,Insufficient Caustic Injection Flow Rate,Increase Caustic Dosing Pump Output,Alkaline Scrubber Low pH
2026-03-30,8.52,SCB-302,Good,1.6899999999999995,7.05,0.649878193715306,6.73,8.52,1.7899999999999991,83.10000000000001,Low,0,Monday,March,0.24,51.5,Warning,Low Alkali Dosing,Insufficient Caustic Injection Flow Rate,Increase Caustic Dosing Pump Output,Alkaline Scrubber Low pH
2026-03-31,8.63,SCB-302,Good,0.1100000000000012,7.3014285714285725,0.8713529436347548,6.73,8.63,1.9000000000000004,98.9,Low,0,Tuesday,March,0.28,65.0,Warning,Low Alkali Dosing,Insufficient Caustic Injection Flow Rate,Increase Caustic Dosing Pump Output,Alkaline Scrubber Low pH
2026-04-01,8.41,SCB-302,Good,-0.2200000000000006,7.526428571428572,0.9320707872157296,6.73,8.63,1.9000000000000004,97.8,Low,0,Wednesday,April,0.3,65.0,Warning,Low Alkali Dosing,Insufficient Caustic Injection Flow Rate,Increase Caustic Dosing Pump Output,Alkaline Scrubber Low pH
2026-04-02,8.36,SCB-302,Good,-0.0500000000000007,7.749285714285714,0.915789407066512,6.73,8.63,1.9000000000000004,99.5,Low,0,Thursday,April,0.32,65.0,Warning,Low Alkali Dosing,Insufficient Caustic Injection Flow Rate,Increase Caustic Dosing Pump Output,Alkaline Scrubber Low pH
2026-04-03,8.24,SCB-302,Good,-0.1199999999999992,7.96,0.8158022636235618,6.73,8.63,1.9000000000000004,98.8,Low,0,Friday,April,0.26,65.0,Warning,Low Alkali Dosing,Insufficient Caustic Injection Flow Rate,Increase Caustic Dosing Pump Output,Alkaline Scrubber Low pH
2026-04-04,8.12,SCB-302,Good,-0.120000000000001,8.15857142857143,0.609629083170752,6.83,8.63,1.8000000000000007,98.79999999999998,Low,0,Saturday,April,0.27,65.0,Warning,Low Alkali Dosing,Insufficient Caustic Injection Flow Rate,Increase Caustic Dosing Pump Output,Alkaline Scrubber Low pH
2026-04-05,8.25,SCB-302,Good,0.1300000000000007,8.36142857142857,0.1756349027033345,8.12,8.63,0.5100000000000016,98.7,Low,0,Sunday,April,0.25,65.0,Warning,Low Alkali Dosing,Insufficient Caustic Injection Flow Rate,Increase Caustic Dosing Pump Output,Alkaline Scrubber Low pH
2026-04-06,8.21,SCB-302,Good,-0.0399999999999991,8.317142857142857,0.1679001971126517,8.12,8.63,0.5100000000000016,99.6,Low,0,Monday,April,0.34,65.0,Warning,Low Alkali Dosing,Insufficient Caustic Injection Flow Rate,Increase Caustic Dosing Pump Output,Alkaline Scrubber Low pH
2026-04-07,8.14,SCB-302,Good,-0.0700000000000002,8.247142857142856,0.1067261738772066,8.12,8.41,0.2900000000000009,99.3,Low,0,Tuesday,April,0.34,65.0,Warning,Low Alkali Dosing,Insufficient Caustic Injection Flow Rate,Increase Caustic Dosing Pump Output,Alkaline Scrubber Low pH
2026-04-08,8.1,SCB-302,Good,-0.0400000000000009,8.202857142857143,0.0910520520936677,8.1,8.36,0.2599999999999998,99.6,Low,0,Wednesday,April,0.27,65.0,Warning,Low Alkali Dosing,Insufficient Caustic Injection Flow Rate,Increase Caustic Dosing Pump Output,Alkaline Scrubber Low pH
2026-04-09,8.09,SCB-302,Good,-0.0099999999999997,8.164285714285715,0.0675418741366923,8.09,8.25,0.1600000000000001,99.9,Low,0,Thursday,April,0.28,65.0,Warning,Low Alkali Dosing,Insufficient Caustic Injection Flow Rate,Increase Caustic Dosing Pump Output,Alkaline Scrubber Low pH
2026-04-10,8.07,SCB-302,Good,-0.0199999999999995,8.14,0.0663324958070486,8.07,8.25,0.1799999999999997,99.8,Low,0,Friday,April,0.33,65.0,Warning,Low Alkali Dosing,Insufficient Caustic Injection Flow Rate,Increase Caustic Dosing Pump Output,Alkaline Scrubber Low pH
2026-04-11,8.04,SCB-302,Good,-0.0300000000000011,8.12857142857143,0.0764697263471713,8.04,8.25,0.2100000000000008,99.7,Low,0,Saturday,April,0.34,65.0,Warning,Low Alkali Dosing,Insufficient Caustic Injection Flow Rate,Increase Caustic Dosing Pump Output,Alkaline Scrubber Low pH
2026-04-12,8.04,SCB-302,Good,0.0,8.098571428571429,0.0603955217512982,8.04,8.21,0.1700000000000017,100.0,Low,0,Sunday,April,0.2,65.0,Warning,Low Alkali Dosing,Insufficient Caustic Injection Flow Rate,Increase Caustic Dosing Pump Output,Alkaline Scrubber Low pH
2026-04-13,7.96,SCB-302,Good,-0.0799999999999991,8.062857142857142,0.0573626724488052,7.96,8.14,0.1800000000000006,99.2,Low,0,Monday,April,0.23,65.0,Warning,Low Alkali Dosing,Insufficient Caustic Injection Flow Rate,Increase Caustic Dosing Pump Output,Alkaline Scrubber Low pH
2026-04-14,7.97,SCB-302,Good,0.0099999999999997,8.038571428571428,0.0552052447473241,7.96,8.1,0.1399999999999996,99.9,Low,0,Tuesday,April,0.26,65.0,Warning,Low Alkali Dosing,Insufficient Caustic Injection Flow Rate,Increase Caustic Dosing Pump Output,Alkaline Scrubber Low pH
2026-04-15,7.96,SCB-302,Good,-0.0099999999999997,8.018571428571429,0.0545980986935028,7.96,8.09,0.1299999999999999,99.9,Low,0,Wednesday,April,0.26,65.0,Warning,Low Alkali Dosing,Insufficient Caustic Injection Flow Rate,Increase Caustic Dosing Pump Output,Alkaline Scrubber Low pH
2026-04-16,8.05,SCB-302,Good,0.0900000000000007,8.012857142857142,0.0475093975665447,7.96,8.07,0.1100000000000003,99.1,Low,0,Thursday,April,0.22,65.0,Warning,Low Alkali Dosing,Insufficient Caustic Injection Flow Rate,Increase Caustic Dosing Pump Output,Alkaline Scrubber Low pH
2026-04-17,8.09,SCB-302,Good,0.0399999999999991,8.015714285714285,0.0519156825557675,7.96,8.09,0.1299999999999999,99.6,Low,0,Friday,April,0.25,65.0,Warning,Low Alkali Dosing,Insufficient Caustic Injection Flow Rate,Increase Caustic Dosing Pump Output,Alkaline Scrubber Low pH
2026-04-18,8.09,SCB-302,Good,0.0,8.022857142857143,0.0587974732206745,7.96,8.09,0.1299999999999999,100.0,Low,0,Saturday,April,0.22,65.0,Warning,Low Alkali Dosing,Insufficient Caustic Injection Flow Rate,Increase Caustic Dosing Pump Output,Alkaline Scrubber Low pH
2026-04-19,8.11,SCB-302,Good,0.0199999999999995,8.032857142857143,0.0675066134325803,7.96,8.11,0.1499999999999994,99.8,Low,0,Sunday,April,0.28,65.0,Warning,Low Alkali Dosing,Insufficient Caustic Injection Flow Rate,Increase Caustic Dosing Pump Output,Alkaline Scrubber Low pH
2026-04-20,8.08,SCB-302,Good,-0.0299999999999993,8.05,0.0608276253029234,7.96,8.11,0.1499999999999994,99.7,Low,0,Monday,April,0.27,65.0,Warning,Low Alkali Dosing,Insufficient Caustic Injection Flow Rate,Increase Caustic Dosing Pump Output,Alkaline Scrubber Low pH
2026-04-21,8.08,SCB-302,Good,0.0,8.065714285714284,0.0499523582549498,7.96,8.11,0.1499999999999994,100.0,Low,0,Tuesday,April,0.29,65.0,Warning,Low Alkali Dosing,Insufficient Caustic Injection Flow Rate,Increase Caustic Dosing Pump Output,Alkaline Scrubber Low pH
2026-04-22,7.93,SCB-302,Good,-0.1500000000000003,8.061428571428573,0.0606708528120807,7.93,8.11,0.1799999999999997,98.5,Low,0,Wednesday,April,0.34,65.0,Warning,Low Alkali Dosing,Insufficient Caustic Injection Flow Rate,Increase Caustic Dosing Pump Output,Alkaline Scrubber Low pH
2026-04-23,7.81,SCB-302,Good,-0.1200000000000001,8.027142857142858,0.1132422603262692,7.81,8.11,0.2999999999999998,98.8,Low,0,Thursday,April,0.38,65.0,Warning,Low Alkali Dosing,Insufficient Caustic Injection Flow Rate,Increase Caustic Dosing Pump Output,Alkaline Scrubber Low pH
2026-04-24,7.05,SCB-302,Good,-0.7599999999999998,7.878571428571427,0.3815070366947546,7.05,8.11,1.0599999999999996,92.4,Low,0,Friday,April,0.41,65.0,Warning,Low Alkali Dosing,Insufficient Caustic Injection Flow Rate,Increase Caustic Dosing Pump Output,Alkaline Scrubber Low pH
2026-04-25,7.83,SCB-302,Good,0.7800000000000002,7.841428571428572,0.3699742590788532,7.05,8.11,1.0599999999999996,92.2,Low,0,Saturday,April,0.6,65.0,Warning,Low Alkali Dosing,Insufficient Caustic Injection Flow Rate,Increase Caustic Dosing Pump Output,Alkaline Scrubber Low pH
2026-04-26,7.88,SCB-302,Interpolated,0.0499999999999998,7.808571428571428,0.3519199043072347,7.05,8.08,1.0300000000000002,99.5,Low,0,Sunday,April,0.0,65.0,Warning,Low Alkali Dosing,Insufficient Caustic Injection Flow Rate,Increase Caustic Dosing Pump Output,Alkaline Scrubber Low pH
2026-04-27,7.93,SCB-302,Good,0.0499999999999998,7.787142857142856,0.3368834756862831,7.05,8.08,1.0300000000000002,99.5,Low,0,Monday,April,0.51,65.0,Warning,Low Alkali Dosing,Insufficient Caustic Injection Flow Rate,Increase Caustic Dosing Pump Output,Alkaline Scrubber Low pH
2026-04-28,8.05,SCB-302,Good,0.120000000000001,7.782857142857142,0.3327017826680081,7.05,8.05,1.0000000000000009,98.79999999999998,Low,0,Tuesday,April,0.34,65.0,Warning,Low Alkali Dosing,Insufficient Caustic Injection Flow Rate,Increase Caustic Dosing Pump Output,Alkaline Scrubber Low pH
2026-04-29,8.26,SCB-302,Good,0.209999999999999,7.829999999999999,0.3774034092762376,7.05,8.26,1.21,97.9,Low,0,Wednesday,April,0.41,65.0,Warning,Low Alkali Dosing,Insufficient Caustic Injection Flow Rate,Increase Caustic Dosing Pump Output,Alkaline Scrubber Low pH
2026-04-30,8.35,SCB-302,Good,0.0899999999999998,7.9071428571428575,0.4248417072163109,7.05,8.35,1.2999999999999998,99.1,Low,0,Thursday,April,0.3,65.0,Warning,Low Alkali Dosing,Insufficient Caustic Injection Flow Rate,Increase Caustic Dosing Pump Output,Alkaline Scrubber Low pH
2026-05-01,8.28,SCB-302,Good,-0.0700000000000002,8.082857142857142,0.2125805169587941,7.83,8.35,0.5199999999999996,99.3,Low,0,Friday,May,0.35,65.0,Warning,Low Alkali Dosing,Insufficient Caustic Injection Flow Rate,Increase Caustic Dosing Pump Output,Alkaline Scrubber Low pH
2026-05-02,8.1,SCB-302,Good,-0.1799999999999997,8.12142857142857,0.1812391211841709,7.88,8.35,0.4699999999999997,98.2,Low,0,Saturday,May,0.36,65.0,Warning,Low Alkali Dosing,Insufficient Caustic Injection Flow Rate,Increase Caustic Dosing Pump Output,Alkaline Scrubber Low pH
2026-05-03,8.3,SCB-302,Good,0.200000000000001,8.181428571428572,0.1557164700589187,7.93,8.35,0.4199999999999999,98.0,Low,0,Sunday,May,0.27,65.0,Warning,Low Alkali Dosing,Insufficient Caustic Injection Flow Rate,Increase Caustic Dosing Pump Output,Alkaline Scrubber Low pH
2026-05-04,8.24,SCB-302,Good,-0.0600000000000005,8.225714285714286,0.1095227743221878,8.05,8.35,0.2999999999999989,99.4,Low,0,Monday,May,0.35,65.0,Warning,Low Alkali Dosing,Insufficient Caustic Injection Flow Rate,Increase Caustic Dosing Pump Output,Alkaline Scrubber Low pH
2026-05-05,8.03,SCB-302,Good,-0.2100000000000008,8.222857142857142,0.1149948239000364,8.03,8.35,0.3200000000000003,97.9,Low,0,Tuesday,May,0.31,65.0,Warning,Low Alkali Dosing,Insufficient Caustic Injection Flow Rate,Increase Caustic Dosing Pump Output,Alkaline Scrubber Low pH
2026-05-06,8.04,SCB-302,Good,0.0099999999999997,8.191428571428572,0.1319631983330077,8.03,8.35,0.3200000000000003,99.9,Low,0,Wednesday,May,0.4,65.0,Warning,Low Alkali Dosing,Insufficient Caustic Injection Flow Rate,Increase Caustic Dosing Pump Output,Alkaline Scrubber Low pH
2026-05-07,7.88,SCB-302,Good,-0.1599999999999992,8.124285714285714,0.155333742079957,7.88,8.3,0.4200000000000008,98.4,Low,0,Thursday,May,0.47,65.0,Warning,Low Alkali Dosing,Insufficient Caustic Injection Flow Rate,Increase Caustic Dosing Pump Output,Alkaline Scrubber Low pH
2026-05-08,7.62,SCB-302,Good,-0.2599999999999998,8.03,0.2282542442102478,7.62,8.3,0.6800000000000006,97.4,Low,0,Friday,May,0.33,65.0,Warning,Low Alkali Dosing,Insufficient Caustic Injection Flow Rate,Increase Caustic Dosing Pump Output,Alkaline Scrubber Low pH
2026-05-09,7.58,SCB-302,Good,-0.04,7.955714285714286,0.2803484226729832,7.58,8.3,0.7200000000000006,99.6,Low,0,Saturday,May,0.37,65.0,Warning,Low Alkali Dosing,Insufficient Caustic Injection Flow Rate,Increase Caustic Dosing Pump Output,Alkaline Scrubber Low pH
2026-05-10,8.09,SCB-302,Good,0.5099999999999998,7.925714285714285,0.2465669038926953,7.58,8.24,0.6600000000000001,94.9,Low,0,Sunday,May,0.39,65.0,Warning,Low Alkali Dosing,Insufficient Caustic Injection Flow Rate,Increase Caustic Dosing Pump Output,Alkaline Scrubber Low pH
2026-05-11,8.19,SCB-302,Good,0.0999999999999996,7.918571428571427,0.236462017487539,7.58,8.19,0.6099999999999994,99.0,Low,0,Monday,May,0.41,65.0,Warning,Low Alkali Dosing,Insufficient Caustic Injection Flow Rate,Increase Caustic Dosing Pump Output,Alkaline Scrubber Low pH
2026-05-12,8.0,SCB-302,Good,-0.1899999999999995,7.914285714285713,0.2343684522894729,7.58,8.19,0.6099999999999994,98.1,Low,0,Tuesday,May,0.45,65.0,Warning,Low Alkali Dosing,Insufficient Caustic Injection Flow Rate,Increase Caustic Dosing Pump Output,Alkaline Scrubber Low pH
2026-05-13,7.82,SCB-302,Good,-0.1799999999999997,7.882857142857143,0.2293988001795151,7.58,8.19,0.6099999999999994,98.2,Low,0,Wednesday,May,0.24,65.0,Warning,Low Alkali Dosing,Insufficient Caustic Injection Flow Rate,Increase Caustic Dosing Pump Output,Alkaline Scrubber Low pH
2026-05-14,7.94,SCB-302,Good,0.1200000000000001,7.8914285714285715,0.230393038915988,7.58,8.19,0.6099999999999994,98.8,Low,0,Thursday,May,0.32,65.0,Warning,Low Alkali Dosing,Insufficient Caustic Injection Flow Rate,Increase Caustic Dosing Pump Output,Alkaline Scrubber Low pH
2026-05-15,7.82,SCB-302,Good,-0.1200000000000001,7.920000000000001,0.2017424100182992,7.58,8.19,0.6099999999999994,98.8,Low,0,Friday,May,0.2,65.0,Warning,Low Alkali Dosing,Insufficient Caustic Injection Flow Rate,Increase Caustic Dosing Pump Output,Alkaline Scrubber Low pH
2026-05-16,7.86,SCB-302,Good,0.04,7.96,0.1420093893609089,7.82,8.19,0.3699999999999992,99.6,Low,0,Saturday,May,0.29,65.0,Warning,Low Alkali Dosing,Insufficient Caustic Injection Flow Rate,Increase Caustic Dosing Pump Output,Alkaline Scrubber Low pH
2026-05-17,7.81,SCB-302,Good,-0.0500000000000007,7.920000000000001,0.1386842937514012,7.81,8.19,0.3799999999999999,99.5,Low,0,Sunday,May,0.28,65.0,Warning,Low Alkali Dosing,Insufficient Caustic Injection Flow Rate,Increase Caustic Dosing Pump Output,Alkaline Scrubber Low pH
2026-05-18,7.68,SCB-302,Good,-0.1299999999999999,7.847142857142857,0.1024230256849886,7.68,8.0,0.3200000000000003,98.7,Low,0,Monday,May,0.29,65.0,Warning,Low Alkali Dosing,Insufficient Caustic Injection Flow Rate,Increase Caustic Dosing Pump Output,Alkaline Scrubber Low pH
2026-05-19,7.86,SCB-302,Good,0.1800000000000006,7.827142857142858,0.078467463684858,7.68,7.94,0.2600000000000007,98.2,Low,0,Tuesday,May,0.27,65.0,Warning,Low Alkali Dosing,Insufficient Caustic Injection Flow Rate,Increase Caustic Dosing Pump Output,Alkaline Scrubber Low pH
2026-05-20,8.04,SCB-302,Good,0.1799999999999988,7.858571428571427,0.1120161552973977,7.68,8.04,0.3599999999999994,98.20000000000002,Low,0,Wednesday,May,0.31,65.0,Warning,Low Alkali Dosing,Insufficient Caustic Injection Flow Rate,Increase Caustic Dosing Pump Output,Alkaline Scrubber Low pH
2026-05-21,7.86,SCB-302,Good,-0.1799999999999988,7.847142857142857,0.1062566524527656,7.68,8.04,0.3599999999999994,98.20000000000002,Low,0,Thursday,May,0.34,65.0,Warning,Low Alkali Dosing,Insufficient Caustic Injection Flow Rate,Increase Caustic Dosing Pump Output,Alkaline Scrubber Low pH
2026-05-22,7.66,SCB-302,Good,-0.2000000000000001,7.824285714285714,0.1280438912843158,7.66,8.04,0.379999999999999,98.0,Low,0,Friday,May,0.25,65.0,Warning,Low Alkali Dosing,Insufficient Caustic Injection Flow Rate,Increase Caustic Dosing Pump Output,Alkaline Scrubber Low pH
2026-05-23,7.63,SCB-302,Good,-0.0300000000000002,7.791428571428571,0.1456512468682546,7.63,8.04,0.4099999999999992,99.7,Low,0,Saturday,May,0.19,65.0,Warning,Low Alkali Dosing,Insufficient Caustic Injection Flow Rate,Increase Caustic Dosing Pump Output,Alkaline Scrubber Low pH
2026-05-24,7.54,SCB-302,Good,-0.0899999999999998,7.752857142857143,0.1730813186254784,7.54,8.04,0.4999999999999991,99.1,Low,0,Sunday,May,0.35,65.0,Warning,Low Alkali Dosing,Insufficient Caustic Injection Flow Rate,Increase Caustic Dosing Pump Output,Alkaline Scrubber Low pH
2026-05-25,7.37,SCB-302,Good,-0.1699999999999999,7.708571428571427,0.2263057350450429,7.37,8.04,0.669999999999999,98.3,Low,0,Monday,May,0.36,65.0,Warning,Low Alkali Dosing,Insufficient Caustic Injection Flow Rate,Increase Caustic Dosing Pump Output,Alkaline Scrubber Low pH
2026-05-26,7.21,SCB-302,Good,-0.1600000000000001,7.615714285714285,0.2806455144161333,7.21,8.04,0.8299999999999992,98.4,Low,0,Tuesday,May,0.3,65.0,Warning,Low Alkali Dosing,Insufficient Caustic Injection Flow Rate,Increase Caustic Dosing Pump Output,Alkaline Scrubber Low pH
2026-05-27,7.25,SCB-302,Good,0.04,7.502857142857143,0.2370453040886222,7.21,7.86,0.6500000000000004,99.6,Low,0,Wednesday,May,0.41,65.0,Warning,Low Alkali Dosing,Insufficient Caustic Injection Flow Rate,Increase Caustic Dosing Pump Output,Alkaline Scrubber Low pH
2026-05-28,7.57,SCB-302,Good,0.3200000000000003,7.461428571428571,0.1835237106777852,7.21,7.66,0.4500000000000002,96.8,Low,0,Thursday,May,2.01,65.0,Warning,Low Alkali Dosing,Insufficient Caustic Injection Flow Rate,Increase Caustic Dosing Pump Output,Alkaline Scrubber Low pH
2026-05-29,7.51,SCB-302,Good,-0.0600000000000005,7.44,0.1642153058233538,7.21,7.63,0.4199999999999999,99.4,Low,0,Friday,May,0.31,65.0,Warning,Low Alkali Dosing,Insufficient Caustic Injection Flow Rate,Increase Caustic Dosing Pump Output,Alkaline Scrubber Low pH
2026-05-30,7.53,SCB-302,Good,0.0200000000000004,7.425714285714286,0.1485325040585248,7.21,7.57,0.3600000000000003,99.8,Low,0,Saturday,May,0.3,65.0,Warning,Low Alkali Dosing,Insufficient Caustic Injection Flow Rate,Increase Caustic Dosing Pump Output,Alkaline Scrubber Low pH
2026-05-31,7.44,SCB-302,Good,-0.0899999999999998,7.411428571428572,0.1402888177330726,7.21,7.57,0.3600000000000003,99.1,Low,0,Sunday,May,0.29,65.0,Warning,Low Alkali Dosing,Insufficient Caustic Injection Flow Rate,Increase Caustic Dosing Pump Output,Alkaline Scrubber Low pH
2026-06-01,7.4,SCB-302,Good,-0.04,7.415714285714286,0.139266787480824,7.21,7.57,0.3600000000000003,99.6,Low,0,Monday,June,0.29,65.0,Warning,Low Alkali Dosing,Insufficient Caustic Injection Flow Rate,Increase Caustic Dosing Pump Output,Alkaline Scrubber Low pH
2026-06-02,7.45,SCB-302,Good,0.0499999999999998,7.450000000000001,0.1056724498942731,7.25,7.57,0.3200000000000003,99.5,Low,0,Tuesday,June,0.3,65.0,Warning,Low Alkali Dosing,Insufficient Caustic Injection Flow Rate,Increase Caustic Dosing Pump Output,Alkaline Scrubber Low pH
2026-06-03,7.34,SCB-302,Good,-0.1100000000000003,7.462857142857143,0.0795223837909842,7.34,7.57,0.2300000000000004,98.9,Low,0,Wednesday,June,0.27,65.0,Warning,Low Alkali Dosing,Insufficient Caustic Injection Flow Rate,Increase Caustic Dosing Pump Output,Alkaline Scrubber Low pH
2026-06-04,7.36,SCB-302,Good,0.0200000000000004,7.432857142857143,0.0715807901870361,7.34,7.53,0.1900000000000004,99.8,Low,0,Thursday,June,0.24,65.0,Warning,Low Alkali Dosing,Insufficient Caustic Injection Flow Rate,Increase Caustic Dosing Pump Output,Alkaline Scrubber Low pH
2026-06-05,7.47,SCB-302,Good,0.1099999999999994,7.427142857142856,0.0657556805439688,7.34,7.53,0.1900000000000004,98.9,Low,0,Friday,June,0.24,65.0,Warning,Low Alkali Dosing,Insufficient Caustic Injection Flow Rate,Increase Caustic Dosing Pump Output,Alkaline Scrubber Low pH
2026-06-06,7.24,SCB-302,Good,-0.2299999999999995,7.385714285714285,0.079970232557051,7.24,7.47,0.2299999999999995,97.7,Low,0,Saturday,June,0.2333333333333333,65.0,Warning,Low Alkali Dosing,Insufficient Caustic Injection Flow Rate,Increase Caustic Dosing Pump Output,Alkaline Scrubber Low pH
2026-06-07,7.22,SCB-302,Good,-0.0200000000000004,7.354285714285714,0.0965845299650104,7.22,7.47,0.25,99.8,Low,0,Sunday,June,0.2266666666666666,65.0,Warning,Low Alkali Dosing,Insufficient Caustic Injection Flow Rate,Increase Caustic Dosing Pump Output,Alkaline Scrubber Low pH
2026-06-08,7.48,SCB-302,Good,0.2600000000000007,7.365714285714286,0.1070602856426948,7.22,7.48,0.2600000000000007,97.4,Low,0,Monday,June,0.22,65.0,Warning,Low Alkali Dosing,Insufficient Caustic Injection Flow Rate,Increase Caustic Dosing Pump Output,Alkaline Scrubber Low pH
2026-06-09,7.59,SCB-302,Good,0.1099999999999994,7.385714285714285,0.1348897256844597,7.22,7.59,0.3700000000000001,98.9,Low,0,Tuesday,June,0.32,65.0,Warning,Low Alkali Dosing,Insufficient Caustic Injection Flow Rate,Increase Caustic Dosing Pump Output,Alkaline Scrubber Low pH
2026-06-10,7.95,SCB-302,Good,0.3600000000000003,7.472857142857143,0.2491127111512655,7.22,7.95,0.7300000000000004,96.4,Low,0,Wednesday,June,0.31,65.0,Warning,Low Alkali Dosing,Insufficient Caustic Injection Flow Rate,Increase Caustic Dosing Pump Output,Alkaline Scrubber Low pH
2026-06-11,8.0,SCB-302,Good,0.0499999999999998,7.564285714285715,0.3106368266887063,7.22,8.0,0.7800000000000002,99.5,Low,0,Thursday,June,0.32,65.0,Warning,Low Alkali Dosing,Insufficient Caustic Injection Flow Rate,Increase Caustic Dosing Pump Output,Alkaline Scrubber Low pH
2026-06-12,7.75,SCB-302,Good,-0.25,7.604285714285715,0.3144761327910744,7.22,8.0,0.7800000000000002,97.5,Low,0,Friday,June,0.36,65.0,Warning,Low Alkali Dosing,Insufficient Caustic Injection Flow Rate,Increase Caustic Dosing Pump Output,Alkaline Scrubber Low pH
2026-06-13,7.54,SCB-302,Good,-0.2099999999999999,7.647142857142858,0.2744518346154768,7.22,8.0,0.7800000000000002,97.9,Low,0,Saturday,June,0.29,65.0,Warning,Low Alkali Dosing,Insufficient Caustic Injection Flow Rate,Increase Caustic Dosing Pump Output,Alkaline Scrubber Low pH
2026-06-14,7.78,SCB-302,Good,0.2400000000000002,7.727142857142858,0.2009738196643227,7.48,8.0,0.5199999999999996,97.6,Low,0,Sunday,June,0.29,65.0,Warning,Low Alkali Dosing,Insufficient Caustic Injection Flow Rate,Increase Caustic Dosing Pump Output,Alkaline Scrubber Low pH
2026-06-15,7.86,SCB-302,Good,0.08,7.781428571428571,0.1723783214742426,7.54,8.0,0.4599999999999999,99.2,Low,0,Monday,June,0.31,65.0,Warning,Low Alkali Dosing,Insufficient Caustic Injection Flow Rate,Increase Caustic Dosing Pump Output,Alkaline Scrubber Low pH
2026-06-16,7.73,SCB-302,Good,-0.1299999999999999,7.8014285714285725,0.1535609077237563,7.54,8.0,0.4599999999999999,98.7,Low,0,Tuesday,June,0.24,65.0,Warning,Low Alkali Dosing,Insufficient Caustic Injection Flow Rate,Increase Caustic Dosing Pump Output,Alkaline Scrubber Low pH
2026-06-17,7.72,SCB-302,Good,-0.0100000000000006,7.768571428571429,0.1405262219217844,7.54,8.0,0.4599999999999999,99.9,Low,0,Wednesday,June,0.21,65.0,Warning,Low Alkali Dosing,Insufficient Caustic Injection Flow Rate,Increase Caustic Dosing Pump Output,Alkaline Scrubber Low pH
2026-06-18,7.62,SCB-302,Good,-0.0999999999999996,7.714285714285714,0.1051755901428472,7.54,7.86,0.3200000000000003,99.0,Low,0,Thursday,June,0.36,65.0,Warning,Low Alkali Dosing,Insufficient Caustic Injection Flow Rate,Increase Caustic Dosing Pump Output,Alkaline Scrubber Low pH
2026-06-19,7.41,SCB-302,Good,-0.2099999999999999,7.665714285714286,0.153390258584314,7.41,7.86,0.4500000000000002,97.9,Low,0,Friday,June,0.26,65.0,Warning,Low Alkali Dosing,Insufficient Caustic Injection Flow Rate,Increase Caustic Dosing Pump Output,Alkaline Scrubber Low pH
2026-06-20,7.31,SCB-302,Good,-0.1000000000000005,7.632857142857143,0.2018014111045826,7.31,7.86,0.5500000000000007,99.0,Low,0,Saturday,June,0.24,65.0,Warning,Low Alkali Dosing,Insufficient Caustic Injection Flow Rate,Increase Caustic Dosing Pump Output,Alkaline Scrubber Low pH
2026-06-21,7.28,SCB-302,Good,-0.0299999999999993,7.561428571428571,0.2278470665035577,7.28,7.86,0.5800000000000001,99.7,Low,0,Sunday,June,0.3,65.0,Warning,Low Alkali Dosing,Insufficient Caustic Injection Flow Rate,Increase Caustic Dosing Pump Output,Alkaline Scrubber Low pH
2026-06-22,7.12,SCB-302,Good,-0.1600000000000001,7.455714285714285,0.2376872695270587,7.12,7.73,0.6100000000000003,98.4,Low,0,Monday,June,0.28,65.0,Warning,Low Alkali Dosing,Insufficient Caustic Injection Flow Rate,Increase Caustic Dosing Pump Output,Alkaline Scrubber Low pH
2026-06-23,6.97,SCB-302,Good,-0.1500000000000003,7.347142857142857,0.2636736799982125,6.97,7.72,0.75,98.5,Low,0,Tuesday,June,0.37,65.0,Warning,Low Alkali Dosing,Insufficient Caustic Injection Flow Rate,Increase Caustic Dosing Pump Output,Alkaline Scrubber Low pH
2026-06-24,6.82,SCB-302,Good,-0.1499999999999994,7.218571428571429,0.2708891883795701,6.82,7.62,0.7999999999999998,98.5,Low,0,Wednesday,June,0.27,65.0,Warning,Low Alkali Dosing,Insufficient Caustic Injection Flow Rate,Increase Caustic Dosing Pump Output,Alkaline Scrubber Low pH
2026-06-25,6.73,SCB-302,Good,-0.0899999999999998,7.091428571428572,0.2597067943809101,6.73,7.41,0.6799999999999997,99.1,Low,0,Thursday,June,0.33,65.0,Warning,Low Alkali Dosing,Insufficient Caustic Injection Flow Rate,Increase Caustic Dosing Pump Output,Alkaline Scrubber Low pH
2026-06-26,6.86,SCB-302,Good,0.1299999999999999,7.012857142857143,0.2285982127163986,6.73,7.31,0.5799999999999992,98.7,Low,0,Friday,June,0.24,65.0,Warning,Low Alkali Dosing,Insufficient Caustic Injection Flow Rate,Increase Caustic Dosing Pump Output,Alkaline Scrubber Low pH
2026-06-27,6.8,SCB-302,Good,-0.0600000000000005,6.94,0.1972308292331318,6.73,7.28,0.5499999999999998,99.4,Low,0,Saturday,June,0.34,65.0,Warning,Low Alkali Dosing,Insufficient Caustic Injection Flow Rate,Increase Caustic Dosing Pump Output,Alkaline Scrubber Low pH
2026-06-28,6.69,SCB-302,Good,-0.1099999999999994,6.855714285714286,0.1475191674389918,6.69,7.12,0.4299999999999997,98.9,Low,0,Sunday,June,0.24,65.0,Warning,Low Alkali Dosing,Insufficient Caustic Injection Flow Rate,Increase Caustic Dosing Pump Output,Alkaline Scrubber Low pH
2026-06-29,6.57,SCB-302,Good,-0.1200000000000001,6.777142857142858,0.1285449708226576,6.57,6.97,0.3999999999999994,98.8,Low,0,Monday,June,0.44,65.0,Warning,Low Alkali Dosing,Insufficient Caustic Injection Flow Rate,Increase Caustic Dosing Pump Output,Alkaline Scrubber Low pH
2026-06-30,6.54,SCB-302,Good,-0.0300000000000002,6.715714285714285,0.1236739184113869,6.54,6.86,0.3200000000000003,99.7,Low,0,Tuesday,June,0.47,65.0,Warning,Low Alkali Dosing,Insufficient Caustic Injection Flow Rate,Increase Caustic Dosing Pump Output,Alkaline Scrubber Low pH
2026-01-01,12.34,SCB-303,Good,0.0,12.34,0.0,12.34,12.34,0.0,100.0,High,0,Thursday,January,0.45,75.0,Warning,Excessive Caustic Feed,Over-dosing Caustic Buffer,Calibrate Caustic Dosing Pump Feedback Controller,Alkaline Scrubber High pH
2026-01-02,11.76,SCB-303,Good,-0.5800000000000001,12.05,0.4101219330881982,11.76,12.34,0.5800000000000001,94.2,High,0,Friday,January,0.45,75.0,Warning,Excessive Caustic Feed,Over-dosing Caustic Buffer,Calibrate Caustic Dosing Pump Feedback Controller,Alkaline Scrubber High pH
2026-01-03,11.27,SCB-303,Good,-0.4900000000000002,11.79,0.5356304696336842,11.27,12.34,1.0700000000000005,95.1,Normal,0,Saturday,January,0.47,100.0,Normal,Healthy,Normal Operation,Continue Stream Monitoring,No Alert
2026-01-04,12.52,SCB-303,Good,1.25,11.9725,0.5696417002525948,11.27,12.52,1.25,87.5,High,0,Sunday,January,0.51,65.0,Warning,Excessive Caustic Feed,Over-dosing Caustic Buffer,Calibrate Caustic Dosing Pump Feedback Controller,Alkaline Scrubber High pH
2026-01-05,11.94,SCB-303,Good,-0.5800000000000001,11.966,0.4935382457317773,11.27,12.52,1.25,94.2,High,0,Monday,January,0.41,75.0,Warning,Excessive Caustic Feed,Over-dosing Caustic Buffer,Calibrate Caustic Dosing Pump Feedback Controller,Alkaline Scrubber High pH
2026-01-06,12.1775,SCB-303,Interpolated,0.2375000000000007,12.00125,0.4497992607819629,11.27,12.52,1.25,97.625,High,0,Tuesday,January,0.41,75.0,Warning,Excessive Caustic Feed,Over-dosing Caustic Buffer,Calibrate Caustic Dosing Pump Feedback Controller,Alkaline Scrubber High pH
2026-01-07,12.415,SCB-303,Interpolated,0.2374999999999989,12.060357142857145,0.4393803130817422,11.27,12.52,1.25,97.625,High,0,Wednesday,January,0.52,75.0,Warning,Excessive Caustic Feed,Over-dosing Caustic Buffer,Calibrate Caustic Dosing Pump Feedback Controller,Alkaline Scrubber High pH
2026-01-08,12.6525,SCB-303,Interpolated,0.2375000000000007,12.105,0.4859376674704968,11.27,12.6525,1.3825000000000005,97.625,High,0,Thursday,January,0.54,75.0,Warning,Excessive Caustic Feed,Over-dosing Caustic Buffer,Calibrate Caustic Dosing Pump Feedback Controller,Alkaline Scrubber High pH
2026-01-09,12.89,SCB-303,Good,0.2375000000000007,12.266428571428571,0.537214763740679,11.27,12.89,1.620000000000001,97.625,High,0,Friday,January,0.48,75.0,Warning,Excessive Caustic Feed,Over-dosing Caustic Buffer,Calibrate Caustic Dosing Pump Feedback Controller,Alkaline Scrubber High pH
2026-01-10,12.85,SCB-303,Good,-0.0400000000000009,12.492142857142856,0.3470483532936174,11.94,12.89,0.9500000000000012,99.6,High,0,Saturday,January,0.53,75.0,Warning,Excessive Caustic Feed,Over-dosing Caustic Buffer,Calibrate Caustic Dosing Pump Feedback Controller,Alkaline Scrubber High pH
2026-01-11,12.54,SCB-303,Good,-0.3100000000000005,12.495,0.3473980665845287,11.94,12.89,0.9500000000000012,96.9,High,0,Sunday,January,0.51,75.0,Warning,Excessive Caustic Feed,Over-dosing Caustic Buffer,Calibrate Caustic Dosing Pump Feedback Controller,Alkaline Scrubber High pH
2026-01-12,11.17,SCB-303,Good,-1.3699999999999992,12.385,0.5897757342131567,11.17,12.89,1.7200000000000006,86.30000000000001,Normal,0,Monday,January,0.52,89.0,Normal,Healthy,Normal Operation,Continue Stream Monitoring,No Alert
2026-01-13,7.76,SCB-303,Good,-3.41,11.753928571428572,1.8550302429828345,7.76,12.89,5.130000000000001,65.9,Low,0,Tuesday,January,0.54,37.7,Warning,Low Alkali Dosing,Insufficient Caustic Injection Flow Rate,Increase Caustic Dosing Pump Output,Alkaline Scrubber Low pH
2026-01-14,12.47,SCB-303,Good,4.710000000000001,11.761785714285711,1.8584103389981557,7.76,12.89,5.130000000000001,52.89999999999999,High,0,Wednesday,January,0.57,37.3,Warning,Excessive Caustic Feed,Over-dosing Caustic Buffer,Calibrate Caustic Dosing Pump Feedback Controller,Alkaline Scrubber High pH
2026-01-15,11.84,SCB-303,Good,-0.6300000000000008,11.645714285714286,1.8184504130610504,7.76,12.89,5.130000000000001,93.7,High,0,Thursday,January,0.51,75.0,Warning,Excessive Caustic Feed,Over-dosing Caustic Buffer,Calibrate Caustic Dosing Pump Feedback Controller,Alkaline Scrubber High pH
2026-01-16,12.82,SCB-303,Good,0.9800000000000004,11.635714285714284,1.8106431375145609,7.76,12.85,5.09,90.2,High,0,Friday,January,0.49,75.0,Warning,Excessive Caustic Feed,Over-dosing Caustic Buffer,Calibrate Caustic Dosing Pump Feedback Controller,Alkaline Scrubber High pH
2026-01-17,11.5,SCB-303,Good,-1.3200000000000005,11.44285714285714,1.729843097756887,7.76,12.82,5.0600000000000005,86.8,Normal,0,Saturday,January,0.54,89.4,Normal,Healthy,Normal Operation,Continue Stream Monitoring,No Alert
2026-01-18,11.54,SCB-303,Good,0.0399999999999991,11.3,1.664181480488231,7.76,12.82,5.0600000000000005,99.6,High,0,Sunday,January,0.46,75.0,Warning,Excessive Caustic Feed,Over-dosing Caustic Buffer,Calibrate Caustic Dosing Pump Feedback Controller,Alkaline Scrubber High pH
2026-01-19,11.62,SCB-303,Good,0.08,11.364285714285716,1.6670118690125066,7.76,12.82,5.0600000000000005,99.2,High,0,Monday,January,0.34,75.0,Warning,Excessive Caustic Feed,Over-dosing Caustic Buffer,Calibrate Caustic Dosing Pump Feedback Controller,Alkaline Scrubber High pH
2026-01-20,11.39,SCB-303,Good,-0.2299999999999986,11.882857142857144,0.5478659898708279,11.39,12.82,1.4299999999999995,97.70000000000002,Normal,0,Tuesday,January,0.53,100.0,Normal,Healthy,Normal Operation,Continue Stream Monitoring,No Alert
2026-01-21,11.05,SCB-303,Good,-0.3399999999999998,11.68,0.5570457790882172,11.05,12.82,1.7699999999999996,96.6,Normal,0,Wednesday,January,0.44,100.0,Normal,Healthy,Normal Operation,Continue Stream Monitoring,No Alert
2026-01-22,10.84,SCB-303,Good,-0.2100000000000008,11.537142857142856,0.6323162258900275,10.84,12.82,1.9800000000000004,97.9,Normal,0,Thursday,January,0.46,100.0,Normal,Healthy,Normal Operation,Continue Stream Monitoring,No Alert
2026-01-23,11.24,SCB-303,Good,0.4000000000000003,11.311428571428571,0.2842785354441717,10.84,11.62,0.7799999999999994,96.0,Normal,0,Friday,January,0.36,100.0,Normal,Healthy,Normal Operation,Continue Stream Monitoring,No Alert
2026-01-24,11.44,SCB-303,Good,0.1999999999999993,11.302857142857144,0.2784908308313584,10.84,11.62,0.7799999999999994,98.0,Normal,0,Saturday,January,0.37,100.0,Normal,Healthy,Normal Operation,Continue Stream Monitoring,No Alert
2026-01-25,11.704,SCB-303,Interpolated,0.2640000000000011,11.326285714285714,0.3071859991849167,10.84,11.704,0.8640000000000008,97.36,High,0,Sunday,January,0.54,75.0,Warning,Excessive Caustic Feed,Over-dosing Caustic Buffer,Calibrate Caustic Dosing Pump Feedback Controller,Alkaline Scrubber High pH
2026-01-26,11.968,SCB-303,Interpolated,0.2639999999999993,11.376,0.3817521010638505,10.84,11.968,1.128,97.36,High,0,Monday,January,0.41,75.0,Warning,Excessive Caustic Feed,Over-dosing Caustic Buffer,Calibrate Caustic Dosing Pump Feedback Controller,Alkaline Scrubber High pH
2026-01-27,12.232,SCB-303,Interpolated,0.2639999999999993,11.496285714285714,0.5009436808949378,10.84,12.232,1.3919999999999997,97.36,High,0,Tuesday,January,0.42,75.0,Warning,Excessive Caustic Feed,Over-dosing Caustic Buffer,Calibrate Caustic Dosing Pump Feedback Controller,Alkaline Scrubber High pH
2026-01-28,,SCB-303,Offline,0.0,11.570666666666666,0.5046387486773725,10.84,12.232,1.3919999999999997,100.0,Offline,0,Wednesday,January,0.425,0.0,Critical,Scrubber Telemetry Offline,CEMS Sensor Communication Failure,Inspect Modbus Transmitters and Field PLC Cabinets,Sensor Connection Error
2026-01-29,12.76,SCB-303,Good,0.0,11.890666666666666,0.55489482486924,11.24,12.76,1.5199999999999996,100.0,High,0,Thursday,January,0.43,75.0,Warning,Excessive Caustic Feed,Over-dosing Caustic Buffer,Calibrate Caustic Dosing Pump Feedback Controller,Alkaline Scrubber High pH
2026-01-30,11.87,SCB-303,Good,-0.8900000000000006,11.995666666666663,0.4583560479219891,11.44,12.76,1.3200000000000005,91.1,High,0,Friday,January,0.435,75.0,Warning,Excessive Caustic Feed,Over-dosing Caustic Buffer,Calibrate Caustic Dosing Pump Feedback Controller,Alkaline Scrubber High pH
2026-01-31,12.14,SCB-303,Good,0.2700000000000013,12.112333333333334,0.3690125562452648,11.704,12.76,1.0559999999999992,97.29999999999998,High,0,Saturday,January,0.0,75.0,Warning,Excessive Caustic Feed,Over-dosing Caustic Buffer,Calibrate Caustic Dosing Pump Feedback Controller,Alkaline Scrubber High pH
2026-02-01,11.63,SCB-303,Good,-0.5099999999999998,12.1,0.3862248050035084,11.63,12.76,1.129999999999999,94.9,High,0,Sunday,February,0.0,75.0,Warning,Excessive Caustic Feed,Over-dosing Caustic Buffer,Calibrate Caustic Dosing Pump Feedback Controller,Alkaline Scrubber High pH
2026-02-02,9.91,SCB-303,Good,-1.7200000000000006,11.757,0.9816954721297227,9.91,12.76,2.85,82.8,Normal,0,Monday,February,0.45,86.2,Normal,Healthy,Normal Operation,Continue Stream Monitoring,No Alert
2026-02-03,11.58,SCB-303,Good,1.67,11.648333333333332,0.954304284107887,9.91,12.76,2.85,83.3,High,0,Tuesday,February,0.23,61.6,Warning,Excessive Caustic Feed,Over-dosing Caustic Buffer,Calibrate Caustic Dosing Pump Feedback Controller,Alkaline Scrubber High pH
2026-02-04,11.16,SCB-303,Good,-0.4199999999999999,11.578571428571427,0.8904947795360468,9.91,12.76,2.85,95.8,Normal,0,Wednesday,February,0.25,100.0,Normal,Healthy,Normal Operation,Continue Stream Monitoring,No Alert
2026-02-05,11.12,SCB-303,Good,-0.0400000000000009,11.344285714285716,0.7289457488468578,9.91,12.14,2.2300000000000004,99.6,Normal,0,Thursday,February,0.2,100.0,Normal,Healthy,Normal Operation,Continue Stream Monitoring,No Alert
2026-02-06,11.26,SCB-303,Good,0.1400000000000005,11.257142857142856,0.6911033276752556,9.91,12.14,2.2300000000000004,98.6,Normal,0,Friday,February,0.24,100.0,Normal,Healthy,Normal Operation,Continue Stream Monitoring,No Alert
2026-02-07,12.28,SCB-303,Good,1.0199999999999996,11.277142857142858,0.7222352868171226,9.91,12.28,2.369999999999999,89.80000000000001,High,0,Saturday,February,0.2,66.8,Warning,Excessive Caustic Feed,Over-dosing Caustic Buffer,Calibrate Caustic Dosing Pump Feedback Controller,Alkaline Scrubber High pH
2026-02-08,12.17,SCB-303,Good,-0.1099999999999994,11.354285714285714,0.7917040091443516,9.91,12.28,2.369999999999999,98.9,High,0,Sunday,February,0.27,75.0,Warning,Excessive Caustic Feed,Over-dosing Caustic Buffer,Calibrate Caustic Dosing Pump Feedback Controller,Alkaline Scrubber High pH
2026-02-09,11.53,SCB-303,Good,-0.6400000000000006,11.585714285714284,0.4709514179777343,11.12,12.28,1.16,93.6,High,0,Monday,February,0.28,75.0,Warning,Excessive Caustic Feed,Over-dosing Caustic Buffer,Calibrate Caustic Dosing Pump Feedback Controller,Alkaline Scrubber High pH
2026-02-10,12.05,SCB-303,Good,0.5200000000000014,11.652857142857142,0.5024511347953583,11.12,12.28,1.16,94.79999999999998,High,0,Tuesday,February,0.27,75.0,Warning,Excessive Caustic Feed,Over-dosing Caustic Buffer,Calibrate Caustic Dosing Pump Feedback Controller,Alkaline Scrubber High pH
2026-02-11,12.13,SCB-303,Good,0.08,11.79142857142857,0.4769845759710538,11.12,12.28,1.16,99.2,High,0,Wednesday,February,0.14,75.0,Warning,Excessive Caustic Feed,Over-dosing Caustic Buffer,Calibrate Caustic Dosing Pump Feedback Controller,Alkaline Scrubber High pH
2026-02-12,12.16,SCB-303,Good,0.0299999999999993,11.94,0.3863504454076202,11.26,12.28,1.0199999999999996,99.7,High,0,Thursday,February,0.26,75.0,Warning,Excessive Caustic Feed,Over-dosing Caustic Buffer,Calibrate Caustic Dosing Pump Feedback Controller,Alkaline Scrubber High pH
2026-02-13,12.39,SCB-303,Good,0.2300000000000004,12.101428571428572,0.2748592713510289,11.53,12.39,0.8600000000000012,97.7,High,0,Friday,February,0.29,75.0,Warning,Excessive Caustic Feed,Over-dosing Caustic Buffer,Calibrate Caustic Dosing Pump Feedback Controller,Alkaline Scrubber High pH
2026-02-14,12.0,SCB-303,Good,-0.3900000000000005,12.061428571428571,0.2647280725215064,11.53,12.39,0.8600000000000012,96.1,High,0,Saturday,February,0.17,75.0,Warning,Excessive Caustic Feed,Over-dosing Caustic Buffer,Calibrate Caustic Dosing Pump Feedback Controller,Alkaline Scrubber High pH
2026-02-15,11.77,SCB-303,Good,-0.2300000000000004,12.004285714285714,0.2801105224048256,11.53,12.39,0.8600000000000012,97.7,High,0,Sunday,February,0.29,75.0,Warning,Excessive Caustic Feed,Over-dosing Caustic Buffer,Calibrate Caustic Dosing Pump Feedback Controller,Alkaline Scrubber High pH
2026-02-16,11.28,SCB-303,Good,-0.4900000000000002,11.968571428571428,0.35625031328307,11.28,12.39,1.1100000000000012,95.1,Normal,0,Monday,February,0.19,100.0,Normal,Healthy,Normal Operation,Continue Stream Monitoring,No Alert
2026-02-17,11.2,SCB-303,Good,-0.08,11.847142857142858,0.4550353204501197,11.2,12.39,1.1900000000000013,99.2,Normal,0,Tuesday,February,0.19,100.0,Normal,Healthy,Normal Operation,Continue Stream Monitoring,No Alert
2026-02-18,11.89,SCB-303,Good,0.6900000000000013,11.812857142857144,0.4389272637432574,11.2,12.39,1.1900000000000013,93.1,High,0,Wednesday,February,0.22,75.0,Warning,Excessive Caustic Feed,Over-dosing Caustic Buffer,Calibrate Caustic Dosing Pump Feedback Controller,Alkaline Scrubber High pH
2026-02-19,12.1,SCB-303,Good,0.209999999999999,11.804285714285712,0.4315420853503997,11.2,12.39,1.1900000000000013,97.9,High,0,Thursday,February,0.25,75.0,Warning,Excessive Caustic Feed,Over-dosing Caustic Buffer,Calibrate Caustic Dosing Pump Feedback Controller,Alkaline Scrubber High pH
2026-02-20,12.24,SCB-303,Good,0.1400000000000005,11.78285714285714,0.4001963803648692,11.2,12.24,1.040000000000001,98.6,High,0,Friday,February,0.25,75.0,Warning,Excessive Caustic Feed,Over-dosing Caustic Buffer,Calibrate Caustic Dosing Pump Feedback Controller,Alkaline Scrubber High pH
2026-02-21,12.37,SCB-303,Good,0.129999999999999,11.835714285714284,0.4544174711597676,11.2,12.37,1.17,98.70000000000002,High,0,Saturday,February,0.24,75.0,Warning,Excessive Caustic Feed,Over-dosing Caustic Buffer,Calibrate Caustic Dosing Pump Feedback Controller,Alkaline Scrubber High pH
2026-02-22,11.89,SCB-303,Good,-0.4799999999999986,11.852857142857143,0.4537882871161503,11.2,12.37,1.17,95.20000000000002,High,0,Sunday,February,0.24,75.0,Warning,Excessive Caustic Feed,Over-dosing Caustic Buffer,Calibrate Caustic Dosing Pump Feedback Controller,Alkaline Scrubber High pH
2026-02-23,11.89,SCB-303,Good,0.0,11.94,0.3776241517699844,11.2,12.37,1.17,100.0,High,0,Monday,February,0.34,75.0,Warning,Excessive Caustic Feed,Over-dosing Caustic Buffer,Calibrate Caustic Dosing Pump Feedback Controller,Alkaline Scrubber High pH
2026-02-24,11.79,SCB-303,Good,-0.1000000000000014,12.024285714285712,0.2163220702915871,11.79,12.37,0.5800000000000001,99.0,High,0,Tuesday,February,0.21,75.0,Warning,Excessive Caustic Feed,Over-dosing Caustic Buffer,Calibrate Caustic Dosing Pump Feedback Controller,Alkaline Scrubber High pH
2026-02-25,11.76,SCB-303,Good,-0.0299999999999993,12.005714285714284,0.2345816945726408,11.76,12.37,0.6099999999999994,99.7,High,0,Wednesday,February,0.22,75.0,Warning,Excessive Caustic Feed,Over-dosing Caustic Buffer,Calibrate Caustic Dosing Pump Feedback Controller,Alkaline Scrubber High pH
2026-02-26,11.23,SCB-303,Good,-0.5299999999999994,11.881428571428572,0.3685298979923962,11.23,12.37,1.1399999999999988,94.7,Normal,0,Thursday,February,0.23,100.0,Normal,Healthy,Normal Operation,Continue Stream Monitoring,No Alert
2026-02-27,11.54,SCB-303,Good,0.3099999999999987,11.781428571428572,0.3494962360993598,11.23,12.37,1.1399999999999988,96.9,High,0,Friday,February,0.23,75.0,Warning,Excessive Caustic Feed,Over-dosing Caustic Buffer,Calibrate Caustic Dosing Pump Feedback Controller,Alkaline Scrubber High pH
2026-02-28,11.79,SCB-303,Good,0.25,11.698571428571428,0.2375169166907619,11.23,11.89,0.6600000000000001,97.5,High,0,Saturday,February,0.23,75.0,Warning,Excessive Caustic Feed,Over-dosing Caustic Buffer,Calibrate Caustic Dosing Pump Feedback Controller,Alkaline Scrubber High pH
2026-03-01,11.84,SCB-303,Good,0.0500000000000007,11.691428571428572,0.2314755978088252,11.23,11.89,0.6600000000000001,99.5,High,0,Sunday,March,0.24,75.0,Warning,Excessive Caustic Feed,Over-dosing Caustic Buffer,Calibrate Caustic Dosing Pump Feedback Controller,Alkaline Scrubber High pH
2026-03-02,11.39,SCB-303,Good,-0.4499999999999993,11.62,0.2370653918225946,11.23,11.84,0.6099999999999994,95.5,Normal,0,Monday,March,0.3,100.0,Normal,Healthy,Normal Operation,Continue Stream Monitoring,No Alert
2026-03-03,10.75,SCB-303,Good,-0.6400000000000006,11.471428571428572,0.3895907498657434,10.75,11.84,1.09,93.6,Normal,0,Tuesday,March,0.26,100.0,Normal,Healthy,Normal Operation,Continue Stream Monitoring,No Alert
2026-03-04,10.13,SCB-303,Good,-0.6199999999999992,11.23857142857143,0.6120029567311076,10.13,11.84,1.709999999999999,93.8,Normal,0,Wednesday,March,0.18,100.0,Normal,Healthy,Normal Operation,Continue Stream Monitoring,No Alert
2026-03-05,10.35,SCB-303,Good,0.2199999999999988,11.11285714285714,0.6983483917003567,10.13,11.84,1.709999999999999,97.8,Normal,0,Thursday,March,0.22,100.0,Normal,Healthy,Normal Operation,Continue Stream Monitoring,No Alert
2026-03-06,10.59,SCB-303,Good,0.2400000000000002,10.977142857142857,0.6937990651890077,10.13,11.84,1.709999999999999,97.6,Normal,0,Friday,March,0.25,100.0,Normal,Healthy,Normal Operation,Continue Stream Monitoring,No Alert
2026-03-07,10.78,SCB-303,Good,0.1899999999999995,10.832857142857142,0.5944945832585923,10.13,11.84,1.709999999999999,98.1,Normal,0,Saturday,March,0.2,100.0,Normal,Healthy,Normal Operation,Continue Stream Monitoring,No Alert
2026-03-08,10.94,SCB-303,Good,0.1600000000000001,10.704285714285716,0.4086505084974636,10.13,11.39,1.2599999999999998,98.4,Normal,0,Sunday,March,0.22,100.0,Normal,Healthy,Normal Operation,Continue Stream Monitoring,No Alert
2026-03-09,10.98,SCB-303,Good,0.0400000000000009,10.645714285714286,0.311921846133347,10.13,10.98,0.8499999999999996,99.6,Normal,0,Monday,March,0.2,100.0,Normal,Healthy,Normal Operation,Continue Stream Monitoring,No Alert
2026-03-10,10.92,SCB-303,Good,-0.0600000000000005,10.67,0.3276176633414789,10.13,10.98,0.8499999999999996,99.4,Normal,0,Tuesday,March,0.19,100.0,Normal,Healthy,Normal Operation,Continue Stream Monitoring,No Alert
2026-03-11,10.71,SCB-303,Good,-0.209999999999999,10.752857142857144,0.2258107087595131,10.35,10.98,0.6300000000000008,97.9,Normal,0,Wednesday,March,0.24,100.0,Normal,Healthy,Normal Operation,Continue Stream Monitoring,No Alert
2026-03-12,10.62,SCB-303,Good,-0.0900000000000016,10.79142857142857,0.1585800083478887,10.59,10.98,0.3900000000000005,99.09999999999998,Normal,0,Thursday,March,0.25,100.0,Normal,Healthy,Normal Operation,Continue Stream Monitoring,No Alert
2026-03-13,10.76,SCB-303,Good,0.1400000000000005,10.815714285714284,0.1336484371846604,10.62,10.98,0.3600000000000012,98.6,Normal,0,Friday,March,0.22,100.0,Normal,Healthy,Normal Operation,Continue Stream Monitoring,No Alert
2026-03-14,10.81,SCB-303,Good,0.0500000000000007,10.820000000000002,0.1327905619136039,10.62,10.98,0.3600000000000012,99.5,Normal,0,Saturday,March,0.13,100.0,Normal,Healthy,Normal Operation,Continue Stream Monitoring,No Alert
2026-03-15,10.8,SCB-303,Good,-0.0099999999999997,10.8,0.1217921727096233,10.62,10.98,0.3600000000000012,99.9,Normal,0,Sunday,March,0.15,100.0,Normal,Healthy,Normal Operation,Continue Stream Monitoring,No Alert
2026-03-16,10.86,SCB-303,Good,0.0599999999999987,10.782857142857145,0.0984402163268324,10.62,10.92,0.3000000000000007,99.4,Normal,0,Monday,March,0.14,100.0,Normal,Healthy,Normal Operation,Continue Stream Monitoring,No Alert
2026-03-17,10.83,SCB-303,Good,-0.0299999999999993,10.77,0.0820568908339255,10.62,10.86,0.2400000000000002,99.7,Normal,0,Tuesday,March,0.19,100.0,Normal,Healthy,Normal Operation,Continue Stream Monitoring,No Alert
2026-03-18,10.81,SCB-303,Good,-0.0199999999999995,10.784285714285714,0.0784978010004241,10.62,10.86,0.2400000000000002,99.8,Normal,0,Wednesday,March,0.12,100.0,Normal,Healthy,Normal Operation,Continue Stream Monitoring,No Alert
2026-03-19,10.79,SCB-303,Good,-0.0200000000000013,10.80857142857143,0.0313201593378722,10.76,10.86,0.0999999999999996,99.79999999999998,Normal,0,Thursday,March,0.19,100.0,Normal,Healthy,Normal Operation,Continue Stream Monitoring,No Alert
2026-03-20,10.8,SCB-303,Good,0.0100000000000015,10.814285714285717,0.0237045304088071,10.79,10.86,0.0700000000000002,99.89999999999998,Normal,0,Friday,March,0.21,100.0,Normal,Healthy,Normal Operation,Continue Stream Monitoring,No Alert
2026-03-21,10.79,SCB-303,Good,-0.0100000000000015,10.81142857142857,0.0254483604111613,10.79,10.86,0.0700000000000002,99.89999999999998,Normal,0,Saturday,March,0.25,100.0,Normal,Healthy,Normal Operation,Continue Stream Monitoring,No Alert
2026-03-22,10.78,SCB-303,Good,-0.0099999999999997,10.808571428571428,0.0279455252401833,10.78,10.86,0.08,99.9,Normal,0,Sunday,March,0.3,100.0,Normal,Healthy,Normal Operation,Continue Stream Monitoring,No Alert
2026-03-23,10.78,SCB-303,Good,0.0,10.797142857142855,0.0179947082167778,10.78,10.83,0.0500000000000007,100.0,Normal,0,Monday,March,0.28,100.0,Normal,Healthy,Normal Operation,Continue Stream Monitoring,No Alert
2026-03-24,10.77,SCB-303,Good,-0.0099999999999997,10.788571428571428,0.013451854182599,10.77,10.81,0.0400000000000009,99.9,Normal,0,Tuesday,March,0.24,100.0,Normal,Healthy,Normal Operation,Continue Stream Monitoring,No Alert
2026-03-25,10.8175,SCB-303,Interpolated,0.0475000000000012,10.789642857142857,0.0155743225793947,10.77,10.8175,0.0475000000000012,99.525,Normal,0,Wednesday,March,0.21,100.0,Normal,Healthy,Normal Operation,Continue Stream Monitoring,No Alert
2026-03-26,10.865,SCB-303,Interpolated,0.0474999999999994,10.80035714285714,0.032481679818122,10.77,10.865,0.0950000000000006,99.525,Normal,0,Thursday,March,0.31,100.0,Normal,Healthy,Normal Operation,Continue Stream Monitoring,No Alert
2026-03-27,10.9125,SCB-303,Interpolated,0.0474999999999994,10.816428571428572,0.0533826037295836,10.77,10.9125,0.1425,99.525,Normal,0,Friday,March,0.27,100.0,Normal,Healthy,Normal Operation,Continue Stream Monitoring,No Alert
2026-03-28,10.96,SCB-303,Good,0.0475000000000012,10.840714285714286,0.0740314444131818,10.77,10.96,0.1900000000000012,99.525,Normal,0,Saturday,March,0.2,100.0,Normal,Healthy,Normal Operation,Continue Stream Monitoring,No Alert
2026-03-29,10.95,SCB-303,Good,-0.0100000000000015,10.865,0.0785413903620066,10.77,10.96,0.1900000000000012,99.89999999999998,Normal,0,Sunday,March,0.25,100.0,Normal,Healthy,Normal Operation,Continue Stream Monitoring,No Alert
2026-03-30,11.15,SCB-303,Good,0.200000000000001,10.917857142857144,0.1234607610692817,10.77,11.15,0.3800000000000008,98.0,Normal,0,Monday,March,0.24,100.0,Normal,Healthy,Normal Operation,Continue Stream Monitoring,No Alert
2026-03-31,11.3,SCB-303,Good,0.1500000000000003,10.99357142857143,0.1710254436654048,10.8175,11.3,0.4824999999999999,98.5,Normal,0,Tuesday,March,0.28,100.0,Normal,Healthy,Normal Operation,Continue Stream Monitoring,No Alert
2026-04-01,11.54,SCB-303,Good,0.2399999999999984,11.096785714285714,0.2478268644878921,10.865,11.54,0.6749999999999989,97.60000000000002,High,0,Wednesday,April,0.3,75.0,Warning,Excessive Caustic Feed,Over-dosing Caustic Buffer,Calibrate Caustic Dosing Pump Feedback Controller,Alkaline Scrubber High pH
2026-04-02,12.25,SCB-303,Good,0.7100000000000009,11.294642857142858,0.4779566502558612,10.9125,12.25,1.3375000000000004,92.9,High,0,Thursday,April,0.32,75.0,Warning,Excessive Caustic Feed,Over-dosing Caustic Buffer,Calibrate Caustic Dosing Pump Feedback Controller,Alkaline Scrubber High pH
2026-04-03,12.34,SCB-303,Good,0.0899999999999998,11.498571428571427,0.5811319004445366,10.95,12.34,1.3900000000000006,99.1,High,0,Friday,April,0.26,75.0,Warning,Excessive Caustic Feed,Over-dosing Caustic Buffer,Calibrate Caustic Dosing Pump Feedback Controller,Alkaline Scrubber High pH
2026-04-04,12.31,SCB-303,Good,-0.0299999999999993,11.691428571428572,0.5964178784327964,10.95,12.34,1.3900000000000006,99.7,High,0,Saturday,April,0.27,75.0,Warning,Excessive Caustic Feed,Over-dosing Caustic Buffer,Calibrate Caustic Dosing Pump Feedback Controller,Alkaline Scrubber High pH
2026-04-05,12.8,SCB-303,Good,0.4900000000000002,11.955714285714285,0.6224376044460698,11.15,12.8,1.6500000000000004,95.1,High,0,Sunday,April,0.25,75.0,Warning,Excessive Caustic Feed,Over-dosing Caustic Buffer,Calibrate Caustic Dosing Pump Feedback Controller,Alkaline Scrubber High pH
2026-04-06,11.78,SCB-303,Good,-1.0200000000000014,12.045714285714286,0.5243363151914633,11.3,12.8,1.5,89.79999999999998,High,0,Monday,April,0.34,66.8,Warning,Excessive Caustic Feed,Over-dosing Caustic Buffer,Calibrate Caustic Dosing Pump Feedback Controller,Alkaline Scrubber High pH
2026-04-07,11.15,SCB-303,Good,-0.629999999999999,12.024285714285712,0.5616302800139622,11.15,12.8,1.6500000000000004,93.70000000000002,Normal,0,Tuesday,April,0.34,100.0,Normal,Healthy,Normal Operation,Continue Stream Monitoring,No Alert
2026-04-08,10.01,SCB-303,Good,-1.1400000000000006,11.805714285714286,0.947010333327236,10.01,12.8,2.790000000000001,88.6,Normal,0,Wednesday,April,0.27,90.9,Normal,Healthy,Normal Operation,Continue Stream Monitoring,No Alert
2026-04-09,10.61,SCB-303,Good,0.5999999999999996,11.571428571428571,1.0189116509202087,10.01,12.8,2.790000000000001,94.0,Normal,0,Thursday,April,0.28,100.0,Normal,Healthy,Normal Operation,Continue Stream Monitoring,No Alert
2026-04-10,10.48,SCB-303,Good,-0.129999999999999,11.305714285714286,1.027567631883776,10.01,12.8,2.790000000000001,98.70000000000002,Normal,0,Friday,April,0.33,100.0,Normal,Healthy,Normal Operation,Continue Stream Monitoring,No Alert
2026-04-11,10.66,SCB-303,Good,0.1799999999999997,11.07,0.9447045393490292,10.01,12.8,2.790000000000001,98.2,Normal,0,Saturday,April,0.34,100.0,Normal,Healthy,Normal Operation,Continue Stream Monitoring,No Alert
2026-04-12,10.83,SCB-303,Good,0.1699999999999999,10.788571428571428,0.5575371010503379,10.01,11.78,1.7699999999999996,98.3,Normal,0,Sunday,April,0.2,100.0,Normal,Healthy,Normal Operation,Continue Stream Monitoring,No Alert
2026-04-13,11.11,SCB-303,Good,0.2799999999999993,10.69285714285714,0.3918636789205392,10.01,11.15,1.1400000000000006,97.2,Normal,0,Monday,April,0.23,100.0,Normal,Healthy,Normal Operation,Continue Stream Monitoring,No Alert
2026-04-14,11.01,SCB-303,Good,-0.0999999999999996,10.672857142857142,0.3674558606469709,10.01,11.11,1.0999999999999996,99.0,Normal,0,Tuesday,April,0.26,100.0,Normal,Healthy,Normal Operation,Continue Stream Monitoring,No Alert
2026-04-15,10.88,SCB-303,Good,-0.129999999999999,10.797142857142855,0.2256630442137242,10.48,11.11,0.629999999999999,98.70000000000002,Normal,0,Wednesday,April,0.26,100.0,Normal,Healthy,Normal Operation,Continue Stream Monitoring,No Alert
2026-04-16,10.96,SCB-303,Good,0.08,10.847142857142856,0.2158482712241902,10.48,11.11,0.629999999999999,99.2,Normal,0,Thursday,April,0.22,100.0,Normal,Healthy,Normal Operation,Continue Stream Monitoring,No Alert
2026-04-17,10.93,SCB-303,Good,-0.0300000000000011,10.911428571428573,0.1429951714136323,10.66,11.11,0.4499999999999993,99.7,Normal,0,Friday,April,0.25,100.0,Normal,Healthy,Normal Operation,Continue Stream Monitoring,No Alert
2026-04-18,10.82,SCB-303,Good,-0.1099999999999994,10.934285714285712,0.1034177842309193,10.82,11.11,0.2899999999999991,98.9,Normal,0,Saturday,April,0.22,100.0,Normal,Healthy,Normal Operation,Continue Stream Monitoring,No Alert
2026-04-19,11.02,SCB-303,Good,0.1999999999999993,10.96142857142857,0.0961645415296806,10.82,11.11,0.2899999999999991,98.0,Normal,0,Sunday,April,0.28,100.0,Normal,Healthy,Normal Operation,Continue Stream Monitoring,No Alert
2026-04-20,11.23,SCB-303,Good,0.2100000000000008,10.978571428571428,0.1313301909220175,10.82,11.23,0.4100000000000001,97.9,Normal,0,Monday,April,0.27,100.0,Normal,Healthy,Normal Operation,Continue Stream Monitoring,No Alert
2026-04-21,11.12,SCB-303,Good,-0.1100000000000012,10.994285714285716,0.1418751966644126,10.82,11.23,0.4100000000000001,98.9,Normal,0,Tuesday,April,0.29,100.0,Normal,Healthy,Normal Operation,Continue Stream Monitoring,No Alert
2026-04-22,11.02,SCB-303,Good,-0.0999999999999996,11.014285714285714,0.1326470432962314,10.82,11.23,0.4100000000000001,99.0,Normal,0,Wednesday,April,0.34,100.0,Normal,Healthy,Normal Operation,Continue Stream Monitoring,No Alert
2026-04-23,10.99,SCB-303,Good,-0.0299999999999993,11.018571428571429,0.1310761320033001,10.82,11.23,0.4100000000000001,99.7,Normal,0,Thursday,April,0.38,100.0,Normal,Healthy,Normal Operation,Continue Stream Monitoring,No Alert
2026-04-24,10.94,SCB-303,Good,-0.0500000000000007,11.02,0.1299999999999777,10.82,11.23,0.4100000000000001,99.5,Normal,0,Friday,April,0.41,100.0,Normal,Healthy,Normal Operation,Continue Stream Monitoring,No Alert
2026-04-25,10.91,SCB-303,Good,-0.0299999999999993,11.032857142857145,0.1098050220032622,10.91,11.23,0.3200000000000003,99.7,Normal,0,Saturday,April,0.6,100.0,Normal,Healthy,Normal Operation,Continue Stream Monitoring,No Alert
2026-04-26,10.9,SCB-303,Good,-0.0099999999999997,11.015714285714289,0.1209486313629285,10.9,11.23,0.33,99.9,Normal,0,Sunday,April,0.0,100.0,Normal,Healthy,Normal Operation,Continue Stream Monitoring,No Alert
2026-04-27,11.26,SCB-303,Good,0.3599999999999994,11.02,0.1299999999999771,10.9,11.26,0.3599999999999994,96.4,Normal,0,Monday,April,0.51,100.0,Normal,Healthy,Normal Operation,Continue Stream Monitoring,No Alert
2026-04-28,11.4,SCB-303,Good,0.1400000000000005,11.06,0.1934769581457365,10.9,11.4,0.5,98.6,Normal,0,Tuesday,April,0.34,100.0,Normal,Healthy,Normal Operation,Continue Stream Monitoring,No Alert
2026-04-29,11.36,SCB-303,Good,-0.0400000000000009,11.108571428571429,0.2222932426194709,10.9,11.4,0.5,99.6,Normal,0,Wednesday,April,0.41,100.0,Normal,Healthy,Normal Operation,Continue Stream Monitoring,No Alert
2026-04-30,11.37,SCB-303,Good,0.0099999999999997,11.162857142857144,0.2345715445739365,10.9,11.4,0.5,99.9,Normal,0,Thursday,April,0.3,100.0,Normal,Healthy,Normal Operation,Continue Stream Monitoring,No Alert
2026-05-01,11.29,SCB-303,Good,-0.08,11.212857142857144,0.2156937864747197,10.9,11.4,0.5,99.2,Normal,0,Friday,May,0.35,100.0,Normal,Healthy,Normal Operation,Continue Stream Monitoring,No Alert
2026-05-02,11.11,SCB-303,Good,-0.1799999999999997,11.241428571428573,0.1790184880050421,10.9,11.4,0.5,98.2,Normal,0,Saturday,May,0.36,100.0,Normal,Healthy,Normal Operation,Continue Stream Monitoring,No Alert
2026-05-03,11.09,SCB-303,Good,-0.0199999999999995,11.268571428571429,0.1248236851761104,11.09,11.4,0.3100000000000005,99.8,Normal,0,Sunday,May,0.27,100.0,Normal,Healthy,Normal Operation,Continue Stream Monitoring,No Alert
2026-05-04,11.15,SCB-303,Good,0.0600000000000005,11.252857142857142,0.1327546968050544,11.09,11.4,0.3100000000000005,99.4,Normal,0,Monday,May,0.35,100.0,Normal,Healthy,Normal Operation,Continue Stream Monitoring,No Alert
2026-05-05,11.21,SCB-303,Good,0.0600000000000005,11.225714285714286,0.1160254487683511,11.09,11.37,0.2799999999999993,99.4,Normal,0,Tuesday,May,0.31,100.0,Normal,Healthy,Normal Operation,Continue Stream Monitoring,No Alert
2026-05-06,11.28,SCB-303,Good,0.0699999999999985,11.214285714285714,0.1039001352031396,11.09,11.37,0.2799999999999993,99.3,Normal,0,Wednesday,May,0.4,100.0,Normal,Healthy,Normal Operation,Continue Stream Monitoring,No Alert
2026-05-07,11.43,SCB-303,Good,0.1500000000000003,11.222857142857142,0.1200991653751268,11.09,11.43,0.3399999999999998,98.5,Normal,0,Thursday,May,0.47,100.0,Normal,Healthy,Normal Operation,Continue Stream Monitoring,No Alert
2026-05-08,11.7,SCB-303,Good,0.2699999999999996,11.281428571428572,0.2182069790686766,11.09,11.7,0.6099999999999994,97.3,High,0,Friday,May,0.33,75.0,Warning,Excessive Caustic Feed,Over-dosing Caustic Buffer,Calibrate Caustic Dosing Pump Feedback Controller,Alkaline Scrubber High pH
2026-05-09,11.34,SCB-303,Good,-0.3599999999999994,11.314285714285717,0.2050087106163134,11.09,11.7,0.6099999999999994,96.4,Normal,0,Saturday,May,0.37,100.0,Normal,Healthy,Normal Operation,Continue Stream Monitoring,No Alert
2026-05-10,10.89,SCB-303,Good,-0.4499999999999993,11.285714285714286,0.2503901717225141,10.89,11.7,0.8099999999999987,95.5,Normal,0,Sunday,May,0.39,100.0,Normal,Healthy,Normal Operation,Continue Stream Monitoring,No Alert
2026-05-11,10.71,SCB-303,Good,-0.1799999999999997,11.222857142857142,0.3320499101899219,10.71,11.7,0.9899999999999984,98.2,Normal,0,Monday,May,0.41,100.0,Normal,Healthy,Normal Operation,Continue Stream Monitoring,No Alert
2026-05-12,10.85,SCB-303,Good,0.1399999999999988,11.171428571428567,0.3609907003155046,10.71,11.7,0.9899999999999984,98.6,Normal,0,Tuesday,May,0.45,100.0,Normal,Healthy,Normal Operation,Continue Stream Monitoring,No Alert
2026-05-13,11.0,SCB-303,Good,0.1500000000000003,11.13142857142857,0.3624651050528111,10.71,11.7,0.9899999999999984,98.5,Normal,0,Wednesday,May,0.24,100.0,Normal,Healthy,Normal Operation,Continue Stream Monitoring,No Alert
2026-05-14,11.0,SCB-303,Good,0.0,11.070000000000002,0.3391164991562535,10.71,11.7,0.9899999999999984,100.0,Normal,0,Thursday,May,0.32,100.0,Normal,Healthy,Normal Operation,Continue Stream Monitoring,No Alert
2026-05-15,11.09,SCB-303,Good,0.0899999999999998,10.982857142857142,0.2001428061588445,10.71,11.34,0.629999999999999,99.1,Normal,0,Friday,May,0.2,100.0,Normal,Healthy,Normal Operation,Continue Stream Monitoring,No Alert
2026-05-16,11.08,SCB-303,Good,-0.0099999999999997,10.945714285714285,0.1369741025226996,10.71,11.09,0.379999999999999,99.9,Normal,0,Saturday,May,0.29,100.0,Normal,Healthy,Normal Operation,Continue Stream Monitoring,No Alert
2026-05-17,11.2,SCB-303,Good,0.1199999999999992,10.989999999999998,0.1635033129123909,10.71,11.2,0.4899999999999984,98.8,Normal,0,Sunday,May,0.28,100.0,Normal,Healthy,Normal Operation,Continue Stream Monitoring,No Alert
2026-05-18,10.74,SCB-303,Good,-0.4599999999999991,10.994285714285716,0.1551190019368957,10.74,11.2,0.4599999999999991,95.4,Normal,0,Monday,May,0.29,100.0,Normal,Healthy,Normal Operation,Continue Stream Monitoring,No Alert
2026-05-19,10.11,SCB-303,Good,-0.6300000000000008,10.888571428571428,0.3713232451395246,10.11,11.2,1.09,93.7,Normal,0,Tuesday,May,0.27,100.0,Normal,Healthy,Normal Operation,Continue Stream Monitoring,No Alert
2026-05-20,10.15,SCB-303,Good,0.0400000000000009,10.767142857142858,0.4577377082170593,10.11,11.2,1.09,99.6,Normal,0,Wednesday,May,0.31,100.0,Normal,Healthy,Normal Operation,Continue Stream Monitoring,No Alert
2026-05-21,11.3,SCB-303,Good,1.1500000000000004,10.81,0.495647724363446,10.11,11.3,1.1900000000000013,88.5,Normal,0,Thursday,May,0.34,90.8,Normal,Healthy,Normal Operation,Continue Stream Monitoring,No Alert
2026-05-22,11.59,SCB-303,Good,0.2899999999999991,10.881428571428572,0.5727544142541495,10.11,11.59,1.4800000000000004,97.1,High,0,Friday,May,0.25,75.0,Warning,Excessive Caustic Feed,Over-dosing Caustic Buffer,Calibrate Caustic Dosing Pump Feedback Controller,Alkaline Scrubber High pH
2026-05-23,10.41,SCB-303,Good,-1.1799999999999995,10.785714285714286,0.5897699309294834,10.11,11.59,1.4800000000000004,88.2,Normal,0,Saturday,May,0.19,90.6,Normal,Healthy,Normal Operation,Continue Stream Monitoring,No Alert
2026-05-24,8.09,SCB-303,Good,-2.3200000000000003,10.34142857142857,1.1402109245139491,8.09,11.59,3.5,76.8,Low,0,Sunday,May,0.35,46.4,Warning,Low Alkali Dosing,Insufficient Caustic Injection Flow Rate,Increase Caustic Dosing Pump Output,Alkaline Scrubber Low pH
2026-05-25,9.06,SCB-303,Good,0.9700000000000006,10.101428571428572,1.2165857768283168,8.09,11.59,3.5,90.3,Low,0,Monday,May,0.36,65.0,Warning,Low Alkali Dosing,Insufficient Caustic Injection Flow Rate,Increase Caustic Dosing Pump Output,Alkaline Scrubber Low pH
2026-05-26,8.49,SCB-303,Good,-0.5700000000000003,9.87,1.360281833542842,8.09,11.59,3.5,94.3,Low,0,Tuesday,May,0.3,65.0,Warning,Low Alkali Dosing,Insufficient Caustic Injection Flow Rate,Increase Caustic Dosing Pump Output,Alkaline Scrubber Low pH
2026-05-27,7.33,SCB-303,Good,-1.16,9.46714285714286,1.6502193216429826,7.33,11.59,4.26,88.4,Low,0,Wednesday,May,0.41,55.7,Warning,Low Alkali Dosing,Insufficient Caustic Injection Flow Rate,Increase Caustic Dosing Pump Output,Alkaline Scrubber Low pH
2026-05-28,8.53,SCB-303,Good,1.1999999999999993,9.071428571428571,1.458428704364498,7.33,11.59,4.26,88.0,Low,0,Thursday,May,2.01,55.4,Warning,Low Alkali Dosing,Insufficient Caustic Injection Flow Rate,Increase Caustic Dosing Pump Output,Alkaline Scrubber Low pH
2026-05-29,11.0,SCB-303,Good,2.4700000000000006,8.987142857142858,1.2966972698065775,7.33,11.0,3.67,75.3,Normal,0,Friday,May,0.31,80.2,Normal,Healthy,Normal Operation,Continue Stream Monitoring,No Alert
2026-05-30,11.35,SCB-303,Good,0.3499999999999996,9.12142857142857,1.5011598690282704,7.33,11.35,4.02,96.5,Normal,0,Saturday,May,0.3,100.0,Normal,Healthy,Normal Operation,Continue Stream Monitoring,No Alert
2026-05-31,10.8,SCB-303,Good,-0.5499999999999989,9.508571428571427,1.5397773493964322,7.33,11.35,4.02,94.5,Normal,0,Sunday,May,0.29,100.0,Normal,Healthy,Normal Operation,Continue Stream Monitoring,No Alert
2026-06-01,10.51,SCB-303,Good,-0.2900000000000009,9.715714285714286,1.5666722390985035,7.33,11.35,4.02,97.1,Normal,0,Monday,June,0.29,100.0,Normal,Healthy,Normal Operation,Continue Stream Monitoring,No Alert
2026-06-02,10.87,SCB-303,Good,0.3599999999999994,10.055714285714286,1.5136914826879069,7.33,11.35,4.02,96.4,Normal,0,Tuesday,June,0.3,100.0,Normal,Healthy,Normal Operation,Continue Stream Monitoring,No Alert
2026-06-03,10.73,SCB-303,Good,-0.1399999999999988,10.54142857142857,0.923876408968008,8.53,11.35,2.8200000000000003,98.6,Normal,0,Wednesday,June,0.27,100.0,Normal,Healthy,Normal Operation,Continue Stream Monitoring,No Alert
2026-06-04,10.56,SCB-303,Good,-0.1699999999999999,10.831428571428573,0.2849227129959113,10.51,11.35,0.8399999999999999,98.3,Normal,0,Thursday,June,0.24,100.0,Normal,Healthy,Normal Operation,Continue Stream Monitoring,No Alert
2026-06-05,10.38,SCB-303,Good,-0.1799999999999997,10.742857142857144,0.3182092752531616,10.38,11.35,0.9699999999999988,98.2,Normal,0,Friday,June,0.24,100.0,Normal,Healthy,Normal Operation,Continue Stream Monitoring,No Alert
2026-06-06,10.31,SCB-303,Good,-0.0700000000000002,10.594285714285716,0.2128267795537969,10.31,10.87,0.5599999999999987,99.3,Normal,0,Saturday,June,0.2333333333333333,100.0,Normal,Healthy,Normal Operation,Continue Stream Monitoring,No Alert
2026-06-07,10.34,SCB-303,Good,0.0299999999999993,10.528571428571428,0.2097163617387924,10.31,10.87,0.5599999999999987,99.7,Normal,0,Sunday,June,0.2266666666666666,100.0,Normal,Healthy,Normal Operation,Continue Stream Monitoring,No Alert
2026-06-08,10.39,SCB-303,Good,0.0500000000000007,10.51142857142857,0.2162890482224108,10.31,10.87,0.5599999999999987,99.5,Normal,0,Monday,June,0.22,100.0,Normal,Healthy,Normal Operation,Continue Stream Monitoring,No Alert
2026-06-09,10.46,SCB-303,Good,0.0700000000000002,10.452857142857145,0.1476159753904753,10.31,10.73,0.4199999999999999,99.3,Normal,0,Tuesday,June,0.32,100.0,Normal,Healthy,Normal Operation,Continue Stream Monitoring,No Alert
2026-06-10,10.64,SCB-303,Good,0.1799999999999997,10.44,0.1209683154108497,10.31,10.64,0.33,98.2,Normal,0,Wednesday,June,0.31,100.0,Normal,Healthy,Normal Operation,Continue Stream Monitoring,No Alert
2026-06-11,10.71,SCB-303,Good,0.0700000000000002,10.461428571428572,0.1544267433044686,10.31,10.71,0.4000000000000003,99.3,Normal,0,Thursday,June,0.32,100.0,Normal,Healthy,Normal Operation,Continue Stream Monitoring,No Alert
2026-06-12,10.94,SCB-303,Good,0.2299999999999986,10.541428571428572,0.2311874110924356,10.31,10.94,0.629999999999999,97.70000000000002,Normal,0,Friday,June,0.36,100.0,Normal,Healthy,Normal Operation,Continue Stream Monitoring,No Alert
2026-06-13,11.14,SCB-303,Good,0.200000000000001,10.66,0.2963668897386062,10.34,11.14,0.8000000000000007,98.0,Normal,0,Saturday,June,0.29,100.0,Normal,Healthy,Normal Operation,Continue Stream Monitoring,No Alert
2026-06-14,10.86,SCB-303,Good,-0.2800000000000011,10.734285714285717,0.2664493161845956,10.39,11.14,0.75,97.2,Normal,0,Sunday,June,0.29,100.0,Normal,Healthy,Normal Operation,Continue Stream Monitoring,No Alert
2026-06-15,10.48,SCB-303,Good,-0.379999999999999,10.747142857142858,0.2486439412569906,10.46,11.14,0.6799999999999997,96.20000000000002,Normal,0,Monday,June,0.31,100.0,Normal,Healthy,Normal Operation,Continue Stream Monitoring,No Alert
2026-06-16,10.36,SCB-303,Good,-0.120000000000001,10.732857142857144,0.2698588696407997,10.36,11.14,0.7800000000000011,98.79999999999998,Normal,0,Tuesday,June,0.24,100.0,Normal,Healthy,Normal Operation,Continue Stream Monitoring,No Alert
2026-06-17,10.29,SCB-303,Good,-0.0700000000000002,10.682857142857143,0.3180521071414938,10.29,11.14,0.8500000000000014,99.3,Normal,0,Wednesday,June,0.21,100.0,Normal,Healthy,Normal Operation,Continue Stream Monitoring,No Alert
2026-06-18,10.64,SCB-303,Good,0.3500000000000014,10.672857142857142,0.3181568945093145,10.29,11.14,0.8500000000000014,96.5,Normal,0,Thursday,June,0.36,100.0,Normal,Healthy,Normal Operation,Continue Stream Monitoring,No Alert
2026-06-19,10.83,SCB-303,Good,0.1899999999999995,10.657142857142857,0.3052165507588746,10.29,11.14,0.8500000000000014,98.1,Normal,0,Friday,June,0.26,100.0,Normal,Healthy,Normal Operation,Continue Stream Monitoring,No Alert
2026-06-20,10.68,SCB-303,Good,-0.1500000000000003,10.59142857142857,0.2221432399323054,10.29,10.86,0.5700000000000003,98.5,Normal,0,Saturday,June,0.24,100.0,Normal,Healthy,Normal Operation,Continue Stream Monitoring,No Alert
2026-06-21,10.49,SCB-303,Good,-0.1899999999999995,10.538571428571428,0.189158537689833,10.29,10.83,0.5400000000000009,98.1,Normal,0,Sunday,June,0.3,100.0,Normal,Healthy,Normal Operation,Continue Stream Monitoring,No Alert
2026-06-22,10.74,SCB-303,Good,0.25,10.575714285714286,0.2009027246253962,10.29,10.83,0.5400000000000009,97.5,Normal,0,Monday,June,0.28,100.0,Normal,Healthy,Normal Operation,Continue Stream Monitoring,No Alert
2026-06-23,10.83,SCB-303,Good,0.0899999999999998,10.642857142857142,0.1952531933767318,10.29,10.83,0.5400000000000009,99.1,Normal,0,Tuesday,June,0.37,100.0,Normal,Healthy,Normal Operation,Continue Stream Monitoring,No Alert
2026-06-24,10.76,SCB-303,Good,-0.0700000000000002,10.71,0.1200000000000028,10.49,10.83,0.3399999999999998,99.3,Normal,0,Wednesday,June,0.27,100.0,Normal,Healthy,Normal Operation,Continue Stream Monitoring,No Alert
2026-06-25,11.2,SCB-303,Good,0.4399999999999995,10.79,0.2147867159144913,10.49,11.2,0.7099999999999991,95.6,Normal,0,Thursday,June,0.33,100.0,Normal,Healthy,Normal Operation,Continue Stream Monitoring,No Alert
2026-06-26,11.38,SCB-303,Good,0.1800000000000015,10.86857142857143,0.3109356080942648,10.49,11.38,0.8900000000000006,98.2,Normal,0,Friday,June,0.24,100.0,Normal,Healthy,Normal Operation,Continue Stream Monitoring,No Alert
2026-06-27,11.16,SCB-303,Good,-0.2200000000000006,10.937142857142858,0.3153154127596784,10.49,11.38,0.8900000000000006,97.8,Normal,0,Saturday,June,0.34,100.0,Normal,Healthy,Normal Operation,Continue Stream Monitoring,No Alert
2026-06-28,11.08,SCB-303,Good,-0.08,11.021428571428572,0.2474152091409932,10.74,11.38,0.6400000000000006,99.2,Normal,0,Sunday,June,0.24,100.0,Normal,Healthy,Normal Operation,Continue Stream Monitoring,No Alert
2026-06-29,11.02,SCB-303,Good,-0.0600000000000005,11.06142857142857,0.2148199689219189,10.76,11.38,0.620000000000001,99.4,Normal,0,Monday,June,0.44,100.0,Normal,Healthy,Normal Operation,Continue Stream Monitoring,No Alert
2026-06-30,10.55,SCB-303,Good,-0.4699999999999988,11.02142857142857,0.28097618946739,10.55,11.38,0.8300000000000001,95.3,Normal,0,Tuesday,June,0.47,100.0,Normal,Healthy,Normal Operation,Continue Stream Monitoring,No Alert
2026-01-01,0.95,SCB-304,Good,0.0,0.95,0.0,0.95,0.95,0.0,100.0,Low,0,Thursday,January,0.45,65.0,Warning,Low Alkali Dosing,Insufficient Caustic Injection Flow Rate,Increase Caustic Dosing Pump Output,Alkaline Scrubber Low pH
2026-01-02,0.95,SCB-304,Good,0.0,0.95,0.0,0.95,0.95,0.0,100.0,Low,0,Friday,January,0.45,65.0,Warning,Low Alkali Dosing,Insufficient Caustic Injection Flow Rate,Increase Caustic Dosing Pump Output,Alkaline Scrubber Low pH
2026-01-03,0.95,SCB-304,Good,0.0,0.95,0.0,0.95,0.95,0.0,100.0,Low,0,Saturday,January,0.47,65.0,Warning,Low Alkali Dosing,Insufficient Caustic Injection Flow Rate,Increase Caustic Dosing Pump Output,Alkaline Scrubber Low pH
2026-01-04,0.95,SCB-304,Good,0.0,0.95,0.0,0.95,0.95,0.0,100.0,Low,0,Sunday,January,0.51,65.0,Warning,Low Alkali Dosing,Insufficient Caustic Injection Flow Rate,Increase Caustic Dosing Pump Output,Alkaline Scrubber Low pH
2026-01-05,0.95,SCB-304,Good,0.0,0.95,0.0,0.95,0.95,0.0,100.0,Low,0,Monday,January,0.41,65.0,Warning,Low Alkali Dosing,Insufficient Caustic Injection Flow Rate,Increase Caustic Dosing Pump Output,Alkaline Scrubber Low pH
2026-01-06,0.95,SCB-304,Interpolated,0.0,0.95,0.0,0.95,0.95,0.0,100.0,Low,0,Tuesday,January,0.41,65.0,Warning,Low Alkali Dosing,Insufficient Caustic Injection Flow Rate,Increase Caustic Dosing Pump Output,Alkaline Scrubber Low pH
2026-01-07,0.95,SCB-304,Interpolated,0.0,0.95,0.0,0.95,0.95,0.0,100.0,Low,0,Wednesday,January,0.52,65.0,Warning,Low Alkali Dosing,Insufficient Caustic Injection Flow Rate,Increase Caustic Dosing Pump Output,Alkaline Scrubber Low pH
2026-01-08,0.95,SCB-304,Interpolated,0.0,0.95,0.0,0.95,0.95,0.0,100.0,Low,0,Thursday,January,0.54,65.0,Warning,Low Alkali Dosing,Insufficient Caustic Injection Flow Rate,Increase Caustic Dosing Pump Output,Alkaline Scrubber Low pH
2026-01-09,0.95,SCB-304,Good,0.0,0.95,0.0,0.95,0.95,0.0,100.0,Low,0,Friday,January,0.48,65.0,Warning,Low Alkali Dosing,Insufficient Caustic Injection Flow Rate,Increase Caustic Dosing Pump Output,Alkaline Scrubber Low pH
2026-01-10,0.95,SCB-304,Good,0.0,0.95,0.0,0.95,0.95,0.0,100.0,Low,0,Saturday,January,0.53,65.0,Warning,Low Alkali Dosing,Insufficient Caustic Injection Flow Rate,Increase Caustic Dosing Pump Output,Alkaline Scrubber Low pH
2026-01-11,0.95,SCB-304,Good,0.0,0.95,0.0,0.95,0.95,0.0,100.0,Low,0,Sunday,January,0.51,65.0,Warning,Low Alkali Dosing,Insufficient Caustic Injection Flow Rate,Increase Caustic Dosing Pump Output,Alkaline Scrubber Low pH
2026-01-12,5.23,SCB-304,Good,4.28,1.5614285714285714,1.6176879444794927,0.95,5.23,4.28,57.2,Low,0,Monday,January,0.52,30.8,Warning,Low Alkali Dosing,Insufficient Caustic Injection Flow Rate,Increase Caustic Dosing Pump Output,Alkaline Scrubber Low pH
2026-01-13,9.5,SCB-304,Good,4.27,2.782857142857143,3.3641577167037133,0.95,9.5,8.55,57.3,Normal,0,Tuesday,January,0.54,65.8,Normal,Healthy,Normal Operation,Continue Stream Monitoring,No Alert
2026-01-14,9.5,SCB-304,Good,0.0,4.004285714285714,4.066586845430523,0.95,9.5,8.55,100.0,Normal,0,Wednesday,January,0.57,100.0,Normal,Healthy,Normal Operation,Continue Stream Monitoring,No Alert
2026-01-15,9.5,SCB-304,Good,0.0,5.225714285714285,4.275000417710924,0.95,9.5,8.55,100.0,Normal,0,Thursday,January,0.51,100.0,Normal,Healthy,Normal Operation,Continue Stream Monitoring,No Alert
2026-01-16,9.5,SCB-304,Good,0.0,6.4471428571428575,4.066086219309318,0.95,9.5,8.55,100.0,Normal,0,Friday,January,0.49,100.0,Normal,Healthy,Normal Operation,Continue Stream Monitoring,No Alert
2026-01-17,9.5,SCB-304,Good,0.0,7.668571428571428,3.362947261809837,0.95,9.5,8.55,100.0,Normal,0,Saturday,January,0.54,100.0,Normal,Healthy,Normal Operation,Continue Stream Monitoring,No Alert
2026-01-18,9.5,SCB-304,Good,0.0,8.889999999999999,1.613908299749401,5.23,9.5,4.27,100.0,Normal,0,Sunday,January,0.46,100.0,Normal,Healthy,Normal Operation,Continue Stream Monitoring,No Alert
2026-01-19,9.5,SCB-304,Good,0.0,9.5,0.0,9.5,9.5,0.0,100.0,Normal,0,Monday,January,0.34,100.0,Normal,Healthy,Normal Operation,Continue Stream Monitoring,No Alert
2026-01-20,9.5,SCB-304,Good,0.0,9.5,0.0,9.5,9.5,0.0,100.0,Normal,0,Tuesday,January,0.53,100.0,Normal,Healthy,Normal Operation,Continue Stream Monitoring,No Alert
2026-01-21,9.5,SCB-304,Good,0.0,9.5,0.0,9.5,9.5,0.0,100.0,Normal,0,Wednesday,January,0.44,100.0,Normal,Healthy,Normal Operation,Continue Stream Monitoring,No Alert
2026-01-22,9.5,SCB-304,Good,0.0,9.5,0.0,9.5,9.5,0.0,100.0,Normal,0,Thursday,January,0.46,100.0,Normal,Healthy,Normal Operation,Continue Stream Monitoring,No Alert
2026-01-23,9.5,SCB-304,Good,0.0,9.5,0.0,9.5,9.5,0.0,100.0,Normal,0,Friday,January,0.36,100.0,Normal,Healthy,Normal Operation,Continue Stream Monitoring,No Alert
2026-01-24,9.5,SCB-304,Good,0.0,9.5,0.0,9.5,9.5,0.0,100.0,Normal,0,Saturday,January,0.37,100.0,Normal,Healthy,Normal Operation,Continue Stream Monitoring,No Alert
2026-01-25,9.5,SCB-304,Interpolated,0.0,9.5,0.0,9.5,9.5,0.0,100.0,Normal,0,Sunday,January,0.54,100.0,Normal,Healthy,Normal Operation,Continue Stream Monitoring,No Alert
2026-01-26,9.5,SCB-304,Interpolated,0.0,9.5,0.0,9.5,9.5,0.0,100.0,Normal,0,Monday,January,0.41,100.0,Normal,Healthy,Normal Operation,Continue Stream Monitoring,No Alert
2026-01-27,9.5,SCB-304,Interpolated,0.0,9.5,0.0,9.5,9.5,0.0,100.0,Normal,0,Tuesday,January,0.42,100.0,Normal,Healthy,Normal Operation,Continue Stream Monitoring,No Alert
2026-01-28,,SCB-304,Offline,0.0,9.5,0.0,9.5,9.5,0.0,100.0,Offline,0,Wednesday,January,0.425,0.0,Critical,Scrubber Telemetry Offline,CEMS Sensor Communication Failure,Inspect Modbus Transmitters and Field PLC Cabinets,Sensor Connection Error
2026-01-29,9.5,SCB-304,Good,0.0,9.5,0.0,9.5,9.5,0.0,100.0,Normal,0,Thursday,January,0.43,100.0,Normal,Healthy,Normal Operation,Continue Stream Monitoring,No Alert
2026-01-30,9.5,SCB-304,Good,0.0,9.5,0.0,9.5,9.5,0.0,100.0,Normal,0,Friday,January,0.435,100.0,Normal,Healthy,Normal Operation,Continue Stream Monitoring,No Alert
2026-01-31,9.5,SCB-304,Good,0.0,9.5,0.0,9.5,9.5,0.0,100.0,Normal,0,Saturday,January,0.0,100.0,Normal,Healthy,Normal Operation,Continue Stream Monitoring,No Alert
2026-02-01,9.5,SCB-304,Good,0.0,9.5,0.0,9.5,9.5,0.0,100.0,Normal,0,Sunday,February,0.0,100.0,Normal,Healthy,Normal Operation,Continue Stream Monitoring,No Alert
2026-02-02,9.5,SCB-304,Good,0.0,9.5,0.0,9.5,9.5,0.0,100.0,Normal,0,Monday,February,0.45,100.0,Normal,Healthy,Normal Operation,Continue Stream Monitoring,No Alert
2026-02-03,9.5,SCB-304,Good,0.0,9.5,0.0,9.5,9.5,0.0,100.0,Normal,0,Tuesday,February,0.23,100.0,Normal,Healthy,Normal Operation,Continue Stream Monitoring,No Alert
2026-02-04,9.5,SCB-304,Good,0.0,9.5,0.0,9.5,9.5,0.0,100.0,Normal,0,Wednesday,February,0.25,100.0,Normal,Healthy,Normal Operation,Continue Stream Monitoring,No Alert
2026-02-05,9.5,SCB-304,Good,0.0,9.5,0.0,9.5,9.5,0.0,100.0,Normal,0,Thursday,February,0.2,100.0,Normal,Healthy,Normal Operation,Continue Stream Monitoring,No Alert
2026-02-06,9.5,SCB-304,Good,0.0,9.5,0.0,9.5,9.5,0.0,100.0,Normal,0,Friday,February,0.24,100.0,Normal,Healthy,Normal Operation,Continue Stream Monitoring,No Alert
2026-02-07,9.5,SCB-304,Good,0.0,9.5,0.0,9.5,9.5,0.0,100.0,Normal,0,Saturday,February,0.2,100.0,Normal,Healthy,Normal Operation,Continue Stream Monitoring,No Alert
2026-02-08,9.5,SCB-304,Good,0.0,9.5,0.0,9.5,9.5,0.0,100.0,Normal,0,Sunday,February,0.27,100.0,Normal,Healthy,Normal Operation,Continue Stream Monitoring,No Alert
2026-02-09,9.5,SCB-304,Good,0.0,9.5,0.0,9.5,9.5,0.0,100.0,Normal,0,Monday,February,0.28,100.0,Normal,Healthy,Normal Operation,Continue Stream Monitoring,No Alert
2026-02-10,9.5,SCB-304,Good,0.0,9.5,0.0,9.5,9.5,0.0,100.0,Normal,0,Tuesday,February,0.27,100.0,Normal,Healthy,Normal Operation,Continue Stream Monitoring,No Alert
2026-02-11,9.5,SCB-304,Good,0.0,9.5,0.0,9.5,9.5,0.0,100.0,Normal,0,Wednesday,February,0.14,100.0,Normal,Healthy,Normal Operation,Continue Stream Monitoring,No Alert
2026-02-12,9.5,SCB-304,Good,0.0,9.5,0.0,9.5,9.5,0.0,100.0,Normal,0,Thursday,February,0.26,100.0,Normal,Healthy,Normal Operation,Continue Stream Monitoring,No Alert
2026-02-13,9.5,SCB-304,Good,0.0,9.5,0.0,9.5,9.5,0.0,100.0,Normal,0,Friday,February,0.29,100.0,Normal,Healthy,Normal Operation,Continue Stream Monitoring,No Alert
2026-02-14,9.5,SCB-304,Good,0.0,9.5,0.0,9.5,9.5,0.0,100.0,Normal,0,Saturday,February,0.17,100.0,Normal,Healthy,Normal Operation,Continue Stream Monitoring,No Alert
2026-02-15,9.5,SCB-304,Good,0.0,9.5,0.0,9.5,9.5,0.0,100.0,Normal,0,Sunday,February,0.29,100.0,Normal,Healthy,Normal Operation,Continue Stream Monitoring,No Alert
2026-02-16,9.5,SCB-304,Good,0.0,9.5,0.0,9.5,9.5,0.0,100.0,Normal,0,Monday,February,0.19,100.0,Normal,Healthy,Normal Operation,Continue Stream Monitoring,No Alert
2026-02-17,9.5,SCB-304,Good,0.0,9.5,0.0,9.5,9.5,0.0,100.0,Normal,0,Tuesday,February,0.19,100.0,Normal,Healthy,Normal Operation,Continue Stream Monitoring,No Alert
2026-02-18,9.5,SCB-304,Good,0.0,9.5,0.0,9.5,9.5,0.0,100.0,Normal,0,Wednesday,February,0.22,100.0,Normal,Healthy,Normal Operation,Continue Stream Monitoring,No Alert
2026-02-19,9.5,SCB-304,Good,0.0,9.5,0.0,9.5,9.5,0.0,100.0,Normal,0,Thursday,February,0.25,100.0,Normal,Healthy,Normal Operation,Continue Stream Monitoring,No Alert
2026-02-20,9.5,SCB-304,Good,0.0,9.5,0.0,9.5,9.5,0.0,100.0,Normal,0,Friday,February,0.25,100.0,Normal,Healthy,Normal Operation,Continue Stream Monitoring,No Alert
2026-02-21,9.5,SCB-304,Good,0.0,9.5,0.0,9.5,9.5,0.0,100.0,Normal,0,Saturday,February,0.24,100.0,Normal,Healthy,Normal Operation,Continue Stream Monitoring,No Alert
2026-02-22,9.5,SCB-304,Good,0.0,9.5,0.0,9.5,9.5,0.0,100.0,Normal,0,Sunday,February,0.24,100.0,Normal,Healthy,Normal Operation,Continue Stream Monitoring,No Alert
2026-02-23,9.5,SCB-304,Good,0.0,9.5,0.0,9.5,9.5,0.0,100.0,Normal,0,Monday,February,0.34,100.0,Normal,Healthy,Normal Operation,Continue Stream Monitoring,No Alert
2026-02-24,9.5,SCB-304,Good,0.0,9.5,0.0,9.5,9.5,0.0,100.0,Normal,0,Tuesday,February,0.21,100.0,Normal,Healthy,Normal Operation,Continue Stream Monitoring,No Alert
2026-02-25,9.5,SCB-304,Good,0.0,9.5,0.0,9.5,9.5,0.0,100.0,Normal,0,Wednesday,February,0.22,100.0,Normal,Healthy,Normal Operation,Continue Stream Monitoring,No Alert
2026-02-26,9.5,SCB-304,Good,0.0,9.5,0.0,9.5,9.5,0.0,100.0,Normal,0,Thursday,February,0.23,100.0,Normal,Healthy,Normal Operation,Continue Stream Monitoring,No Alert
2026-02-27,9.5,SCB-304,Good,0.0,9.5,0.0,9.5,9.5,0.0,100.0,Normal,0,Friday,February,0.23,100.0,Normal,Healthy,Normal Operation,Continue Stream Monitoring,No Alert
2026-02-28,9.5,SCB-304,Good,0.0,9.5,0.0,9.5,9.5,0.0,100.0,Normal,0,Saturday,February,0.23,100.0,Normal,Healthy,Normal Operation,Continue Stream Monitoring,No Alert
2026-03-01,9.5,SCB-304,Good,0.0,9.5,0.0,9.5,9.5,0.0,100.0,Normal,0,Sunday,March,0.24,100.0,Normal,Healthy,Normal Operation,Continue Stream Monitoring,No Alert
2026-03-02,9.5,SCB-304,Good,0.0,9.5,0.0,9.5,9.5,0.0,100.0,Normal,0,Monday,March,0.3,100.0,Normal,Healthy,Normal Operation,Continue Stream Monitoring,No Alert
2026-03-03,9.5,SCB-304,Good,0.0,9.5,0.0,9.5,9.5,0.0,100.0,Normal,0,Tuesday,March,0.26,100.0,Normal,Healthy,Normal Operation,Continue Stream Monitoring,No Alert
2026-03-04,9.5,SCB-304,Good,0.0,9.5,0.0,9.5,9.5,0.0,100.0,Normal,0,Wednesday,March,0.18,100.0,Normal,Healthy,Normal Operation,Continue Stream Monitoring,No Alert
2026-03-05,9.5,SCB-304,Good,0.0,9.5,0.0,9.5,9.5,0.0,100.0,Normal,0,Thursday,March,0.22,100.0,Normal,Healthy,Normal Operation,Continue Stream Monitoring,No Alert
2026-03-06,9.5,SCB-304,Good,0.0,9.5,0.0,9.5,9.5,0.0,100.0,Normal,0,Friday,March,0.25,100.0,Normal,Healthy,Normal Operation,Continue Stream Monitoring,No Alert
2026-03-07,9.5,SCB-304,Good,0.0,9.5,0.0,9.5,9.5,0.0,100.0,Normal,0,Saturday,March,0.2,100.0,Normal,Healthy,Normal Operation,Continue Stream Monitoring,No Alert
2026-03-08,9.5,SCB-304,Good,0.0,9.5,0.0,9.5,9.5,0.0,100.0,Normal,0,Sunday,March,0.22,100.0,Normal,Healthy,Normal Operation,Continue Stream Monitoring,No Alert
2026-03-09,9.5,SCB-304,Good,0.0,9.5,0.0,9.5,9.5,0.0,100.0,Normal,0,Monday,March,0.2,100.0,Normal,Healthy,Normal Operation,Continue Stream Monitoring,No Alert
2026-03-10,9.5,SCB-304,Good,0.0,9.5,0.0,9.5,9.5,0.0,100.0,Normal,0,Tuesday,March,0.19,100.0,Normal,Healthy,Normal Operation,Continue Stream Monitoring,No Alert
2026-03-11,9.51,SCB-304,Good,0.0099999999999997,9.501428571428573,0.0037796447300923,9.5,9.51,0.0099999999999997,99.9,Normal,0,Wednesday,March,0.24,100.0,Normal,Healthy,Normal Operation,Continue Stream Monitoring,No Alert
2026-03-12,9.51,SCB-304,Good,0.0,9.502857142857142,0.004879500364743,9.5,9.51,0.0099999999999997,100.0,Normal,0,Thursday,March,0.25,100.0,Normal,Healthy,Normal Operation,Continue Stream Monitoring,No Alert
2026-03-13,9.51,SCB-304,Good,0.0,9.504285714285714,0.0053452248382491,9.5,9.51,0.0099999999999997,100.0,Normal,0,Friday,March,0.22,100.0,Normal,Healthy,Normal Operation,Continue Stream Monitoring,No Alert
2026-03-14,9.51,SCB-304,Good,0.0,9.505714285714284,0.0053452248382494,9.5,9.51,0.0099999999999997,100.0,Normal,0,Saturday,March,0.13,100.0,Normal,Healthy,Normal Operation,Continue Stream Monitoring,No Alert
2026-03-15,9.51,SCB-304,Good,0.0,9.507142857142856,0.0048795003647438,9.5,9.51,0.0099999999999997,100.0,Normal,0,Sunday,March,0.15,100.0,Normal,Healthy,Normal Operation,Continue Stream Monitoring,No Alert
2026-03-16,9.51,SCB-304,Good,0.0,9.508571428571427,0.003779644730094,9.5,9.51,0.0099999999999997,100.0,Normal,0,Monday,March,0.14,100.0,Normal,Healthy,Normal Operation,Continue Stream Monitoring,No Alert
2026-03-17,9.51,SCB-304,Good,0.0,9.51,3.6403451490359093e-09,9.51,9.51,0.0,100.0,Normal,0,Tuesday,March,0.19,100.0,Normal,Healthy,Normal Operation,Continue Stream Monitoring,No Alert
2026-03-18,9.51,SCB-304,Good,0.0,9.51,3.6403451490359093e-09,9.51,9.51,0.0,100.0,Normal,0,Wednesday,March,0.12,100.0,Normal,Healthy,Normal Operation,Continue Stream Monitoring,No Alert
2026-03-19,9.51,SCB-304,Good,0.0,9.51,3.6403451490359093e-09,9.51,9.51,0.0,100.0,Normal,0,Thursday,March,0.19,100.0,Normal,Healthy,Normal Operation,Continue Stream Monitoring,No Alert
2026-03-20,9.51,SCB-304,Good,0.0,9.51,3.6403451490359093e-09,9.51,9.51,0.0,100.0,Normal,0,Friday,March,0.21,100.0,Normal,Healthy,Normal Operation,Continue Stream Monitoring,No Alert
2026-03-21,9.51,SCB-304,Good,0.0,9.51,3.6403451490359093e-09,9.51,9.51,0.0,100.0,Normal,0,Saturday,March,0.25,100.0,Normal,Healthy,Normal Operation,Continue Stream Monitoring,No Alert
2026-03-22,9.51,SCB-304,Good,0.0,9.51,3.6403451490359093e-09,9.51,9.51,0.0,100.0,Normal,0,Sunday,March,0.3,100.0,Normal,Healthy,Normal Operation,Continue Stream Monitoring,No Alert
2026-03-23,9.51,SCB-304,Good,0.0,9.51,3.6403451490359093e-09,9.51,9.51,0.0,100.0,Normal,0,Monday,March,0.28,100.0,Normal,Healthy,Normal Operation,Continue Stream Monitoring,No Alert
2026-03-24,9.51,SCB-304,Good,0.0,9.51,3.6403451490359093e-09,9.51,9.51,0.0,100.0,Normal,0,Tuesday,March,0.24,100.0,Normal,Healthy,Normal Operation,Continue Stream Monitoring,No Alert
2026-03-25,9.51,SCB-304,Interpolated,0.0,9.51,3.6403451490359093e-09,9.51,9.51,0.0,100.0,Normal,0,Wednesday,March,0.21,100.0,Normal,Healthy,Normal Operation,Continue Stream Monitoring,No Alert
2026-03-26,9.51,SCB-304,Interpolated,0.0,9.51,3.6403451490359093e-09,9.51,9.51,0.0,100.0,Normal,0,Thursday,March,0.31,100.0,Normal,Healthy,Normal Operation,Continue Stream Monitoring,No Alert
2026-03-27,9.51,SCB-304,Interpolated,0.0,9.51,3.6403451490359093e-09,9.51,9.51,0.0,100.0,Normal,0,Friday,March,0.27,100.0,Normal,Healthy,Normal Operation,Continue Stream Monitoring,No Alert
2026-03-28,9.51,SCB-304,Good,0.0,9.51,3.6403451490359093e-09,9.51,9.51,0.0,100.0,Normal,0,Saturday,March,0.2,100.0,Normal,Healthy,Normal Operation,Continue Stream Monitoring,No Alert
2026-03-29,9.51,SCB-304,Good,0.0,9.51,3.6403451490359093e-09,9.51,9.51,0.0,100.0,Normal,0,Sunday,March,0.25,100.0,Normal,Healthy,Normal Operation,Continue Stream Monitoring,No Alert
2026-03-30,9.51,SCB-304,Good,0.0,9.51,3.6403451490359093e-09,9.51,9.51,0.0,100.0,Normal,0,Monday,March,0.24,100.0,Normal,Healthy,Normal Operation,Continue Stream Monitoring,No Alert
2026-03-31,9.51,SCB-304,Good,0.0,9.51,3.6403451490359093e-09,9.51,9.51,0.0,100.0,Normal,0,Tuesday,March,0.28,100.0,Normal,Healthy,Normal Operation,Continue Stream Monitoring,No Alert
2026-04-01,9.51,SCB-304,Good,0.0,9.51,3.6403451490359093e-09,9.51,9.51,0.0,100.0,Normal,0,Wednesday,April,0.3,100.0,Normal,Healthy,Normal Operation,Continue Stream Monitoring,No Alert
2026-04-02,9.51,SCB-304,Good,0.0,9.51,3.6403451490359093e-09,9.51,9.51,0.0,100.0,Normal,0,Thursday,April,0.32,100.0,Normal,Healthy,Normal Operation,Continue Stream Monitoring,No Alert
2026-04-03,9.51,SCB-304,Good,0.0,9.51,3.6403451490359093e-09,9.51,9.51,0.0,100.0,Normal,0,Friday,April,0.26,100.0,Normal,Healthy,Normal Operation,Continue Stream Monitoring,No Alert
2026-04-04,9.51,SCB-304,Good,0.0,9.51,3.6403451490359093e-09,9.51,9.51,0.0,100.0,Normal,0,Saturday,April,0.27,100.0,Normal,Healthy,Normal Operation,Continue Stream Monitoring,No Alert
2026-04-05,9.51,SCB-304,Good,0.0,9.51,3.6403451490359093e-09,9.51,9.51,0.0,100.0,Normal,0,Sunday,April,0.25,100.0,Normal,Healthy,Normal Operation,Continue Stream Monitoring,No Alert
2026-04-06,9.51,SCB-304,Good,0.0,9.51,3.6403451490359093e-09,9.51,9.51,0.0,100.0,Normal,0,Monday,April,0.34,100.0,Normal,Healthy,Normal Operation,Continue Stream Monitoring,No Alert
2026-04-07,9.51,SCB-304,Good,0.0,9.51,3.6403451490359093e-09,9.51,9.51,0.0,100.0,Normal,0,Tuesday,April,0.34,100.0,Normal,Healthy,Normal Operation,Continue Stream Monitoring,No Alert
2026-04-08,9.51,SCB-304,Good,0.0,9.51,3.6403451490359093e-09,9.51,9.51,0.0,100.0,Normal,0,Wednesday,April,0.27,100.0,Normal,Healthy,Normal Operation,Continue Stream Monitoring,No Alert
2026-04-09,9.51,SCB-304,Good,0.0,9.51,3.6403451490359093e-09,9.51,9.51,0.0,100.0,Normal,0,Thursday,April,0.28,100.0,Normal,Healthy,Normal Operation,Continue Stream Monitoring,No Alert
2026-04-10,9.51,SCB-304,Good,0.0,9.51,3.6403451490359093e-09,9.51,9.51,0.0,100.0,Normal,0,Friday,April,0.33,100.0,Normal,Healthy,Normal Operation,Continue Stream Monitoring,No Alert
2026-04-11,9.51,SCB-304,Good,0.0,9.51,3.6403451490359093e-09,9.51,9.51,0.0,100.0,Normal,0,Saturday,April,0.34,100.0,Normal,Healthy,Normal Operation,Continue Stream Monitoring,No Alert
2026-04-12,9.51,SCB-304,Good,0.0,9.51,3.6403451490359093e-09,9.51,9.51,0.0,100.0,Normal,0,Sunday,April,0.2,100.0,Normal,Healthy,Normal Operation,Continue Stream Monitoring,No Alert
2026-04-13,9.51,SCB-304,Good,0.0,9.51,3.6403451490359093e-09,9.51,9.51,0.0,100.0,Normal,0,Monday,April,0.23,100.0,Normal,Healthy,Normal Operation,Continue Stream Monitoring,No Alert
2026-04-14,9.51,SCB-304,Good,0.0,9.51,3.6403451490359093e-09,9.51,9.51,0.0,100.0,Normal,0,Tuesday,April,0.26,100.0,Normal,Healthy,Normal Operation,Continue Stream Monitoring,No Alert
2026-04-15,9.51,SCB-304,Good,0.0,9.51,3.6403451490359093e-09,9.51,9.51,0.0,100.0,Normal,0,Wednesday,April,0.26,100.0,Normal,Healthy,Normal Operation,Continue Stream Monitoring,No Alert
2026-04-16,9.51,SCB-304,Good,0.0,9.51,3.6403451490359093e-09,9.51,9.51,0.0,100.0,Normal,0,Thursday,April,0.22,100.0,Normal,Healthy,Normal Operation,Continue Stream Monitoring,No Alert
2026-04-17,9.51,SCB-304,Good,0.0,9.51,3.6403451490359093e-09,9.51,9.51,0.0,100.0,Normal,0,Friday,April,0.25,100.0,Normal,Healthy,Normal Operation,Continue Stream Monitoring,No Alert
2026-04-18,9.51,SCB-304,Good,0.0,9.51,3.6403451490359093e-09,9.51,9.51,0.0,100.0,Normal,0,Saturday,April,0.22,100.0,Normal,Healthy,Normal Operation,Continue Stream Monitoring,No Alert
2026-04-19,9.51,SCB-304,Good,0.0,9.51,3.6403451490359093e-09,9.51,9.51,0.0,100.0,Normal,0,Sunday,April,0.28,100.0,Normal,Healthy,Normal Operation,Continue Stream Monitoring,No Alert
2026-04-20,9.51,SCB-304,Good,0.0,9.51,3.6403451490359093e-09,9.51,9.51,0.0,100.0,Normal,0,Monday,April,0.27,100.0,Normal,Healthy,Normal Operation,Continue Stream Monitoring,No Alert
2026-04-21,9.51,SCB-304,Good,0.0,9.51,3.6403451490359093e-09,9.51,9.51,0.0,100.0,Normal,0,Tuesday,April,0.29,100.0,Normal,Healthy,Normal Operation,Continue Stream Monitoring,No Alert
2026-04-22,9.51,SCB-304,Good,0.0,9.51,3.6403451490359093e-09,9.51,9.51,0.0,100.0,Normal,0,Wednesday,April,0.34,100.0,Normal,Healthy,Normal Operation,Continue Stream Monitoring,No Alert
2026-04-23,9.51,SCB-304,Good,0.0,9.51,3.6403451490359093e-09,9.51,9.51,0.0,100.0,Normal,0,Thursday,April,0.38,100.0,Normal,Healthy,Normal Operation,Continue Stream Monitoring,No Alert
2026-04-24,9.51,SCB-304,Good,0.0,9.51,3.6403451490359093e-09,9.51,9.51,0.0,100.0,Normal,0,Friday,April,0.41,100.0,Normal,Healthy,Normal Operation,Continue Stream Monitoring,No Alert
2026-04-25,9.51,SCB-304,Good,0.0,9.51,3.6403451490359093e-09,9.51,9.51,0.0,100.0,Normal,0,Saturday,April,0.6,100.0,Normal,Healthy,Normal Operation,Continue Stream Monitoring,No Alert
2026-04-26,9.51,SCB-304,Good,0.0,9.51,3.6403451490359093e-09,9.51,9.51,0.0,100.0,Normal,0,Sunday,April,0.0,100.0,Normal,Healthy,Normal Operation,Continue Stream Monitoring,No Alert
2026-04-27,9.51,SCB-304,Good,0.0,9.51,3.6403451490359093e-09,9.51,9.51,0.0,100.0,Normal,0,Monday,April,0.51,100.0,Normal,Healthy,Normal Operation,Continue Stream Monitoring,No Alert
2026-04-28,9.51,SCB-304,Good,0.0,9.51,3.6403451490359093e-09,9.51,9.51,0.0,100.0,Normal,0,Tuesday,April,0.34,100.0,Normal,Healthy,Normal Operation,Continue Stream Monitoring,No Alert
2026-04-29,9.51,SCB-304,Good,0.0,9.51,3.6403451490359093e-09,9.51,9.51,0.0,100.0,Normal,0,Wednesday,April,0.41,100.0,Normal,Healthy,Normal Operation,Continue Stream Monitoring,No Alert
2026-04-30,9.51,SCB-304,Good,0.0,9.51,3.6403451490359093e-09,9.51,9.51,0.0,100.0,Normal,0,Thursday,April,0.3,100.0,Normal,Healthy,Normal Operation,Continue Stream Monitoring,No Alert
2026-05-01,9.51,SCB-304,Good,0.0,9.51,3.6403451490359093e-09,9.51,9.51,0.0,100.0,Normal,0,Friday,May,0.35,100.0,Normal,Healthy,Normal Operation,Continue Stream Monitoring,No Alert
2026-05-02,9.51,SCB-304,Good,0.0,9.51,3.6403451490359093e-09,9.51,9.51,0.0,100.0,Normal,0,Saturday,May,0.36,100.0,Normal,Healthy,Normal Operation,Continue Stream Monitoring,No Alert
2026-05-03,9.51,SCB-304,Good,0.0,9.51,3.6403451490359093e-09,9.51,9.51,0.0,100.0,Normal,0,Sunday,May,0.27,100.0,Normal,Healthy,Normal Operation,Continue Stream Monitoring,No Alert
2026-05-04,9.51,SCB-304,Good,0.0,9.51,3.6403451490359093e-09,9.51,9.51,0.0,100.0,Normal,0,Monday,May,0.35,100.0,Normal,Healthy,Normal Operation,Continue Stream Monitoring,No Alert
2026-05-05,9.51,SCB-304,Good,0.0,9.51,3.6403451490359093e-09,9.51,9.51,0.0,100.0,Normal,0,Tuesday,May,0.31,100.0,Normal,Healthy,Normal Operation,Continue Stream Monitoring,No Alert
2026-05-06,9.51,SCB-304,Good,0.0,9.51,3.6403451490359093e-09,9.51,9.51,0.0,100.0,Normal,0,Wednesday,May,0.4,100.0,Normal,Healthy,Normal Operation,Continue Stream Monitoring,No Alert
2026-05-07,9.51,SCB-304,Good,0.0,9.51,3.6403451490359093e-09,9.51,9.51,0.0,100.0,Normal,0,Thursday,May,0.47,100.0,Normal,Healthy,Normal Operation,Continue Stream Monitoring,No Alert
2026-05-08,9.51,SCB-304,Good,0.0,9.51,3.6403451490359093e-09,9.51,9.51,0.0,100.0,Normal,0,Friday,May,0.33,100.0,Normal,Healthy,Normal Operation,Continue Stream Monitoring,No Alert
2026-05-09,9.51,SCB-304,Good,0.0,9.51,3.6403451490359093e-09,9.51,9.51,0.0,100.0,Normal,0,Saturday,May,0.37,100.0,Normal,Healthy,Normal Operation,Continue Stream Monitoring,No Alert
2026-05-10,9.51,SCB-304,Good,0.0,9.51,3.6403451490359093e-09,9.51,9.51,0.0,100.0,Normal,0,Sunday,May,0.39,100.0,Normal,Healthy,Normal Operation,Continue Stream Monitoring,No Alert
2026-05-11,9.51,SCB-304,Good,0.0,9.51,3.6403451490359093e-09,9.51,9.51,0.0,100.0,Normal,0,Monday,May,0.41,100.0,Normal,Healthy,Normal Operation,Continue Stream Monitoring,No Alert
2026-05-12,9.51,SCB-304,Good,0.0,9.51,3.6403451490359093e-09,9.51,9.51,0.0,100.0,Normal,0,Tuesday,May,0.45,100.0,Normal,Healthy,Normal Operation,Continue Stream Monitoring,No Alert
2026-05-13,9.51,SCB-304,Good,0.0,9.51,3.6403451490359093e-09,9.51,9.51,0.0,100.0,Normal,0,Wednesday,May,0.24,100.0,Normal,Healthy,Normal Operation,Continue Stream Monitoring,No Alert
2026-05-14,9.51,SCB-304,Good,0.0,9.51,3.6403451490359093e-09,9.51,9.51,0.0,100.0,Normal,0,Thursday,May,0.32,100.0,Normal,Healthy,Normal Operation,Continue Stream Monitoring,No Alert
2026-05-15,9.51,SCB-304,Good,0.0,9.51,3.6403451490359093e-09,9.51,9.51,0.0,100.0,Normal,0,Friday,May,0.2,100.0,Normal,Healthy,Normal Operation,Continue Stream Monitoring,No Alert
2026-05-16,9.51,SCB-304,Good,0.0,9.51,3.6403451490359093e-09,9.51,9.51,0.0,100.0,Normal,0,Saturday,May,0.29,100.0,Normal,Healthy,Normal Operation,Continue Stream Monitoring,No Alert
2026-05-17,9.51,SCB-304,Good,0.0,9.51,3.6403451490359093e-09,9.51,9.51,0.0,100.0,Normal,0,Sunday,May,0.28,100.0,Normal,Healthy,Normal Operation,Continue Stream Monitoring,No Alert
2026-05-18,9.51,SCB-304,Good,0.0,9.51,3.6403451490359093e-09,9.51,9.51,0.0,100.0,Normal,0,Monday,May,0.29,100.0,Normal,Healthy,Normal Operation,Continue Stream Monitoring,No Alert
2026-05-19,9.51,SCB-304,Good,0.0,9.51,3.6403451490359093e-09,9.51,9.51,0.0,100.0,Normal,0,Tuesday,May,0.27,100.0,Normal,Healthy,Normal Operation,Continue Stream Monitoring,No Alert
2026-05-20,9.51,SCB-304,Good,0.0,9.51,3.6403451490359093e-09,9.51,9.51,0.0,100.0,Normal,0,Wednesday,May,0.31,100.0,Normal,Healthy,Normal Operation,Continue Stream Monitoring,No Alert
2026-05-21,9.51,SCB-304,Good,0.0,9.51,3.6403451490359093e-09,9.51,9.51,0.0,100.0,Normal,0,Thursday,May,0.34,100.0,Normal,Healthy,Normal Operation,Continue Stream Monitoring,No Alert
2026-05-22,9.51,SCB-304,Good,0.0,9.51,3.6403451490359093e-09,9.51,9.51,0.0,100.0,Normal,0,Friday,May,0.25,100.0,Normal,Healthy,Normal Operation,Continue Stream Monitoring,No Alert
2026-05-23,9.51,SCB-304,Good,0.0,9.51,3.6403451490359093e-09,9.51,9.51,0.0,100.0,Normal,0,Saturday,May,0.19,100.0,Normal,Healthy,Normal Operation,Continue Stream Monitoring,No Alert
2026-05-24,9.51,SCB-304,Good,0.0,9.51,3.6403451490359093e-09,9.51,9.51,0.0,100.0,Normal,0,Sunday,May,0.35,100.0,Normal,Healthy,Normal Operation,Continue Stream Monitoring,No Alert
2026-05-25,9.51,SCB-304,Good,0.0,9.51,3.6403451490359093e-09,9.51,9.51,0.0,100.0,Normal,0,Monday,May,0.36,100.0,Normal,Healthy,Normal Operation,Continue Stream Monitoring,No Alert
2026-05-26,9.51,SCB-304,Good,0.0,9.51,3.6403451490359093e-09,9.51,9.51,0.0,100.0,Normal,0,Tuesday,May,0.3,100.0,Normal,Healthy,Normal Operation,Continue Stream Monitoring,No Alert
2026-05-27,9.51,SCB-304,Good,0.0,9.51,3.6403451490359093e-09,9.51,9.51,0.0,100.0,Normal,0,Wednesday,May,0.41,100.0,Normal,Healthy,Normal Operation,Continue Stream Monitoring,No Alert
2026-05-28,9.51,SCB-304,Good,0.0,9.51,3.6403451490359093e-09,9.51,9.51,0.0,100.0,Normal,0,Thursday,May,2.01,100.0,Normal,Healthy,Normal Operation,Continue Stream Monitoring,No Alert
2026-05-29,9.51,SCB-304,Good,0.0,9.51,3.6403451490359093e-09,9.51,9.51,0.0,100.0,Normal,0,Friday,May,0.31,100.0,Normal,Healthy,Normal Operation,Continue Stream Monitoring,No Alert
2026-05-30,9.51,SCB-304,Good,0.0,9.51,3.6403451490359093e-09,9.51,9.51,0.0,100.0,Normal,0,Saturday,May,0.3,100.0,Normal,Healthy,Normal Operation,Continue Stream Monitoring,No Alert
2026-05-31,9.51,SCB-304,Good,0.0,9.51,3.6403451490359093e-09,9.51,9.51,0.0,100.0,Normal,0,Sunday,May,0.29,100.0,Normal,Healthy,Normal Operation,Continue Stream Monitoring,No Alert
2026-06-01,9.51,SCB-304,Good,0.0,9.51,3.6403451490359093e-09,9.51,9.51,0.0,100.0,Normal,0,Monday,June,0.29,100.0,Normal,Healthy,Normal Operation,Continue Stream Monitoring,No Alert
2026-06-02,9.51,SCB-304,Good,0.0,9.51,3.6403451490359093e-09,9.51,9.51,0.0,100.0,Normal,0,Tuesday,June,0.3,100.0,Normal,Healthy,Normal Operation,Continue Stream Monitoring,No Alert
2026-06-03,9.51,SCB-304,Good,0.0,9.51,3.6403451490359093e-09,9.51,9.51,0.0,100.0,Normal,0,Wednesday,June,0.27,100.0,Normal,Healthy,Normal Operation,Continue Stream Monitoring,No Alert
2026-06-04,9.51,SCB-304,Good,0.0,9.51,3.6403451490359093e-09,9.51,9.51,0.0,100.0,Normal,0,Thursday,June,0.24,100.0,Normal,Healthy,Normal Operation,Continue Stream Monitoring,No Alert
2026-06-05,9.51,SCB-304,Good,0.0,9.51,3.6403451490359093e-09,9.51,9.51,0.0,100.0,Normal,0,Friday,June,0.24,100.0,Normal,Healthy,Normal Operation,Continue Stream Monitoring,No Alert
2026-06-06,9.51,SCB-304,Good,0.0,9.51,3.6403451490359093e-09,9.51,9.51,0.0,100.0,Normal,0,Saturday,June,0.2333333333333333,100.0,Normal,Healthy,Normal Operation,Continue Stream Monitoring,No Alert
2026-06-07,9.51,SCB-304,Good,0.0,9.51,3.6403451490359093e-09,9.51,9.51,0.0,100.0,Normal,0,Sunday,June,0.2266666666666666,100.0,Normal,Healthy,Normal Operation,Continue Stream Monitoring,No Alert
2026-06-08,9.51,SCB-304,Good,0.0,9.51,3.6403451490359093e-09,9.51,9.51,0.0,100.0,Normal,0,Monday,June,0.22,100.0,Normal,Healthy,Normal Operation,Continue Stream Monitoring,No Alert
2026-06-09,9.51,SCB-304,Good,0.0,9.51,3.6403451490359093e-09,9.51,9.51,0.0,100.0,Normal,0,Tuesday,June,0.32,100.0,Normal,Healthy,Normal Operation,Continue Stream Monitoring,No Alert
2026-06-10,9.51,SCB-304,Good,0.0,9.51,3.6403451490359093e-09,9.51,9.51,0.0,100.0,Normal,0,Wednesday,June,0.31,100.0,Normal,Healthy,Normal Operation,Continue Stream Monitoring,No Alert
2026-06-11,9.51,SCB-304,Good,0.0,9.51,3.6403451490359093e-09,9.51,9.51,0.0,100.0,Normal,0,Thursday,June,0.32,100.0,Normal,Healthy,Normal Operation,Continue Stream Monitoring,No Alert
2026-06-12,9.51,SCB-304,Good,0.0,9.51,3.6403451490359093e-09,9.51,9.51,0.0,100.0,Normal,0,Friday,June,0.36,100.0,Normal,Healthy,Normal Operation,Continue Stream Monitoring,No Alert
2026-06-13,9.51,SCB-304,Good,0.0,9.51,3.6403451490359093e-09,9.51,9.51,0.0,100.0,Normal,0,Saturday,June,0.29,100.0,Normal,Healthy,Normal Operation,Continue Stream Monitoring,No Alert
2026-06-14,9.51,SCB-304,Good,0.0,9.51,3.6403451490359093e-09,9.51,9.51,0.0,100.0,Normal,0,Sunday,June,0.29,100.0,Normal,Healthy,Normal Operation,Continue Stream Monitoring,No Alert
2026-06-15,9.51,SCB-304,Good,0.0,9.51,3.6403451490359093e-09,9.51,9.51,0.0,100.0,Normal,0,Monday,June,0.31,100.0,Normal,Healthy,Normal Operation,Continue Stream Monitoring,No Alert
2026-06-16,9.51,SCB-304,Good,0.0,9.51,3.6403451490359093e-09,9.51,9.51,0.0,100.0,Normal,0,Tuesday,June,0.24,100.0,Normal,Healthy,Normal Operation,Continue Stream Monitoring,No Alert
2026-06-17,9.51,SCB-304,Good,0.0,9.51,3.6403451490359093e-09,9.51,9.51,0.0,100.0,Normal,0,Wednesday,June,0.21,100.0,Normal,Healthy,Normal Operation,Continue Stream Monitoring,No Alert
2026-06-18,9.51,SCB-304,Good,0.0,9.51,3.6403451490359093e-09,9.51,9.51,0.0,100.0,Normal,0,Thursday,June,0.36,100.0,Normal,Healthy,Normal Operation,Continue Stream Monitoring,No Alert
2026-06-19,9.51,SCB-304,Good,0.0,9.51,3.6403451490359093e-09,9.51,9.51,0.0,100.0,Normal,0,Friday,June,0.26,100.0,Normal,Healthy,Normal Operation,Continue Stream Monitoring,No Alert
2026-06-20,9.51,SCB-304,Good,0.0,9.51,3.6403451490359093e-09,9.51,9.51,0.0,100.0,Normal,0,Saturday,June,0.24,100.0,Normal,Healthy,Normal Operation,Continue Stream Monitoring,No Alert
2026-06-21,9.51,SCB-304,Good,0.0,9.51,3.6403451490359093e-09,9.51,9.51,0.0,100.0,Normal,0,Sunday,June,0.3,100.0,Normal,Healthy,Normal Operation,Continue Stream Monitoring,No Alert
2026-06-22,9.51,SCB-304,Good,0.0,9.51,3.6403451490359093e-09,9.51,9.51,0.0,100.0,Normal,0,Monday,June,0.28,100.0,Normal,Healthy,Normal Operation,Continue Stream Monitoring,No Alert
2026-06-23,9.51,SCB-304,Good,0.0,9.51,3.6403451490359093e-09,9.51,9.51,0.0,100.0,Normal,0,Tuesday,June,0.37,100.0,Normal,Healthy,Normal Operation,Continue Stream Monitoring,No Alert
2026-06-24,9.51,SCB-304,Good,0.0,9.51,3.6403451490359093e-09,9.51,9.51,0.0,100.0,Normal,0,Wednesday,June,0.27,100.0,Normal,Healthy,Normal Operation,Continue Stream Monitoring,No Alert
2026-06-25,9.51,SCB-304,Good,0.0,9.51,3.6403451490359093e-09,9.51,9.51,0.0,100.0,Normal,0,Thursday,June,0.33,100.0,Normal,Healthy,Normal Operation,Continue Stream Monitoring,No Alert
2026-06-26,9.51,SCB-304,Good,0.0,9.51,3.6403451490359093e-09,9.51,9.51,0.0,100.0,Normal,0,Friday,June,0.24,100.0,Normal,Healthy,Normal Operation,Continue Stream Monitoring,No Alert
2026-06-27,9.51,SCB-304,Good,0.0,9.51,3.6403451490359093e-09,9.51,9.51,0.0,100.0,Normal,0,Saturday,June,0.34,100.0,Normal,Healthy,Normal Operation,Continue Stream Monitoring,No Alert
2026-06-28,9.51,SCB-304,Good,0.0,9.51,3.6403451490359093e-09,9.51,9.51,0.0,100.0,Normal,0,Sunday,June,0.24,100.0,Normal,Healthy,Normal Operation,Continue Stream Monitoring,No Alert
2026-06-29,9.51,SCB-304,Good,0.0,9.51,3.6403451490359093e-09,9.51,9.51,0.0,100.0,Normal,0,Monday,June,0.44,100.0,Normal,Healthy,Normal Operation,Continue Stream Monitoring,No Alert
2026-06-30,9.51,SCB-304,Good,0.0,9.51,3.6403451490359093e-09,9.51,9.51,0.0,100.0,Normal,0,Tuesday,June,0.47,100.0,Normal,Healthy,Normal Operation,Continue Stream Monitoring,No Alert
2026-01-01,1.5,SCB-501,Good,0.0,1.5,0.0,1.5,1.5,0.0,100.0,Low,0,Thursday,January,0.45,65.0,Warning,Low Alkali Dosing,Insufficient Caustic Injection Flow Rate,Increase Caustic Dosing Pump Output,Alkaline Scrubber Low pH
2026-01-02,1.53,SCB-501,Good,0.03,1.515,0.0212132034355963,1.5,1.53,0.03,99.7,Low,0,Friday,January,0.45,65.0,Warning,Low Alkali Dosing,Insufficient Caustic Injection Flow Rate,Increase Caustic Dosing Pump Output,Alkaline Scrubber Low pH
2026-01-03,1.67,SCB-501,Interpolated,0.1399999999999999,1.5666666666666669,0.0907377172587745,1.5,1.67,0.1699999999999999,98.6,Low,0,Saturday,January,0.47,65.0,Warning,Low Alkali Dosing,Insufficient Caustic Injection Flow Rate,Increase Caustic Dosing Pump Output,Alkaline Scrubber Low pH
2026-01-04,1.81,SCB-501,Interpolated,0.1400000000000001,1.6275,0.142448821218944,1.5,1.81,0.31,98.6,Low,0,Sunday,January,0.51,65.0,Warning,Low Alkali Dosing,Insufficient Caustic Injection Flow Rate,Increase Caustic Dosing Pump Output,Alkaline Scrubber Low pH
2026-01-05,1.95,SCB-501,Interpolated,0.1399999999999999,1.6920000000000002,0.1897893569197177,1.5,1.95,0.4499999999999999,98.6,Low,0,Monday,January,0.41,65.0,Warning,Low Alkali Dosing,Insufficient Caustic Injection Flow Rate,Increase Caustic Dosing Pump Output,Alkaline Scrubber Low pH
2026-01-06,,SCB-501,Offline,0.0,1.6920000000000002,0.1897893569197177,1.5,1.95,0.4499999999999999,100.0,Offline,0,Tuesday,January,0.41,0.0,Critical,Scrubber Telemetry Offline,CEMS Sensor Communication Failure,Inspect Modbus Transmitters and Field PLC Cabinets,Sensor Connection Error
2026-01-07,,SCB-501,Offline,0.0,1.6920000000000002,0.1897893569197177,1.5,1.95,0.4499999999999999,100.0,Offline,0,Wednesday,January,0.52,0.0,Critical,Scrubber Telemetry Offline,CEMS Sensor Communication Failure,Inspect Modbus Transmitters and Field PLC Cabinets,Sensor Connection Error
2026-01-08,,SCB-501,Offline,0.0,1.7400000000000002,0.1807392228230128,1.53,1.95,0.4199999999999999,100.0,Offline,0,Thursday,January,0.54,0.0,Critical,Scrubber Telemetry Offline,CEMS Sensor Communication Failure,Inspect Modbus Transmitters and Field PLC Cabinets,Sensor Connection Error
2026-01-09,,SCB-501,Offline,0.0,1.8100000000000005,0.14,1.67,1.95,0.28,100.0,Offline,0,Friday,January,0.48,0.0,Critical,Scrubber Telemetry Offline,CEMS Sensor Communication Failure,Inspect Modbus Transmitters and Field PLC Cabinets,Sensor Connection Error
2026-01-10,,SCB-501,Offline,0.0,1.8800000000000003,0.0989949493661165,1.81,1.95,0.1399999999999999,100.0,Offline,0,Saturday,January,0.53,0.0,Critical,Scrubber Telemetry Offline,CEMS Sensor Communication Failure,Inspect Modbus Transmitters and Field PLC Cabinets,Sensor Connection Error
2026-01-11,,SCB-501,Offline,0.0,1.95,0.0,1.95,1.95,0.0,100.0,Offline,0,Sunday,January,0.51,0.0,Critical,Scrubber Telemetry Offline,CEMS Sensor Communication Failure,Inspect Modbus Transmitters and Field PLC Cabinets,Sensor Connection Error
2026-01-12,2.93,SCB-501,Good,0.0,2.93,0.0,2.93,2.93,0.0,100.0,Low,0,Monday,January,0.52,65.0,Warning,Low Alkali Dosing,Insufficient Caustic Injection Flow Rate,Increase Caustic Dosing Pump Output,Alkaline Scrubber Low pH
2026-01-13,7.3,SCB-501,Good,4.369999999999999,5.115,3.0900566337852124,2.93,7.3,4.369999999999999,56.30000000000001,Low,0,Tuesday,January,0.54,30.0,Warning,Low Alkali Dosing,Insufficient Caustic Injection Flow Rate,Increase Caustic Dosing Pump Output,Alkaline Scrubber Low pH
2026-01-14,7.3,SCB-501,Good,0.0,5.843333333333334,2.523020676358664,2.93,7.3,4.369999999999999,100.0,Low,0,Wednesday,January,0.57,65.0,Warning,Low Alkali Dosing,Insufficient Caustic Injection Flow Rate,Increase Caustic Dosing Pump Output,Alkaline Scrubber Low pH
2026-01-15,7.3,SCB-501,Good,0.0,6.2075,2.185,2.93,7.3,4.369999999999999,100.0,Low,0,Thursday,January,0.51,65.0,Warning,Low Alkali Dosing,Insufficient Caustic Injection Flow Rate,Increase Caustic Dosing Pump Output,Alkaline Scrubber Low pH
2026-01-16,7.3,SCB-501,Good,0.0,6.425999999999999,1.954323412334816,2.93,7.3,4.369999999999999,100.0,Low,0,Friday,January,0.49,65.0,Warning,Low Alkali Dosing,Insufficient Caustic Injection Flow Rate,Increase Caustic Dosing Pump Output,Alkaline Scrubber Low pH
2026-01-17,7.3,SCB-501,Good,0.0,6.571666666666666,1.7840450293270809,2.93,7.3,4.369999999999999,100.0,Low,0,Saturday,January,0.54,65.0,Warning,Low Alkali Dosing,Insufficient Caustic Injection Flow Rate,Increase Caustic Dosing Pump Output,Alkaline Scrubber Low pH
2026-01-18,7.3,SCB-501,Good,0.0,6.675714285714285,1.6517047470503226,2.93,7.3,4.369999999999999,100.0,Low,0,Sunday,January,0.46,65.0,Warning,Low Alkali Dosing,Insufficient Caustic Injection Flow Rate,Increase Caustic Dosing Pump Output,Alkaline Scrubber Low pH
2026-01-19,7.3,SCB-501,Good,0.0,7.3,0.0,7.3,7.3,0.0,100.0,Low,0,Monday,January,0.34,65.0,Warning,Low Alkali Dosing,Insufficient Caustic Injection Flow Rate,Increase Caustic Dosing Pump Output,Alkaline Scrubber Low pH
2026-01-20,7.3,SCB-501,Good,0.0,7.3,0.0,7.3,7.3,0.0,100.0,Low,0,Tuesday,January,0.53,65.0,Warning,Low Alkali Dosing,Insufficient Caustic Injection Flow Rate,Increase Caustic Dosing Pump Output,Alkaline Scrubber Low pH
2026-01-21,7.3,SCB-501,Good,0.0,7.3,0.0,7.3,7.3,0.0,100.0,Low,0,Wednesday,January,0.44,65.0,Warning,Low Alkali Dosing,Insufficient Caustic Injection Flow Rate,Increase Caustic Dosing Pump Output,Alkaline Scrubber Low pH
2026-01-22,7.3,SCB-501,Good,0.0,7.3,0.0,7.3,7.3,0.0,100.0,Low,0,Thursday,January,0.46,65.0,Warning,Low Alkali Dosing,Insufficient Caustic Injection Flow Rate,Increase Caustic Dosing Pump Output,Alkaline Scrubber Low pH
2026-01-23,7.3,SCB-501,Good,0.0,7.3,0.0,7.3,7.3,0.0,100.0,Low,0,Friday,January,0.36,65.0,Warning,Low Alkali Dosing,Insufficient Caustic Injection Flow Rate,Increase Caustic Dosing Pump Output,Alkaline Scrubber Low pH
2026-01-24,7.3,SCB-501,Good,0.0,7.3,0.0,7.3,7.3,0.0,100.0,Low,0,Saturday,January,0.37,65.0,Warning,Low Alkali Dosing,Insufficient Caustic Injection Flow Rate,Increase Caustic Dosing Pump Output,Alkaline Scrubber Low pH
2026-01-25,7.3,SCB-501,Interpolated,0.0,7.3,0.0,7.3,7.3,0.0,100.0,Low,0,Sunday,January,0.54,65.0,Warning,Low Alkali Dosing,Insufficient Caustic Injection Flow Rate,Increase Caustic Dosing Pump Output,Alkaline Scrubber Low pH
2026-01-26,7.3,SCB-501,Interpolated,0.0,7.3,0.0,7.3,7.3,0.0,100.0,Low,0,Monday,January,0.41,65.0,Warning,Low Alkali Dosing,Insufficient Caustic Injection Flow Rate,Increase Caustic Dosing Pump Output,Alkaline Scrubber Low pH
2026-01-27,7.3,SCB-501,Interpolated,0.0,7.3,0.0,7.3,7.3,0.0,100.0,Low,0,Tuesday,January,0.42,65.0,Warning,Low Alkali Dosing,Insufficient Caustic Injection Flow Rate,Increase Caustic Dosing Pump Output,Alkaline Scrubber Low pH
2026-01-28,,SCB-501,Offline,0.0,7.3,0.0,7.3,7.3,0.0,100.0,Offline,0,Wednesday,January,0.425,0.0,Critical,Scrubber Telemetry Offline,CEMS Sensor Communication Failure,Inspect Modbus Transmitters and Field PLC Cabinets,Sensor Connection Error
2026-01-29,7.3,SCB-501,Good,0.0,7.3,0.0,7.3,7.3,0.0,100.0,Low,0,Thursday,January,0.43,65.0,Warning,Low Alkali Dosing,Insufficient Caustic Injection Flow Rate,Increase Caustic Dosing Pump Output,Alkaline Scrubber Low pH
2026-01-30,7.3,SCB-501,Good,0.0,7.3,0.0,7.3,7.3,0.0,100.0,Low,0,Friday,January,0.435,65.0,Warning,Low Alkali Dosing,Insufficient Caustic Injection Flow Rate,Increase Caustic Dosing Pump Output,Alkaline Scrubber Low pH
2026-01-31,7.3,SCB-501,Good,0.0,7.3,0.0,7.3,7.3,0.0,100.0,Low,0,Saturday,January,0.0,65.0,Warning,Low Alkali Dosing,Insufficient Caustic Injection Flow Rate,Increase Caustic Dosing Pump Output,Alkaline Scrubber Low pH
2026-02-01,7.3,SCB-501,Good,0.0,7.3,0.0,7.3,7.3,0.0,100.0,Low,0,Sunday,February,0.0,65.0,Warning,Low Alkali Dosing,Insufficient Caustic Injection Flow Rate,Increase Caustic Dosing Pump Output,Alkaline Scrubber Low pH
2026-02-02,7.3,SCB-501,Good,0.0,7.3,0.0,7.3,7.3,0.0,100.0,Low,0,Monday,February,0.45,65.0,Warning,Low Alkali Dosing,Insufficient Caustic Injection Flow Rate,Increase Caustic Dosing Pump Output,Alkaline Scrubber Low pH
2026-02-03,7.3,SCB-501,Good,0.0,7.3,0.0,7.3,7.3,0.0,100.0,Low,0,Tuesday,February,0.23,65.0,Warning,Low Alkali Dosing,Insufficient Caustic Injection Flow Rate,Increase Caustic Dosing Pump Output,Alkaline Scrubber Low pH
2026-02-04,7.3,SCB-501,Good,0.0,7.3,0.0,7.3,7.3,0.0,100.0,Low,0,Wednesday,February,0.25,65.0,Warning,Low Alkali Dosing,Insufficient Caustic Injection Flow Rate,Increase Caustic Dosing Pump Output,Alkaline Scrubber Low pH
2026-02-05,7.3,SCB-501,Good,0.0,7.3,0.0,7.3,7.3,0.0,100.0,Low,0,Thursday,February,0.2,65.0,Warning,Low Alkali Dosing,Insufficient Caustic Injection Flow Rate,Increase Caustic Dosing Pump Output,Alkaline Scrubber Low pH
2026-02-06,7.3,SCB-501,Good,0.0,7.3,0.0,7.3,7.3,0.0,100.0,Low,0,Friday,February,0.24,65.0,Warning,Low Alkali Dosing,Insufficient Caustic Injection Flow Rate,Increase Caustic Dosing Pump Output,Alkaline Scrubber Low pH
2026-02-07,7.3,SCB-501,Good,0.0,7.3,0.0,7.3,7.3,0.0,100.0,Low,0,Saturday,February,0.2,65.0,Warning,Low Alkali Dosing,Insufficient Caustic Injection Flow Rate,Increase Caustic Dosing Pump Output,Alkaline Scrubber Low pH
2026-02-08,7.3,SCB-501,Good,0.0,7.3,0.0,7.3,7.3,0.0,100.0,Low,0,Sunday,February,0.27,65.0,Warning,Low Alkali Dosing,Insufficient Caustic Injection Flow Rate,Increase Caustic Dosing Pump Output,Alkaline Scrubber Low pH
2026-02-09,7.3,SCB-501,Good,0.0,7.3,0.0,7.3,7.3,0.0,100.0,Low,0,Monday,February,0.28,65.0,Warning,Low Alkali Dosing,Insufficient Caustic Injection Flow Rate,Increase Caustic Dosing Pump Output,Alkaline Scrubber Low pH
2026-02-10,7.3,SCB-501,Good,0.0,7.3,0.0,7.3,7.3,0.0,100.0,Low,0,Tuesday,February,0.27,65.0,Warning,Low Alkali Dosing,Insufficient Caustic Injection Flow Rate,Increase Caustic Dosing Pump Output,Alkaline Scrubber Low pH
2026-02-11,7.3,SCB-501,Good,0.0,7.3,0.0,7.3,7.3,0.0,100.0,Low,0,Wednesday,February,0.14,65.0,Warning,Low Alkali Dosing,Insufficient Caustic Injection Flow Rate,Increase Caustic Dosing Pump Output,Alkaline Scrubber Low pH
2026-02-12,7.3,SCB-501,Good,0.0,7.3,0.0,7.3,7.3,0.0,100.0,Low,0,Thursday,February,0.26,65.0,Warning,Low Alkali Dosing,Insufficient Caustic Injection Flow Rate,Increase Caustic Dosing Pump Output,Alkaline Scrubber Low pH
2026-02-13,7.3,SCB-501,Good,0.0,7.3,0.0,7.3,7.3,0.0,100.0,Low,0,Friday,February,0.29,65.0,Warning,Low Alkali Dosing,Insufficient Caustic Injection Flow Rate,Increase Caustic Dosing Pump Output,Alkaline Scrubber Low pH
2026-02-14,7.3,SCB-501,Good,0.0,7.3,0.0,7.3,7.3,0.0,100.0,Low,0,Saturday,February,0.17,65.0,Warning,Low Alkali Dosing,Insufficient Caustic Injection Flow Rate,Increase Caustic Dosing Pump Output,Alkaline Scrubber Low pH
2026-02-15,7.3,SCB-501,Good,0.0,7.3,0.0,7.3,7.3,0.0,100.0,Low,0,Sunday,February,0.29,65.0,Warning,Low Alkali Dosing,Insufficient Caustic Injection Flow Rate,Increase Caustic Dosing Pump Output,Alkaline Scrubber Low pH
2026-02-16,7.3,SCB-501,Good,0.0,7.3,0.0,7.3,7.3,0.0,100.0,Low,0,Monday,February,0.19,65.0,Warning,Low Alkali Dosing,Insufficient Caustic Injection Flow Rate,Increase Caustic Dosing Pump Output,Alkaline Scrubber Low pH
2026-02-17,7.3,SCB-501,Good,0.0,7.3,0.0,7.3,7.3,0.0,100.0,Low,0,Tuesday,February,0.19,65.0,Warning,Low Alkali Dosing,Insufficient Caustic Injection Flow Rate,Increase Caustic Dosing Pump Output,Alkaline Scrubber Low pH
2026-02-18,7.3,SCB-501,Good,0.0,7.3,0.0,7.3,7.3,0.0,100.0,Low,0,Wednesday,February,0.22,65.0,Warning,Low Alkali Dosing,Insufficient Caustic Injection Flow Rate,Increase Caustic Dosing Pump Output,Alkaline Scrubber Low pH
2026-02-19,7.3,SCB-501,Good,0.0,7.3,0.0,7.3,7.3,0.0,100.0,Low,0,Thursday,February,0.25,65.0,Warning,Low Alkali Dosing,Insufficient Caustic Injection Flow Rate,Increase Caustic Dosing Pump Output,Alkaline Scrubber Low pH
2026-02-20,7.3,SCB-501,Good,0.0,7.3,0.0,7.3,7.3,0.0,100.0,Low,0,Friday,February,0.25,65.0,Warning,Low Alkali Dosing,Insufficient Caustic Injection Flow Rate,Increase Caustic Dosing Pump Output,Alkaline Scrubber Low pH
2026-02-21,8.234285714285715,SCB-501,Interpolated,0.934285714285715,7.433469387755102,0.3531268076400496,7.3,8.234285714285715,0.934285714285715,90.65714285714284,Low,0,Saturday,February,0.24,65.0,Warning,Low Alkali Dosing,Insufficient Caustic Injection Flow Rate,Increase Caustic Dosing Pump Output,Alkaline Scrubber Low pH
2026-02-22,9.168571428571427,SCB-501,Interpolated,0.9342857142857124,7.700408163265306,0.7350920689643077,7.3,9.168571428571427,1.8685714285714277,90.65714285714289,Low,0,Sunday,February,0.24,65.0,Warning,Low Alkali Dosing,Insufficient Caustic Injection Flow Rate,Increase Caustic Dosing Pump Output,Alkaline Scrubber Low pH
2026-02-23,10.102857142857143,SCB-501,Interpolated,0.934285714285716,8.10081632653061,1.135143869074991,7.3,10.102857142857143,2.8028571428571434,90.65714285714284,Normal,0,Monday,February,0.34,100.0,Normal,Healthy,Normal Operation,Continue Stream Monitoring,No Alert
2026-02-24,,SCB-501,Offline,0.0,8.234285714285713,1.181788337000068,7.3,10.102857142857143,2.8028571428571434,100.0,Offline,0,Tuesday,February,0.21,0.0,Critical,Scrubber Telemetry Offline,CEMS Sensor Communication Failure,Inspect Modbus Transmitters and Field PLC Cabinets,Sensor Connection Error
2026-02-25,,SCB-501,Offline,0.0,8.421142857142856,1.2181595351435797,7.3,10.102857142857143,2.8028571428571434,100.0,Offline,0,Wednesday,February,0.22,0.0,Critical,Scrubber Telemetry Offline,CEMS Sensor Communication Failure,Inspect Modbus Transmitters and Field PLC Cabinets,Sensor Connection Error
2026-02-26,,SCB-501,Offline,0.0,8.70142857142857,1.2061576706760226,7.3,10.102857142857143,2.8028571428571434,100.0,Offline,0,Thursday,February,0.23,0.0,Critical,Scrubber Telemetry Offline,CEMS Sensor Communication Failure,Inspect Modbus Transmitters and Field PLC Cabinets,Sensor Connection Error
2026-02-27,13.84,SCB-501,Good,0.0,10.33642857142857,2.4571299833549785,8.234285714285715,13.84,5.605714285714285,100.0,High,0,Friday,February,0.23,75.0,Warning,Excessive Caustic Feed,Over-dosing Caustic Buffer,Calibrate Caustic Dosing Pump Feedback Controller,Alkaline Scrubber High pH
2026-02-28,13.46,SCB-501,Good,-0.379999999999999,11.642857142857142,2.3539424160244837,9.168571428571427,13.84,4.671428571428573,96.20000000000002,High,0,Saturday,February,0.23,75.0,Warning,Excessive Caustic Feed,Over-dosing Caustic Buffer,Calibrate Caustic Dosing Pump Feedback Controller,Alkaline Scrubber High pH
2026-03-01,10.5,SCB-501,Good,-2.960000000000001,11.975714285714286,1.94627780106324,10.102857142857143,13.84,3.7371428571428567,70.39999999999999,Normal,0,Sunday,March,0.24,76.3,Normal,Healthy,Normal Operation,Continue Stream Monitoring,No Alert
2026-03-02,13.63,SCB-501,Good,3.130000000000001,12.8575,1.579332664978048,10.5,13.84,3.34,68.69999999999999,High,0,Monday,March,0.3,50.0,Warning,Excessive Caustic Feed,Over-dosing Caustic Buffer,Calibrate Caustic Dosing Pump Feedback Controller,Alkaline Scrubber High pH
2026-03-03,7.06,SCB-501,Good,-6.570000000000001,11.698,2.93136828119566,7.06,13.84,6.78,34.29999999999998,Low,0,Tuesday,March,0.26,12.4,Warning,Low Alkali Dosing,Insufficient Caustic Injection Flow Rate,Increase Caustic Dosing Pump Output,Alkaline Scrubber Low pH
2026-03-04,13.57,SCB-501,Good,6.510000000000001,12.01,2.7310071402323355,7.06,13.84,6.78,34.89999999999999,High,0,Wednesday,March,0.18,22.9,Warning,Excessive Caustic Feed,Over-dosing Caustic Buffer,Calibrate Caustic Dosing Pump Feedback Controller,Alkaline Scrubber High pH
2026-03-05,12.18,SCB-501,Good,-1.3900000000000006,12.034285714285716,2.493884902067837,7.06,13.84,6.78,86.1,High,0,Thursday,March,0.22,63.9,Warning,Excessive Caustic Feed,Over-dosing Caustic Buffer,Calibrate Caustic Dosing Pump Feedback Controller,Alkaline Scrubber High pH
2026-03-06,8.82,SCB-501,Good,-3.3599999999999994,11.317142857142857,2.607289232681549,7.06,13.63,6.570000000000001,66.4,Low,0,Friday,March,0.25,38.1,Warning,Low Alkali Dosing,Insufficient Caustic Injection Flow Rate,Increase Caustic Dosing Pump Output,Alkaline Scrubber Low pH
2026-03-07,10.98,SCB-501,Good,2.16,10.962857142857144,2.4300529094768986,7.06,13.63,6.570000000000001,78.4,Normal,0,Saturday,March,0.2,82.7,Normal,Healthy,Normal Operation,Continue Stream Monitoring,No Alert
2026-03-08,13.05,SCB-501,Good,2.0700000000000003,11.327142857142858,2.537844980068156,7.06,13.63,6.570000000000001,79.3,High,0,Sunday,March,0.22,58.4,Warning,Excessive Caustic Feed,Over-dosing Caustic Buffer,Calibrate Caustic Dosing Pump Feedback Controller,Alkaline Scrubber High pH
2026-03-09,10.71,SCB-501,Good,-2.34,10.91,2.327502237736124,7.06,13.57,6.510000000000001,76.6,Normal,0,Monday,March,0.2,81.3,Normal,Healthy,Normal Operation,Continue Stream Monitoring,No Alert
2026-03-10,11.08,SCB-501,Good,0.3699999999999992,11.484285714285717,1.6021533129183474,8.82,13.57,4.75,96.3,Normal,0,Tuesday,March,0.19,100.0,Normal,Healthy,Normal Operation,Continue Stream Monitoring,No Alert
2026-03-11,12.04,SCB-501,Good,0.9599999999999992,11.265714285714283,1.355579299818065,8.82,13.05,4.23,90.4,High,0,Wednesday,March,0.24,75.0,Warning,Excessive Caustic Feed,Over-dosing Caustic Buffer,Calibrate Caustic Dosing Pump Feedback Controller,Alkaline Scrubber High pH
2026-03-12,12.74,SCB-501,Good,0.7000000000000011,11.345714285714289,1.4328509708835393,8.82,13.05,4.23,93.0,High,0,Thursday,March,0.25,75.0,Warning,Excessive Caustic Feed,Over-dosing Caustic Buffer,Calibrate Caustic Dosing Pump Feedback Controller,Alkaline Scrubber High pH
2026-03-13,12.59,SCB-501,Good,-0.1500000000000003,11.884285714285712,0.9536745975935595,10.71,13.05,2.34,98.5,High,0,Friday,March,0.22,75.0,Warning,Excessive Caustic Feed,Over-dosing Caustic Buffer,Calibrate Caustic Dosing Pump Feedback Controller,Alkaline Scrubber High pH
2026-03-14,9.67,SCB-501,Good,-2.92,11.697142857142856,1.2447987024108789,9.67,13.05,3.380000000000001,70.8,Normal,0,Saturday,March,0.13,76.6,Normal,Healthy,Normal Operation,Continue Stream Monitoring,No Alert
2026-03-15,6.43,SCB-501,Good,-3.24,10.751428571428573,2.1965535775499783,6.43,12.74,6.3100000000000005,67.6,Low,0,Sunday,March,0.15,39.1,Warning,Low Alkali Dosing,Insufficient Caustic Injection Flow Rate,Increase Caustic Dosing Pump Output,Alkaline Scrubber Low pH
2026-03-16,13.34,SCB-501,Good,6.91,11.127142857142855,2.403467732851252,6.43,13.34,6.91,30.90000000000001,High,0,Monday,March,0.14,19.7,Warning,Excessive Caustic Feed,Over-dosing Caustic Buffer,Calibrate Caustic Dosing Pump Feedback Controller,Alkaline Scrubber High pH
2026-03-17,13.25,SCB-501,Good,-0.0899999999999998,11.437142857142856,2.532835790740714,6.43,13.34,6.91,99.1,High,0,Tuesday,March,0.19,75.0,Warning,Excessive Caustic Feed,Over-dosing Caustic Buffer,Calibrate Caustic Dosing Pump Feedback Controller,Alkaline Scrubber High pH
2026-03-18,13.04,SCB-501,Good,-0.2100000000000008,11.58,2.599820506624768,6.43,13.34,6.91,97.9,High,0,Wednesday,March,0.12,75.0,Warning,Excessive Caustic Feed,Over-dosing Caustic Buffer,Calibrate Caustic Dosing Pump Feedback Controller,Alkaline Scrubber High pH
2026-03-19,10.28,SCB-501,Good,-2.76,11.228571428571428,2.583095227122095,6.43,13.34,6.91,72.4,Normal,0,Thursday,March,0.19,77.9,Normal,Healthy,Normal Operation,Continue Stream Monitoring,No Alert
2026-03-20,13.16,SCB-501,Good,2.880000000000001,11.31,2.641489478810518,6.43,13.34,6.91,71.19999999999999,High,0,Friday,March,0.21,52.0,Warning,Excessive Caustic Feed,Over-dosing Caustic Buffer,Calibrate Caustic Dosing Pump Feedback Controller,Alkaline Scrubber High pH
2026-03-21,13.1,SCB-501,Good,-0.0600000000000005,11.8,2.6044385191438093,6.43,13.34,6.91,99.4,High,0,Saturday,March,0.25,75.0,Warning,Excessive Caustic Feed,Over-dosing Caustic Buffer,Calibrate Caustic Dosing Pump Feedback Controller,Alkaline Scrubber High pH
2026-03-22,12.99,SCB-501,Good,-0.1099999999999994,12.737142857142857,1.0901179490574162,10.28,13.34,3.0600000000000005,98.9,High,0,Sunday,March,0.3,75.0,Warning,Excessive Caustic Feed,Over-dosing Caustic Buffer,Calibrate Caustic Dosing Pump Feedback Controller,Alkaline Scrubber High pH
2026-03-23,9.7,SCB-501,Good,-3.290000000000001,12.21714285714286,1.532870012815985,9.7,13.25,3.5500000000000007,67.1,Normal,0,Monday,March,0.28,73.7,Normal,Healthy,Normal Operation,Continue Stream Monitoring,No Alert
2026-03-24,3.37,SCB-501,Good,-6.329999999999999,10.805714285714286,3.590691006583816,3.37,13.16,9.79,36.70000000000001,Low,0,Tuesday,March,0.24,14.4,Warning,Low Alkali Dosing,Insufficient Caustic Injection Flow Rate,Increase Caustic Dosing Pump Output,Alkaline Scrubber Low pH
2026-03-25,5.865,SCB-501,Interpolated,2.495,9.780714285714286,3.860540148488968,3.37,13.16,9.79,75.05,Low,0,Wednesday,March,0.21,45.0,Warning,Low Alkali Dosing,Insufficient Caustic Injection Flow Rate,Increase Caustic Dosing Pump Output,Alkaline Scrubber Low pH
2026-03-26,8.36,SCB-501,Interpolated,2.494999999999999,9.50642857142857,3.8872684435707465,3.37,13.16,9.79,75.05000000000001,Low,0,Thursday,March,0.31,45.0,Warning,Low Alkali Dosing,Insufficient Caustic Injection Flow Rate,Increase Caustic Dosing Pump Output,Alkaline Scrubber Low pH
2026-03-27,10.855,SCB-501,Interpolated,2.495000000000001,9.177142857142856,3.614235577480221,3.37,13.1,9.73,75.04999999999998,Normal,0,Friday,March,0.27,80.0,Normal,Healthy,Normal Operation,Continue Stream Monitoring,No Alert
2026-03-28,13.35,SCB-501,Good,2.494999999999999,9.212857142857144,3.660400544046665,3.37,13.35,9.98,75.05000000000001,High,0,Saturday,March,0.2,55.0,Warning,Excessive Caustic Feed,Over-dosing Caustic Buffer,Calibrate Caustic Dosing Pump Feedback Controller,Alkaline Scrubber High pH
2026-03-29,13.3,SCB-501,Good,-0.0499999999999989,9.257142857142856,3.7151804096423713,3.37,13.35,9.98,99.5,High,0,Sunday,March,0.25,75.0,Warning,Excessive Caustic Feed,Over-dosing Caustic Buffer,Calibrate Caustic Dosing Pump Feedback Controller,Alkaline Scrubber High pH
2026-03-30,13.28,SCB-501,Good,-0.0200000000000013,9.768571428571429,4.020193521757496,3.37,13.35,9.98,99.79999999999998,High,0,Monday,March,0.24,75.0,Warning,Excessive Caustic Feed,Over-dosing Caustic Buffer,Calibrate Caustic Dosing Pump Feedback Controller,Alkaline Scrubber High pH
2026-03-31,13.25,SCB-501,Good,-0.0299999999999993,11.179999999999998,3.0057015265436235,5.865,13.35,7.484999999999999,99.7,High,0,Tuesday,March,0.28,75.0,Warning,Excessive Caustic Feed,Over-dosing Caustic Buffer,Calibrate Caustic Dosing Pump Feedback Controller,Alkaline Scrubber High pH
2026-04-01,13.2,SCB-501,Good,-0.0500000000000007,12.227857142857143,1.9300515043707585,8.36,13.35,4.99,99.5,High,0,Wednesday,April,0.3,75.0,Warning,Excessive Caustic Feed,Over-dosing Caustic Buffer,Calibrate Caustic Dosing Pump Feedback Controller,Alkaline Scrubber High pH
2026-04-02,13.2,SCB-501,Good,0.0,12.919285714285715,0.9118498988842748,10.855,13.35,2.494999999999999,100.0,High,0,Thursday,April,0.32,75.0,Warning,Excessive Caustic Feed,Over-dosing Caustic Buffer,Calibrate Caustic Dosing Pump Feedback Controller,Alkaline Scrubber High pH
2026-04-03,13.2,SCB-501,Good,0.0,13.254285714285714,0.0588379534138703,13.2,13.35,0.1500000000000003,100.0,High,0,Friday,April,0.26,75.0,Warning,Excessive Caustic Feed,Over-dosing Caustic Buffer,Calibrate Caustic Dosing Pump Feedback Controller,Alkaline Scrubber High pH
2026-04-04,13.2,SCB-501,Good,0.0,13.232857142857142,0.0434796066047519,13.2,13.3,0.1000000000000014,100.0,High,0,Saturday,April,0.27,75.0,Warning,Excessive Caustic Feed,Over-dosing Caustic Buffer,Calibrate Caustic Dosing Pump Feedback Controller,Alkaline Scrubber High pH
2026-04-05,13.2,SCB-501,Good,0.0,13.218571428571428,0.0328778402724393,13.2,13.28,0.08,100.0,High,0,Sunday,April,0.25,75.0,Warning,Excessive Caustic Feed,Over-dosing Caustic Buffer,Calibrate Caustic Dosing Pump Feedback Controller,Alkaline Scrubber High pH
2026-04-06,13.2,SCB-501,Good,0.0,13.207142857142856,0.0188982236511905,13.2,13.25,0.0500000000000007,100.0,High,0,Monday,April,0.34,75.0,Warning,Excessive Caustic Feed,Over-dosing Caustic Buffer,Calibrate Caustic Dosing Pump Feedback Controller,Alkaline Scrubber High pH
2026-04-07,13.2,SCB-501,Good,0.0,13.2,1.658416789303992e-07,13.2,13.2,0.0,100.0,High,0,Tuesday,April,0.34,75.0,Warning,Excessive Caustic Feed,Over-dosing Caustic Buffer,Calibrate Caustic Dosing Pump Feedback Controller,Alkaline Scrubber High pH
2026-04-08,13.2,SCB-501,Good,0.0,13.2,1.658416789303992e-07,13.2,13.2,0.0,100.0,High,0,Wednesday,April,0.27,75.0,Warning,Excessive Caustic Feed,Over-dosing Caustic Buffer,Calibrate Caustic Dosing Pump Feedback Controller,Alkaline Scrubber High pH
2026-04-09,13.2,SCB-501,Good,0.0,13.2,1.658416789303992e-07,13.2,13.2,0.0,100.0,High,0,Thursday,April,0.28,75.0,Warning,Excessive Caustic Feed,Over-dosing Caustic Buffer,Calibrate Caustic Dosing Pump Feedback Controller,Alkaline Scrubber High pH
2026-04-10,13.17,SCB-501,Good,-0.0299999999999993,13.195714285714285,0.0113389341914878,13.17,13.2,0.0299999999999993,99.7,High,0,Friday,April,0.33,75.0,Warning,Excessive Caustic Feed,Over-dosing Caustic Buffer,Calibrate Caustic Dosing Pump Feedback Controller,Alkaline Scrubber High pH
2026-04-11,13.1,SCB-501,Good,-0.0700000000000002,13.18142857142857,0.0376069902320438,13.1,13.2,0.0999999999999996,99.3,High,0,Saturday,April,0.34,75.0,Warning,Excessive Caustic Feed,Over-dosing Caustic Buffer,Calibrate Caustic Dosing Pump Feedback Controller,Alkaline Scrubber High pH
2026-04-12,13.1,SCB-501,Interpolated,0.0,13.167142857142858,0.0471572849498008,13.1,13.2,0.0999999999999996,100.0,High,0,Sunday,April,0.2,75.0,Warning,Excessive Caustic Feed,Over-dosing Caustic Buffer,Calibrate Caustic Dosing Pump Feedback Controller,Alkaline Scrubber High pH
2026-04-13,13.1,SCB-501,Good,0.0,13.152857142857142,0.0505682000586328,13.1,13.2,0.0999999999999996,100.0,High,0,Monday,April,0.23,75.0,Warning,Excessive Caustic Feed,Over-dosing Caustic Buffer,Calibrate Caustic Dosing Pump Feedback Controller,Alkaline Scrubber High pH
2026-04-14,13.2,SCB-501,Good,0.0999999999999996,13.152857142857144,0.0505682000586328,13.1,13.2,0.0999999999999996,99.0,High,0,Tuesday,April,0.26,75.0,Warning,Excessive Caustic Feed,Over-dosing Caustic Buffer,Calibrate Caustic Dosing Pump Feedback Controller,Alkaline Scrubber High pH
2026-04-15,13.2,SCB-501,Good,0.0,13.152857142857142,0.0505682000586328,13.1,13.2,0.0999999999999996,100.0,High,0,Wednesday,April,0.26,75.0,Warning,Excessive Caustic Feed,Over-dosing Caustic Buffer,Calibrate Caustic Dosing Pump Feedback Controller,Alkaline Scrubber High pH
2026-04-16,13.2,SCB-501,Good,0.0,13.152857142857142,0.0505682000586328,13.1,13.2,0.0999999999999996,100.0,High,0,Thursday,April,0.22,75.0,Warning,Excessive Caustic Feed,Over-dosing Caustic Buffer,Calibrate Caustic Dosing Pump Feedback Controller,Alkaline Scrubber High pH
2026-04-17,13.2,SCB-501,Good,0.0,13.157142857142857,0.0534522483827382,13.1,13.2,0.0999999999999996,100.0,High,0,Friday,April,0.25,75.0,Warning,Excessive Caustic Feed,Over-dosing Caustic Buffer,Calibrate Caustic Dosing Pump Feedback Controller,Alkaline Scrubber High pH
2026-04-18,13.14,SCB-501,Good,-0.0599999999999987,13.162857142857144,0.048205907561591,13.1,13.2,0.0999999999999996,99.4,High,0,Saturday,April,0.22,75.0,Warning,Excessive Caustic Feed,Over-dosing Caustic Buffer,Calibrate Caustic Dosing Pump Feedback Controller,Alkaline Scrubber High pH
2026-04-19,13.18,SCB-501,Good,0.0399999999999991,13.174285714285714,0.0395209408027182,13.1,13.2,0.0999999999999996,99.6,High,0,Sunday,April,0.28,75.0,Warning,Excessive Caustic Feed,Over-dosing Caustic Buffer,Calibrate Caustic Dosing Pump Feedback Controller,Alkaline Scrubber High pH
2026-04-20,13.2,SCB-501,Good,0.0199999999999995,13.188571428571429,0.0226778683811557,13.14,13.2,0.0599999999999987,99.8,High,0,Monday,April,0.27,75.0,Warning,Excessive Caustic Feed,Over-dosing Caustic Buffer,Calibrate Caustic Dosing Pump Feedback Controller,Alkaline Scrubber High pH
2026-04-21,13.2,SCB-501,Good,0.0,13.188571428571429,0.0226778683811557,13.14,13.2,0.0599999999999987,100.0,High,0,Tuesday,April,0.29,75.0,Warning,Excessive Caustic Feed,Over-dosing Caustic Buffer,Calibrate Caustic Dosing Pump Feedback Controller,Alkaline Scrubber High pH
2026-04-22,13.2,SCB-501,Good,0.0,13.18857142857143,0.0226778683811557,13.14,13.2,0.0599999999999987,100.0,High,0,Wednesday,April,0.34,75.0,Warning,Excessive Caustic Feed,Over-dosing Caustic Buffer,Calibrate Caustic Dosing Pump Feedback Controller,Alkaline Scrubber High pH
2026-04-23,13.2,SCB-501,Good,0.0,13.188571428571429,0.0226778683811557,13.14,13.2,0.0599999999999987,100.0,High,0,Thursday,April,0.38,75.0,Warning,Excessive Caustic Feed,Over-dosing Caustic Buffer,Calibrate Caustic Dosing Pump Feedback Controller,Alkaline Scrubber High pH
2026-04-24,13.25,SCB-501,Good,0.0500000000000007,13.195714285714288,0.032586880211707,13.14,13.25,0.1099999999999994,99.5,High,0,Friday,April,0.41,75.0,Warning,Excessive Caustic Feed,Over-dosing Caustic Buffer,Calibrate Caustic Dosing Pump Feedback Controller,Alkaline Scrubber High pH
2026-04-25,13.3,SCB-501,Good,0.0500000000000007,13.218571428571428,0.0418045338168804,13.18,13.3,0.120000000000001,99.5,High,0,Saturday,April,0.6,75.0,Warning,Excessive Caustic Feed,Over-dosing Caustic Buffer,Calibrate Caustic Dosing Pump Feedback Controller,Alkaline Scrubber High pH
2026-04-26,13.2,SCB-501,Good,-0.1000000000000014,13.22142857142857,0.0393397896238239,13.2,13.3,0.1000000000000014,99.0,High,0,Sunday,April,0.0,75.0,Warning,Excessive Caustic Feed,Over-dosing Caustic Buffer,Calibrate Caustic Dosing Pump Feedback Controller,Alkaline Scrubber High pH
2026-04-27,13.2,SCB-501,Good,0.0,13.221428571428572,0.0393397896238239,13.2,13.3,0.1000000000000014,100.0,High,0,Monday,April,0.51,75.0,Warning,Excessive Caustic Feed,Over-dosing Caustic Buffer,Calibrate Caustic Dosing Pump Feedback Controller,Alkaline Scrubber High pH
2026-04-28,12.89,SCB-501,Good,-0.3099999999999987,13.177142857142856,0.1322515640380231,12.89,13.3,0.4100000000000001,96.9,High,0,Tuesday,April,0.34,75.0,Warning,Excessive Caustic Feed,Over-dosing Caustic Buffer,Calibrate Caustic Dosing Pump Feedback Controller,Alkaline Scrubber High pH
2026-04-29,12.78,SCB-501,Good,-0.1100000000000012,13.117142857142856,0.198722107956067,12.78,13.3,0.5200000000000014,98.9,High,0,Wednesday,April,0.41,75.0,Warning,Excessive Caustic Feed,Over-dosing Caustic Buffer,Calibrate Caustic Dosing Pump Feedback Controller,Alkaline Scrubber High pH
2026-04-30,12.16,SCB-501,Good,-0.6199999999999992,12.968571428571428,0.4065476016175442,12.16,13.3,1.1400000000000006,93.8,High,0,Thursday,April,0.3,75.0,Warning,Excessive Caustic Feed,Over-dosing Caustic Buffer,Calibrate Caustic Dosing Pump Feedback Controller,Alkaline Scrubber High pH
2026-05-01,11.43,SCB-501,Good,-0.7300000000000004,12.70857142857143,0.6839207695688454,11.43,13.3,1.870000000000001,92.7,Normal,0,Friday,May,0.35,100.0,Normal,Healthy,Normal Operation,Continue Stream Monitoring,No Alert
2026-05-02,12.45,SCB-501,Good,1.0199999999999996,12.587142857142856,0.6351302828479348,11.43,13.2,1.7699999999999996,89.80000000000001,High,0,Saturday,May,0.36,66.8,Warning,Excessive Caustic Feed,Over-dosing Caustic Buffer,Calibrate Caustic Dosing Pump Feedback Controller,Alkaline Scrubber High pH
2026-05-03,12.49,SCB-501,Good,0.0400000000000009,12.485714285714284,0.574771176001307,11.43,13.2,1.7699999999999996,99.6,High,0,Sunday,May,0.27,75.0,Warning,Excessive Caustic Feed,Over-dosing Caustic Buffer,Calibrate Caustic Dosing Pump Feedback Controller,Alkaline Scrubber High pH
2026-05-04,11.38,SCB-501,Good,-1.1099999999999994,12.225714285714286,0.6084641085787972,11.38,12.89,1.5099999999999998,88.9,Normal,0,Monday,May,0.35,91.1,Normal,Healthy,Normal Operation,Continue Stream Monitoring,No Alert
2026-05-05,7.43,SCB-501,Good,-3.950000000000001,11.445714285714288,1.8493319257041407,7.43,12.78,5.35,60.49999999999999,Low,0,Tuesday,May,0.31,33.4,Warning,Low Alkali Dosing,Insufficient Caustic Injection Flow Rate,Increase Caustic Dosing Pump Output,Alkaline Scrubber Low pH
2026-05-06,6.75,SCB-501,Good,-0.6799999999999997,10.584285714285716,2.43567825696018,6.75,12.49,5.74,93.2,Low,0,Wednesday,May,0.4,65.0,Warning,Low Alkali Dosing,Insufficient Caustic Injection Flow Rate,Increase Caustic Dosing Pump Output,Alkaline Scrubber Low pH
2026-05-07,10.45,SCB-501,Good,3.6999999999999993,10.34,2.334973233251296,6.75,12.49,5.74,63.00000000000001,Normal,0,Thursday,May,0.47,70.4,Normal,Healthy,Normal Operation,Continue Stream Monitoring,No Alert
2026-05-08,10.38,SCB-501,Good,-0.0699999999999985,10.19,2.286503881474949,6.75,12.49,5.74,99.3,Normal,0,Friday,May,0.33,100.0,Normal,Healthy,Normal Operation,Continue Stream Monitoring,No Alert
2026-05-09,12.97,SCB-501,Good,2.59,10.264285714285716,2.378752173884853,6.75,12.97,6.220000000000001,74.1,High,0,Saturday,May,0.37,54.3,Warning,Excessive Caustic Feed,Over-dosing Caustic Buffer,Calibrate Caustic Dosing Pump Feedback Controller,Alkaline Scrubber High pH
2026-05-10,12.78,SCB-501,Good,-0.1900000000000012,10.305714285714286,2.426031444855689,6.75,12.97,6.220000000000001,98.1,High,0,Sunday,May,0.39,75.0,Warning,Excessive Caustic Feed,Over-dosing Caustic Buffer,Calibrate Caustic Dosing Pump Feedback Controller,Alkaline Scrubber High pH
2026-05-11,12.68,SCB-501,Good,-0.0999999999999996,10.491428571428573,2.567602179540468,6.75,12.97,6.220000000000001,99.0,High,0,Monday,May,0.41,75.0,Warning,Excessive Caustic Feed,Over-dosing Caustic Buffer,Calibrate Caustic Dosing Pump Feedback Controller,Alkaline Scrubber High pH
2026-05-12,10.14,SCB-501,Good,-2.539999999999999,10.87857142857143,2.2082227285868674,6.75,12.97,6.220000000000001,74.60000000000001,Normal,0,Tuesday,May,0.45,79.7,Normal,Healthy,Normal Operation,Continue Stream Monitoring,No Alert
2026-05-13,7.62,SCB-501,Good,-2.5200000000000005,11.002857142857144,1.946044828926221,7.62,12.97,5.3500000000000005,74.8,Low,0,Wednesday,May,0.24,44.8,Warning,Low Alkali Dosing,Insufficient Caustic Injection Flow Rate,Increase Caustic Dosing Pump Output,Alkaline Scrubber Low pH
2026-05-14,12.44,SCB-501,Good,4.819999999999999,11.287142857142856,1.99651959073546,7.62,12.97,5.3500000000000005,51.8,High,0,Thursday,May,0.32,36.4,Warning,Excessive Caustic Feed,Over-dosing Caustic Buffer,Calibrate Caustic Dosing Pump Feedback Controller,Alkaline Scrubber High pH
2026-05-15,12.14,SCB-501,Good,-0.2999999999999989,11.538571428571428,1.973933708540968,7.62,12.97,5.3500000000000005,97.0,High,0,Friday,May,0.2,75.0,Warning,Excessive Caustic Feed,Over-dosing Caustic Buffer,Calibrate Caustic Dosing Pump Feedback Controller,Alkaline Scrubber High pH
2026-05-16,11.7,SCB-501,Good,-0.4400000000000013,11.357142857142858,1.8763947193640127,7.62,12.78,5.159999999999999,95.6,High,0,Saturday,May,0.29,75.0,Warning,Excessive Caustic Feed,Over-dosing Caustic Buffer,Calibrate Caustic Dosing Pump Feedback Controller,Alkaline Scrubber High pH
2026-05-17,12.95,SCB-501,Good,1.25,11.38142857142857,1.8988455139147828,7.62,12.95,5.329999999999999,87.5,High,0,Sunday,May,0.28,65.0,Warning,Excessive Caustic Feed,Over-dosing Caustic Buffer,Calibrate Caustic Dosing Pump Feedback Controller,Alkaline Scrubber High pH
2026-05-18,12.59,SCB-501,Good,-0.3599999999999994,11.368571428571428,1.888865872875651,7.62,12.95,5.329999999999999,96.4,High,0,Monday,May,0.29,75.0,Warning,Excessive Caustic Feed,Over-dosing Caustic Buffer,Calibrate Caustic Dosing Pump Feedback Controller,Alkaline Scrubber High pH
2026-05-19,11.79,SCB-501,Good,-0.8000000000000007,11.604285714285712,1.8113609721501076,7.62,12.95,5.329999999999999,92.0,High,0,Tuesday,May,0.27,75.0,Warning,Excessive Caustic Feed,Over-dosing Caustic Buffer,Calibrate Caustic Dosing Pump Feedback Controller,Alkaline Scrubber High pH
2026-05-20,11.7,SCB-501,Good,-0.0899999999999998,12.187142857142856,0.490364296066867,11.7,12.95,1.25,99.1,High,0,Wednesday,May,0.31,75.0,Warning,Excessive Caustic Feed,Over-dosing Caustic Buffer,Calibrate Caustic Dosing Pump Feedback Controller,Alkaline Scrubber High pH
2026-05-21,11.7,SCB-501,Good,0.0,12.081428571428573,0.5062749112036828,11.7,12.95,1.25,100.0,High,0,Thursday,May,0.34,75.0,Warning,Excessive Caustic Feed,Over-dosing Caustic Buffer,Calibrate Caustic Dosing Pump Feedback Controller,Alkaline Scrubber High pH
2026-05-22,11.7,SCB-501,Good,0.0,12.018571428571429,0.5247675222238544,11.7,12.95,1.25,100.0,High,0,Friday,May,0.25,75.0,Warning,Excessive Caustic Feed,Over-dosing Caustic Buffer,Calibrate Caustic Dosing Pump Feedback Controller,Alkaline Scrubber High pH
2026-05-23,11.7,SCB-501,Good,0.0,12.018571428571429,0.5247675222238544,11.7,12.95,1.25,100.0,High,0,Saturday,May,0.19,75.0,Warning,Excessive Caustic Feed,Over-dosing Caustic Buffer,Calibrate Caustic Dosing Pump Feedback Controller,Alkaline Scrubber High pH
2026-05-24,11.68,SCB-501,Good,-0.0199999999999995,11.837142857142856,0.3339018960570408,11.68,12.59,0.91,99.8,High,0,Sunday,May,0.35,75.0,Warning,Excessive Caustic Feed,Over-dosing Caustic Buffer,Calibrate Caustic Dosing Pump Feedback Controller,Alkaline Scrubber High pH
2026-05-25,11.64,SCB-501,Good,-0.0399999999999991,11.70142857142857,0.0448807944927027,11.64,11.79,0.1499999999999985,99.6,High,0,Monday,May,0.36,75.0,Warning,Excessive Caustic Feed,Over-dosing Caustic Buffer,Calibrate Caustic Dosing Pump Feedback Controller,Alkaline Scrubber High pH
2026-05-26,11.62,SCB-501,Good,-0.0200000000000013,11.677142857142858,0.0335232683940574,11.62,11.7,0.08,99.79999999999998,High,0,Tuesday,May,0.3,75.0,Warning,Excessive Caustic Feed,Over-dosing Caustic Buffer,Calibrate Caustic Dosing Pump Feedback Controller,Alkaline Scrubber High pH
2026-05-27,11.64,SCB-501,Good,0.0200000000000013,11.668571428571427,0.0343649877195212,11.62,11.7,0.08,99.79999999999998,High,0,Wednesday,May,0.41,75.0,Warning,Excessive Caustic Feed,Over-dosing Caustic Buffer,Calibrate Caustic Dosing Pump Feedback Controller,Alkaline Scrubber High pH
2026-05-28,11.67,SCB-501,Good,0.0299999999999993,11.664285714285716,0.031547394428836,11.62,11.7,0.08,99.7,High,0,Thursday,May,2.01,75.0,Warning,Excessive Caustic Feed,Over-dosing Caustic Buffer,Calibrate Caustic Dosing Pump Feedback Controller,Alkaline Scrubber High pH
2026-05-29,11.61,SCB-501,Good,-0.0600000000000005,11.651428571428571,0.0328778402721774,11.61,11.7,0.0899999999999998,99.4,High,0,Friday,May,0.31,75.0,Warning,Excessive Caustic Feed,Over-dosing Caustic Buffer,Calibrate Caustic Dosing Pump Feedback Controller,Alkaline Scrubber High pH
2026-05-30,11.07,SCB-501,Good,-0.5399999999999991,11.561428571428571,0.2181305856155031,11.07,11.68,0.6099999999999994,94.6,Normal,0,Saturday,May,0.3,100.0,Normal,Healthy,Normal Operation,Continue Stream Monitoring,No Alert
2026-05-31,10.17,SCB-501,Good,-0.9000000000000004,11.345714285714283,0.5600255096230711,10.17,11.67,1.5,91.0,Normal,0,Sunday,May,0.29,100.0,Normal,Healthy,Normal Operation,Continue Stream Monitoring,No Alert
2026-06-01,10.54,SCB-501,Good,0.3699999999999992,11.188571428571429,0.6152893241239933,10.17,11.67,1.5,96.3,Normal,0,Monday,June,0.29,100.0,Normal,Healthy,Normal Operation,Continue Stream Monitoring,No Alert
2026-06-02,10.68,SCB-501,Good,0.1400000000000005,11.054285714285712,0.6079708639635445,10.17,11.67,1.5,98.6,Normal,0,Tuesday,June,0.3,100.0,Normal,Healthy,Normal Operation,Continue Stream Monitoring,No Alert
2026-06-03,10.55,SCB-501,Good,-0.129999999999999,10.898571428571428,0.5714434521872003,10.17,11.67,1.5,98.70000000000002,Normal,0,Wednesday,June,0.27,100.0,Normal,Healthy,Normal Operation,Continue Stream Monitoring,No Alert
2026-06-04,10.3,SCB-501,Good,-0.25,10.702857142857145,0.4923316729507463,10.17,11.61,1.4399999999999995,97.5,Normal,0,Thursday,June,0.24,100.0,Normal,Healthy,Normal Operation,Continue Stream Monitoring,No Alert
2026-06-05,10.35,SCB-501,Good,0.0499999999999989,10.522857142857143,0.2969688134981169,10.17,11.07,0.9000000000000004,99.5,Normal,0,Friday,June,0.24,100.0,Normal,Healthy,Normal Operation,Continue Stream Monitoring,No Alert
2026-06-06,10.48,SCB-501,Good,0.1300000000000007,10.438571428571429,0.1741099816618456,10.17,10.68,0.5099999999999998,98.7,Normal,0,Saturday,June,0.2333333333333333,100.0,Normal,Healthy,Normal Operation,Continue Stream Monitoring,No Alert
2026-06-07,10.68,SCB-501,Good,0.1999999999999993,10.51142857142857,0.147696600212357,10.3,10.68,0.379999999999999,98.0,Normal,0,Sunday,June,0.2266666666666666,100.0,Normal,Healthy,Normal Operation,Continue Stream Monitoring,No Alert
2026-06-08,10.37,SCB-501,Good,-0.3100000000000005,10.487142857142857,0.155960923066685,10.3,10.68,0.379999999999999,96.9,Normal,0,Monday,June,0.22,100.0,Normal,Healthy,Normal Operation,Continue Stream Monitoring,No Alert
2026-06-09,11.9,SCB-501,Good,1.5300000000000011,10.661428571428573,0.5615878848238779,10.3,11.9,1.5999999999999996,84.69999999999999,High,0,Tuesday,June,0.32,62.8,Warning,Excessive Caustic Feed,Over-dosing Caustic Buffer,Calibrate Caustic Dosing Pump Feedback Controller,Alkaline Scrubber High pH
2026-06-10,13.89,SCB-501,Good,1.99,11.138571428571428,1.3360317931774532,10.3,13.89,3.59,80.1,High,0,Wednesday,June,0.31,59.1,Warning,Excessive Caustic Feed,Over-dosing Caustic Buffer,Calibrate Caustic Dosing Pump Feedback Controller,Alkaline Scrubber High pH
2026-06-11,13.825,SCB-501,Interpolated,-0.0650000000000012,11.642142857142858,1.6046023836215066,10.35,13.89,3.540000000000001,99.35,High,0,Thursday,June,0.32,75.0,Warning,Excessive Caustic Feed,Over-dosing Caustic Buffer,Calibrate Caustic Dosing Pump Feedback Controller,Alkaline Scrubber High pH
2026-06-12,13.76,SCB-501,Good,-0.0649999999999995,12.129285714285714,1.6634813609100805,10.37,13.89,3.5200000000000014,99.35,High,0,Friday,June,0.36,75.0,Warning,Excessive Caustic Feed,Over-dosing Caustic Buffer,Calibrate Caustic Dosing Pump Feedback Controller,Alkaline Scrubber High pH
2026-06-13,13.72,SCB-501,Good,-0.0399999999999991,12.59214285714286,1.5765781964507273,10.37,13.89,3.5200000000000014,99.6,High,0,Saturday,June,0.29,75.0,Warning,Excessive Caustic Feed,Over-dosing Caustic Buffer,Calibrate Caustic Dosing Pump Feedback Controller,Alkaline Scrubber High pH
2026-06-14,13.72,SCB-501,Good,0.0,13.026428571428571,1.366817210059307,10.37,13.89,3.5200000000000014,100.0,High,0,Sunday,June,0.29,75.0,Warning,Excessive Caustic Feed,Over-dosing Caustic Buffer,Calibrate Caustic Dosing Pump Feedback Controller,Alkaline Scrubber High pH
2026-06-15,13.67,SCB-501,Good,-0.0500000000000007,13.497857142857145,0.7084011172049124,11.9,13.89,1.99,99.5,High,0,Monday,June,0.31,75.0,Warning,Excessive Caustic Feed,Over-dosing Caustic Buffer,Calibrate Caustic Dosing Pump Feedback Controller,Alkaline Scrubber High pH
2026-06-16,13.6,SCB-501,Good,-0.0700000000000002,13.740714285714288,0.0961088172954605,13.6,13.89,0.2900000000000009,99.3,High,0,Tuesday,June,0.24,75.0,Warning,Excessive Caustic Feed,Over-dosing Caustic Buffer,Calibrate Caustic Dosing Pump Feedback Controller,Alkaline Scrubber High pH
2026-06-17,13.51,SCB-501,Good,-0.0899999999999998,13.686428571428571,0.1046706853946201,13.51,13.825,0.3149999999999995,99.1,High,0,Wednesday,June,0.21,75.0,Warning,Excessive Caustic Feed,Over-dosing Caustic Buffer,Calibrate Caustic Dosing Pump Feedback Controller,Alkaline Scrubber High pH
2026-06-18,13.08,SCB-501,Good,-0.4299999999999997,13.58,0.2362907813126868,13.08,13.76,0.6799999999999997,95.7,High,0,Thursday,June,0.36,75.0,Warning,Excessive Caustic Feed,Over-dosing Caustic Buffer,Calibrate Caustic Dosing Pump Feedback Controller,Alkaline Scrubber High pH
2026-06-19,12.77,SCB-501,Good,-0.3100000000000005,13.438571428571429,0.3693881685268833,12.77,13.72,0.9500000000000012,96.9,High,0,Friday,June,0.26,75.0,Warning,Excessive Caustic Feed,Over-dosing Caustic Buffer,Calibrate Caustic Dosing Pump Feedback Controller,Alkaline Scrubber High pH
2026-06-20,12.62,SCB-501,Good,-0.1500000000000003,13.281428571428572,0.4539981120162407,12.62,13.72,1.1000000000000014,98.5,High,0,Saturday,June,0.24,75.0,Warning,Excessive Caustic Feed,Over-dosing Caustic Buffer,Calibrate Caustic Dosing Pump Feedback Controller,Alkaline Scrubber High pH
2026-06-21,11.62,SCB-501,Good,-1.0,12.98142857142857,0.7274024235004374,11.62,13.67,2.0500000000000007,90.0,High,0,Sunday,June,0.3,75.0,Warning,Excessive Caustic Feed,Over-dosing Caustic Buffer,Calibrate Caustic Dosing Pump Feedback Controller,Alkaline Scrubber High pH
2026-06-22,11.32,SCB-501,Good,-0.2999999999999989,12.645714285714286,0.8824182142056715,11.32,13.6,2.28,97.0,Normal,0,Monday,June,0.28,100.0,Normal,Healthy,Normal Operation,Continue Stream Monitoring,No Alert
2026-06-23,11.22,SCB-501,Good,-0.0999999999999996,12.305714285714286,0.9114796970285498,11.22,13.51,2.289999999999999,99.0,Normal,0,Tuesday,June,0.37,100.0,Normal,Healthy,Normal Operation,Continue Stream Monitoring,No Alert
2026-06-24,11.19,SCB-501,Good,-0.0300000000000011,11.974285714285712,0.8175544251578942,11.19,13.08,1.8900000000000008,99.7,Normal,0,Wednesday,June,0.27,100.0,Normal,Healthy,Normal Operation,Continue Stream Monitoring,No Alert
2026-06-25,11.11,SCB-501,Good,-0.08,11.69285714285714,0.7047863573621619,11.11,12.77,1.66,99.2,Normal,0,Thursday,June,0.33,100.0,Normal,Healthy,Normal Operation,Continue Stream Monitoring,No Alert
2026-06-26,11.14,SCB-501,Good,0.0300000000000011,11.46,0.5394750534856529,11.11,12.62,1.5099999999999998,99.7,Normal,0,Friday,June,0.24,100.0,Normal,Healthy,Normal Operation,Continue Stream Monitoring,No Alert
2026-06-27,11.19,SCB-501,Good,0.0499999999999989,11.255714285714284,0.1738636575842867,11.11,11.62,0.5099999999999998,99.5,Normal,0,Saturday,June,0.34,100.0,Normal,Healthy,Normal Operation,Continue Stream Monitoring,No Alert
2026-06-28,11.09,SCB-501,Good,-0.0999999999999996,11.18,0.0774596669242436,11.09,11.32,0.2300000000000004,99.0,Normal,0,Sunday,June,0.24,100.0,Normal,Healthy,Normal Operation,Continue Stream Monitoring,No Alert
2026-06-29,11.1,SCB-501,Good,0.0099999999999997,11.148571428571428,0.0514550196543911,11.09,11.22,0.1300000000000007,99.9,Normal,0,Monday,June,0.44,100.0,Normal,Healthy,Normal Operation,Continue Stream Monitoring,No Alert
2026-06-30,11.1,SCB-501,Good,0.0,11.131428571428572,0.0429839394150154,11.09,11.19,0.0999999999999996,100.0,Normal,0,Tuesday,June,0.47,100.0,Normal,Healthy,Normal Operation,Continue Stream Monitoring,No Alert
2026-01-01,1.41,SCB-502,Good,0.0,1.41,0.0,1.41,1.41,0.0,100.0,Low,0,Thursday,January,0.45,65.0,Warning,Low Alkali Dosing,Insufficient Caustic Injection Flow Rate,Increase Caustic Dosing Pump Output,Alkaline Scrubber Low pH
2026-01-02,1.4,SCB-502,Good,-0.01,1.4049999999999998,0.0070710678118654,1.4,1.41,0.01,99.9,Low,0,Friday,January,0.45,65.0,Warning,Low Alkali Dosing,Insufficient Caustic Injection Flow Rate,Increase Caustic Dosing Pump Output,Alkaline Scrubber Low pH
2026-01-03,1.4,SCB-502,Good,0.0,1.403333333333333,0.0057735026918961,1.4,1.41,0.01,100.0,Low,0,Saturday,January,0.47,65.0,Warning,Low Alkali Dosing,Insufficient Caustic Injection Flow Rate,Increase Caustic Dosing Pump Output,Alkaline Scrubber Low pH
2026-01-04,1.41,SCB-502,Good,0.01,1.4049999999999998,0.0057735026918962,1.4,1.41,0.01,99.9,Low,0,Sunday,January,0.51,65.0,Warning,Low Alkali Dosing,Insufficient Caustic Injection Flow Rate,Increase Caustic Dosing Pump Output,Alkaline Scrubber Low pH
2026-01-05,1.4,SCB-502,Good,-0.01,1.404,0.0054772255750516,1.4,1.41,0.01,99.9,Low,0,Monday,January,0.41,65.0,Warning,Low Alkali Dosing,Insufficient Caustic Injection Flow Rate,Increase Caustic Dosing Pump Output,Alkaline Scrubber Low pH
2026-01-06,1.395,SCB-502,Interpolated,-0.0049999999999998,1.4025,0.0061237243569578,1.395,1.41,0.0149999999999999,99.95,Low,0,Tuesday,January,0.41,65.0,Warning,Low Alkali Dosing,Insufficient Caustic Injection Flow Rate,Increase Caustic Dosing Pump Output,Alkaline Scrubber Low pH
2026-01-07,1.39,SCB-502,Interpolated,-0.0050000000000001,1.4007142857142856,0.0073192505471139,1.39,1.41,0.02,99.95,Low,0,Wednesday,January,0.52,65.0,Warning,Low Alkali Dosing,Insufficient Caustic Injection Flow Rate,Increase Caustic Dosing Pump Output,Alkaline Scrubber Low pH
2026-01-08,1.3849999999999998,SCB-502,Interpolated,-0.0050000000000001,1.397142857142857,0.0080917359371268,1.3849999999999998,1.41,0.0250000000000001,99.95,Low,0,Thursday,January,0.54,65.0,Warning,Low Alkali Dosing,Insufficient Caustic Injection Flow Rate,Increase Caustic Dosing Pump Output,Alkaline Scrubber Low pH
2026-01-09,1.38,SCB-502,Good,-0.0049999999999998,1.394285714285714,0.010177004891982,1.38,1.41,0.03,99.95,Low,0,Friday,January,0.48,65.0,Warning,Low Alkali Dosing,Insufficient Caustic Injection Flow Rate,Increase Caustic Dosing Pump Output,Alkaline Scrubber Low pH
2026-01-10,1.37,SCB-502,Good,-0.0099999999999997,1.39,0.0132287565553228,1.37,1.41,0.0399999999999998,99.9,Low,0,Saturday,January,0.53,65.0,Warning,Low Alkali Dosing,Insufficient Caustic Injection Flow Rate,Increase Caustic Dosing Pump Output,Alkaline Scrubber Low pH
2026-01-11,1.37,SCB-502,Good,0.0,1.384285714285714,0.0117006308336241,1.37,1.4,0.0299999999999998,100.0,Low,0,Sunday,January,0.51,65.0,Warning,Low Alkali Dosing,Insufficient Caustic Injection Flow Rate,Increase Caustic Dosing Pump Output,Alkaline Scrubber Low pH
2026-01-12,5.77,SCB-502,Good,4.4,2.0085714285714285,1.658660891315929,1.37,5.77,4.4,56.00000000000001,Low,0,Monday,January,0.52,29.8,Warning,Low Alkali Dosing,Insufficient Caustic Injection Flow Rate,Increase Caustic Dosing Pump Output,Alkaline Scrubber Low pH
2026-01-13,13.69,SCB-502,Good,7.92,3.765,4.672453852099558,1.37,13.69,12.32,20.8,High,0,Tuesday,January,0.54,11.6,Warning,Excessive Caustic Feed,Over-dosing Caustic Buffer,Calibrate Caustic Dosing Pump Feedback Controller,Alkaline Scrubber High pH
2026-01-14,13.63,SCB-502,Good,-0.0599999999999987,5.513571428571429,5.791747515708389,1.37,13.69,12.32,99.4,High,0,Wednesday,January,0.57,75.0,Warning,Excessive Caustic Feed,Over-dosing Caustic Buffer,Calibrate Caustic Dosing Pump Feedback Controller,Alkaline Scrubber High pH
2026-01-15,13.7,SCB-502,Good,0.0699999999999985,7.272857142857143,6.185641207090591,1.37,13.7,12.329999999999998,99.3,High,0,Thursday,January,0.51,75.0,Warning,Excessive Caustic Feed,Over-dosing Caustic Buffer,Calibrate Caustic Dosing Pump Feedback Controller,Alkaline Scrubber High pH
2026-01-16,13.8,SCB-502,Good,0.1000000000000014,9.047142857142855,5.991857570307989,1.37,13.8,12.43,99.0,High,0,Friday,January,0.49,75.0,Warning,Excessive Caustic Feed,Over-dosing Caustic Buffer,Calibrate Caustic Dosing Pump Feedback Controller,Alkaline Scrubber High pH
2026-01-17,13.65,SCB-502,Good,-0.1500000000000003,10.801428571428572,5.100968628837171,1.37,13.8,12.43,98.5,High,0,Saturday,January,0.54,75.0,Warning,Excessive Caustic Feed,Over-dosing Caustic Buffer,Calibrate Caustic Dosing Pump Feedback Controller,Alkaline Scrubber High pH
2026-01-18,13.73,SCB-502,Good,0.08,12.567142857142857,2.997769805959727,5.77,13.8,8.030000000000001,99.2,High,0,Sunday,January,0.46,75.0,Warning,Excessive Caustic Feed,Over-dosing Caustic Buffer,Calibrate Caustic Dosing Pump Feedback Controller,Alkaline Scrubber High pH
2026-01-19,13.7,SCB-502,Good,-0.0300000000000011,13.7,0.0553774924195283,13.63,13.8,0.1699999999999999,99.7,High,0,Monday,January,0.34,75.0,Warning,Excessive Caustic Feed,Over-dosing Caustic Buffer,Calibrate Caustic Dosing Pump Feedback Controller,Alkaline Scrubber High pH
2026-01-20,13.64,SCB-502,Good,-0.0599999999999987,13.692857142857145,0.0599205823610253,13.63,13.8,0.1699999999999999,99.4,High,0,Tuesday,January,0.53,75.0,Warning,Excessive Caustic Feed,Over-dosing Caustic Buffer,Calibrate Caustic Dosing Pump Feedback Controller,Alkaline Scrubber High pH
2026-01-21,13.77,SCB-502,Good,0.129999999999999,13.712857142857144,0.0587974732208035,13.64,13.8,0.1600000000000001,98.70000000000002,High,0,Wednesday,January,0.44,75.0,Warning,Excessive Caustic Feed,Over-dosing Caustic Buffer,Calibrate Caustic Dosing Pump Feedback Controller,Alkaline Scrubber High pH
2026-01-22,13.69,SCB-502,Good,-0.08,13.711428571428572,0.0592814112036308,13.64,13.8,0.1600000000000001,99.2,High,0,Thursday,January,0.46,75.0,Warning,Excessive Caustic Feed,Over-dosing Caustic Buffer,Calibrate Caustic Dosing Pump Feedback Controller,Alkaline Scrubber High pH
2026-01-23,13.62,SCB-502,Good,-0.0700000000000002,13.685714285714283,0.0531843156257529,13.62,13.77,0.1500000000000003,99.3,High,0,Friday,January,0.36,75.0,Warning,Excessive Caustic Feed,Over-dosing Caustic Buffer,Calibrate Caustic Dosing Pump Feedback Controller,Alkaline Scrubber High pH
2026-01-24,13.7,SCB-502,Good,0.08,13.69285714285714,0.0508967208225093,13.62,13.77,0.1500000000000003,99.2,High,0,Saturday,January,0.37,75.0,Warning,Excessive Caustic Feed,Over-dosing Caustic Buffer,Calibrate Caustic Dosing Pump Feedback Controller,Alkaline Scrubber High pH
2026-01-25,13.68,SCB-502,Interpolated,-0.0199999999999995,13.685714285714283,0.0482552735830988,13.62,13.77,0.1500000000000003,99.8,High,0,Sunday,January,0.54,75.0,Warning,Excessive Caustic Feed,Over-dosing Caustic Buffer,Calibrate Caustic Dosing Pump Feedback Controller,Alkaline Scrubber High pH
2026-01-26,13.66,SCB-502,Interpolated,-0.0199999999999995,13.679999999999998,0.0486483983978404,13.62,13.77,0.1500000000000003,99.8,High,0,Monday,January,0.41,75.0,Warning,Excessive Caustic Feed,Over-dosing Caustic Buffer,Calibrate Caustic Dosing Pump Feedback Controller,Alkaline Scrubber High pH
2026-01-27,13.64,SCB-502,Interpolated,-0.0199999999999995,13.679999999999998,0.0486483983978404,13.62,13.77,0.1500000000000003,99.8,High,0,Tuesday,January,0.42,75.0,Warning,Excessive Caustic Feed,Over-dosing Caustic Buffer,Calibrate Caustic Dosing Pump Feedback Controller,Alkaline Scrubber High pH
2026-01-28,,SCB-502,Offline,0.0,13.665,0.0308220700150098,13.62,13.7,0.08,100.0,Offline,0,Wednesday,January,0.425,0.0,Critical,Scrubber Telemetry Offline,CEMS Sensor Communication Failure,Inspect Modbus Transmitters and Field PLC Cabinets,Sensor Connection Error
2026-01-29,13.6,SCB-502,Good,0.0,13.65,0.0374165738678775,13.6,13.7,0.0999999999999996,100.0,High,0,Thursday,January,0.43,75.0,Warning,Excessive Caustic Feed,Over-dosing Caustic Buffer,Calibrate Caustic Dosing Pump Feedback Controller,Alkaline Scrubber High pH
2026-01-30,13.61,SCB-502,Good,0.0099999999999997,13.648333333333332,0.0392003401347107,13.6,13.7,0.0999999999999996,99.9,High,0,Friday,January,0.435,75.0,Warning,Excessive Caustic Feed,Over-dosing Caustic Buffer,Calibrate Caustic Dosing Pump Feedback Controller,Alkaline Scrubber High pH
2026-01-31,13.59,SCB-502,Good,-0.0199999999999995,13.629999999999995,0.0357770876401441,13.59,13.68,0.0899999999999998,99.8,High,0,Saturday,January,0.0,75.0,Warning,Excessive Caustic Feed,Over-dosing Caustic Buffer,Calibrate Caustic Dosing Pump Feedback Controller,Alkaline Scrubber High pH
2026-02-01,13.58,SCB-502,Good,-0.0099999999999997,13.613333333333337,0.0307679486914123,13.58,13.66,0.08,99.9,High,0,Sunday,February,0.0,75.0,Warning,Excessive Caustic Feed,Over-dosing Caustic Buffer,Calibrate Caustic Dosing Pump Feedback Controller,Alkaline Scrubber High pH
2026-02-02,13.6,SCB-502,Good,0.0199999999999995,13.603333333333332,0.0206559111800342,13.58,13.64,0.0600000000000005,99.8,High,0,Monday,February,0.45,75.0,Warning,Excessive Caustic Feed,Over-dosing Caustic Buffer,Calibrate Caustic Dosing Pump Feedback Controller,Alkaline Scrubber High pH
2026-02-03,13.62,SCB-502,Good,0.0199999999999995,13.6,0.0141421356241132,13.58,13.62,0.0399999999999991,99.8,High,0,Tuesday,February,0.23,75.0,Warning,Excessive Caustic Feed,Over-dosing Caustic Buffer,Calibrate Caustic Dosing Pump Feedback Controller,Alkaline Scrubber High pH
2026-02-04,13.65,SCB-502,Good,0.0300000000000011,13.607142857142858,0.0228868854110492,13.58,13.65,0.0700000000000002,99.7,High,0,Wednesday,February,0.25,75.0,Warning,Excessive Caustic Feed,Over-dosing Caustic Buffer,Calibrate Caustic Dosing Pump Feedback Controller,Alkaline Scrubber High pH
2026-02-05,13.69,SCB-502,Good,0.0399999999999991,13.62,0.0382970843103695,13.58,13.69,0.1099999999999994,99.6,High,0,Thursday,February,0.2,75.0,Warning,Excessive Caustic Feed,Over-dosing Caustic Buffer,Calibrate Caustic Dosing Pump Feedback Controller,Alkaline Scrubber High pH
2026-02-06,13.7,SCB-502,Good,0.0099999999999997,13.632857142857144,0.0482059075614006,13.58,13.7,0.1199999999999992,99.9,High,0,Friday,February,0.24,75.0,Warning,Excessive Caustic Feed,Over-dosing Caustic Buffer,Calibrate Caustic Dosing Pump Feedback Controller,Alkaline Scrubber High pH
2026-02-07,13.67,SCB-502,Good,-0.0299999999999993,13.644285714285717,0.0457737708218011,13.58,13.7,0.1199999999999992,99.7,High,0,Saturday,February,0.2,75.0,Warning,Excessive Caustic Feed,Over-dosing Caustic Buffer,Calibrate Caustic Dosing Pump Feedback Controller,Alkaline Scrubber High pH
2026-02-08,13.66,SCB-502,Good,-0.0099999999999997,13.655714285714286,0.0359894164338165,13.6,13.7,0.0999999999999996,99.9,High,0,Sunday,February,0.27,75.0,Warning,Excessive Caustic Feed,Over-dosing Caustic Buffer,Calibrate Caustic Dosing Pump Feedback Controller,Alkaline Scrubber High pH
2026-02-09,13.64,SCB-502,Good,-0.0199999999999995,13.661428571428573,0.0279455252403831,13.62,13.7,0.08,99.8,High,0,Monday,February,0.28,75.0,Warning,Excessive Caustic Feed,Over-dosing Caustic Buffer,Calibrate Caustic Dosing Pump Feedback Controller,Alkaline Scrubber High pH
2026-02-10,13.59,SCB-502,Good,-0.0500000000000007,13.657142857142857,0.036384193323723,13.59,13.7,0.1099999999999994,99.5,High,0,Tuesday,February,0.27,75.0,Warning,Excessive Caustic Feed,Over-dosing Caustic Buffer,Calibrate Caustic Dosing Pump Feedback Controller,Alkaline Scrubber High pH
2026-02-11,13.57,SCB-502,Good,-0.0199999999999995,13.645714285714286,0.0492805380305454,13.57,13.7,0.129999999999999,99.8,High,0,Wednesday,February,0.14,75.0,Warning,Excessive Caustic Feed,Over-dosing Caustic Buffer,Calibrate Caustic Dosing Pump Feedback Controller,Alkaline Scrubber High pH
2026-02-12,13.56,SCB-502,Good,-0.0099999999999997,13.627142857142855,0.0540722620556814,13.56,13.7,0.1399999999999988,99.9,High,0,Thursday,February,0.26,75.0,Warning,Excessive Caustic Feed,Over-dosing Caustic Buffer,Calibrate Caustic Dosing Pump Feedback Controller,Alkaline Scrubber High pH
2026-02-13,13.56,SCB-502,Good,0.0,13.607142857142858,0.0482059075614022,13.56,13.67,0.1099999999999994,100.0,High,0,Friday,February,0.29,75.0,Warning,Excessive Caustic Feed,Over-dosing Caustic Buffer,Calibrate Caustic Dosing Pump Feedback Controller,Alkaline Scrubber High pH
2026-02-14,13.54,SCB-502,Good,-0.0200000000000013,13.588571428571427,0.0448807944926873,13.54,13.66,0.120000000000001,99.79999999999998,High,0,Saturday,February,0.17,75.0,Warning,Excessive Caustic Feed,Over-dosing Caustic Buffer,Calibrate Caustic Dosing Pump Feedback Controller,Alkaline Scrubber High pH
2026-02-15,13.55,SCB-502,Good,0.0100000000000015,13.572857142857144,0.0335232683940391,13.54,13.64,0.1000000000000014,99.89999999999998,High,0,Sunday,February,0.29,75.0,Warning,Excessive Caustic Feed,Over-dosing Caustic Buffer,Calibrate Caustic Dosing Pump Feedback Controller,Alkaline Scrubber High pH
2026-02-16,13.57,SCB-502,Good,0.0199999999999995,13.562857142857142,0.0160356745150369,13.54,13.59,0.0500000000000007,99.8,High,0,Monday,February,0.19,75.0,Warning,Excessive Caustic Feed,Over-dosing Caustic Buffer,Calibrate Caustic Dosing Pump Feedback Controller,Alkaline Scrubber High pH
2026-02-17,13.54,SCB-502,Good,-0.0300000000000011,13.555714285714286,0.0127241802059767,13.54,13.57,0.0300000000000011,99.7,High,0,Tuesday,February,0.19,75.0,Warning,Excessive Caustic Feed,Over-dosing Caustic Buffer,Calibrate Caustic Dosing Pump Feedback Controller,Alkaline Scrubber High pH
2026-02-18,13.53,SCB-502,Good,-0.0099999999999997,13.55,0.0141421356240656,13.53,13.57,0.0400000000000009,99.9,High,0,Wednesday,February,0.22,75.0,Warning,Excessive Caustic Feed,Over-dosing Caustic Buffer,Calibrate Caustic Dosing Pump Feedback Controller,Alkaline Scrubber High pH
2026-02-19,13.53,SCB-502,Good,0.0,13.545714285714286,0.0151185789206837,13.53,13.57,0.0400000000000009,100.0,High,0,Thursday,February,0.25,75.0,Warning,Excessive Caustic Feed,Over-dosing Caustic Buffer,Calibrate Caustic Dosing Pump Feedback Controller,Alkaline Scrubber High pH
2026-02-20,13.58,SCB-502,Good,0.0500000000000007,13.54857142857143,0.0195180014592135,13.53,13.58,0.0500000000000007,99.5,High,0,Friday,February,0.25,75.0,Warning,Excessive Caustic Feed,Over-dosing Caustic Buffer,Calibrate Caustic Dosing Pump Feedback Controller,Alkaline Scrubber High pH
2026-02-21,13.59,SCB-502,Good,0.0099999999999997,13.555714285714284,0.0243975018239056,13.53,13.59,0.0600000000000005,99.9,High,0,Saturday,February,0.24,75.0,Warning,Excessive Caustic Feed,Over-dosing Caustic Buffer,Calibrate Caustic Dosing Pump Feedback Controller,Alkaline Scrubber High pH
2026-02-22,13.66,SCB-502,Good,0.0700000000000002,13.571428571428571,0.0459813626841883,13.53,13.66,0.1300000000000007,99.3,High,0,Sunday,February,0.24,75.0,Warning,Excessive Caustic Feed,Over-dosing Caustic Buffer,Calibrate Caustic Dosing Pump Feedback Controller,Alkaline Scrubber High pH
2026-02-23,13.66,SCB-502,Good,0.0,13.584285714285716,0.0568205194325111,13.53,13.66,0.1300000000000007,100.0,High,0,Monday,February,0.34,75.0,Warning,Excessive Caustic Feed,Over-dosing Caustic Buffer,Calibrate Caustic Dosing Pump Feedback Controller,Alkaline Scrubber High pH
2026-02-24,13.63,SCB-502,Good,-0.0299999999999993,13.597142857142856,0.0552914356582606,13.53,13.66,0.1300000000000007,99.7,High,0,Tuesday,February,0.21,75.0,Warning,Excessive Caustic Feed,Over-dosing Caustic Buffer,Calibrate Caustic Dosing Pump Feedback Controller,Alkaline Scrubber High pH
2026-02-25,13.59,SCB-502,Good,-0.0400000000000009,13.605714285714283,0.047207747548257,13.53,13.66,0.1300000000000007,99.6,High,0,Wednesday,February,0.22,75.0,Warning,Excessive Caustic Feed,Over-dosing Caustic Buffer,Calibrate Caustic Dosing Pump Feedback Controller,Alkaline Scrubber High pH
2026-02-26,13.51,SCB-502,Good,-0.08,13.602857142857143,0.0528249580263417,13.51,13.66,0.1500000000000003,99.2,High,0,Thursday,February,0.23,75.0,Warning,Excessive Caustic Feed,Over-dosing Caustic Buffer,Calibrate Caustic Dosing Pump Feedback Controller,Alkaline Scrubber High pH
2026-02-27,13.47,SCB-502,Good,-0.0399999999999991,13.587142857142856,0.0731925054712004,13.47,13.66,0.1899999999999995,99.6,High,0,Friday,February,0.23,75.0,Warning,Excessive Caustic Feed,Over-dosing Caustic Buffer,Calibrate Caustic Dosing Pump Feedback Controller,Alkaline Scrubber High pH
2026-02-28,13.47,SCB-502,Good,0.0,13.570000000000002,0.085440037453229,13.47,13.66,0.1899999999999995,100.0,High,0,Saturday,February,0.23,75.0,Warning,Excessive Caustic Feed,Over-dosing Caustic Buffer,Calibrate Caustic Dosing Pump Feedback Controller,Alkaline Scrubber High pH
2026-03-01,13.48,SCB-502,Good,0.0099999999999997,13.544285714285715,0.0807995756707986,13.47,13.66,0.1899999999999995,99.9,High,0,Sunday,March,0.24,75.0,Warning,Excessive Caustic Feed,Over-dosing Caustic Buffer,Calibrate Caustic Dosing Pump Feedback Controller,Alkaline Scrubber High pH
2026-03-02,13.48,SCB-502,Good,0.0,13.518571428571429,0.0649175301000883,13.47,13.63,0.1600000000000001,100.0,High,0,Monday,March,0.3,75.0,Warning,Excessive Caustic Feed,Over-dosing Caustic Buffer,Calibrate Caustic Dosing Pump Feedback Controller,Alkaline Scrubber High pH
2026-03-03,13.52,SCB-502,Good,0.0399999999999991,13.502857142857144,0.0430945803686873,13.47,13.59,0.1199999999999992,99.6,High,0,Tuesday,March,0.26,75.0,Warning,Excessive Caustic Feed,Over-dosing Caustic Buffer,Calibrate Caustic Dosing Pump Feedback Controller,Alkaline Scrubber High pH
2026-03-04,13.56,SCB-502,Good,0.0400000000000009,13.498571428571427,0.0333809184160083,13.47,13.56,0.0899999999999998,99.6,High,0,Wednesday,March,0.18,75.0,Warning,Excessive Caustic Feed,Over-dosing Caustic Buffer,Calibrate Caustic Dosing Pump Feedback Controller,Alkaline Scrubber High pH
2026-03-05,13.58,SCB-502,Good,0.0199999999999995,13.508571428571427,0.0456174569760601,13.47,13.58,0.1099999999999994,99.8,High,0,Thursday,March,0.22,75.0,Warning,Excessive Caustic Feed,Over-dosing Caustic Buffer,Calibrate Caustic Dosing Pump Feedback Controller,Alkaline Scrubber High pH
2026-03-06,13.56,SCB-502,Good,-0.0199999999999995,13.521428571428572,0.0456174569760581,13.47,13.58,0.1099999999999994,99.8,High,0,Friday,March,0.25,75.0,Warning,Excessive Caustic Feed,Over-dosing Caustic Buffer,Calibrate Caustic Dosing Pump Feedback Controller,Alkaline Scrubber High pH
2026-03-07,13.54,SCB-502,Good,-0.0200000000000013,13.531428571428572,0.039761191895646,13.48,13.58,0.0999999999999996,99.79999999999998,High,0,Saturday,March,0.2,75.0,Warning,Excessive Caustic Feed,Over-dosing Caustic Buffer,Calibrate Caustic Dosing Pump Feedback Controller,Alkaline Scrubber High pH
2026-03-08,13.52,SCB-502,Good,-0.0199999999999995,13.537142857142856,0.0335232683940493,13.48,13.58,0.0999999999999996,99.8,High,0,Sunday,March,0.22,75.0,Warning,Excessive Caustic Feed,Over-dosing Caustic Buffer,Calibrate Caustic Dosing Pump Feedback Controller,Alkaline Scrubber High pH
2026-03-09,13.5,SCB-502,Good,-0.0199999999999995,13.54,0.0282842712476372,13.5,13.58,0.08,99.8,High,0,Monday,March,0.2,75.0,Warning,Excessive Caustic Feed,Over-dosing Caustic Buffer,Calibrate Caustic Dosing Pump Feedback Controller,Alkaline Scrubber High pH
2026-03-10,13.47,SCB-502,Good,-0.0299999999999993,13.53285714285714,0.0386066858262423,13.47,13.58,0.1099999999999994,99.7,High,0,Tuesday,March,0.19,75.0,Warning,Excessive Caustic Feed,Over-dosing Caustic Buffer,Calibrate Caustic Dosing Pump Feedback Controller,Alkaline Scrubber High pH
2026-03-11,13.49,SCB-502,Good,0.0199999999999995,13.522857142857143,0.0394606494770799,13.47,13.58,0.1099999999999994,99.8,High,0,Wednesday,March,0.24,75.0,Warning,Excessive Caustic Feed,Over-dosing Caustic Buffer,Calibrate Caustic Dosing Pump Feedback Controller,Alkaline Scrubber High pH
2026-03-12,13.57,SCB-502,Good,0.08,13.52142857142857,0.0371611676479968,13.47,13.57,0.0999999999999996,99.2,High,0,Thursday,March,0.25,75.0,Warning,Excessive Caustic Feed,Over-dosing Caustic Buffer,Calibrate Caustic Dosing Pump Feedback Controller,Alkaline Scrubber High pH
2026-03-13,13.53,SCB-502,Good,-0.0400000000000009,13.517142857142856,0.0335232683940527,13.47,13.57,0.0999999999999996,99.6,High,0,Friday,March,0.22,75.0,Warning,Excessive Caustic Feed,Over-dosing Caustic Buffer,Calibrate Caustic Dosing Pump Feedback Controller,Alkaline Scrubber High pH
2026-03-14,13.46,SCB-502,Good,-0.0699999999999985,13.505714285714287,0.0377964473010589,13.46,13.57,0.1099999999999994,99.3,High,0,Saturday,March,0.13,75.0,Warning,Excessive Caustic Feed,Over-dosing Caustic Buffer,Calibrate Caustic Dosing Pump Feedback Controller,Alkaline Scrubber High pH
2026-03-15,13.4,SCB-502,Good,-0.0600000000000005,13.48857142857143,0.0539841246506432,13.4,13.57,0.1699999999999999,99.4,High,0,Sunday,March,0.15,75.0,Warning,Excessive Caustic Feed,Over-dosing Caustic Buffer,Calibrate Caustic Dosing Pump Feedback Controller,Alkaline Scrubber High pH
2026-03-16,13.48,SCB-502,Good,0.08,13.485714285714286,0.0538074167308615,13.4,13.57,0.1699999999999999,99.2,High,0,Monday,March,0.14,75.0,Warning,Excessive Caustic Feed,Over-dosing Caustic Buffer,Calibrate Caustic Dosing Pump Feedback Controller,Alkaline Scrubber High pH
2026-03-17,13.49,SCB-502,Good,0.0099999999999997,13.488571428571433,0.0533630869387213,13.4,13.57,0.1699999999999999,99.9,High,0,Tuesday,March,0.19,75.0,Warning,Excessive Caustic Feed,Over-dosing Caustic Buffer,Calibrate Caustic Dosing Pump Feedback Controller,Alkaline Scrubber High pH
2026-03-18,13.44,SCB-502,Good,-0.0500000000000007,13.481428571428571,0.0563999324553046,13.4,13.57,0.1699999999999999,99.5,High,0,Wednesday,March,0.12,75.0,Warning,Excessive Caustic Feed,Over-dosing Caustic Buffer,Calibrate Caustic Dosing Pump Feedback Controller,Alkaline Scrubber High pH
2026-03-19,13.41,SCB-502,Good,-0.0299999999999993,13.45857142857143,0.0459813626842052,13.4,13.53,0.129999999999999,99.7,High,0,Thursday,March,0.19,75.0,Warning,Excessive Caustic Feed,Over-dosing Caustic Buffer,Calibrate Caustic Dosing Pump Feedback Controller,Alkaline Scrubber High pH
2026-03-20,13.38,SCB-502,Good,-0.0299999999999993,13.437142857142858,0.0419182878604761,13.38,13.49,0.1099999999999994,99.7,High,0,Friday,March,0.21,75.0,Warning,Excessive Caustic Feed,Over-dosing Caustic Buffer,Calibrate Caustic Dosing Pump Feedback Controller,Alkaline Scrubber High pH
2026-03-21,12.35,SCB-502,Good,-1.0300000000000011,13.278571428571428,0.4114781716133894,12.35,13.49,1.1400000000000006,89.69999999999999,High,0,Saturday,March,0.25,66.8,Warning,Excessive Caustic Feed,Over-dosing Caustic Buffer,Calibrate Caustic Dosing Pump Feedback Controller,Alkaline Scrubber High pH
2026-03-22,9.69,SCB-502,Good,-2.66,12.748571428571427,1.409059125461964,9.69,13.49,3.8000000000000007,73.4,Normal,0,Sunday,March,0.3,78.7,Normal,Healthy,Normal Operation,Continue Stream Monitoring,No Alert
2026-03-23,9.69,SCB-502,Good,0.0,12.207142857142856,1.7644896739635028,9.69,13.49,3.8000000000000007,100.0,Normal,0,Monday,March,0.28,100.0,Normal,Healthy,Normal Operation,Continue Stream Monitoring,No Alert
2026-03-24,9.69,SCB-502,Good,0.0,11.664285714285716,1.8844969014112476,9.69,13.44,3.75,100.0,Normal,0,Tuesday,March,0.24,100.0,Normal,Healthy,Normal Operation,Continue Stream Monitoring,No Alert
2026-03-25,9.69,SCB-502,Interpolated,0.0,11.128571428571428,1.8277347416171497,9.69,13.41,3.7200000000000006,100.0,Normal,0,Wednesday,March,0.21,100.0,Normal,Healthy,Normal Operation,Continue Stream Monitoring,No Alert
2026-03-26,9.69,SCB-502,Interpolated,0.0,10.597142857142856,1.5775161307755836,9.69,13.38,3.690000000000001,100.0,Normal,0,Thursday,March,0.31,100.0,Normal,Healthy,Normal Operation,Continue Stream Monitoring,No Alert
2026-03-27,9.69,SCB-502,Interpolated,0.0,10.07,1.0053854982045574,9.69,12.35,2.66,100.0,Normal,0,Friday,March,0.27,100.0,Normal,Healthy,Normal Operation,Continue Stream Monitoring,No Alert
2026-03-28,9.69,SCB-502,Good,0.0,9.69,0.0,9.69,9.69,0.0,100.0,Normal,0,Saturday,March,0.2,100.0,Normal,Healthy,Normal Operation,Continue Stream Monitoring,No Alert
2026-03-29,9.69,SCB-502,Good,0.0,9.69,0.0,9.69,9.69,0.0,100.0,Normal,0,Sunday,March,0.25,100.0,Normal,Healthy,Normal Operation,Continue Stream Monitoring,No Alert
2026-03-30,9.69,SCB-502,Good,0.0,9.69,0.0,9.69,9.69,0.0,100.0,Normal,0,Monday,March,0.24,100.0,Normal,Healthy,Normal Operation,Continue Stream Monitoring,No Alert
2026-03-31,9.69,SCB-502,Good,0.0,9.69,0.0,9.69,9.69,0.0,100.0,Normal,0,Tuesday,March,0.28,100.0,Normal,Healthy,Normal Operation,Continue Stream Monitoring,No Alert
2026-04-01,9.69,SCB-502,Good,0.0,9.69,0.0,9.69,9.69,0.0,100.0,Normal,0,Wednesday,April,0.3,100.0,Normal,Healthy,Normal Operation,Continue Stream Monitoring,No Alert
2026-04-02,9.69,SCB-502,Good,0.0,9.69,0.0,9.69,9.69,0.0,100.0,Normal,0,Thursday,April,0.32,100.0,Normal,Healthy,Normal Operation,Continue Stream Monitoring,No Alert
2026-04-03,9.69,SCB-502,Good,0.0,9.69,0.0,9.69,9.69,0.0,100.0,Normal,0,Friday,April,0.26,100.0,Normal,Healthy,Normal Operation,Continue Stream Monitoring,No Alert
2026-04-04,9.69,SCB-502,Good,0.0,9.69,0.0,9.69,9.69,0.0,100.0,Normal,0,Saturday,April,0.27,100.0,Normal,Healthy,Normal Operation,Continue Stream Monitoring,No Alert
2026-04-05,9.69,SCB-502,Good,0.0,9.69,0.0,9.69,9.69,0.0,100.0,Normal,0,Sunday,April,0.25,100.0,Normal,Healthy,Normal Operation,Continue Stream Monitoring,No Alert
2026-04-06,9.69,SCB-502,Good,0.0,9.69,0.0,9.69,9.69,0.0,100.0,Normal,0,Monday,April,0.34,100.0,Normal,Healthy,Normal Operation,Continue Stream Monitoring,No Alert
2026-04-07,9.73,SCB-502,Good,0.0400000000000009,9.695714285714285,0.0151185789203695,9.69,9.73,0.0400000000000009,99.6,Normal,0,Tuesday,April,0.34,100.0,Normal,Healthy,Normal Operation,Continue Stream Monitoring,No Alert
2026-04-08,9.69,SCB-502,Good,-0.0400000000000009,9.695714285714288,0.0151185789203695,9.69,9.73,0.0400000000000009,99.6,Normal,0,Wednesday,April,0.27,100.0,Normal,Healthy,Normal Operation,Continue Stream Monitoring,No Alert
2026-04-09,9.69,SCB-502,Good,0.0,9.695714285714288,0.0151185789203695,9.69,9.73,0.0400000000000009,100.0,Normal,0,Thursday,April,0.28,100.0,Normal,Healthy,Normal Operation,Continue Stream Monitoring,No Alert
2026-04-10,9.69,SCB-502,Good,0.0,9.695714285714288,0.0151185789203695,9.69,9.73,0.0400000000000009,100.0,Normal,0,Friday,April,0.33,100.0,Normal,Healthy,Normal Operation,Continue Stream Monitoring,No Alert
2026-04-11,9.69,SCB-502,Good,0.0,9.695714285714285,0.0151185789203695,9.69,9.73,0.0400000000000009,100.0,Normal,0,Saturday,April,0.34,100.0,Normal,Healthy,Normal Operation,Continue Stream Monitoring,No Alert
2026-04-12,9.69,SCB-502,Interpolated,0.0,9.695714285714288,0.0151185789203695,9.69,9.73,0.0400000000000009,100.0,Normal,0,Sunday,April,0.2,100.0,Normal,Healthy,Normal Operation,Continue Stream Monitoring,No Alert
2026-04-13,9.69,SCB-502,Good,0.0,9.695714285714288,0.0151185789203695,9.69,9.73,0.0400000000000009,100.0,Normal,0,Monday,April,0.23,100.0,Normal,Healthy,Normal Operation,Continue Stream Monitoring,No Alert
2026-04-14,9.69,SCB-502,Good,0.0,9.69,0.0,9.69,9.69,0.0,100.0,Normal,0,Tuesday,April,0.26,100.0,Normal,Healthy,Normal Operation,Continue Stream Monitoring,No Alert
2026-04-15,9.69,SCB-502,Good,0.0,9.69,0.0,9.69,9.69,0.0,100.0,Normal,0,Wednesday,April,0.26,100.0,Normal,Healthy,Normal Operation,Continue Stream Monitoring,No Alert
2026-04-16,9.69,SCB-502,Good,0.0,9.69,0.0,9.69,9.69,0.0,100.0,Normal,0,Thursday,April,0.22,100.0,Normal,Healthy,Normal Operation,Continue Stream Monitoring,No Alert
2026-04-17,9.69,SCB-502,Good,0.0,9.69,0.0,9.69,9.69,0.0,100.0,Normal,0,Friday,April,0.25,100.0,Normal,Healthy,Normal Operation,Continue Stream Monitoring,No Alert
2026-04-18,9.69,SCB-502,Good,0.0,9.69,0.0,9.69,9.69,0.0,100.0,Normal,0,Saturday,April,0.22,100.0,Normal,Healthy,Normal Operation,Continue Stream Monitoring,No Alert
2026-04-19,9.69,SCB-502,Good,0.0,9.69,0.0,9.69,9.69,0.0,100.0,Normal,0,Sunday,April,0.28,100.0,Normal,Healthy,Normal Operation,Continue Stream Monitoring,No Alert
2026-04-20,9.69,SCB-502,Good,0.0,9.69,0.0,9.69,9.69,0.0,100.0,Normal,0,Monday,April,0.27,100.0,Normal,Healthy,Normal Operation,Continue Stream Monitoring,No Alert
2026-04-21,9.69,SCB-502,Good,0.0,9.69,0.0,9.69,9.69,0.0,100.0,Normal,0,Tuesday,April,0.29,100.0,Normal,Healthy,Normal Operation,Continue Stream Monitoring,No Alert
2026-04-22,9.69,SCB-502,Good,0.0,9.69,0.0,9.69,9.69,0.0,100.0,Normal,0,Wednesday,April,0.34,100.0,Normal,Healthy,Normal Operation,Continue Stream Monitoring,No Alert
2026-04-23,9.69,SCB-502,Good,0.0,9.69,0.0,9.69,9.69,0.0,100.0,Normal,0,Thursday,April,0.38,100.0,Normal,Healthy,Normal Operation,Continue Stream Monitoring,No Alert
2026-04-24,9.69,SCB-502,Good,0.0,9.69,0.0,9.69,9.69,0.0,100.0,Normal,0,Friday,April,0.41,100.0,Normal,Healthy,Normal Operation,Continue Stream Monitoring,No Alert
2026-04-25,9.69,SCB-502,Good,0.0,9.69,0.0,9.69,9.69,0.0,100.0,Normal,0,Saturday,April,0.6,100.0,Normal,Healthy,Normal Operation,Continue Stream Monitoring,No Alert
2026-04-26,9.69,SCB-502,Good,0.0,9.69,0.0,9.69,9.69,0.0,100.0,Normal,0,Sunday,April,0.0,100.0,Normal,Healthy,Normal Operation,Continue Stream Monitoring,No Alert
2026-04-27,9.69,SCB-502,Good,0.0,9.69,0.0,9.69,9.69,0.0,100.0,Normal,0,Monday,April,0.51,100.0,Normal,Healthy,Normal Operation,Continue Stream Monitoring,No Alert
2026-04-28,9.69,SCB-502,Good,0.0,9.69,0.0,9.69,9.69,0.0,100.0,Normal,0,Tuesday,April,0.34,100.0,Normal,Healthy,Normal Operation,Continue Stream Monitoring,No Alert
2026-04-29,9.69,SCB-502,Good,0.0,9.69,0.0,9.69,9.69,0.0,100.0,Normal,0,Wednesday,April,0.41,100.0,Normal,Healthy,Normal Operation,Continue Stream Monitoring,No Alert
2026-04-30,9.69,SCB-502,Good,0.0,9.69,0.0,9.69,9.69,0.0,100.0,Normal,0,Thursday,April,0.3,100.0,Normal,Healthy,Normal Operation,Continue Stream Monitoring,No Alert
2026-05-01,9.69,SCB-502,Good,0.0,9.69,0.0,9.69,9.69,0.0,100.0,Normal,0,Friday,May,0.35,100.0,Normal,Healthy,Normal Operation,Continue Stream Monitoring,No Alert
2026-05-02,9.69,SCB-502,Good,0.0,9.69,0.0,9.69,9.69,0.0,100.0,Normal,0,Saturday,May,0.36,100.0,Normal,Healthy,Normal Operation,Continue Stream Monitoring,No Alert
2026-05-03,9.69,SCB-502,Good,0.0,9.69,0.0,9.69,9.69,0.0,100.0,Normal,0,Sunday,May,0.27,100.0,Normal,Healthy,Normal Operation,Continue Stream Monitoring,No Alert
2026-05-04,9.69,SCB-502,Good,0.0,9.69,0.0,9.69,9.69,0.0,100.0,Normal,0,Monday,May,0.35,100.0,Normal,Healthy,Normal Operation,Continue Stream Monitoring,No Alert
2026-05-05,9.69,SCB-502,Good,0.0,9.69,0.0,9.69,9.69,0.0,100.0,Normal,0,Tuesday,May,0.31,100.0,Normal,Healthy,Normal Operation,Continue Stream Monitoring,No Alert
2026-05-06,9.69,SCB-502,Good,0.0,9.69,0.0,9.69,9.69,0.0,100.0,Normal,0,Wednesday,May,0.4,100.0,Normal,Healthy,Normal Operation,Continue Stream Monitoring,No Alert
2026-05-07,9.69,SCB-502,Good,0.0,9.69,0.0,9.69,9.69,0.0,100.0,Normal,0,Thursday,May,0.47,100.0,Normal,Healthy,Normal Operation,Continue Stream Monitoring,No Alert
2026-05-08,9.69,SCB-502,Good,0.0,9.69,0.0,9.69,9.69,0.0,100.0,Normal,0,Friday,May,0.33,100.0,Normal,Healthy,Normal Operation,Continue Stream Monitoring,No Alert
2026-05-09,9.69,SCB-502,Good,0.0,9.69,0.0,9.69,9.69,0.0,100.0,Normal,0,Saturday,May,0.37,100.0,Normal,Healthy,Normal Operation,Continue Stream Monitoring,No Alert
2026-05-10,9.69,SCB-502,Good,0.0,9.69,0.0,9.69,9.69,0.0,100.0,Normal,0,Sunday,May,0.39,100.0,Normal,Healthy,Normal Operation,Continue Stream Monitoring,No Alert
2026-05-11,9.69,SCB-502,Good,0.0,9.69,0.0,9.69,9.69,0.0,100.0,Normal,0,Monday,May,0.41,100.0,Normal,Healthy,Normal Operation,Continue Stream Monitoring,No Alert
2026-05-12,9.69,SCB-502,Good,0.0,9.69,0.0,9.69,9.69,0.0,100.0,Normal,0,Tuesday,May,0.45,100.0,Normal,Healthy,Normal Operation,Continue Stream Monitoring,No Alert
2026-05-13,9.69,SCB-502,Good,0.0,9.69,0.0,9.69,9.69,0.0,100.0,Normal,0,Wednesday,May,0.24,100.0,Normal,Healthy,Normal Operation,Continue Stream Monitoring,No Alert
2026-05-14,9.69,SCB-502,Good,0.0,9.69,0.0,9.69,9.69,0.0,100.0,Normal,0,Thursday,May,0.32,100.0,Normal,Healthy,Normal Operation,Continue Stream Monitoring,No Alert
2026-05-15,9.69,SCB-502,Good,0.0,9.69,0.0,9.69,9.69,0.0,100.0,Normal,0,Friday,May,0.2,100.0,Normal,Healthy,Normal Operation,Continue Stream Monitoring,No Alert
2026-05-16,9.69,SCB-502,Good,0.0,9.69,0.0,9.69,9.69,0.0,100.0,Normal,0,Saturday,May,0.29,100.0,Normal,Healthy,Normal Operation,Continue Stream Monitoring,No Alert
2026-05-17,9.69,SCB-502,Good,0.0,9.69,0.0,9.69,9.69,0.0,100.0,Normal,0,Sunday,May,0.28,100.0,Normal,Healthy,Normal Operation,Continue Stream Monitoring,No Alert
2026-05-18,9.69,SCB-502,Good,0.0,9.69,0.0,9.69,9.69,0.0,100.0,Normal,0,Monday,May,0.29,100.0,Normal,Healthy,Normal Operation,Continue Stream Monitoring,No Alert
2026-05-19,9.69,SCB-502,Good,0.0,9.69,0.0,9.69,9.69,0.0,100.0,Normal,0,Tuesday,May,0.27,100.0,Normal,Healthy,Normal Operation,Continue Stream Monitoring,No Alert
2026-05-20,9.69,SCB-502,Good,0.0,9.69,0.0,9.69,9.69,0.0,100.0,Normal,0,Wednesday,May,0.31,100.0,Normal,Healthy,Normal Operation,Continue Stream Monitoring,No Alert
2026-05-21,9.69,SCB-502,Good,0.0,9.69,0.0,9.69,9.69,0.0,100.0,Normal,0,Thursday,May,0.34,100.0,Normal,Healthy,Normal Operation,Continue Stream Monitoring,No Alert
2026-05-22,9.69,SCB-502,Good,0.0,9.69,0.0,9.69,9.69,0.0,100.0,Normal,0,Friday,May,0.25,100.0,Normal,Healthy,Normal Operation,Continue Stream Monitoring,No Alert
2026-05-23,9.69,SCB-502,Good,0.0,9.69,0.0,9.69,9.69,0.0,100.0,Normal,0,Saturday,May,0.19,100.0,Normal,Healthy,Normal Operation,Continue Stream Monitoring,No Alert
2026-05-24,9.69,SCB-502,Good,0.0,9.69,0.0,9.69,9.69,0.0,100.0,Normal,0,Sunday,May,0.35,100.0,Normal,Healthy,Normal Operation,Continue Stream Monitoring,No Alert
2026-05-25,9.69,SCB-502,Good,0.0,9.69,0.0,9.69,9.69,0.0,100.0,Normal,0,Monday,May,0.36,100.0,Normal,Healthy,Normal Operation,Continue Stream Monitoring,No Alert
2026-05-26,9.69,SCB-502,Good,0.0,9.69,0.0,9.69,9.69,0.0,100.0,Normal,0,Tuesday,May,0.3,100.0,Normal,Healthy,Normal Operation,Continue Stream Monitoring,No Alert
2026-05-27,9.69,SCB-502,Good,0.0,9.69,0.0,9.69,9.69,0.0,100.0,Normal,0,Wednesday,May,0.41,100.0,Normal,Healthy,Normal Operation,Continue Stream Monitoring,No Alert
2026-05-28,9.69,SCB-502,Good,0.0,9.69,0.0,9.69,9.69,0.0,100.0,Normal,0,Thursday,May,2.01,100.0,Normal,Healthy,Normal Operation,Continue Stream Monitoring,No Alert
2026-05-29,9.69,SCB-502,Good,0.0,9.69,0.0,9.69,9.69,0.0,100.0,Normal,0,Friday,May,0.31,100.0,Normal,Healthy,Normal Operation,Continue Stream Monitoring,No Alert
2026-05-30,9.69,SCB-502,Good,0.0,9.69,0.0,9.69,9.69,0.0,100.0,Normal,0,Saturday,May,0.3,100.0,Normal,Healthy,Normal Operation,Continue Stream Monitoring,No Alert
2026-05-31,9.69,SCB-502,Good,0.0,9.69,0.0,9.69,9.69,0.0,100.0,Normal,0,Sunday,May,0.29,100.0,Normal,Healthy,Normal Operation,Continue Stream Monitoring,No Alert
2026-06-01,9.69,SCB-502,Good,0.0,9.69,0.0,9.69,9.69,0.0,100.0,Normal,0,Monday,June,0.29,100.0,Normal,Healthy,Normal Operation,Continue Stream Monitoring,No Alert
2026-06-02,9.69,SCB-502,Good,0.0,9.69,0.0,9.69,9.69,0.0,100.0,Normal,0,Tuesday,June,0.3,100.0,Normal,Healthy,Normal Operation,Continue Stream Monitoring,No Alert
2026-06-03,9.69,SCB-502,Good,0.0,9.69,0.0,9.69,9.69,0.0,100.0,Normal,0,Wednesday,June,0.27,100.0,Normal,Healthy,Normal Operation,Continue Stream Monitoring,No Alert
2026-06-04,9.69,SCB-502,Good,0.0,9.69,0.0,9.69,9.69,0.0,100.0,Normal,0,Thursday,June,0.24,100.0,Normal,Healthy,Normal Operation,Continue Stream Monitoring,No Alert
2026-06-05,9.69,SCB-502,Good,0.0,9.69,0.0,9.69,9.69,0.0,100.0,Normal,0,Friday,June,0.24,100.0,Normal,Healthy,Normal Operation,Continue Stream Monitoring,No Alert
2026-06-06,9.69,SCB-502,Good,0.0,9.69,0.0,9.69,9.69,0.0,100.0,Normal,0,Saturday,June,0.2333333333333333,100.0,Normal,Healthy,Normal Operation,Continue Stream Monitoring,No Alert
2026-06-07,9.69,SCB-502,Good,0.0,9.69,0.0,9.69,9.69,0.0,100.0,Normal,0,Sunday,June,0.2266666666666666,100.0,Normal,Healthy,Normal Operation,Continue Stream Monitoring,No Alert
2026-06-08,9.69,SCB-502,Good,0.0,9.69,0.0,9.69,9.69,0.0,100.0,Normal,0,Monday,June,0.22,100.0,Normal,Healthy,Normal Operation,Continue Stream Monitoring,No Alert
2026-06-09,9.69,SCB-502,Good,0.0,9.69,0.0,9.69,9.69,0.0,100.0,Normal,0,Tuesday,June,0.32,100.0,Normal,Healthy,Normal Operation,Continue Stream Monitoring,No Alert
2026-06-10,9.69,SCB-502,Good,0.0,9.69,0.0,9.69,9.69,0.0,100.0,Normal,0,Wednesday,June,0.31,100.0,Normal,Healthy,Normal Operation,Continue Stream Monitoring,No Alert
2026-06-11,9.69,SCB-502,Good,0.0,9.69,0.0,9.69,9.69,0.0,100.0,Normal,0,Thursday,June,0.32,100.0,Normal,Healthy,Normal Operation,Continue Stream Monitoring,No Alert
2026-06-12,9.69,SCB-502,Good,0.0,9.69,0.0,9.69,9.69,0.0,100.0,Normal,0,Friday,June,0.36,100.0,Normal,Healthy,Normal Operation,Continue Stream Monitoring,No Alert
2026-06-13,9.69,SCB-502,Good,0.0,9.69,0.0,9.69,9.69,0.0,100.0,Normal,0,Saturday,June,0.29,100.0,Normal,Healthy,Normal Operation,Continue Stream Monitoring,No Alert
2026-06-14,9.69,SCB-502,Good,0.0,9.69,0.0,9.69,9.69,0.0,100.0,Normal,0,Sunday,June,0.29,100.0,Normal,Healthy,Normal Operation,Continue Stream Monitoring,No Alert
2026-06-15,9.69,SCB-502,Good,0.0,9.69,0.0,9.69,9.69,0.0,100.0,Normal,0,Monday,June,0.31,100.0,Normal,Healthy,Normal Operation,Continue Stream Monitoring,No Alert
2026-06-16,9.69,SCB-502,Good,0.0,9.69,0.0,9.69,9.69,0.0,100.0,Normal,0,Tuesday,June,0.24,100.0,Normal,Healthy,Normal Operation,Continue Stream Monitoring,No Alert
2026-06-17,9.69,SCB-502,Good,0.0,9.69,0.0,9.69,9.69,0.0,100.0,Normal,0,Wednesday,June,0.21,100.0,Normal,Healthy,Normal Operation,Continue Stream Monitoring,No Alert
2026-06-18,9.69,SCB-502,Good,0.0,9.69,0.0,9.69,9.69,0.0,100.0,Normal,0,Thursday,June,0.36,100.0,Normal,Healthy,Normal Operation,Continue Stream Monitoring,No Alert
2026-06-19,9.69,SCB-502,Good,0.0,9.69,0.0,9.69,9.69,0.0,100.0,Normal,0,Friday,June,0.26,100.0,Normal,Healthy,Normal Operation,Continue Stream Monitoring,No Alert
2026-06-20,9.69,SCB-502,Good,0.0,9.69,0.0,9.69,9.69,0.0,100.0,Normal,0,Saturday,June,0.24,100.0,Normal,Healthy,Normal Operation,Continue Stream Monitoring,No Alert
2026-06-21,9.69,SCB-502,Good,0.0,9.69,0.0,9.69,9.69,0.0,100.0,Normal,0,Sunday,June,0.3,100.0,Normal,Healthy,Normal Operation,Continue Stream Monitoring,No Alert
2026-06-22,9.69,SCB-502,Good,0.0,9.69,0.0,9.69,9.69,0.0,100.0,Normal,0,Monday,June,0.28,100.0,Normal,Healthy,Normal Operation,Continue Stream Monitoring,No Alert
2026-06-23,9.69,SCB-502,Good,0.0,9.69,0.0,9.69,9.69,0.0,100.0,Normal,0,Tuesday,June,0.37,100.0,Normal,Healthy,Normal Operation,Continue Stream Monitoring,No Alert
2026-06-24,9.69,SCB-502,Good,0.0,9.69,0.0,9.69,9.69,0.0,100.0,Normal,0,Wednesday,June,0.27,100.0,Normal,Healthy,Normal Operation,Continue Stream Monitoring,No Alert
2026-06-25,9.69,SCB-502,Good,0.0,9.69,0.0,9.69,9.69,0.0,100.0,Normal,0,Thursday,June,0.33,100.0,Normal,Healthy,Normal Operation,Continue Stream Monitoring,No Alert
2026-06-26,9.69,SCB-502,Good,0.0,9.69,0.0,9.69,9.69,0.0,100.0,Normal,0,Friday,June,0.24,100.0,Normal,Healthy,Normal Operation,Continue Stream Monitoring,No Alert
2026-06-27,9.69,SCB-502,Good,0.0,9.69,0.0,9.69,9.69,0.0,100.0,Normal,0,Saturday,June,0.34,100.0,Normal,Healthy,Normal Operation,Continue Stream Monitoring,No Alert
2026-06-28,9.69,SCB-502,Good,0.0,9.69,0.0,9.69,9.69,0.0,100.0,Normal,0,Sunday,June,0.24,100.0,Normal,Healthy,Normal Operation,Continue Stream Monitoring,No Alert
2026-06-29,9.69,SCB-502,Good,0.0,9.69,0.0,9.69,9.69,0.0,100.0,Normal,0,Monday,June,0.44,100.0,Normal,Healthy,Normal Operation,Continue Stream Monitoring,No Alert
2026-06-30,9.69,SCB-502,Good,0.0,9.69,0.0,9.69,9.69,0.0,100.0,Normal,0,Tuesday,June,0.47,100.0,Normal,Healthy,Normal Operation,Continue Stream Monitoring,No Alert
2026-01-01,,SCB-601,Offline,0.0,,0.0,,,,100.0,Offline,0,Thursday,January,0.45,0.0,Critical,Scrubber Telemetry Offline,CEMS Sensor Communication Failure,Inspect Modbus Transmitters and Field PLC Cabinets,Sensor Connection Error
2026-01-02,,SCB-601,Offline,0.0,,0.0,,,,100.0,Offline,0,Friday,January,0.45,0.0,Critical,Scrubber Telemetry Offline,CEMS Sensor Communication Failure,Inspect Modbus Transmitters and Field PLC Cabinets,Sensor Connection Error
2026-01-03,,SCB-601,Offline,0.0,,0.0,,,,100.0,Offline,0,Saturday,January,0.47,0.0,Critical,Scrubber Telemetry Offline,CEMS Sensor Communication Failure,Inspect Modbus Transmitters and Field PLC Cabinets,Sensor Connection Error
2026-01-04,,SCB-601,Offline,0.0,,0.0,,,,100.0,Offline,0,Sunday,January,0.51,0.0,Critical,Scrubber Telemetry Offline,CEMS Sensor Communication Failure,Inspect Modbus Transmitters and Field PLC Cabinets,Sensor Connection Error
2026-01-05,,SCB-601,Offline,0.0,,0.0,,,,100.0,Offline,0,Monday,January,0.41,0.0,Critical,Scrubber Telemetry Offline,CEMS Sensor Communication Failure,Inspect Modbus Transmitters and Field PLC Cabinets,Sensor Connection Error
2026-01-06,,SCB-601,Offline,0.0,,0.0,,,,100.0,Offline,0,Tuesday,January,0.41,0.0,Critical,Scrubber Telemetry Offline,CEMS Sensor Communication Failure,Inspect Modbus Transmitters and Field PLC Cabinets,Sensor Connection Error
2026-01-07,,SCB-601,Offline,0.0,,0.0,,,,100.0,Offline,0,Wednesday,January,0.52,0.0,Critical,Scrubber Telemetry Offline,CEMS Sensor Communication Failure,Inspect Modbus Transmitters and Field PLC Cabinets,Sensor Connection Error
2026-01-08,,SCB-601,Offline,0.0,,0.0,,,,100.0,Offline,0,Thursday,January,0.54,0.0,Critical,Scrubber Telemetry Offline,CEMS Sensor Communication Failure,Inspect Modbus Transmitters and Field PLC Cabinets,Sensor Connection Error
2026-01-09,,SCB-601,Offline,0.0,,0.0,,,,100.0,Offline,0,Friday,January,0.48,0.0,Critical,Scrubber Telemetry Offline,CEMS Sensor Communication Failure,Inspect Modbus Transmitters and Field PLC Cabinets,Sensor Connection Error
2026-01-10,,SCB-601,Offline,0.0,,0.0,,,,100.0,Offline,0,Saturday,January,0.53,0.0,Critical,Scrubber Telemetry Offline,CEMS Sensor Communication Failure,Inspect Modbus Transmitters and Field PLC Cabinets,Sensor Connection Error
2026-01-11,,SCB-601,Offline,0.0,,0.0,,,,100.0,Offline,0,Sunday,January,0.51,0.0,Critical,Scrubber Telemetry Offline,CEMS Sensor Communication Failure,Inspect Modbus Transmitters and Field PLC Cabinets,Sensor Connection Error
2026-01-12,,SCB-601,Offline,0.0,,0.0,,,,100.0,Offline,0,Monday,January,0.52,0.0,Critical,Scrubber Telemetry Offline,CEMS Sensor Communication Failure,Inspect Modbus Transmitters and Field PLC Cabinets,Sensor Connection Error
2026-01-13,,SCB-601,Offline,0.0,,0.0,,,,100.0,Offline,0,Tuesday,January,0.54,0.0,Critical,Scrubber Telemetry Offline,CEMS Sensor Communication Failure,Inspect Modbus Transmitters and Field PLC Cabinets,Sensor Connection Error
2026-01-14,,SCB-601,Offline,0.0,,0.0,,,,100.0,Offline,0,Wednesday,January,0.57,0.0,Critical,Scrubber Telemetry Offline,CEMS Sensor Communication Failure,Inspect Modbus Transmitters and Field PLC Cabinets,Sensor Connection Error
2026-01-15,,SCB-601,Offline,0.0,,0.0,,,,100.0,Offline,0,Thursday,January,0.51,0.0,Critical,Scrubber Telemetry Offline,CEMS Sensor Communication Failure,Inspect Modbus Transmitters and Field PLC Cabinets,Sensor Connection Error
2026-01-16,,SCB-601,Offline,0.0,,0.0,,,,100.0,Offline,0,Friday,January,0.49,0.0,Critical,Scrubber Telemetry Offline,CEMS Sensor Communication Failure,Inspect Modbus Transmitters and Field PLC Cabinets,Sensor Connection Error
2026-01-17,,SCB-601,Offline,0.0,,0.0,,,,100.0,Offline,0,Saturday,January,0.54,0.0,Critical,Scrubber Telemetry Offline,CEMS Sensor Communication Failure,Inspect Modbus Transmitters and Field PLC Cabinets,Sensor Connection Error
2026-01-18,,SCB-601,Offline,0.0,,0.0,,,,100.0,Offline,0,Sunday,January,0.46,0.0,Critical,Scrubber Telemetry Offline,CEMS Sensor Communication Failure,Inspect Modbus Transmitters and Field PLC Cabinets,Sensor Connection Error
2026-01-19,,SCB-601,Offline,0.0,,0.0,,,,100.0,Offline,0,Monday,January,0.34,0.0,Critical,Scrubber Telemetry Offline,CEMS Sensor Communication Failure,Inspect Modbus Transmitters and Field PLC Cabinets,Sensor Connection Error
2026-01-20,,SCB-601,Offline,0.0,,0.0,,,,100.0,Offline,0,Tuesday,January,0.53,0.0,Critical,Scrubber Telemetry Offline,CEMS Sensor Communication Failure,Inspect Modbus Transmitters and Field PLC Cabinets,Sensor Connection Error
2026-01-21,,SCB-601,Offline,0.0,,0.0,,,,100.0,Offline,0,Wednesday,January,0.44,0.0,Critical,Scrubber Telemetry Offline,CEMS Sensor Communication Failure,Inspect Modbus Transmitters and Field PLC Cabinets,Sensor Connection Error
2026-01-22,,SCB-601,Offline,0.0,,0.0,,,,100.0,Offline,0,Thursday,January,0.46,0.0,Critical,Scrubber Telemetry Offline,CEMS Sensor Communication Failure,Inspect Modbus Transmitters and Field PLC Cabinets,Sensor Connection Error
2026-01-23,,SCB-601,Offline,0.0,,0.0,,,,100.0,Offline,0,Friday,January,0.36,0.0,Critical,Scrubber Telemetry Offline,CEMS Sensor Communication Failure,Inspect Modbus Transmitters and Field PLC Cabinets,Sensor Connection Error
2026-01-24,,SCB-601,Offline,0.0,,0.0,,,,100.0,Offline,0,Saturday,January,0.37,0.0,Critical,Scrubber Telemetry Offline,CEMS Sensor Communication Failure,Inspect Modbus Transmitters and Field PLC Cabinets,Sensor Connection Error
2026-01-25,,SCB-601,Offline,0.0,,0.0,,,,100.0,Offline,0,Sunday,January,0.54,0.0,Critical,Scrubber Telemetry Offline,CEMS Sensor Communication Failure,Inspect Modbus Transmitters and Field PLC Cabinets,Sensor Connection Error
2026-01-26,,SCB-601,Offline,0.0,,0.0,,,,100.0,Offline,0,Monday,January,0.41,0.0,Critical,Scrubber Telemetry Offline,CEMS Sensor Communication Failure,Inspect Modbus Transmitters and Field PLC Cabinets,Sensor Connection Error
2026-01-27,,SCB-601,Offline,0.0,,0.0,,,,100.0,Offline,0,Tuesday,January,0.42,0.0,Critical,Scrubber Telemetry Offline,CEMS Sensor Communication Failure,Inspect Modbus Transmitters and Field PLC Cabinets,Sensor Connection Error
2026-01-28,,SCB-601,Offline,0.0,,0.0,,,,100.0,Offline,0,Wednesday,January,0.425,0.0,Critical,Scrubber Telemetry Offline,CEMS Sensor Communication Failure,Inspect Modbus Transmitters and Field PLC Cabinets,Sensor Connection Error
2026-01-29,,SCB-601,Offline,0.0,,0.0,,,,100.0,Offline,0,Thursday,January,0.43,0.0,Critical,Scrubber Telemetry Offline,CEMS Sensor Communication Failure,Inspect Modbus Transmitters and Field PLC Cabinets,Sensor Connection Error
2026-01-30,,SCB-601,Offline,0.0,,0.0,,,,100.0,Offline,0,Friday,January,0.435,0.0,Critical,Scrubber Telemetry Offline,CEMS Sensor Communication Failure,Inspect Modbus Transmitters and Field PLC Cabinets,Sensor Connection Error
2026-01-31,,SCB-601,Offline,0.0,,0.0,,,,100.0,Offline,0,Saturday,January,0.0,0.0,Critical,Scrubber Telemetry Offline,CEMS Sensor Communication Failure,Inspect Modbus Transmitters and Field PLC Cabinets,Sensor Connection Error
2026-02-01,,SCB-601,Offline,0.0,,0.0,,,,100.0,Offline,0,Sunday,February,0.0,0.0,Critical,Scrubber Telemetry Offline,CEMS Sensor Communication Failure,Inspect Modbus Transmitters and Field PLC Cabinets,Sensor Connection Error
2026-02-02,,SCB-601,Offline,0.0,,0.0,,,,100.0,Offline,0,Monday,February,0.45,0.0,Critical,Scrubber Telemetry Offline,CEMS Sensor Communication Failure,Inspect Modbus Transmitters and Field PLC Cabinets,Sensor Connection Error
2026-02-03,,SCB-601,Offline,0.0,,0.0,,,,100.0,Offline,0,Tuesday,February,0.23,0.0,Critical,Scrubber Telemetry Offline,CEMS Sensor Communication Failure,Inspect Modbus Transmitters and Field PLC Cabinets,Sensor Connection Error
2026-02-04,,SCB-601,Offline,0.0,,0.0,,,,100.0,Offline,0,Wednesday,February,0.25,0.0,Critical,Scrubber Telemetry Offline,CEMS Sensor Communication Failure,Inspect Modbus Transmitters and Field PLC Cabinets,Sensor Connection Error
2026-02-05,,SCB-601,Offline,0.0,,0.0,,,,100.0,Offline,0,Thursday,February,0.2,0.0,Critical,Scrubber Telemetry Offline,CEMS Sensor Communication Failure,Inspect Modbus Transmitters and Field PLC Cabinets,Sensor Connection Error
2026-02-06,,SCB-601,Offline,0.0,,0.0,,,,100.0,Offline,0,Friday,February,0.24,0.0,Critical,Scrubber Telemetry Offline,CEMS Sensor Communication Failure,Inspect Modbus Transmitters and Field PLC Cabinets,Sensor Connection Error
2026-02-07,,SCB-601,Offline,0.0,,0.0,,,,100.0,Offline,0,Saturday,February,0.2,0.0,Critical,Scrubber Telemetry Offline,CEMS Sensor Communication Failure,Inspect Modbus Transmitters and Field PLC Cabinets,Sensor Connection Error
2026-02-08,,SCB-601,Offline,0.0,,0.0,,,,100.0,Offline,0,Sunday,February,0.27,0.0,Critical,Scrubber Telemetry Offline,CEMS Sensor Communication Failure,Inspect Modbus Transmitters and Field PLC Cabinets,Sensor Connection Error
2026-02-09,,SCB-601,Offline,0.0,,0.0,,,,100.0,Offline,0,Monday,February,0.28,0.0,Critical,Scrubber Telemetry Offline,CEMS Sensor Communication Failure,Inspect Modbus Transmitters and Field PLC Cabinets,Sensor Connection Error
2026-02-10,,SCB-601,Offline,0.0,,0.0,,,,100.0,Offline,0,Tuesday,February,0.27,0.0,Critical,Scrubber Telemetry Offline,CEMS Sensor Communication Failure,Inspect Modbus Transmitters and Field PLC Cabinets,Sensor Connection Error
2026-02-11,,SCB-601,Offline,0.0,,0.0,,,,100.0,Offline,0,Wednesday,February,0.14,0.0,Critical,Scrubber Telemetry Offline,CEMS Sensor Communication Failure,Inspect Modbus Transmitters and Field PLC Cabinets,Sensor Connection Error
2026-02-12,,SCB-601,Offline,0.0,,0.0,,,,100.0,Offline,0,Thursday,February,0.26,0.0,Critical,Scrubber Telemetry Offline,CEMS Sensor Communication Failure,Inspect Modbus Transmitters and Field PLC Cabinets,Sensor Connection Error
2026-02-13,,SCB-601,Offline,0.0,,0.0,,,,100.0,Offline,0,Friday,February,0.29,0.0,Critical,Scrubber Telemetry Offline,CEMS Sensor Communication Failure,Inspect Modbus Transmitters and Field PLC Cabinets,Sensor Connection Error
2026-02-14,,SCB-601,Offline,0.0,,0.0,,,,100.0,Offline,0,Saturday,February,0.17,0.0,Critical,Scrubber Telemetry Offline,CEMS Sensor Communication Failure,Inspect Modbus Transmitters and Field PLC Cabinets,Sensor Connection Error
2026-02-15,,SCB-601,Offline,0.0,,0.0,,,,100.0,Offline,0,Sunday,February,0.29,0.0,Critical,Scrubber Telemetry Offline,CEMS Sensor Communication Failure,Inspect Modbus Transmitters and Field PLC Cabinets,Sensor Connection Error
2026-02-16,,SCB-601,Offline,0.0,,0.0,,,,100.0,Offline,0,Monday,February,0.19,0.0,Critical,Scrubber Telemetry Offline,CEMS Sensor Communication Failure,Inspect Modbus Transmitters and Field PLC Cabinets,Sensor Connection Error
2026-02-17,,SCB-601,Offline,0.0,,0.0,,,,100.0,Offline,0,Tuesday,February,0.19,0.0,Critical,Scrubber Telemetry Offline,CEMS Sensor Communication Failure,Inspect Modbus Transmitters and Field PLC Cabinets,Sensor Connection Error
2026-02-18,,SCB-601,Offline,0.0,,0.0,,,,100.0,Offline,0,Wednesday,February,0.22,0.0,Critical,Scrubber Telemetry Offline,CEMS Sensor Communication Failure,Inspect Modbus Transmitters and Field PLC Cabinets,Sensor Connection Error
2026-02-19,,SCB-601,Offline,0.0,,0.0,,,,100.0,Offline,0,Thursday,February,0.25,0.0,Critical,Scrubber Telemetry Offline,CEMS Sensor Communication Failure,Inspect Modbus Transmitters and Field PLC Cabinets,Sensor Connection Error
2026-02-20,,SCB-601,Offline,0.0,,0.0,,,,100.0,Offline,0,Friday,February,0.25,0.0,Critical,Scrubber Telemetry Offline,CEMS Sensor Communication Failure,Inspect Modbus Transmitters and Field PLC Cabinets,Sensor Connection Error
2026-02-21,,SCB-601,Offline,0.0,,0.0,,,,100.0,Offline,0,Saturday,February,0.24,0.0,Critical,Scrubber Telemetry Offline,CEMS Sensor Communication Failure,Inspect Modbus Transmitters and Field PLC Cabinets,Sensor Connection Error
2026-02-22,,SCB-601,Offline,0.0,,0.0,,,,100.0,Offline,0,Sunday,February,0.24,0.0,Critical,Scrubber Telemetry Offline,CEMS Sensor Communication Failure,Inspect Modbus Transmitters and Field PLC Cabinets,Sensor Connection Error
2026-02-23,,SCB-601,Offline,0.0,,0.0,,,,100.0,Offline,0,Monday,February,0.34,0.0,Critical,Scrubber Telemetry Offline,CEMS Sensor Communication Failure,Inspect Modbus Transmitters and Field PLC Cabinets,Sensor Connection Error
2026-02-24,,SCB-601,Offline,0.0,,0.0,,,,100.0,Offline,0,Tuesday,February,0.21,0.0,Critical,Scrubber Telemetry Offline,CEMS Sensor Communication Failure,Inspect Modbus Transmitters and Field PLC Cabinets,Sensor Connection Error
2026-02-25,,SCB-601,Offline,0.0,,0.0,,,,100.0,Offline,0,Wednesday,February,0.22,0.0,Critical,Scrubber Telemetry Offline,CEMS Sensor Communication Failure,Inspect Modbus Transmitters and Field PLC Cabinets,Sensor Connection Error
2026-02-26,13.97,SCB-601,Good,0.0,13.97,0.0,13.97,13.97,0.0,100.0,High,0,Thursday,February,0.23,75.0,Warning,Excessive Caustic Feed,Over-dosing Caustic Buffer,Calibrate Caustic Dosing Pump Feedback Controller,Alkaline Scrubber High pH
2026-02-27,13.9,SCB-601,Good,-0.0700000000000002,13.935,0.0494974746830585,13.9,13.97,0.0700000000000002,99.3,High,0,Friday,February,0.23,75.0,Warning,Excessive Caustic Feed,Over-dosing Caustic Buffer,Calibrate Caustic Dosing Pump Feedback Controller,Alkaline Scrubber High pH
2026-02-28,14.0,SCB-601,Good,0.0999999999999996,13.956666666666669,0.0513160143944687,13.9,14.0,0.0999999999999996,99.0,High,0,Saturday,February,0.23,75.0,Warning,Excessive Caustic Feed,Over-dosing Caustic Buffer,Calibrate Caustic Dosing Pump Feedback Controller,Alkaline Scrubber High pH
2026-03-01,13.986666666666666,SCB-601,Interpolated,-0.0133333333333336,13.964166666666667,0.044503433076062,13.9,14.0,0.0999999999999996,99.86666666666666,High,0,Sunday,March,0.24,75.0,Warning,Excessive Caustic Feed,Over-dosing Caustic Buffer,Calibrate Caustic Dosing Pump Feedback Controller,Alkaline Scrubber High pH
2026-03-02,13.973333333333334,SCB-601,Interpolated,-0.0133333333333318,13.966,0.0387585116099961,13.9,14.0,0.0999999999999996,99.86666666666667,High,0,Monday,March,0.3,75.0,Warning,Excessive Caustic Feed,Over-dosing Caustic Buffer,Calibrate Caustic Dosing Pump Feedback Controller,Alkaline Scrubber High pH
2026-03-03,13.96,SCB-601,Good,-0.0133333333333336,13.965000000000002,0.0347530973839421,13.9,14.0,0.0999999999999996,99.86666666666666,High,0,Tuesday,March,0.26,75.0,Warning,Excessive Caustic Feed,Over-dosing Caustic Buffer,Calibrate Caustic Dosing Pump Feedback Controller,Alkaline Scrubber High pH
2026-03-04,13.65,SCB-601,Interpolated,-0.3100000000000005,13.92,0.1232131546608624,13.65,14.0,0.3499999999999996,96.9,High,0,Wednesday,March,0.18,75.0,Warning,Excessive Caustic Feed,Over-dosing Caustic Buffer,Calibrate Caustic Dosing Pump Feedback Controller,Alkaline Scrubber High pH
2026-03-05,13.34,SCB-601,Interpolated,-0.3100000000000005,13.83,0.2477528637200426,13.34,14.0,0.6600000000000001,96.9,High,0,Thursday,March,0.22,75.0,Warning,Excessive Caustic Feed,Over-dosing Caustic Buffer,Calibrate Caustic Dosing Pump Feedback Controller,Alkaline Scrubber High pH
2026-03-06,13.03,SCB-601,Interpolated,-0.3100000000000005,13.705714285714285,0.3862771710961624,13.03,14.0,0.9700000000000006,96.9,High,0,Friday,March,0.25,75.0,Warning,Excessive Caustic Feed,Over-dosing Caustic Buffer,Calibrate Caustic Dosing Pump Feedback Controller,Alkaline Scrubber High pH
2026-03-07,,SCB-601,Offline,0.0,13.656666666666666,0.3985529380702716,13.03,13.986666666666666,0.956666666666667,100.0,Offline,0,Saturday,March,0.2,0.0,Critical,Scrubber Telemetry Offline,CEMS Sensor Communication Failure,Inspect Modbus Transmitters and Field PLC Cabinets,Sensor Connection Error
2026-03-08,,SCB-601,Offline,0.0,13.590666666666667,0.4072905051134357,13.03,13.973333333333334,0.9433333333333352,100.0,Offline,0,Sunday,March,0.22,0.0,Critical,Scrubber Telemetry Offline,CEMS Sensor Communication Failure,Inspect Modbus Transmitters and Field PLC Cabinets,Sensor Connection Error
2026-03-09,12.1,SCB-601,Good,0.0,13.216,0.7136735948597259,12.1,13.96,1.8600000000000008,100.0,High,0,Monday,March,0.2,75.0,Warning,Excessive Caustic Feed,Over-dosing Caustic Buffer,Calibrate Caustic Dosing Pump Feedback Controller,Alkaline Scrubber High pH
2026-03-10,8.25,SCB-601,Good,-3.85,12.074,2.214955981503924,8.25,13.65,5.4,61.5,Low,0,Tuesday,March,0.19,34.2,Warning,Low Alkali Dosing,Insufficient Caustic Injection Flow Rate,Increase Caustic Dosing Pump Output,Alkaline Scrubber Low pH
2026-03-11,8.25,SCB-601,Good,0.0,10.994,2.546140216091803,8.25,13.34,5.09,100.0,Low,0,Wednesday,March,0.24,65.0,Warning,Low Alkali Dosing,Insufficient Caustic Injection Flow Rate,Increase Caustic Dosing Pump Output,Alkaline Scrubber Low pH
2026-03-12,8.25,SCB-601,Good,0.0,9.976,2.3861852400851067,8.25,13.03,4.779999999999999,100.0,Low,0,Thursday,March,0.25,65.0,Warning,Low Alkali Dosing,Insufficient Caustic Injection Flow Rate,Increase Caustic Dosing Pump Output,Alkaline Scrubber Low pH
2026-03-13,8.24,SCB-601,Good,-0.0099999999999997,9.018,1.7228958180923262,8.24,12.1,3.86,99.9,Low,0,Friday,March,0.22,65.0,Warning,Low Alkali Dosing,Insufficient Caustic Injection Flow Rate,Increase Caustic Dosing Pump Output,Alkaline Scrubber Low pH
2026-03-14,8.25,SCB-601,Good,0.0099999999999997,8.89,1.5725775020646904,8.24,12.1,3.86,99.9,Low,0,Saturday,March,0.13,65.0,Warning,Low Alkali Dosing,Insufficient Caustic Injection Flow Rate,Increase Caustic Dosing Pump Output,Alkaline Scrubber Low pH
2026-03-15,8.24,SCB-601,Good,-0.0099999999999997,8.797142857142857,1.4564307316829368,8.24,12.1,3.86,99.9,Low,0,Sunday,March,0.15,65.0,Warning,Low Alkali Dosing,Insufficient Caustic Injection Flow Rate,Increase Caustic Dosing Pump Output,Alkaline Scrubber Low pH
2026-03-16,8.24,SCB-601,Good,0.0,8.245714285714286,0.0053452248402566,8.24,8.25,0.0099999999999997,100.0,Low,0,Monday,March,0.14,65.0,Warning,Low Alkali Dosing,Insufficient Caustic Injection Flow Rate,Increase Caustic Dosing Pump Output,Alkaline Scrubber Low pH
2026-03-17,8.24,SCB-601,Good,0.0,8.244285714285715,0.0053452248402577,8.24,8.25,0.0099999999999997,100.0,Low,0,Tuesday,March,0.19,65.0,Warning,Low Alkali Dosing,Insufficient Caustic Injection Flow Rate,Increase Caustic Dosing Pump Output,Alkaline Scrubber Low pH
2026-03-18,8.24,SCB-601,Good,0.0,8.242857142857144,0.004879500366945,8.24,8.25,0.0099999999999997,100.0,Low,0,Wednesday,March,0.12,65.0,Warning,Low Alkali Dosing,Insufficient Caustic Injection Flow Rate,Increase Caustic Dosing Pump Output,Alkaline Scrubber Low pH
2026-03-19,8.24,SCB-601,Good,0.0,8.241428571428571,0.0037796447329376,8.24,8.25,0.0099999999999997,100.0,Low,0,Thursday,March,0.19,65.0,Warning,Low Alkali Dosing,Insufficient Caustic Injection Flow Rate,Increase Caustic Dosing Pump Output,Alkaline Scrubber Low pH
2026-03-20,8.24,SCB-601,Good,0.0,8.241428571428573,0.0037796447329376,8.24,8.25,0.0099999999999997,100.0,Low,0,Friday,March,0.21,65.0,Warning,Low Alkali Dosing,Insufficient Caustic Injection Flow Rate,Increase Caustic Dosing Pump Output,Alkaline Scrubber Low pH
2026-03-21,8.24,SCB-601,Good,0.0,8.24,1.4671441558352218e-07,8.24,8.24,0.0,100.0,Low,0,Saturday,March,0.25,65.0,Warning,Low Alkali Dosing,Insufficient Caustic Injection Flow Rate,Increase Caustic Dosing Pump Output,Alkaline Scrubber Low pH
2026-03-22,8.24,SCB-601,Good,0.0,8.24,1.4671441558352218e-07,8.24,8.24,0.0,100.0,Low,0,Sunday,March,0.3,65.0,Warning,Low Alkali Dosing,Insufficient Caustic Injection Flow Rate,Increase Caustic Dosing Pump Output,Alkaline Scrubber Low pH
2026-03-23,8.24,SCB-601,Good,0.0,8.24,1.4671441558352218e-07,8.24,8.24,0.0,100.0,Low,0,Monday,March,0.28,65.0,Warning,Low Alkali Dosing,Insufficient Caustic Injection Flow Rate,Increase Caustic Dosing Pump Output,Alkaline Scrubber Low pH
2026-03-24,8.25,SCB-601,Good,0.0099999999999997,8.241428571428571,0.0037796447329376,8.24,8.25,0.0099999999999997,99.9,Low,0,Tuesday,March,0.24,65.0,Warning,Low Alkali Dosing,Insufficient Caustic Injection Flow Rate,Increase Caustic Dosing Pump Output,Alkaline Scrubber Low pH
2026-03-25,8.25,SCB-601,Interpolated,0.0,8.242857142857144,0.004879500366945,8.24,8.25,0.0099999999999997,100.0,Low,0,Wednesday,March,0.21,65.0,Warning,Low Alkali Dosing,Insufficient Caustic Injection Flow Rate,Increase Caustic Dosing Pump Output,Alkaline Scrubber Low pH
2026-03-26,8.25,SCB-601,Interpolated,0.0,8.244285714285715,0.0053452248402573,8.24,8.25,0.0099999999999997,100.0,Low,0,Thursday,March,0.31,65.0,Warning,Low Alkali Dosing,Insufficient Caustic Injection Flow Rate,Increase Caustic Dosing Pump Output,Alkaline Scrubber Low pH
2026-03-27,8.25,SCB-601,Interpolated,0.0,8.245714285714286,0.0053452248402557,8.24,8.25,0.0099999999999997,100.0,Low,0,Friday,March,0.27,65.0,Warning,Low Alkali Dosing,Insufficient Caustic Injection Flow Rate,Increase Caustic Dosing Pump Output,Alkaline Scrubber Low pH
2026-03-28,8.25,SCB-601,Good,0.0,8.247142857142856,0.0048795003669395,8.24,8.25,0.0099999999999997,100.0,Low,0,Saturday,March,0.2,65.0,Warning,Low Alkali Dosing,Insufficient Caustic Injection Flow Rate,Increase Caustic Dosing Pump Output,Alkaline Scrubber Low pH
2026-03-29,8.26,SCB-601,Good,0.0099999999999997,8.25,0.0057735026937496,8.24,8.26,0.0199999999999995,99.9,Low,0,Sunday,March,0.25,65.0,Warning,Low Alkali Dosing,Insufficient Caustic Injection Flow Rate,Increase Caustic Dosing Pump Output,Alkaline Scrubber Low pH
2026-03-30,8.25,SCB-601,Good,-0.0099999999999997,8.251428571428573,0.0037796447329211,8.25,8.26,0.0099999999999997,99.9,Low,0,Monday,March,0.24,65.0,Warning,Low Alkali Dosing,Insufficient Caustic Injection Flow Rate,Increase Caustic Dosing Pump Output,Alkaline Scrubber Low pH
2026-03-31,8.25,SCB-601,Good,0.0,8.251428571428573,0.0037796447329211,8.25,8.26,0.0099999999999997,100.0,Low,0,Tuesday,March,0.28,65.0,Warning,Low Alkali Dosing,Insufficient Caustic Injection Flow Rate,Increase Caustic Dosing Pump Output,Alkaline Scrubber Low pH
2026-04-01,7.7,SCB-601,Good,-0.5499999999999998,8.172857142857143,0.2085437033105971,7.7,8.26,0.5599999999999996,94.5,Low,0,Wednesday,April,0.3,65.0,Warning,Low Alkali Dosing,Insufficient Caustic Injection Flow Rate,Increase Caustic Dosing Pump Output,Alkaline Scrubber Low pH
2026-04-02,7.73,SCB-601,Good,0.0300000000000002,8.098571428571429,0.262197671705227,7.7,8.26,0.5599999999999996,99.7,Low,0,Thursday,April,0.32,65.0,Warning,Low Alkali Dosing,Insufficient Caustic Injection Flow Rate,Increase Caustic Dosing Pump Output,Alkaline Scrubber Low pH
2026-04-03,8.29,SCB-601,Good,0.5599999999999987,8.104285714285714,0.2664493161846376,7.7,8.29,0.589999999999999,94.4,Low,0,Friday,April,0.26,65.0,Warning,Low Alkali Dosing,Insufficient Caustic Injection Flow Rate,Increase Caustic Dosing Pump Output,Alkaline Scrubber Low pH
2026-04-04,8.28,SCB-601,Good,-0.0099999999999997,8.108571428571429,0.2694085232151632,7.7,8.29,0.589999999999999,99.9,Low,0,Saturday,April,0.27,65.0,Warning,Low Alkali Dosing,Insufficient Caustic Injection Flow Rate,Increase Caustic Dosing Pump Output,Alkaline Scrubber Low pH
2026-04-05,8.27,SCB-601,Good,-0.0099999999999997,8.110000000000001,0.2703701166919576,7.7,8.29,0.589999999999999,99.9,Low,0,Sunday,April,0.25,65.0,Warning,Low Alkali Dosing,Insufficient Caustic Injection Flow Rate,Increase Caustic Dosing Pump Output,Alkaline Scrubber Low pH
2026-04-06,8.25,SCB-601,Good,-0.0199999999999995,8.11,0.2703701166919576,7.7,8.29,0.589999999999999,99.8,Low,0,Monday,April,0.34,65.0,Warning,Low Alkali Dosing,Insufficient Caustic Injection Flow Rate,Increase Caustic Dosing Pump Output,Alkaline Scrubber Low pH
2026-04-07,8.24,SCB-601,Good,-0.0099999999999997,8.108571428571427,0.2695322226518414,7.7,8.29,0.589999999999999,99.9,Low,0,Tuesday,April,0.34,65.0,Warning,Low Alkali Dosing,Insufficient Caustic Injection Flow Rate,Increase Caustic Dosing Pump Output,Alkaline Scrubber Low pH
2026-04-08,8.25,SCB-601,Good,0.0099999999999997,8.187142857142858,0.2023787114722412,7.73,8.29,0.5599999999999987,99.9,Low,0,Wednesday,April,0.27,65.0,Warning,Low Alkali Dosing,Insufficient Caustic Injection Flow Rate,Increase Caustic Dosing Pump Output,Alkaline Scrubber Low pH
2026-04-09,8.24,SCB-601,Good,-0.0099999999999997,8.26,0.0200000000005211,8.24,8.29,0.0499999999999989,99.9,Low,0,Thursday,April,0.28,65.0,Warning,Low Alkali Dosing,Insufficient Caustic Injection Flow Rate,Increase Caustic Dosing Pump Output,Alkaline Scrubber Low pH
2026-04-10,8.22,SCB-601,Good,-0.0199999999999995,8.25,0.0200000000005252,8.22,8.28,0.0599999999999987,99.8,Low,0,Friday,April,0.33,65.0,Warning,Low Alkali Dosing,Insufficient Caustic Injection Flow Rate,Increase Caustic Dosing Pump Output,Alkaline Scrubber Low pH
2026-04-11,8.23,SCB-601,Good,0.0099999999999997,8.242857142857144,0.0160356745154042,8.22,8.27,0.0499999999999989,99.9,Low,0,Saturday,April,0.34,65.0,Warning,Low Alkali Dosing,Insufficient Caustic Injection Flow Rate,Increase Caustic Dosing Pump Output,Alkaline Scrubber Low pH
2026-04-12,8.225000000000001,SCB-601,Interpolated,-0.004999999999999,8.236428571428572,0.0118019368879405,8.22,8.25,0.0299999999999993,99.95000000000002,Low,0,Sunday,April,0.2,65.0,Warning,Low Alkali Dosing,Insufficient Caustic Injection Flow Rate,Increase Caustic Dosing Pump Output,Alkaline Scrubber Low pH
2026-04-13,8.22,SCB-601,Good,-0.0050000000000007,8.232142857142858,0.0114953406719476,8.22,8.25,0.0299999999999993,99.95,Low,0,Monday,April,0.23,65.0,Warning,Low Alkali Dosing,Insufficient Caustic Injection Flow Rate,Increase Caustic Dosing Pump Output,Alkaline Scrubber Low pH
2026-04-14,8.14,SCB-601,Good,-0.08,8.217857142857143,0.0360390000392765,8.14,8.25,0.1099999999999994,99.2,Low,0,Tuesday,April,0.26,65.0,Warning,Low Alkali Dosing,Insufficient Caustic Injection Flow Rate,Increase Caustic Dosing Pump Output,Alkaline Scrubber Low pH
2026-04-15,8.22,SCB-601,Good,0.08,8.213571428571429,0.0332558623549878,8.14,8.24,0.0999999999999996,99.2,Low,0,Wednesday,April,0.26,65.0,Warning,Low Alkali Dosing,Insufficient Caustic Injection Flow Rate,Increase Caustic Dosing Pump Output,Alkaline Scrubber Low pH
2026-04-16,8.22,SCB-601,Good,0.0,8.210714285714287,0.0314150403776012,8.14,8.23,0.0899999999999998,100.0,Low,0,Thursday,April,0.22,65.0,Warning,Low Alkali Dosing,Insufficient Caustic Injection Flow Rate,Increase Caustic Dosing Pump Output,Alkaline Scrubber Low pH
2026-04-17,8.22,SCB-601,Good,0.0,8.210714285714287,0.0314150403776012,8.14,8.23,0.0899999999999998,100.0,Low,0,Friday,April,0.25,65.0,Warning,Low Alkali Dosing,Insufficient Caustic Injection Flow Rate,Increase Caustic Dosing Pump Output,Alkaline Scrubber Low pH
2026-04-18,8.21,SCB-601,Good,-0.0099999999999997,8.207857142857144,0.0302568370868104,8.14,8.225000000000001,0.0850000000000008,99.9,Low,0,Saturday,April,0.22,65.0,Warning,Low Alkali Dosing,Insufficient Caustic Injection Flow Rate,Increase Caustic Dosing Pump Output,Alkaline Scrubber Low pH
2026-04-19,8.21,SCB-601,Good,0.0,8.205714285714286,0.0293582145561747,8.14,8.22,0.08,100.0,Low,0,Sunday,April,0.28,65.0,Warning,Low Alkali Dosing,Insufficient Caustic Injection Flow Rate,Increase Caustic Dosing Pump Output,Alkaline Scrubber Low pH
2026-04-20,8.21,SCB-601,Good,0.0,8.204285714285716,0.028784916685533,8.14,8.22,0.08,100.0,Low,0,Monday,April,0.27,65.0,Warning,Low Alkali Dosing,Insufficient Caustic Injection Flow Rate,Increase Caustic Dosing Pump Output,Alkaline Scrubber Low pH
2026-04-21,8.19,SCB-601,Good,-0.0200000000000013,8.211428571428572,0.0106904496775039,8.19,8.22,0.0300000000000011,99.79999999999998,Low,0,Tuesday,April,0.29,65.0,Warning,Low Alkali Dosing,Insufficient Caustic Injection Flow Rate,Increase Caustic Dosing Pump Output,Alkaline Scrubber Low pH
2026-04-22,8.21,SCB-601,Good,0.0200000000000013,8.21,0.0100000000010779,8.19,8.22,0.0300000000000011,99.79999999999998,Low,0,Wednesday,April,0.34,65.0,Warning,Low Alkali Dosing,Insufficient Caustic Injection Flow Rate,Increase Caustic Dosing Pump Output,Alkaline Scrubber Low pH
2026-04-23,8.19,SCB-601,Good,-0.0200000000000013,8.205714285714285,0.0113389341912317,8.19,8.22,0.0300000000000011,99.79999999999998,Low,0,Thursday,April,0.38,65.0,Warning,Low Alkali Dosing,Insufficient Caustic Injection Flow Rate,Increase Caustic Dosing Pump Output,Alkaline Scrubber Low pH
2026-04-24,8.21,SCB-601,Good,0.0200000000000013,8.204285714285716,0.0097590007305964,8.19,8.21,0.0200000000000013,99.79999999999998,Low,0,Friday,April,0.41,65.0,Warning,Low Alkali Dosing,Insufficient Caustic Injection Flow Rate,Increase Caustic Dosing Pump Output,Alkaline Scrubber Low pH
2026-04-25,8.21,SCB-601,Good,0.0,8.204285714285716,0.0097590007305964,8.19,8.21,0.0200000000000013,100.0,Low,0,Saturday,April,0.6,65.0,Warning,Low Alkali Dosing,Insufficient Caustic Injection Flow Rate,Increase Caustic Dosing Pump Output,Alkaline Scrubber Low pH
2026-04-26,8.21,SCB-601,Good,0.0,8.204285714285716,0.0097590007305964,8.19,8.21,0.0200000000000013,100.0,Low,0,Sunday,April,0.0,65.0,Warning,Low Alkali Dosing,Insufficient Caustic Injection Flow Rate,Increase Caustic Dosing Pump Output,Alkaline Scrubber Low pH
2026-04-27,8.21,SCB-601,Good,0.0,8.204285714285716,0.0097590007305964,8.19,8.21,0.0200000000000013,100.0,Low,0,Monday,April,0.51,65.0,Warning,Low Alkali Dosing,Insufficient Caustic Injection Flow Rate,Increase Caustic Dosing Pump Output,Alkaline Scrubber Low pH
2026-04-28,8.21,SCB-601,Good,0.0,8.207142857142857,0.0075592894616153,8.19,8.21,0.0200000000000013,100.0,Low,0,Tuesday,April,0.34,65.0,Warning,Low Alkali Dosing,Insufficient Caustic Injection Flow Rate,Increase Caustic Dosing Pump Output,Alkaline Scrubber Low pH
2026-04-29,8.21,SCB-601,Good,0.0,8.207142857142857,0.0075592894616153,8.19,8.21,0.0200000000000013,100.0,Low,0,Wednesday,April,0.41,65.0,Warning,Low Alkali Dosing,Insufficient Caustic Injection Flow Rate,Increase Caustic Dosing Pump Output,Alkaline Scrubber Low pH
2026-04-30,8.21,SCB-601,Good,0.0,8.21,1.4690601941034894e-07,8.21,8.21,0.0,100.0,Low,0,Thursday,April,0.3,65.0,Warning,Low Alkali Dosing,Insufficient Caustic Injection Flow Rate,Increase Caustic Dosing Pump Output,Alkaline Scrubber Low pH
2026-05-01,8.21,SCB-601,Good,0.0,8.21,1.4690601941034894e-07,8.21,8.21,0.0,100.0,Low,0,Friday,May,0.35,65.0,Warning,Low Alkali Dosing,Insufficient Caustic Injection Flow Rate,Increase Caustic Dosing Pump Output,Alkaline Scrubber Low pH
2026-05-02,8.21,SCB-601,Good,0.0,8.21,1.4690601941034894e-07,8.21,8.21,0.0,100.0,Low,0,Saturday,May,0.36,65.0,Warning,Low Alkali Dosing,Insufficient Caustic Injection Flow Rate,Increase Caustic Dosing Pump Output,Alkaline Scrubber Low pH
2026-05-03,8.22,SCB-601,Good,0.0099999999999997,8.211428571428572,0.0037796447329443,8.21,8.22,0.0099999999999997,99.9,Low,0,Sunday,May,0.27,65.0,Warning,Low Alkali Dosing,Insufficient Caustic Injection Flow Rate,Increase Caustic Dosing Pump Output,Alkaline Scrubber Low pH
2026-05-04,8.17,SCB-601,Good,-0.0500000000000007,8.205714285714288,0.0161834718749229,8.17,8.22,0.0500000000000007,99.5,Low,0,Monday,May,0.35,65.0,Warning,Low Alkali Dosing,Insufficient Caustic Injection Flow Rate,Increase Caustic Dosing Pump Output,Alkaline Scrubber Low pH
2026-05-05,8.22,SCB-601,Good,0.0500000000000007,8.207142857142857,0.0170433620655617,8.17,8.22,0.0500000000000007,99.5,Low,0,Tuesday,May,0.31,65.0,Warning,Low Alkali Dosing,Insufficient Caustic Injection Flow Rate,Increase Caustic Dosing Pump Output,Alkaline Scrubber Low pH
2026-05-06,8.22,SCB-601,Good,0.0,8.20857142857143,0.017728105209168,8.17,8.22,0.0500000000000007,100.0,Low,0,Wednesday,May,0.4,65.0,Warning,Low Alkali Dosing,Insufficient Caustic Injection Flow Rate,Increase Caustic Dosing Pump Output,Alkaline Scrubber Low pH
2026-05-07,8.23,SCB-601,Good,0.0099999999999997,8.211428571428572,0.0195180014595233,8.17,8.23,0.0600000000000005,99.9,Low,0,Thursday,May,0.47,65.0,Warning,Low Alkali Dosing,Insufficient Caustic Injection Flow Rate,Increase Caustic Dosing Pump Output,Alkaline Scrubber Low pH
2026-05-08,8.23,SCB-601,Good,0.0,8.214285714285715,0.0207019667807906,8.17,8.23,0.0600000000000005,100.0,Low,0,Friday,May,0.33,65.0,Warning,Low Alkali Dosing,Insufficient Caustic Injection Flow Rate,Increase Caustic Dosing Pump Output,Alkaline Scrubber Low pH
2026-05-09,8.24,SCB-601,Good,0.0099999999999997,8.21857142857143,0.022677868381027,8.17,8.24,0.0700000000000002,99.9,Low,0,Saturday,May,0.37,65.0,Warning,Low Alkali Dosing,Insufficient Caustic Injection Flow Rate,Increase Caustic Dosing Pump Output,Alkaline Scrubber Low pH
2026-05-10,8.24,SCB-601,Good,0.0,8.221428571428572,0.0241029537810992,8.17,8.24,0.0700000000000002,100.0,Low,0,Sunday,May,0.39,65.0,Warning,Low Alkali Dosing,Insufficient Caustic Injection Flow Rate,Increase Caustic Dosing Pump Output,Alkaline Scrubber Low pH
2026-05-11,8.23,SCB-601,Good,-0.0099999999999997,8.23,0.0081649658105809,8.22,8.24,0.0199999999999995,99.9,Low,0,Monday,May,0.41,65.0,Warning,Low Alkali Dosing,Insufficient Caustic Injection Flow Rate,Increase Caustic Dosing Pump Output,Alkaline Scrubber Low pH
2026-05-12,8.25,SCB-601,Good,0.0199999999999995,8.234285714285715,0.0097590007305733,8.22,8.25,0.0299999999999993,99.8,Low,0,Tuesday,May,0.45,65.0,Warning,Low Alkali Dosing,Insufficient Caustic Injection Flow Rate,Increase Caustic Dosing Pump Output,Alkaline Scrubber Low pH
2026-05-13,8.25,SCB-601,Good,0.0,8.23857142857143,0.0089973541096014,8.23,8.25,0.0199999999999995,100.0,Low,0,Wednesday,May,0.24,65.0,Warning,Low Alkali Dosing,Insufficient Caustic Injection Flow Rate,Increase Caustic Dosing Pump Output,Alkaline Scrubber Low pH
2026-05-14,8.25,SCB-601,Good,0.0,8.241428571428571,0.0089973541095991,8.23,8.25,0.0199999999999995,100.0,Low,0,Thursday,May,0.32,65.0,Warning,Low Alkali Dosing,Insufficient Caustic Injection Flow Rate,Increase Caustic Dosing Pump Output,Alkaline Scrubber Low pH
2026-05-15,8.26,SCB-601,Good,0.0099999999999997,8.245714285714286,0.0097590007305649,8.23,8.26,0.0299999999999993,99.9,Low,0,Friday,May,0.2,65.0,Warning,Low Alkali Dosing,Insufficient Caustic Injection Flow Rate,Increase Caustic Dosing Pump Output,Alkaline Scrubber Low pH
2026-05-16,8.26,SCB-601,Good,0.0,8.248571428571427,0.0106904496774802,8.23,8.26,0.0299999999999993,100.0,Low,0,Saturday,May,0.29,65.0,Warning,Low Alkali Dosing,Insufficient Caustic Injection Flow Rate,Increase Caustic Dosing Pump Output,Alkaline Scrubber Low pH
2026-05-17,8.26,SCB-601,Good,0.0,8.251428571428573,0.0106904496774778,8.23,8.26,0.0299999999999993,100.0,Low,0,Sunday,May,0.28,65.0,Warning,Low Alkali Dosing,Insufficient Caustic Injection Flow Rate,Increase Caustic Dosing Pump Output,Alkaline Scrubber Low pH
2026-05-18,8.27,SCB-601,Good,0.0099999999999997,8.257142857142856,0.0075592894615644,8.25,8.27,0.0199999999999995,99.9,Low,0,Monday,May,0.29,65.0,Warning,Low Alkali Dosing,Insufficient Caustic Injection Flow Rate,Increase Caustic Dosing Pump Output,Alkaline Scrubber Low pH
2026-05-19,8.27,SCB-601,Good,0.0,8.26,0.0081649658105512,8.25,8.27,0.0199999999999995,100.0,Low,0,Tuesday,May,0.27,65.0,Warning,Low Alkali Dosing,Insufficient Caustic Injection Flow Rate,Increase Caustic Dosing Pump Output,Alkaline Scrubber Low pH
2026-05-20,8.27,SCB-601,Good,0.0,8.262857142857142,0.0075592894615565,8.25,8.27,0.0199999999999995,100.0,Low,0,Wednesday,May,0.31,65.0,Warning,Low Alkali Dosing,Insufficient Caustic Injection Flow Rate,Increase Caustic Dosing Pump Output,Alkaline Scrubber Low pH
2026-05-21,8.27,SCB-601,Good,0.0,8.265714285714285,0.0053452248401827,8.26,8.27,0.0099999999999997,100.0,Low,0,Thursday,May,0.34,65.0,Warning,Low Alkali Dosing,Insufficient Caustic Injection Flow Rate,Increase Caustic Dosing Pump Output,Alkaline Scrubber Low pH
2026-05-22,8.27,SCB-601,Good,0.0,8.267142857142856,0.004879500366858,8.26,8.27,0.0099999999999997,100.0,Low,0,Friday,May,0.25,65.0,Warning,Low Alkali Dosing,Insufficient Caustic Injection Flow Rate,Increase Caustic Dosing Pump Output,Alkaline Scrubber Low pH
2026-05-23,8.28,SCB-601,Good,0.0099999999999997,8.27,0.005773502693678,8.26,8.28,0.0199999999999995,99.9,Low,0,Saturday,May,0.19,65.0,Warning,Low Alkali Dosing,Insufficient Caustic Injection Flow Rate,Increase Caustic Dosing Pump Output,Alkaline Scrubber Low pH
2026-05-24,8.28,SCB-601,Good,0.0,8.272857142857143,0.0048795003668435,8.27,8.28,0.0099999999999997,100.0,Low,0,Sunday,May,0.35,65.0,Warning,Low Alkali Dosing,Insufficient Caustic Injection Flow Rate,Increase Caustic Dosing Pump Output,Alkaline Scrubber Low pH
2026-05-25,8.28,SCB-601,Good,0.0,8.274285714285714,0.0053452248401628,8.27,8.28,0.0099999999999997,100.0,Low,0,Monday,May,0.36,65.0,Warning,Low Alkali Dosing,Insufficient Caustic Injection Flow Rate,Increase Caustic Dosing Pump Output,Alkaline Scrubber Low pH
2026-05-26,8.28,SCB-601,Good,0.0,8.275714285714285,0.0053452248401592,8.27,8.28,0.0099999999999997,100.0,Low,0,Tuesday,May,0.3,65.0,Warning,Low Alkali Dosing,Insufficient Caustic Injection Flow Rate,Increase Caustic Dosing Pump Output,Alkaline Scrubber Low pH
2026-05-27,8.28,SCB-601,Good,0.0,8.277142857142858,0.0048795003668317,8.27,8.28,0.0099999999999997,100.0,Low,0,Wednesday,May,0.41,65.0,Warning,Low Alkali Dosing,Insufficient Caustic Injection Flow Rate,Increase Caustic Dosing Pump Output,Alkaline Scrubber Low pH
2026-05-28,8.29,SCB-601,Good,0.0099999999999997,8.28,0.0057735026936548,8.27,8.29,0.0199999999999995,99.9,Low,0,Thursday,May,2.01,65.0,Warning,Low Alkali Dosing,Insufficient Caustic Injection Flow Rate,Increase Caustic Dosing Pump Output,Alkaline Scrubber Low pH
2026-05-29,8.28,SCB-601,Good,-0.0099999999999997,8.281428571428572,0.0037796447327732,8.28,8.29,0.0099999999999997,99.9,Low,0,Friday,May,0.31,65.0,Warning,Low Alkali Dosing,Insufficient Caustic Injection Flow Rate,Increase Caustic Dosing Pump Output,Alkaline Scrubber Low pH
2026-05-30,8.27,SCB-601,Good,-0.0099999999999997,8.28,0.0057735026936548,8.27,8.29,0.0199999999999995,99.9,Low,0,Saturday,May,0.3,65.0,Warning,Low Alkali Dosing,Insufficient Caustic Injection Flow Rate,Increase Caustic Dosing Pump Output,Alkaline Scrubber Low pH
2026-05-31,8.28,SCB-601,Good,0.0099999999999997,8.28,0.0057735026936548,8.27,8.29,0.0199999999999995,99.9,Low,0,Sunday,May,0.29,65.0,Warning,Low Alkali Dosing,Insufficient Caustic Injection Flow Rate,Increase Caustic Dosing Pump Output,Alkaline Scrubber Low pH
2026-06-01,8.28,SCB-601,Good,0.0,8.28,0.0057735026936548,8.27,8.29,0.0199999999999995,100.0,Low,0,Monday,June,0.29,65.0,Warning,Low Alkali Dosing,Insufficient Caustic Injection Flow Rate,Increase Caustic Dosing Pump Output,Alkaline Scrubber Low pH
2026-06-02,8.27,SCB-601,Good,-0.0099999999999997,8.278571428571428,0.0069006555948978,8.27,8.29,0.0199999999999995,99.9,Low,0,Tuesday,June,0.3,65.0,Warning,Low Alkali Dosing,Insufficient Caustic Injection Flow Rate,Increase Caustic Dosing Pump Output,Alkaline Scrubber Low pH
2026-06-03,8.25,SCB-601,Good,-0.0199999999999995,8.274285714285714,0.0127241802064115,8.25,8.29,0.0399999999999991,99.8,Low,0,Wednesday,June,0.27,65.0,Warning,Low Alkali Dosing,Insufficient Caustic Injection Flow Rate,Increase Caustic Dosing Pump Output,Alkaline Scrubber Low pH
2026-06-04,8.26,SCB-601,Good,0.0099999999999997,8.27,0.0115470053846845,8.25,8.28,0.0299999999999993,99.9,Low,0,Thursday,June,0.24,65.0,Warning,Low Alkali Dosing,Insufficient Caustic Injection Flow Rate,Increase Caustic Dosing Pump Output,Alkaline Scrubber Low pH
2026-06-05,8.26,SCB-601,Good,0.0,8.267142857142856,0.011126972806213,8.25,8.28,0.0299999999999993,100.0,Low,0,Friday,June,0.24,65.0,Warning,Low Alkali Dosing,Insufficient Caustic Injection Flow Rate,Increase Caustic Dosing Pump Output,Alkaline Scrubber Low pH
2026-06-06,8.26,SCB-601,Good,0.0,8.265714285714285,0.0113389341911904,8.25,8.28,0.0299999999999993,100.0,Low,0,Saturday,June,0.2333333333333333,65.0,Warning,Low Alkali Dosing,Insufficient Caustic Injection Flow Rate,Increase Caustic Dosing Pump Output,Alkaline Scrubber Low pH
2026-06-07,8.26,SCB-601,Good,0.0,8.262857142857142,0.009511897313207,8.25,8.28,0.0299999999999993,100.0,Low,0,Sunday,June,0.2266666666666666,65.0,Warning,Low Alkali Dosing,Insufficient Caustic Injection Flow Rate,Increase Caustic Dosing Pump Output,Alkaline Scrubber Low pH
2026-06-08,8.25,SCB-601,Good,-0.0099999999999997,8.258571428571427,0.0069006555949408,8.25,8.27,0.0199999999999995,99.9,Low,0,Monday,June,0.22,65.0,Warning,Low Alkali Dosing,Insufficient Caustic Injection Flow Rate,Increase Caustic Dosing Pump Output,Alkaline Scrubber Low pH
2026-06-09,8.25,SCB-601,Good,0.0,8.255714285714285,0.0053452248402156,8.25,8.26,0.0099999999999997,100.0,Low,0,Tuesday,June,0.32,65.0,Warning,Low Alkali Dosing,Insufficient Caustic Injection Flow Rate,Increase Caustic Dosing Pump Output,Alkaline Scrubber Low pH
2026-06-10,8.23,SCB-601,Good,-0.0199999999999995,8.252857142857144,0.0111269728062324,8.23,8.26,0.0299999999999993,99.8,Low,0,Wednesday,June,0.31,65.0,Warning,Low Alkali Dosing,Insufficient Caustic Injection Flow Rate,Increase Caustic Dosing Pump Output,Alkaline Scrubber Low pH
2026-06-11,8.27,SCB-601,Good,0.0399999999999991,8.254285714285714,0.0127241802064346,8.23,8.27,0.0399999999999991,99.6,Low,0,Thursday,June,0.32,65.0,Warning,Low Alkali Dosing,Insufficient Caustic Injection Flow Rate,Increase Caustic Dosing Pump Output,Alkaline Scrubber Low pH
2026-06-12,8.28,SCB-601,Good,0.0099999999999997,8.257142857142856,0.0160356745153992,8.23,8.28,0.0499999999999989,99.9,Low,0,Friday,June,0.36,65.0,Warning,Low Alkali Dosing,Insufficient Caustic Injection Flow Rate,Increase Caustic Dosing Pump Output,Alkaline Scrubber Low pH
2026-06-13,8.29,SCB-601,Good,0.0099999999999997,8.26142857142857,0.0203540097844758,8.23,8.29,0.0599999999999987,99.9,Low,0,Saturday,June,0.29,65.0,Warning,Low Alkali Dosing,Insufficient Caustic Injection Flow Rate,Increase Caustic Dosing Pump Output,Alkaline Scrubber Low pH
2026-06-14,8.28,SCB-601,Good,-0.0099999999999997,8.264285714285714,0.0214919697079046,8.23,8.29,0.0599999999999987,99.9,Low,0,Sunday,June,0.29,65.0,Warning,Low Alkali Dosing,Insufficient Caustic Injection Flow Rate,Increase Caustic Dosing Pump Output,Alkaline Scrubber Low pH
2026-06-15,8.29,SCB-601,Good,0.0099999999999997,8.27,0.022360679775457,8.23,8.29,0.0599999999999987,99.9,Low,0,Monday,June,0.31,65.0,Warning,Low Alkali Dosing,Insufficient Caustic Injection Flow Rate,Increase Caustic Dosing Pump Output,Alkaline Scrubber Low pH
2026-06-16,8.29,SCB-601,Good,0.0,8.275714285714285,0.0214919697078957,8.23,8.29,0.0599999999999987,100.0,Low,0,Tuesday,June,0.24,65.0,Warning,Low Alkali Dosing,Insufficient Caustic Injection Flow Rate,Increase Caustic Dosing Pump Output,Alkaline Scrubber Low pH
2026-06-17,8.3,SCB-601,Good,0.0100000000000015,8.285714285714285,0.0097590007305122,8.27,8.3,0.0300000000000011,99.89999999999998,Low,0,Wednesday,June,0.21,65.0,Warning,Low Alkali Dosing,Insufficient Caustic Injection Flow Rate,Increase Caustic Dosing Pump Output,Alkaline Scrubber Low pH
2026-06-18,8.3,SCB-601,Good,0.0,8.290000000000001,0.0081649658104966,8.28,8.3,0.0200000000000013,100.0,Low,0,Thursday,June,0.36,65.0,Warning,Low Alkali Dosing,Insufficient Caustic Injection Flow Rate,Increase Caustic Dosing Pump Output,Alkaline Scrubber Low pH
2026-06-19,7.92,SCB-601,Good,-0.3800000000000008,8.23857142857143,0.1406447737421262,7.92,8.3,0.3800000000000008,96.2,Low,0,Friday,June,0.26,65.0,Warning,Low Alkali Dosing,Insufficient Caustic Injection Flow Rate,Increase Caustic Dosing Pump Output,Alkaline Scrubber Low pH
2026-06-20,8.32,SCB-601,Good,0.4000000000000003,8.242857142857144,0.1429118942699694,7.92,8.32,0.4000000000000003,96.0,Low,0,Saturday,June,0.24,65.0,Warning,Low Alkali Dosing,Insufficient Caustic Injection Flow Rate,Increase Caustic Dosing Pump Output,Alkaline Scrubber Low pH
2026-06-21,8.31,SCB-601,Good,-0.0099999999999997,8.247142857142856,0.1446506464687621,7.92,8.32,0.4000000000000003,99.9,Low,0,Sunday,June,0.3,65.0,Warning,Low Alkali Dosing,Insufficient Caustic Injection Flow Rate,Increase Caustic Dosing Pump Output,Alkaline Scrubber Low pH
2026-06-22,8.3,SCB-601,Good,-0.0099999999999997,8.248571428571429,0.1451928110512832,7.92,8.32,0.4000000000000003,99.9,Low,0,Monday,June,0.28,65.0,Warning,Low Alkali Dosing,Insufficient Caustic Injection Flow Rate,Increase Caustic Dosing Pump Output,Alkaline Scrubber Low pH
2026-06-23,8.3,SCB-601,Good,0.0,8.25,0.145716619962702,7.92,8.32,0.4000000000000003,100.0,Low,0,Tuesday,June,0.37,65.0,Warning,Low Alkali Dosing,Insufficient Caustic Injection Flow Rate,Increase Caustic Dosing Pump Output,Alkaline Scrubber Low pH
2026-06-24,8.3,SCB-601,Good,0.0,8.250000000000002,0.145716619962702,7.92,8.32,0.4000000000000003,100.0,Low,0,Wednesday,June,0.27,65.0,Warning,Low Alkali Dosing,Insufficient Caustic Injection Flow Rate,Increase Caustic Dosing Pump Output,Alkaline Scrubber Low pH
2026-06-25,8.3,SCB-601,Good,0.0,8.25,0.145716619962702,7.92,8.32,0.4000000000000003,100.0,Low,0,Thursday,June,0.33,65.0,Warning,Low Alkali Dosing,Insufficient Caustic Injection Flow Rate,Increase Caustic Dosing Pump Output,Alkaline Scrubber Low pH
2026-06-26,8.28,SCB-601,Good,-0.0200000000000013,8.301428571428572,0.0121498579266712,8.28,8.32,0.0400000000000009,99.79999999999998,Low,0,Friday,June,0.24,65.0,Warning,Low Alkali Dosing,Insufficient Caustic Injection Flow Rate,Increase Caustic Dosing Pump Output,Alkaline Scrubber Low pH
2026-06-27,8.3,SCB-601,Good,0.0200000000000013,8.29857142857143,0.0089973541094998,8.28,8.31,0.0300000000000011,99.79999999999998,Low,0,Saturday,June,0.34,65.0,Warning,Low Alkali Dosing,Insufficient Caustic Injection Flow Rate,Increase Caustic Dosing Pump Output,Alkaline Scrubber Low pH
2026-06-28,8.29,SCB-601,Good,-0.0100000000000015,8.295714285714286,0.0078679579259307,8.28,8.3,0.0200000000000013,99.89999999999998,Low,0,Sunday,June,0.24,65.0,Warning,Low Alkali Dosing,Insufficient Caustic Injection Flow Rate,Increase Caustic Dosing Pump Output,Alkaline Scrubber Low pH
2026-06-29,8.3,SCB-601,Good,0.0100000000000015,8.295714285714286,0.0078679579259307,8.28,8.3,0.0200000000000013,99.89999999999998,Low,0,Monday,June,0.44,65.0,Warning,Low Alkali Dosing,Insufficient Caustic Injection Flow Rate,Increase Caustic Dosing Pump Output,Alkaline Scrubber Low pH
2026-06-30,8.3,SCB-601,Good,0.0,8.295714285714286,0.0078679579259307,8.28,8.3,0.0200000000000013,100.0,Low,0,Tuesday,June,0.47,65.0,Warning,Low Alkali Dosing,Insufficient Caustic Injection Flow Rate,Increase Caustic Dosing Pump Output,Alkaline Scrubber Low pH
2026-01-01,,SCB-604,Offline,0.0,,0.0,,,,100.0,Offline,0,Thursday,January,0.45,0.0,Critical,Scrubber Telemetry Offline,CEMS Sensor Communication Failure,Inspect Modbus Transmitters and Field PLC Cabinets,Sensor Connection Error
2026-01-02,,SCB-604,Offline,0.0,,0.0,,,,100.0,Offline,0,Friday,January,0.45,0.0,Critical,Scrubber Telemetry Offline,CEMS Sensor Communication Failure,Inspect Modbus Transmitters and Field PLC Cabinets,Sensor Connection Error
2026-01-03,,SCB-604,Offline,0.0,,0.0,,,,100.0,Offline,0,Saturday,January,0.47,0.0,Critical,Scrubber Telemetry Offline,CEMS Sensor Communication Failure,Inspect Modbus Transmitters and Field PLC Cabinets,Sensor Connection Error
2026-01-04,,SCB-604,Offline,0.0,,0.0,,,,100.0,Offline,0,Sunday,January,0.51,0.0,Critical,Scrubber Telemetry Offline,CEMS Sensor Communication Failure,Inspect Modbus Transmitters and Field PLC Cabinets,Sensor Connection Error
2026-01-05,,SCB-604,Offline,0.0,,0.0,,,,100.0,Offline,0,Monday,January,0.41,0.0,Critical,Scrubber Telemetry Offline,CEMS Sensor Communication Failure,Inspect Modbus Transmitters and Field PLC Cabinets,Sensor Connection Error
2026-01-06,,SCB-604,Offline,0.0,,0.0,,,,100.0,Offline,0,Tuesday,January,0.41,0.0,Critical,Scrubber Telemetry Offline,CEMS Sensor Communication Failure,Inspect Modbus Transmitters and Field PLC Cabinets,Sensor Connection Error
2026-01-07,,SCB-604,Offline,0.0,,0.0,,,,100.0,Offline,0,Wednesday,January,0.52,0.0,Critical,Scrubber Telemetry Offline,CEMS Sensor Communication Failure,Inspect Modbus Transmitters and Field PLC Cabinets,Sensor Connection Error
2026-01-08,,SCB-604,Offline,0.0,,0.0,,,,100.0,Offline,0,Thursday,January,0.54,0.0,Critical,Scrubber Telemetry Offline,CEMS Sensor Communication Failure,Inspect Modbus Transmitters and Field PLC Cabinets,Sensor Connection Error
2026-01-09,,SCB-604,Offline,0.0,,0.0,,,,100.0,Offline,0,Friday,January,0.48,0.0,Critical,Scrubber Telemetry Offline,CEMS Sensor Communication Failure,Inspect Modbus Transmitters and Field PLC Cabinets,Sensor Connection Error
2026-01-10,,SCB-604,Offline,0.0,,0.0,,,,100.0,Offline,0,Saturday,January,0.53,0.0,Critical,Scrubber Telemetry Offline,CEMS Sensor Communication Failure,Inspect Modbus Transmitters and Field PLC Cabinets,Sensor Connection Error
2026-01-11,,SCB-604,Offline,0.0,,0.0,,,,100.0,Offline,0,Sunday,January,0.51,0.0,Critical,Scrubber Telemetry Offline,CEMS Sensor Communication Failure,Inspect Modbus Transmitters and Field PLC Cabinets,Sensor Connection Error
2026-01-12,,SCB-604,Offline,0.0,,0.0,,,,100.0,Offline,0,Monday,January,0.52,0.0,Critical,Scrubber Telemetry Offline,CEMS Sensor Communication Failure,Inspect Modbus Transmitters and Field PLC Cabinets,Sensor Connection Error
2026-01-13,,SCB-604,Offline,0.0,,0.0,,,,100.0,Offline,0,Tuesday,January,0.54,0.0,Critical,Scrubber Telemetry Offline,CEMS Sensor Communication Failure,Inspect Modbus Transmitters and Field PLC Cabinets,Sensor Connection Error
2026-01-14,,SCB-604,Offline,0.0,,0.0,,,,100.0,Offline,0,Wednesday,January,0.57,0.0,Critical,Scrubber Telemetry Offline,CEMS Sensor Communication Failure,Inspect Modbus Transmitters and Field PLC Cabinets,Sensor Connection Error
2026-01-15,,SCB-604,Offline,0.0,,0.0,,,,100.0,Offline,0,Thursday,January,0.51,0.0,Critical,Scrubber Telemetry Offline,CEMS Sensor Communication Failure,Inspect Modbus Transmitters and Field PLC Cabinets,Sensor Connection Error
2026-01-16,,SCB-604,Offline,0.0,,0.0,,,,100.0,Offline,0,Friday,January,0.49,0.0,Critical,Scrubber Telemetry Offline,CEMS Sensor Communication Failure,Inspect Modbus Transmitters and Field PLC Cabinets,Sensor Connection Error
2026-01-17,,SCB-604,Offline,0.0,,0.0,,,,100.0,Offline,0,Saturday,January,0.54,0.0,Critical,Scrubber Telemetry Offline,CEMS Sensor Communication Failure,Inspect Modbus Transmitters and Field PLC Cabinets,Sensor Connection Error
2026-01-18,,SCB-604,Offline,0.0,,0.0,,,,100.0,Offline,0,Sunday,January,0.46,0.0,Critical,Scrubber Telemetry Offline,CEMS Sensor Communication Failure,Inspect Modbus Transmitters and Field PLC Cabinets,Sensor Connection Error
2026-01-19,,SCB-604,Offline,0.0,,0.0,,,,100.0,Offline,0,Monday,January,0.34,0.0,Critical,Scrubber Telemetry Offline,CEMS Sensor Communication Failure,Inspect Modbus Transmitters and Field PLC Cabinets,Sensor Connection Error
2026-01-20,10.94,SCB-604,Good,0.0,10.94,0.0,10.94,10.94,0.0,100.0,Normal,0,Tuesday,January,0.53,100.0,Normal,Healthy,Normal Operation,Continue Stream Monitoring,No Alert
2026-01-21,11.16,SCB-604,Good,0.2200000000000006,11.05,0.1555634918610402,10.94,11.16,0.2200000000000006,97.8,Normal,0,Wednesday,January,0.44,100.0,Normal,Healthy,Normal Operation,Continue Stream Monitoring,No Alert
2026-01-22,10.93,SCB-604,Good,-0.2300000000000004,11.01,0.13,10.93,11.16,0.2300000000000004,97.7,Normal,0,Thursday,January,0.46,100.0,Normal,Healthy,Normal Operation,Continue Stream Monitoring,No Alert
2026-01-23,11.17,SCB-604,Good,0.2400000000000002,11.05,0.1329160135825124,10.93,11.17,0.2400000000000002,97.6,Normal,0,Friday,January,0.36,100.0,Normal,Healthy,Normal Operation,Continue Stream Monitoring,No Alert
2026-01-24,11.25,SCB-604,Good,0.08,11.09,0.1457737973711323,10.93,11.25,0.3200000000000003,99.2,Normal,0,Saturday,January,0.37,100.0,Normal,Healthy,Normal Operation,Continue Stream Monitoring,No Alert
2026-01-25,11.236,SCB-604,Interpolated,-0.0139999999999993,11.114333333333336,0.1433620126346819,10.93,11.25,0.3200000000000003,99.86,Normal,0,Sunday,January,0.54,100.0,Normal,Healthy,Normal Operation,Continue Stream Monitoring,No Alert
2026-01-26,11.222,SCB-604,Interpolated,-0.0140000000000011,11.129714285714286,0.1370519540000729,10.93,11.25,0.3200000000000003,99.86,Normal,0,Monday,January,0.41,100.0,Normal,Healthy,Normal Operation,Continue Stream Monitoring,No Alert
2026-01-27,11.208,SCB-604,Interpolated,-0.0139999999999993,11.168,0.10998181667894,10.93,11.25,0.3200000000000003,99.86,Normal,0,Tuesday,January,0.42,100.0,Normal,Healthy,Normal Operation,Continue Stream Monitoring,No Alert
2026-01-28,,SCB-604,Offline,0.0,11.169333333333334,0.1204170530558967,10.93,11.25,0.3200000000000003,100.0,Offline,0,Wednesday,January,0.425,0.0,Critical,Scrubber Telemetry Offline,CEMS Sensor Communication Failure,Inspect Modbus Transmitters and Field PLC Cabinets,Sensor Connection Error
2026-01-29,11.18,SCB-604,Good,0.0,11.211,0.031362397867511,11.17,11.25,0.08,100.0,Normal,0,Thursday,January,0.43,100.0,Normal,Healthy,Normal Operation,Continue Stream Monitoring,No Alert
2026-01-30,11.05,SCB-604,Good,-0.129999999999999,11.191,0.0731546307488458,11.05,11.25,0.1999999999999993,98.70000000000002,Normal,0,Friday,January,0.435,100.0,Normal,Healthy,Normal Operation,Continue Stream Monitoring,No Alert
2026-01-31,11.02,SCB-604,Good,-0.0300000000000011,11.152666666666669,0.093489393337782,11.02,11.236,0.216000000000001,99.7,Normal,0,Saturday,January,0.0,100.0,Normal,Healthy,Normal Operation,Continue Stream Monitoring,No Alert
2026-02-01,10.95,SCB-604,Good,-0.0700000000000002,11.105,0.1133119587687001,10.95,11.222,0.2720000000000002,99.3,Normal,0,Sunday,February,0.0,100.0,Normal,Healthy,Normal Operation,Continue Stream Monitoring,No Alert
2026-02-02,11.16,SCB-604,Good,0.2100000000000008,11.094666666666669,0.1028526454043172,10.95,11.208,0.2580000000000009,97.9,Normal,0,Monday,February,0.45,100.0,Normal,Healthy,Normal Operation,Continue Stream Monitoring,No Alert
2026-02-03,10.97,SCB-604,Good,-0.1899999999999995,11.055,0.0960728889957993,10.95,11.18,0.2300000000000004,98.1,Normal,0,Tuesday,February,0.23,100.0,Normal,Healthy,Normal Operation,Continue Stream Monitoring,No Alert
2026-02-04,11.2,SCB-604,Good,0.2299999999999986,11.075714285714286,0.1034177842309414,10.95,11.2,0.25,97.70000000000002,Normal,0,Wednesday,February,0.25,100.0,Normal,Healthy,Normal Operation,Continue Stream Monitoring,No Alert
2026-02-05,11.03,SCB-604,Good,-0.1699999999999999,11.054285714285712,0.0932482605480521,10.95,11.2,0.25,98.3,Normal,0,Thursday,February,0.2,100.0,Normal,Healthy,Normal Operation,Continue Stream Monitoring,No Alert
2026-02-06,11.1,SCB-604,Good,0.0700000000000002,11.06142857142857,0.0947678868654975,10.95,11.2,0.25,99.3,Normal,0,Friday,February,0.24,100.0,Normal,Healthy,Normal Operation,Continue Stream Monitoring,No Alert
2026-02-07,11.15,SCB-604,Good,0.0500000000000007,11.08,0.0979795897113246,10.95,11.2,0.25,99.5,Normal,0,Saturday,February,0.2,100.0,Normal,Healthy,Normal Operation,Continue Stream Monitoring,No Alert
2026-02-08,11.17,SCB-604,Good,0.0199999999999995,11.111428571428572,0.0835520938154879,10.97,11.2,0.2299999999999986,99.8,Normal,0,Sunday,February,0.27,100.0,Normal,Healthy,Normal Operation,Continue Stream Monitoring,No Alert
2026-02-09,11.14,SCB-604,Good,-0.0299999999999993,11.108571428571429,0.0819407451411409,10.97,11.2,0.2299999999999986,99.7,Normal,0,Monday,February,0.28,100.0,Normal,Healthy,Normal Operation,Continue Stream Monitoring,No Alert
2026-02-10,11.04,SCB-604,Good,-0.1000000000000014,11.118571428571428,0.0646602844175017,11.03,11.2,0.1699999999999999,99.0,Normal,0,Tuesday,February,0.27,100.0,Normal,Healthy,Normal Operation,Continue Stream Monitoring,No Alert
2026-02-11,11.09,SCB-604,Good,0.0500000000000007,11.102857142857143,0.0540722620555977,11.03,11.17,0.1400000000000005,99.5,Normal,0,Wednesday,February,0.14,100.0,Normal,Healthy,Normal Operation,Continue Stream Monitoring,No Alert
2026-02-12,10.94,SCB-604,Good,-0.1500000000000003,11.09,0.0791622805802503,10.94,11.17,0.2300000000000004,98.5,Normal,0,Thursday,February,0.26,100.0,Normal,Healthy,Normal Operation,Continue Stream Monitoring,No Alert
2026-02-13,11.29,SCB-604,Good,0.3499999999999996,11.117142857142856,0.1098050220032883,10.94,11.29,0.3499999999999996,96.5,Normal,0,Friday,February,0.29,100.0,Normal,Healthy,Normal Operation,Continue Stream Monitoring,No Alert
2026-02-14,11.11,SCB-604,Good,-0.1799999999999997,11.111428571428572,0.1088467686595186,10.94,11.29,0.3499999999999996,98.2,Normal,0,Saturday,February,0.17,100.0,Normal,Healthy,Normal Operation,Continue Stream Monitoring,No Alert
2026-02-15,11.12,SCB-604,Good,0.0099999999999997,11.104285714285712,0.1059649537751567,10.94,11.29,0.3499999999999996,99.9,Normal,0,Sunday,February,0.29,100.0,Normal,Healthy,Normal Operation,Continue Stream Monitoring,No Alert
2026-02-16,11.24,SCB-604,Good,0.120000000000001,11.118571428571428,0.1176759068272637,10.94,11.29,0.3499999999999996,98.79999999999998,Normal,0,Monday,February,0.19,100.0,Normal,Healthy,Normal Operation,Continue Stream Monitoring,No Alert
2026-02-17,11.13,SCB-604,Good,-0.1099999999999994,11.131428571428572,0.1124616336695272,10.94,11.29,0.3499999999999996,98.9,Normal,0,Tuesday,February,0.19,100.0,Normal,Healthy,Normal Operation,Continue Stream Monitoring,No Alert
2026-02-18,11.15,SCB-604,Good,0.0199999999999995,11.14,0.1110555416597176,10.94,11.29,0.3499999999999996,99.8,Normal,0,Wednesday,February,0.22,100.0,Normal,Healthy,Normal Operation,Continue Stream Monitoring,No Alert
2026-02-19,11.1,SCB-604,Good,-0.0500000000000007,11.162857142857144,0.0729644401322287,11.1,11.29,0.1899999999999995,99.5,Normal,0,Thursday,February,0.25,100.0,Normal,Healthy,Normal Operation,Continue Stream Monitoring,No Alert
2026-02-20,9.68,SCB-604,Good,-1.42,10.93285714285714,0.5544280622321304,9.68,11.24,1.5600000000000005,85.8,Normal,0,Friday,February,0.25,88.6,Normal,Healthy,Normal Operation,Continue Stream Monitoring,No Alert
2026-02-21,7.21,SCB-604,Good,-2.47,10.375714285714285,1.499987301533549,7.21,11.24,4.03,75.30000000000001,Low,0,Saturday,February,0.24,45.2,Warning,Low Alkali Dosing,Insufficient Caustic Injection Flow Rate,Increase Caustic Dosing Pump Output,Alkaline Scrubber Low pH
2026-02-22,7.21,SCB-604,Good,0.0,9.817142857142857,1.8611619514496307,7.21,11.24,4.03,100.0,Low,0,Sunday,February,0.24,65.0,Warning,Low Alkali Dosing,Insufficient Caustic Injection Flow Rate,Increase Caustic Dosing Pump Output,Alkaline Scrubber Low pH
2026-02-23,7.21,SCB-604,Good,0.0,9.241428571428573,1.9679128416626928,7.21,11.15,3.94,100.0,Low,0,Monday,February,0.34,65.0,Warning,Low Alkali Dosing,Insufficient Caustic Injection Flow Rate,Increase Caustic Dosing Pump Output,Alkaline Scrubber Low pH
2026-02-24,7.21,SCB-604,Good,0.0,8.68142857142857,1.897405496736951,7.21,11.15,3.94,100.0,Low,0,Tuesday,February,0.21,65.0,Warning,Low Alkali Dosing,Insufficient Caustic Injection Flow Rate,Increase Caustic Dosing Pump Output,Alkaline Scrubber Low pH
2026-02-25,7.21,SCB-604,Good,0.0,8.118571428571428,1.604913586162068,7.21,11.1,3.89,100.0,Low,0,Wednesday,February,0.22,65.0,Warning,Low Alkali Dosing,Insufficient Caustic Injection Flow Rate,Increase Caustic Dosing Pump Output,Alkaline Scrubber Low pH
2026-02-26,7.21,SCB-604,Good,0.0,7.562857142857142,0.9335722483327716,7.21,9.68,2.47,100.0,Low,0,Thursday,February,0.23,65.0,Warning,Low Alkali Dosing,Insufficient Caustic Injection Flow Rate,Increase Caustic Dosing Pump Output,Alkaline Scrubber Low pH
2026-02-27,7.21,SCB-604,Good,0.0,7.21,0.0,7.21,7.21,0.0,100.0,Low,0,Friday,February,0.23,65.0,Warning,Low Alkali Dosing,Insufficient Caustic Injection Flow Rate,Increase Caustic Dosing Pump Output,Alkaline Scrubber Low pH
2026-02-28,7.21,SCB-604,Good,0.0,7.21,0.0,7.21,7.21,0.0,100.0,Low,0,Saturday,February,0.23,65.0,Warning,Low Alkali Dosing,Insufficient Caustic Injection Flow Rate,Increase Caustic Dosing Pump Output,Alkaline Scrubber Low pH
2026-03-01,7.21,SCB-604,Good,0.0,7.21,0.0,7.21,7.21,0.0,100.0,Low,0,Sunday,March,0.24,65.0,Warning,Low Alkali Dosing,Insufficient Caustic Injection Flow Rate,Increase Caustic Dosing Pump Output,Alkaline Scrubber Low pH
2026-03-02,7.21,SCB-604,Good,0.0,7.21,0.0,7.21,7.21,0.0,100.0,Low,0,Monday,March,0.3,65.0,Warning,Low Alkali Dosing,Insufficient Caustic Injection Flow Rate,Increase Caustic Dosing Pump Output,Alkaline Scrubber Low pH
2026-03-03,7.21,SCB-604,Good,0.0,7.21,0.0,7.21,7.21,0.0,100.0,Low,0,Tuesday,March,0.26,65.0,Warning,Low Alkali Dosing,Insufficient Caustic Injection Flow Rate,Increase Caustic Dosing Pump Output,Alkaline Scrubber Low pH
2026-03-04,7.21,SCB-604,Good,0.0,7.21,0.0,7.21,7.21,0.0,100.0,Low,0,Wednesday,March,0.18,65.0,Warning,Low Alkali Dosing,Insufficient Caustic Injection Flow Rate,Increase Caustic Dosing Pump Output,Alkaline Scrubber Low pH
2026-03-05,7.21,SCB-604,Good,0.0,7.21,0.0,7.21,7.21,0.0,100.0,Low,0,Thursday,March,0.22,65.0,Warning,Low Alkali Dosing,Insufficient Caustic Injection Flow Rate,Increase Caustic Dosing Pump Output,Alkaline Scrubber Low pH
2026-03-06,7.21,SCB-604,Good,0.0,7.21,0.0,7.21,7.21,0.0,100.0,Low,0,Friday,March,0.25,65.0,Warning,Low Alkali Dosing,Insufficient Caustic Injection Flow Rate,Increase Caustic Dosing Pump Output,Alkaline Scrubber Low pH
2026-03-07,7.21,SCB-604,Good,0.0,7.21,0.0,7.21,7.21,0.0,100.0,Low,0,Saturday,March,0.2,65.0,Warning,Low Alkali Dosing,Insufficient Caustic Injection Flow Rate,Increase Caustic Dosing Pump Output,Alkaline Scrubber Low pH
2026-03-08,7.21,SCB-604,Good,0.0,7.21,0.0,7.21,7.21,0.0,100.0,Low,0,Sunday,March,0.22,65.0,Warning,Low Alkali Dosing,Insufficient Caustic Injection Flow Rate,Increase Caustic Dosing Pump Output,Alkaline Scrubber Low pH
2026-03-09,7.21,SCB-604,Good,0.0,7.21,0.0,7.21,7.21,0.0,100.0,Low,0,Monday,March,0.2,65.0,Warning,Low Alkali Dosing,Insufficient Caustic Injection Flow Rate,Increase Caustic Dosing Pump Output,Alkaline Scrubber Low pH
2026-03-10,7.21,SCB-604,Good,0.0,7.21,0.0,7.21,7.21,0.0,100.0,Low,0,Tuesday,March,0.19,65.0,Warning,Low Alkali Dosing,Insufficient Caustic Injection Flow Rate,Increase Caustic Dosing Pump Output,Alkaline Scrubber Low pH
2026-03-11,7.21,SCB-604,Good,0.0,7.21,0.0,7.21,7.21,0.0,100.0,Low,0,Wednesday,March,0.24,65.0,Warning,Low Alkali Dosing,Insufficient Caustic Injection Flow Rate,Increase Caustic Dosing Pump Output,Alkaline Scrubber Low pH
2026-03-12,7.21,SCB-604,Good,0.0,7.21,0.0,7.21,7.21,0.0,100.0,Low,0,Thursday,March,0.25,65.0,Warning,Low Alkali Dosing,Insufficient Caustic Injection Flow Rate,Increase Caustic Dosing Pump Output,Alkaline Scrubber Low pH
2026-03-13,7.21,SCB-604,Good,0.0,7.21,0.0,7.21,7.21,0.0,100.0,Low,0,Friday,March,0.22,65.0,Warning,Low Alkali Dosing,Insufficient Caustic Injection Flow Rate,Increase Caustic Dosing Pump Output,Alkaline Scrubber Low pH
2026-03-14,7.21,SCB-604,Good,0.0,7.21,0.0,7.21,7.21,0.0,100.0,Low,0,Saturday,March,0.13,65.0,Warning,Low Alkali Dosing,Insufficient Caustic Injection Flow Rate,Increase Caustic Dosing Pump Output,Alkaline Scrubber Low pH
2026-03-15,7.2,SCB-604,Good,-0.0099999999999997,7.208571428571429,0.0037796447300921,7.2,7.21,0.0099999999999997,99.9,Low,0,Sunday,March,0.15,65.0,Warning,Low Alkali Dosing,Insufficient Caustic Injection Flow Rate,Increase Caustic Dosing Pump Output,Alkaline Scrubber Low pH
2026-03-16,7.21,SCB-604,Good,0.0099999999999997,7.208571428571427,0.0037796447300921,7.2,7.21,0.0099999999999997,99.9,Low,0,Monday,March,0.14,65.0,Warning,Low Alkali Dosing,Insufficient Caustic Injection Flow Rate,Increase Caustic Dosing Pump Output,Alkaline Scrubber Low pH
2026-03-17,7.21,SCB-604,Good,0.0,7.208571428571429,0.0037796447300921,7.2,7.21,0.0099999999999997,100.0,Low,0,Tuesday,March,0.19,65.0,Warning,Low Alkali Dosing,Insufficient Caustic Injection Flow Rate,Increase Caustic Dosing Pump Output,Alkaline Scrubber Low pH
2026-03-18,7.21,SCB-604,Good,0.0,7.208571428571429,0.0037796447300921,7.2,7.21,0.0099999999999997,100.0,Low,0,Wednesday,March,0.12,65.0,Warning,Low Alkali Dosing,Insufficient Caustic Injection Flow Rate,Increase Caustic Dosing Pump Output,Alkaline Scrubber Low pH
2026-03-19,7.21,SCB-604,Good,0.0,7.208571428571429,0.0037796447300921,7.2,7.21,0.0099999999999997,100.0,Low,0,Thursday,March,0.19,65.0,Warning,Low Alkali Dosing,Insufficient Caustic Injection Flow Rate,Increase Caustic Dosing Pump Output,Alkaline Scrubber Low pH
2026-03-20,7.21,SCB-604,Good,0.0,7.208571428571429,0.0037796447300921,7.2,7.21,0.0099999999999997,100.0,Low,0,Friday,March,0.21,65.0,Warning,Low Alkali Dosing,Insufficient Caustic Injection Flow Rate,Increase Caustic Dosing Pump Output,Alkaline Scrubber Low pH
2026-03-21,7.21,SCB-604,Good,0.0,7.208571428571429,0.0037796447300921,7.2,7.21,0.0099999999999997,100.0,Low,0,Saturday,March,0.25,65.0,Warning,Low Alkali Dosing,Insufficient Caustic Injection Flow Rate,Increase Caustic Dosing Pump Output,Alkaline Scrubber Low pH
2026-03-22,7.21,SCB-604,Good,0.0,7.21,0.0,7.21,7.21,0.0,100.0,Low,0,Sunday,March,0.3,65.0,Warning,Low Alkali Dosing,Insufficient Caustic Injection Flow Rate,Increase Caustic Dosing Pump Output,Alkaline Scrubber Low pH
2026-03-23,7.21,SCB-604,Good,0.0,7.21,0.0,7.21,7.21,0.0,100.0,Low,0,Monday,March,0.28,65.0,Warning,Low Alkali Dosing,Insufficient Caustic Injection Flow Rate,Increase Caustic Dosing Pump Output,Alkaline Scrubber Low pH
2026-03-24,7.21,SCB-604,Good,0.0,7.21,0.0,7.21,7.21,0.0,100.0,Low,0,Tuesday,March,0.24,65.0,Warning,Low Alkali Dosing,Insufficient Caustic Injection Flow Rate,Increase Caustic Dosing Pump Output,Alkaline Scrubber Low pH
2026-03-25,7.21,SCB-604,Interpolated,0.0,7.21,0.0,7.21,7.21,0.0,100.0,Low,0,Wednesday,March,0.21,65.0,Warning,Low Alkali Dosing,Insufficient Caustic Injection Flow Rate,Increase Caustic Dosing Pump Output,Alkaline Scrubber Low pH
2026-03-26,7.21,SCB-604,Interpolated,0.0,7.21,0.0,7.21,7.21,0.0,100.0,Low,0,Thursday,March,0.31,65.0,Warning,Low Alkali Dosing,Insufficient Caustic Injection Flow Rate,Increase Caustic Dosing Pump Output,Alkaline Scrubber Low pH
2026-03-27,7.21,SCB-604,Interpolated,0.0,7.21,0.0,7.21,7.21,0.0,100.0,Low,0,Friday,March,0.27,65.0,Warning,Low Alkali Dosing,Insufficient Caustic Injection Flow Rate,Increase Caustic Dosing Pump Output,Alkaline Scrubber Low pH
2026-03-28,7.21,SCB-604,Good,0.0,7.21,0.0,7.21,7.21,0.0,100.0,Low,0,Saturday,March,0.2,65.0,Warning,Low Alkali Dosing,Insufficient Caustic Injection Flow Rate,Increase Caustic Dosing Pump Output,Alkaline Scrubber Low pH
2026-03-29,7.21,SCB-604,Good,0.0,7.21,0.0,7.21,7.21,0.0,100.0,Low,0,Sunday,March,0.25,65.0,Warning,Low Alkali Dosing,Insufficient Caustic Injection Flow Rate,Increase Caustic Dosing Pump Output,Alkaline Scrubber Low pH
2026-03-30,7.21,SCB-604,Good,0.0,7.21,0.0,7.21,7.21,0.0,100.0,Low,0,Monday,March,0.24,65.0,Warning,Low Alkali Dosing,Insufficient Caustic Injection Flow Rate,Increase Caustic Dosing Pump Output,Alkaline Scrubber Low pH
2026-03-31,7.21,SCB-604,Good,0.0,7.21,0.0,7.21,7.21,0.0,100.0,Low,0,Tuesday,March,0.28,65.0,Warning,Low Alkali Dosing,Insufficient Caustic Injection Flow Rate,Increase Caustic Dosing Pump Output,Alkaline Scrubber Low pH
2026-04-01,7.21,SCB-604,Good,0.0,7.21,0.0,7.21,7.21,0.0,100.0,Low,0,Wednesday,April,0.3,65.0,Warning,Low Alkali Dosing,Insufficient Caustic Injection Flow Rate,Increase Caustic Dosing Pump Output,Alkaline Scrubber Low pH
2026-04-02,7.21,SCB-604,Good,0.0,7.21,0.0,7.21,7.21,0.0,100.0,Low,0,Thursday,April,0.32,65.0,Warning,Low Alkali Dosing,Insufficient Caustic Injection Flow Rate,Increase Caustic Dosing Pump Output,Alkaline Scrubber Low pH
2026-04-03,7.21,SCB-604,Good,0.0,7.21,0.0,7.21,7.21,0.0,100.0,Low,0,Friday,April,0.26,65.0,Warning,Low Alkali Dosing,Insufficient Caustic Injection Flow Rate,Increase Caustic Dosing Pump Output,Alkaline Scrubber Low pH
2026-04-04,7.21,SCB-604,Good,0.0,7.21,0.0,7.21,7.21,0.0,100.0,Low,0,Saturday,April,0.27,65.0,Warning,Low Alkali Dosing,Insufficient Caustic Injection Flow Rate,Increase Caustic Dosing Pump Output,Alkaline Scrubber Low pH
2026-04-05,7.21,SCB-604,Good,0.0,7.21,0.0,7.21,7.21,0.0,100.0,Low,0,Sunday,April,0.25,65.0,Warning,Low Alkali Dosing,Insufficient Caustic Injection Flow Rate,Increase Caustic Dosing Pump Output,Alkaline Scrubber Low pH
2026-04-06,7.21,SCB-604,Good,0.0,7.21,0.0,7.21,7.21,0.0,100.0,Low,0,Monday,April,0.34,65.0,Warning,Low Alkali Dosing,Insufficient Caustic Injection Flow Rate,Increase Caustic Dosing Pump Output,Alkaline Scrubber Low pH
2026-04-07,7.21,SCB-604,Good,0.0,7.21,0.0,7.21,7.21,0.0,100.0,Low,0,Tuesday,April,0.34,65.0,Warning,Low Alkali Dosing,Insufficient Caustic Injection Flow Rate,Increase Caustic Dosing Pump Output,Alkaline Scrubber Low pH
2026-04-08,7.21,SCB-604,Good,0.0,7.21,0.0,7.21,7.21,0.0,100.0,Low,0,Wednesday,April,0.27,65.0,Warning,Low Alkali Dosing,Insufficient Caustic Injection Flow Rate,Increase Caustic Dosing Pump Output,Alkaline Scrubber Low pH
2026-04-09,7.21,SCB-604,Good,0.0,7.21,0.0,7.21,7.21,0.0,100.0,Low,0,Thursday,April,0.28,65.0,Warning,Low Alkali Dosing,Insufficient Caustic Injection Flow Rate,Increase Caustic Dosing Pump Output,Alkaline Scrubber Low pH
2026-04-10,7.21,SCB-604,Good,0.0,7.21,0.0,7.21,7.21,0.0,100.0,Low,0,Friday,April,0.33,65.0,Warning,Low Alkali Dosing,Insufficient Caustic Injection Flow Rate,Increase Caustic Dosing Pump Output,Alkaline Scrubber Low pH
2026-04-11,7.21,SCB-604,Good,0.0,7.21,0.0,7.21,7.21,0.0,100.0,Low,0,Saturday,April,0.34,65.0,Warning,Low Alkali Dosing,Insufficient Caustic Injection Flow Rate,Increase Caustic Dosing Pump Output,Alkaline Scrubber Low pH
2026-04-12,7.21,SCB-604,Interpolated,0.0,7.21,0.0,7.21,7.21,0.0,100.0,Low,0,Sunday,April,0.2,65.0,Warning,Low Alkali Dosing,Insufficient Caustic Injection Flow Rate,Increase Caustic Dosing Pump Output,Alkaline Scrubber Low pH
2026-04-13,7.21,SCB-604,Good,0.0,7.21,0.0,7.21,7.21,0.0,100.0,Low,0,Monday,April,0.23,65.0,Warning,Low Alkali Dosing,Insufficient Caustic Injection Flow Rate,Increase Caustic Dosing Pump Output,Alkaline Scrubber Low pH
2026-04-14,7.21,SCB-604,Good,0.0,7.21,0.0,7.21,7.21,0.0,100.0,Low,0,Tuesday,April,0.26,65.0,Warning,Low Alkali Dosing,Insufficient Caustic Injection Flow Rate,Increase Caustic Dosing Pump Output,Alkaline Scrubber Low pH
2026-04-15,7.21,SCB-604,Good,0.0,7.21,0.0,7.21,7.21,0.0,100.0,Low,0,Wednesday,April,0.26,65.0,Warning,Low Alkali Dosing,Insufficient Caustic Injection Flow Rate,Increase Caustic Dosing Pump Output,Alkaline Scrubber Low pH
2026-04-16,7.21,SCB-604,Good,0.0,7.21,0.0,7.21,7.21,0.0,100.0,Low,0,Thursday,April,0.22,65.0,Warning,Low Alkali Dosing,Insufficient Caustic Injection Flow Rate,Increase Caustic Dosing Pump Output,Alkaline Scrubber Low pH
2026-04-17,7.21,SCB-604,Good,0.0,7.21,0.0,7.21,7.21,0.0,100.0,Low,0,Friday,April,0.25,65.0,Warning,Low Alkali Dosing,Insufficient Caustic Injection Flow Rate,Increase Caustic Dosing Pump Output,Alkaline Scrubber Low pH
2026-04-18,7.21,SCB-604,Good,0.0,7.21,0.0,7.21,7.21,0.0,100.0,Low,0,Saturday,April,0.22,65.0,Warning,Low Alkali Dosing,Insufficient Caustic Injection Flow Rate,Increase Caustic Dosing Pump Output,Alkaline Scrubber Low pH
2026-04-19,7.21,SCB-604,Good,0.0,7.21,0.0,7.21,7.21,0.0,100.0,Low,0,Sunday,April,0.28,65.0,Warning,Low Alkali Dosing,Insufficient Caustic Injection Flow Rate,Increase Caustic Dosing Pump Output,Alkaline Scrubber Low pH
2026-04-20,7.21,SCB-604,Good,0.0,7.21,0.0,7.21,7.21,0.0,100.0,Low,0,Monday,April,0.27,65.0,Warning,Low Alkali Dosing,Insufficient Caustic Injection Flow Rate,Increase Caustic Dosing Pump Output,Alkaline Scrubber Low pH
2026-04-21,7.21,SCB-604,Good,0.0,7.21,0.0,7.21,7.21,0.0,100.0,Low,0,Tuesday,April,0.29,65.0,Warning,Low Alkali Dosing,Insufficient Caustic Injection Flow Rate,Increase Caustic Dosing Pump Output,Alkaline Scrubber Low pH
2026-04-22,7.21,SCB-604,Good,0.0,7.21,0.0,7.21,7.21,0.0,100.0,Low,0,Wednesday,April,0.34,65.0,Warning,Low Alkali Dosing,Insufficient Caustic Injection Flow Rate,Increase Caustic Dosing Pump Output,Alkaline Scrubber Low pH
2026-04-23,7.21,SCB-604,Good,0.0,7.21,0.0,7.21,7.21,0.0,100.0,Low,0,Thursday,April,0.38,65.0,Warning,Low Alkali Dosing,Insufficient Caustic Injection Flow Rate,Increase Caustic Dosing Pump Output,Alkaline Scrubber Low pH
2026-04-24,7.21,SCB-604,Good,0.0,7.21,0.0,7.21,7.21,0.0,100.0,Low,0,Friday,April,0.41,65.0,Warning,Low Alkali Dosing,Insufficient Caustic Injection Flow Rate,Increase Caustic Dosing Pump Output,Alkaline Scrubber Low pH
2026-04-25,7.21,SCB-604,Good,0.0,7.21,0.0,7.21,7.21,0.0,100.0,Low,0,Saturday,April,0.6,65.0,Warning,Low Alkali Dosing,Insufficient Caustic Injection Flow Rate,Increase Caustic Dosing Pump Output,Alkaline Scrubber Low pH
2026-04-26,7.2,SCB-604,Good,-0.0099999999999997,7.208571428571429,0.0037796447300921,7.2,7.21,0.0099999999999997,99.9,Low,0,Sunday,April,0.0,65.0,Warning,Low Alkali Dosing,Insufficient Caustic Injection Flow Rate,Increase Caustic Dosing Pump Output,Alkaline Scrubber Low pH
2026-04-27,7.22,SCB-604,Good,0.0199999999999995,7.21,0.0057735026918961,7.2,7.22,0.0199999999999995,99.8,Low,0,Monday,April,0.51,65.0,Warning,Low Alkali Dosing,Insufficient Caustic Injection Flow Rate,Increase Caustic Dosing Pump Output,Alkaline Scrubber Low pH
2026-04-28,7.21,SCB-604,Good,-0.0099999999999997,7.21,0.0057735026918961,7.2,7.22,0.0199999999999995,99.9,Low,0,Tuesday,April,0.34,65.0,Warning,Low Alkali Dosing,Insufficient Caustic Injection Flow Rate,Increase Caustic Dosing Pump Output,Alkaline Scrubber Low pH
2026-04-29,7.21,SCB-604,Good,0.0,7.21,0.0057735026918961,7.2,7.22,0.0199999999999995,100.0,Low,0,Wednesday,April,0.41,65.0,Warning,Low Alkali Dosing,Insufficient Caustic Injection Flow Rate,Increase Caustic Dosing Pump Output,Alkaline Scrubber Low pH
2026-04-30,7.21,SCB-604,Good,0.0,7.21,0.0057735026918961,7.2,7.22,0.0199999999999995,100.0,Low,0,Thursday,April,0.3,65.0,Warning,Low Alkali Dosing,Insufficient Caustic Injection Flow Rate,Increase Caustic Dosing Pump Output,Alkaline Scrubber Low pH
2026-05-01,7.21,SCB-604,Good,0.0,7.21,0.0057735026918961,7.2,7.22,0.0199999999999995,100.0,Low,0,Friday,May,0.35,65.0,Warning,Low Alkali Dosing,Insufficient Caustic Injection Flow Rate,Increase Caustic Dosing Pump Output,Alkaline Scrubber Low pH
2026-05-02,7.21,SCB-604,Good,0.0,7.210000000000001,0.0057735026918961,7.2,7.22,0.0199999999999995,100.0,Low,0,Saturday,May,0.36,65.0,Warning,Low Alkali Dosing,Insufficient Caustic Injection Flow Rate,Increase Caustic Dosing Pump Output,Alkaline Scrubber Low pH
2026-05-03,7.21,SCB-604,Good,0.0,7.211428571428572,0.0037796447300921,7.21,7.22,0.0099999999999997,100.0,Low,0,Sunday,May,0.27,65.0,Warning,Low Alkali Dosing,Insufficient Caustic Injection Flow Rate,Increase Caustic Dosing Pump Output,Alkaline Scrubber Low pH
2026-05-04,7.21,SCB-604,Good,0.0,7.21,0.0,7.21,7.21,0.0,100.0,Low,0,Monday,May,0.35,65.0,Warning,Low Alkali Dosing,Insufficient Caustic Injection Flow Rate,Increase Caustic Dosing Pump Output,Alkaline Scrubber Low pH
2026-05-05,7.21,SCB-604,Good,0.0,7.21,0.0,7.21,7.21,0.0,100.0,Low,0,Tuesday,May,0.31,65.0,Warning,Low Alkali Dosing,Insufficient Caustic Injection Flow Rate,Increase Caustic Dosing Pump Output,Alkaline Scrubber Low pH
2026-05-06,7.21,SCB-604,Good,0.0,7.21,0.0,7.21,7.21,0.0,100.0,Low,0,Wednesday,May,0.4,65.0,Warning,Low Alkali Dosing,Insufficient Caustic Injection Flow Rate,Increase Caustic Dosing Pump Output,Alkaline Scrubber Low pH
2026-05-07,7.21,SCB-604,Good,0.0,7.21,0.0,7.21,7.21,0.0,100.0,Low,0,Thursday,May,0.47,65.0,Warning,Low Alkali Dosing,Insufficient Caustic Injection Flow Rate,Increase Caustic Dosing Pump Output,Alkaline Scrubber Low pH
2026-05-08,7.21,SCB-604,Good,0.0,7.21,0.0,7.21,7.21,0.0,100.0,Low,0,Friday,May,0.33,65.0,Warning,Low Alkali Dosing,Insufficient Caustic Injection Flow Rate,Increase Caustic Dosing Pump Output,Alkaline Scrubber Low pH
2026-05-09,7.21,SCB-604,Good,0.0,7.21,0.0,7.21,7.21,0.0,100.0,Low,0,Saturday,May,0.37,65.0,Warning,Low Alkali Dosing,Insufficient Caustic Injection Flow Rate,Increase Caustic Dosing Pump Output,Alkaline Scrubber Low pH
2026-05-10,7.21,SCB-604,Good,0.0,7.21,0.0,7.21,7.21,0.0,100.0,Low,0,Sunday,May,0.39,65.0,Warning,Low Alkali Dosing,Insufficient Caustic Injection Flow Rate,Increase Caustic Dosing Pump Output,Alkaline Scrubber Low pH
2026-05-11,7.21,SCB-604,Good,0.0,7.21,0.0,7.21,7.21,0.0,100.0,Low,0,Monday,May,0.41,65.0,Warning,Low Alkali Dosing,Insufficient Caustic Injection Flow Rate,Increase Caustic Dosing Pump Output,Alkaline Scrubber Low pH
2026-05-12,7.21,SCB-604,Good,0.0,7.21,0.0,7.21,7.21,0.0,100.0,Low,0,Tuesday,May,0.45,65.0,Warning,Low Alkali Dosing,Insufficient Caustic Injection Flow Rate,Increase Caustic Dosing Pump Output,Alkaline Scrubber Low pH
2026-05-13,7.21,SCB-604,Good,0.0,7.21,0.0,7.21,7.21,0.0,100.0,Low,0,Wednesday,May,0.24,65.0,Warning,Low Alkali Dosing,Insufficient Caustic Injection Flow Rate,Increase Caustic Dosing Pump Output,Alkaline Scrubber Low pH
2026-05-14,7.21,SCB-604,Good,0.0,7.21,0.0,7.21,7.21,0.0,100.0,Low,0,Thursday,May,0.32,65.0,Warning,Low Alkali Dosing,Insufficient Caustic Injection Flow Rate,Increase Caustic Dosing Pump Output,Alkaline Scrubber Low pH
2026-05-15,7.21,SCB-604,Good,0.0,7.21,0.0,7.21,7.21,0.0,100.0,Low,0,Friday,May,0.2,65.0,Warning,Low Alkali Dosing,Insufficient Caustic Injection Flow Rate,Increase Caustic Dosing Pump Output,Alkaline Scrubber Low pH
2026-05-16,7.21,SCB-604,Good,0.0,7.21,0.0,7.21,7.21,0.0,100.0,Low,0,Saturday,May,0.29,65.0,Warning,Low Alkali Dosing,Insufficient Caustic Injection Flow Rate,Increase Caustic Dosing Pump Output,Alkaline Scrubber Low pH
2026-05-17,7.21,SCB-604,Good,0.0,7.21,0.0,7.21,7.21,0.0,100.0,Low,0,Sunday,May,0.28,65.0,Warning,Low Alkali Dosing,Insufficient Caustic Injection Flow Rate,Increase Caustic Dosing Pump Output,Alkaline Scrubber Low pH
2026-05-18,7.21,SCB-604,Good,0.0,7.21,0.0,7.21,7.21,0.0,100.0,Low,0,Monday,May,0.29,65.0,Warning,Low Alkali Dosing,Insufficient Caustic Injection Flow Rate,Increase Caustic Dosing Pump Output,Alkaline Scrubber Low pH
2026-05-19,7.21,SCB-604,Good,0.0,7.21,0.0,7.21,7.21,0.0,100.0,Low,0,Tuesday,May,0.27,65.0,Warning,Low Alkali Dosing,Insufficient Caustic Injection Flow Rate,Increase Caustic Dosing Pump Output,Alkaline Scrubber Low pH
2026-05-20,7.21,SCB-604,Good,0.0,7.21,0.0,7.21,7.21,0.0,100.0,Low,0,Wednesday,May,0.31,65.0,Warning,Low Alkali Dosing,Insufficient Caustic Injection Flow Rate,Increase Caustic Dosing Pump Output,Alkaline Scrubber Low pH
2026-05-21,7.48,SCB-604,Good,0.2700000000000004,7.248571428571429,0.1020504077124916,7.21,7.48,0.2700000000000004,97.3,Low,0,Thursday,May,0.34,65.0,Warning,Low Alkali Dosing,Insufficient Caustic Injection Flow Rate,Increase Caustic Dosing Pump Output,Alkaline Scrubber Low pH
2026-05-22,7.21,SCB-604,Good,-0.2700000000000004,7.248571428571429,0.1020504077124916,7.21,7.48,0.2700000000000004,97.3,Low,0,Friday,May,0.25,65.0,Warning,Low Alkali Dosing,Insufficient Caustic Injection Flow Rate,Increase Caustic Dosing Pump Output,Alkaline Scrubber Low pH
2026-05-23,7.21,SCB-604,Good,0.0,7.248571428571429,0.1020504077124916,7.21,7.48,0.2700000000000004,100.0,Low,0,Saturday,May,0.19,65.0,Warning,Low Alkali Dosing,Insufficient Caustic Injection Flow Rate,Increase Caustic Dosing Pump Output,Alkaline Scrubber Low pH
2026-05-24,7.21,SCB-604,Good,0.0,7.248571428571428,0.1020504077124916,7.21,7.48,0.2700000000000004,100.0,Low,0,Sunday,May,0.35,65.0,Warning,Low Alkali Dosing,Insufficient Caustic Injection Flow Rate,Increase Caustic Dosing Pump Output,Alkaline Scrubber Low pH
2026-05-25,7.21,SCB-604,Good,0.0,7.248571428571428,0.1020504077124916,7.21,7.48,0.2700000000000004,100.0,Low,0,Monday,May,0.36,65.0,Warning,Low Alkali Dosing,Insufficient Caustic Injection Flow Rate,Increase Caustic Dosing Pump Output,Alkaline Scrubber Low pH
2026-05-26,7.21,SCB-604,Good,0.0,7.248571428571429,0.1020504077124916,7.21,7.48,0.2700000000000004,100.0,Low,0,Tuesday,May,0.3,65.0,Warning,Low Alkali Dosing,Insufficient Caustic Injection Flow Rate,Increase Caustic Dosing Pump Output,Alkaline Scrubber Low pH
2026-05-27,7.21,SCB-604,Good,0.0,7.248571428571429,0.1020504077124916,7.21,7.48,0.2700000000000004,100.0,Low,0,Wednesday,May,0.41,65.0,Warning,Low Alkali Dosing,Insufficient Caustic Injection Flow Rate,Increase Caustic Dosing Pump Output,Alkaline Scrubber Low pH
2026-05-28,7.21,SCB-604,Good,0.0,7.21,0.0,7.21,7.21,0.0,100.0,Low,0,Thursday,May,2.01,65.0,Warning,Low Alkali Dosing,Insufficient Caustic Injection Flow Rate,Increase Caustic Dosing Pump Output,Alkaline Scrubber Low pH
2026-05-29,7.21,SCB-604,Good,0.0,7.21,0.0,7.21,7.21,0.0,100.0,Low,0,Friday,May,0.31,65.0,Warning,Low Alkali Dosing,Insufficient Caustic Injection Flow Rate,Increase Caustic Dosing Pump Output,Alkaline Scrubber Low pH
2026-05-30,7.21,SCB-604,Good,0.0,7.21,0.0,7.21,7.21,0.0,100.0,Low,0,Saturday,May,0.3,65.0,Warning,Low Alkali Dosing,Insufficient Caustic Injection Flow Rate,Increase Caustic Dosing Pump Output,Alkaline Scrubber Low pH
2026-05-31,7.21,SCB-604,Good,0.0,7.21,0.0,7.21,7.21,0.0,100.0,Low,0,Sunday,May,0.29,65.0,Warning,Low Alkali Dosing,Insufficient Caustic Injection Flow Rate,Increase Caustic Dosing Pump Output,Alkaline Scrubber Low pH
2026-06-01,7.21,SCB-604,Good,0.0,7.21,0.0,7.21,7.21,0.0,100.0,Low,0,Monday,June,0.29,65.0,Warning,Low Alkali Dosing,Insufficient Caustic Injection Flow Rate,Increase Caustic Dosing Pump Output,Alkaline Scrubber Low pH
2026-06-02,7.21,SCB-604,Good,0.0,7.21,0.0,7.21,7.21,0.0,100.0,Low,0,Tuesday,June,0.3,65.0,Warning,Low Alkali Dosing,Insufficient Caustic Injection Flow Rate,Increase Caustic Dosing Pump Output,Alkaline Scrubber Low pH
2026-06-03,7.21,SCB-604,Good,0.0,7.21,0.0,7.21,7.21,0.0,100.0,Low,0,Wednesday,June,0.27,65.0,Warning,Low Alkali Dosing,Insufficient Caustic Injection Flow Rate,Increase Caustic Dosing Pump Output,Alkaline Scrubber Low pH
2026-06-04,7.21,SCB-604,Good,0.0,7.21,0.0,7.21,7.21,0.0,100.0,Low,0,Thursday,June,0.24,65.0,Warning,Low Alkali Dosing,Insufficient Caustic Injection Flow Rate,Increase Caustic Dosing Pump Output,Alkaline Scrubber Low pH
2026-06-05,7.21,SCB-604,Good,0.0,7.21,0.0,7.21,7.21,0.0,100.0,Low,0,Friday,June,0.24,65.0,Warning,Low Alkali Dosing,Insufficient Caustic Injection Flow Rate,Increase Caustic Dosing Pump Output,Alkaline Scrubber Low pH
2026-06-06,7.21,SCB-604,Good,0.0,7.21,0.0,7.21,7.21,0.0,100.0,Low,0,Saturday,June,0.2333333333333333,65.0,Warning,Low Alkali Dosing,Insufficient Caustic Injection Flow Rate,Increase Caustic Dosing Pump Output,Alkaline Scrubber Low pH
2026-06-07,7.21,SCB-604,Good,0.0,7.21,0.0,7.21,7.21,0.0,100.0,Low,0,Sunday,June,0.2266666666666666,65.0,Warning,Low Alkali Dosing,Insufficient Caustic Injection Flow Rate,Increase Caustic Dosing Pump Output,Alkaline Scrubber Low pH
2026-06-08,7.21,SCB-604,Good,0.0,7.21,0.0,7.21,7.21,0.0,100.0,Low,0,Monday,June,0.22,65.0,Warning,Low Alkali Dosing,Insufficient Caustic Injection Flow Rate,Increase Caustic Dosing Pump Output,Alkaline Scrubber Low pH
2026-06-09,7.21,SCB-604,Good,0.0,7.21,0.0,7.21,7.21,0.0,100.0,Low,0,Tuesday,June,0.32,65.0,Warning,Low Alkali Dosing,Insufficient Caustic Injection Flow Rate,Increase Caustic Dosing Pump Output,Alkaline Scrubber Low pH
2026-06-10,7.21,SCB-604,Good,0.0,7.21,0.0,7.21,7.21,0.0,100.0,Low,0,Wednesday,June,0.31,65.0,Warning,Low Alkali Dosing,Insufficient Caustic Injection Flow Rate,Increase Caustic Dosing Pump Output,Alkaline Scrubber Low pH
2026-06-11,7.21,SCB-604,Good,0.0,7.21,0.0,7.21,7.21,0.0,100.0,Low,0,Thursday,June,0.32,65.0,Warning,Low Alkali Dosing,Insufficient Caustic Injection Flow Rate,Increase Caustic Dosing Pump Output,Alkaline Scrubber Low pH
2026-06-12,7.21,SCB-604,Good,0.0,7.21,0.0,7.21,7.21,0.0,100.0,Low,0,Friday,June,0.36,65.0,Warning,Low Alkali Dosing,Insufficient Caustic Injection Flow Rate,Increase Caustic Dosing Pump Output,Alkaline Scrubber Low pH
2026-06-13,7.21,SCB-604,Good,0.0,7.21,0.0,7.21,7.21,0.0,100.0,Low,0,Saturday,June,0.29,65.0,Warning,Low Alkali Dosing,Insufficient Caustic Injection Flow Rate,Increase Caustic Dosing Pump Output,Alkaline Scrubber Low pH
2026-06-14,7.21,SCB-604,Good,0.0,7.21,0.0,7.21,7.21,0.0,100.0,Low,0,Sunday,June,0.29,65.0,Warning,Low Alkali Dosing,Insufficient Caustic Injection Flow Rate,Increase Caustic Dosing Pump Output,Alkaline Scrubber Low pH
2026-06-15,7.21,SCB-604,Good,0.0,7.21,0.0,7.21,7.21,0.0,100.0,Low,0,Monday,June,0.31,65.0,Warning,Low Alkali Dosing,Insufficient Caustic Injection Flow Rate,Increase Caustic Dosing Pump Output,Alkaline Scrubber Low pH
2026-06-16,7.21,SCB-604,Good,0.0,7.21,0.0,7.21,7.21,0.0,100.0,Low,0,Tuesday,June,0.24,65.0,Warning,Low Alkali Dosing,Insufficient Caustic Injection Flow Rate,Increase Caustic Dosing Pump Output,Alkaline Scrubber Low pH
2026-06-17,7.21,SCB-604,Good,0.0,7.21,0.0,7.21,7.21,0.0,100.0,Low,0,Wednesday,June,0.21,65.0,Warning,Low Alkali Dosing,Insufficient Caustic Injection Flow Rate,Increase Caustic Dosing Pump Output,Alkaline Scrubber Low pH
2026-06-18,7.21,SCB-604,Good,0.0,7.21,0.0,7.21,7.21,0.0,100.0,Low,0,Thursday,June,0.36,65.0,Warning,Low Alkali Dosing,Insufficient Caustic Injection Flow Rate,Increase Caustic Dosing Pump Output,Alkaline Scrubber Low pH
2026-06-19,7.21,SCB-604,Good,0.0,7.21,0.0,7.21,7.21,0.0,100.0,Low,0,Friday,June,0.26,65.0,Warning,Low Alkali Dosing,Insufficient Caustic Injection Flow Rate,Increase Caustic Dosing Pump Output,Alkaline Scrubber Low pH
2026-06-20,7.21,SCB-604,Good,0.0,7.21,0.0,7.21,7.21,0.0,100.0,Low,0,Saturday,June,0.24,65.0,Warning,Low Alkali Dosing,Insufficient Caustic Injection Flow Rate,Increase Caustic Dosing Pump Output,Alkaline Scrubber Low pH
2026-06-21,7.21,SCB-604,Good,0.0,7.21,0.0,7.21,7.21,0.0,100.0,Low,0,Sunday,June,0.3,65.0,Warning,Low Alkali Dosing,Insufficient Caustic Injection Flow Rate,Increase Caustic Dosing Pump Output,Alkaline Scrubber Low pH
2026-06-22,7.21,SCB-604,Good,0.0,7.21,0.0,7.21,7.21,0.0,100.0,Low,0,Monday,June,0.28,65.0,Warning,Low Alkali Dosing,Insufficient Caustic Injection Flow Rate,Increase Caustic Dosing Pump Output,Alkaline Scrubber Low pH
2026-06-23,7.21,SCB-604,Good,0.0,7.21,0.0,7.21,7.21,0.0,100.0,Low,0,Tuesday,June,0.37,65.0,Warning,Low Alkali Dosing,Insufficient Caustic Injection Flow Rate,Increase Caustic Dosing Pump Output,Alkaline Scrubber Low pH
2026-06-24,7.21,SCB-604,Good,0.0,7.21,0.0,7.21,7.21,0.0,100.0,Low,0,Wednesday,June,0.27,65.0,Warning,Low Alkali Dosing,Insufficient Caustic Injection Flow Rate,Increase Caustic Dosing Pump Output,Alkaline Scrubber Low pH
2026-06-25,7.21,SCB-604,Good,0.0,7.21,0.0,7.21,7.21,0.0,100.0,Low,0,Thursday,June,0.33,65.0,Warning,Low Alkali Dosing,Insufficient Caustic Injection Flow Rate,Increase Caustic Dosing Pump Output,Alkaline Scrubber Low pH
2026-06-26,7.21,SCB-604,Good,0.0,7.21,0.0,7.21,7.21,0.0,100.0,Low,0,Friday,June,0.24,65.0,Warning,Low Alkali Dosing,Insufficient Caustic Injection Flow Rate,Increase Caustic Dosing Pump Output,Alkaline Scrubber Low pH
2026-06-27,7.21,SCB-604,Good,0.0,7.21,0.0,7.21,7.21,0.0,100.0,Low,0,Saturday,June,0.34,65.0,Warning,Low Alkali Dosing,Insufficient Caustic Injection Flow Rate,Increase Caustic Dosing Pump Output,Alkaline Scrubber Low pH
2026-06-28,7.21,SCB-604,Good,0.0,7.21,0.0,7.21,7.21,0.0,100.0,Low,0,Sunday,June,0.24,65.0,Warning,Low Alkali Dosing,Insufficient Caustic Injection Flow Rate,Increase Caustic Dosing Pump Output,Alkaline Scrubber Low pH
2026-06-29,7.21,SCB-604,Good,0.0,7.21,0.0,7.21,7.21,0.0,100.0,Low,0,Monday,June,0.44,65.0,Warning,Low Alkali Dosing,Insufficient Caustic Injection Flow Rate,Increase Caustic Dosing Pump Output,Alkaline Scrubber Low pH
2026-06-30,7.21,SCB-604,Good,0.0,7.21,0.0,7.21,7.21,0.0,100.0,Low,0,Tuesday,June,0.47,65.0,Warning,Low Alkali Dosing,Insufficient Caustic Injection Flow Rate,Increase Caustic Dosing Pump Output,Alkaline Scrubber Low pH
2026-01-01,,SCB-605,Offline,0.0,,0.0,,,,100.0,Offline,0,Thursday,January,0.45,0.0,Critical,Scrubber Telemetry Offline,CEMS Sensor Communication Failure,Inspect Modbus Transmitters and Field PLC Cabinets,Sensor Connection Error
2026-01-02,,SCB-605,Offline,0.0,,0.0,,,,100.0,Offline,0,Friday,January,0.45,0.0,Critical,Scrubber Telemetry Offline,CEMS Sensor Communication Failure,Inspect Modbus Transmitters and Field PLC Cabinets,Sensor Connection Error
2026-01-03,,SCB-605,Offline,0.0,,0.0,,,,100.0,Offline,0,Saturday,January,0.47,0.0,Critical,Scrubber Telemetry Offline,CEMS Sensor Communication Failure,Inspect Modbus Transmitters and Field PLC Cabinets,Sensor Connection Error
2026-01-04,,SCB-605,Offline,0.0,,0.0,,,,100.0,Offline,0,Sunday,January,0.51,0.0,Critical,Scrubber Telemetry Offline,CEMS Sensor Communication Failure,Inspect Modbus Transmitters and Field PLC Cabinets,Sensor Connection Error
2026-01-05,,SCB-605,Offline,0.0,,0.0,,,,100.0,Offline,0,Monday,January,0.41,0.0,Critical,Scrubber Telemetry Offline,CEMS Sensor Communication Failure,Inspect Modbus Transmitters and Field PLC Cabinets,Sensor Connection Error
2026-01-06,,SCB-605,Offline,0.0,,0.0,,,,100.0,Offline,0,Tuesday,January,0.41,0.0,Critical,Scrubber Telemetry Offline,CEMS Sensor Communication Failure,Inspect Modbus Transmitters and Field PLC Cabinets,Sensor Connection Error
2026-01-07,,SCB-605,Offline,0.0,,0.0,,,,100.0,Offline,0,Wednesday,January,0.52,0.0,Critical,Scrubber Telemetry Offline,CEMS Sensor Communication Failure,Inspect Modbus Transmitters and Field PLC Cabinets,Sensor Connection Error
2026-01-08,,SCB-605,Offline,0.0,,0.0,,,,100.0,Offline,0,Thursday,January,0.54,0.0,Critical,Scrubber Telemetry Offline,CEMS Sensor Communication Failure,Inspect Modbus Transmitters and Field PLC Cabinets,Sensor Connection Error
2026-01-09,,SCB-605,Offline,0.0,,0.0,,,,100.0,Offline,0,Friday,January,0.48,0.0,Critical,Scrubber Telemetry Offline,CEMS Sensor Communication Failure,Inspect Modbus Transmitters and Field PLC Cabinets,Sensor Connection Error
2026-01-10,,SCB-605,Offline,0.0,,0.0,,,,100.0,Offline,0,Saturday,January,0.53,0.0,Critical,Scrubber Telemetry Offline,CEMS Sensor Communication Failure,Inspect Modbus Transmitters and Field PLC Cabinets,Sensor Connection Error
2026-01-11,,SCB-605,Offline,0.0,,0.0,,,,100.0,Offline,0,Sunday,January,0.51,0.0,Critical,Scrubber Telemetry Offline,CEMS Sensor Communication Failure,Inspect Modbus Transmitters and Field PLC Cabinets,Sensor Connection Error
2026-01-12,,SCB-605,Offline,0.0,,0.0,,,,100.0,Offline,0,Monday,January,0.52,0.0,Critical,Scrubber Telemetry Offline,CEMS Sensor Communication Failure,Inspect Modbus Transmitters and Field PLC Cabinets,Sensor Connection Error
2026-01-13,,SCB-605,Offline,0.0,,0.0,,,,100.0,Offline,0,Tuesday,January,0.54,0.0,Critical,Scrubber Telemetry Offline,CEMS Sensor Communication Failure,Inspect Modbus Transmitters and Field PLC Cabinets,Sensor Connection Error
2026-01-14,,SCB-605,Offline,0.0,,0.0,,,,100.0,Offline,0,Wednesday,January,0.57,0.0,Critical,Scrubber Telemetry Offline,CEMS Sensor Communication Failure,Inspect Modbus Transmitters and Field PLC Cabinets,Sensor Connection Error
2026-01-15,,SCB-605,Offline,0.0,,0.0,,,,100.0,Offline,0,Thursday,January,0.51,0.0,Critical,Scrubber Telemetry Offline,CEMS Sensor Communication Failure,Inspect Modbus Transmitters and Field PLC Cabinets,Sensor Connection Error
2026-01-16,,SCB-605,Offline,0.0,,0.0,,,,100.0,Offline,0,Friday,January,0.49,0.0,Critical,Scrubber Telemetry Offline,CEMS Sensor Communication Failure,Inspect Modbus Transmitters and Field PLC Cabinets,Sensor Connection Error
2026-01-17,,SCB-605,Offline,0.0,,0.0,,,,100.0,Offline,0,Saturday,January,0.54,0.0,Critical,Scrubber Telemetry Offline,CEMS Sensor Communication Failure,Inspect Modbus Transmitters and Field PLC Cabinets,Sensor Connection Error
2026-01-18,,SCB-605,Offline,0.0,,0.0,,,,100.0,Offline,0,Sunday,January,0.46,0.0,Critical,Scrubber Telemetry Offline,CEMS Sensor Communication Failure,Inspect Modbus Transmitters and Field PLC Cabinets,Sensor Connection Error
2026-01-19,,SCB-605,Offline,0.0,,0.0,,,,100.0,Offline,0,Monday,January,0.34,0.0,Critical,Scrubber Telemetry Offline,CEMS Sensor Communication Failure,Inspect Modbus Transmitters and Field PLC Cabinets,Sensor Connection Error
2026-01-20,11.25,SCB-605,Good,0.0,11.25,0.0,11.25,11.25,0.0,100.0,Normal,0,Tuesday,January,0.53,100.0,Normal,Healthy,Normal Operation,Continue Stream Monitoring,No Alert
2026-01-21,10.81,SCB-605,Good,-0.4399999999999995,11.03,0.3111269837220812,10.81,11.25,0.4399999999999995,95.6,Normal,0,Wednesday,January,0.44,100.0,Normal,Healthy,Normal Operation,Continue Stream Monitoring,No Alert
2026-01-22,11.15,SCB-605,Good,0.3399999999999998,11.07,0.230651251893416,10.81,11.25,0.4399999999999995,96.6,Normal,0,Thursday,January,0.46,100.0,Normal,Healthy,Normal Operation,Continue Stream Monitoring,No Alert
2026-01-23,11.33,SCB-605,Good,0.1799999999999997,11.135,0.2288376425911321,10.81,11.33,0.5199999999999996,98.2,Normal,0,Friday,January,0.36,100.0,Normal,Healthy,Normal Operation,Continue Stream Monitoring,No Alert
2026-01-24,11.01,SCB-605,Good,-0.3200000000000003,11.11,0.20591260281974,10.81,11.33,0.5199999999999996,96.8,Normal,0,Saturday,January,0.37,100.0,Normal,Healthy,Normal Operation,Continue Stream Monitoring,No Alert
2026-01-25,11.002,SCB-605,Interpolated,-0.0079999999999991,11.092,0.1893779290202529,10.81,11.33,0.5199999999999996,99.92000000000002,Normal,0,Sunday,January,0.54,100.0,Normal,Healthy,Normal Operation,Continue Stream Monitoring,No Alert
2026-01-26,10.994,SCB-605,Interpolated,-0.0080000000000008,11.078,0.176801206632383,10.81,11.33,0.5199999999999996,99.92,Normal,0,Monday,January,0.41,100.0,Normal,Healthy,Normal Operation,Continue Stream Monitoring,No Alert
2026-01-27,10.986,SCB-605,Interpolated,-0.0079999999999991,11.040285714285714,0.1614906749482396,10.81,11.33,0.5199999999999996,99.92000000000002,Normal,0,Tuesday,January,0.42,100.0,Normal,Healthy,Normal Operation,Continue Stream Monitoring,No Alert
2026-01-28,,SCB-605,Offline,0.0,11.078666666666663,0.1375538682359264,10.986,11.33,0.3439999999999994,100.0,Offline,0,Wednesday,January,0.425,0.0,Critical,Scrubber Telemetry Offline,CEMS Sensor Communication Failure,Inspect Modbus Transmitters and Field PLC Cabinets,Sensor Connection Error
2026-01-29,10.97,SCB-605,Good,0.0,11.048666666666668,0.1385101680984707,10.97,11.33,0.3599999999999994,100.0,Normal,0,Thursday,January,0.43,100.0,Normal,Healthy,Normal Operation,Continue Stream Monitoring,No Alert
2026-01-30,11.07,SCB-605,Good,0.0999999999999996,11.005333333333336,0.0345407971342111,10.97,11.07,0.0999999999999996,99.0,Normal,0,Friday,January,0.435,100.0,Normal,Healthy,Normal Operation,Continue Stream Monitoring,No Alert
2026-01-31,11.01,SCB-605,Good,-0.0600000000000005,11.005333333333333,0.0345407971342111,10.97,11.07,0.0999999999999996,99.4,Normal,0,Saturday,January,0.0,100.0,Normal,Healthy,Normal Operation,Continue Stream Monitoring,No Alert
2026-02-01,11.1,SCB-605,Good,0.0899999999999998,11.021666666666668,0.0516049093271818,10.97,11.1,0.129999999999999,99.1,Normal,0,Sunday,February,0.0,100.0,Normal,Healthy,Normal Operation,Continue Stream Monitoring,No Alert
2026-02-02,10.99,SCB-605,Good,-0.1099999999999994,11.021,0.0520576603392814,10.97,11.1,0.129999999999999,98.9,Normal,0,Monday,February,0.45,100.0,Normal,Healthy,Normal Operation,Continue Stream Monitoring,No Alert
2026-02-03,11.17,SCB-605,Good,0.1799999999999997,11.051666666666668,0.0760043858383613,10.97,11.17,0.1999999999999993,98.2,Normal,0,Tuesday,February,0.23,100.0,Normal,Healthy,Normal Operation,Continue Stream Monitoring,No Alert
2026-02-04,10.94,SCB-605,Good,-0.2300000000000004,11.035714285714286,0.081211071260254,10.94,11.17,0.2300000000000004,97.7,Normal,0,Wednesday,February,0.25,100.0,Normal,Healthy,Normal Operation,Continue Stream Monitoring,No Alert
2026-02-05,11.14,SCB-605,Good,0.200000000000001,11.06,0.0836660026534064,10.94,11.17,0.2300000000000004,98.0,Normal,0,Thursday,February,0.2,100.0,Normal,Healthy,Normal Operation,Continue Stream Monitoring,No Alert
2026-02-06,11.1,SCB-605,Good,-0.0400000000000009,11.064285714285711,0.0850210058078073,10.94,11.17,0.2300000000000004,99.6,Normal,0,Friday,February,0.24,100.0,Normal,Healthy,Normal Operation,Continue Stream Monitoring,No Alert
2026-02-07,11.37,SCB-605,Good,0.2699999999999996,11.115714285714288,0.1386671245413664,10.94,11.37,0.4299999999999997,97.3,Normal,0,Saturday,February,0.2,100.0,Normal,Healthy,Normal Operation,Continue Stream Monitoring,No Alert
2026-02-08,11.1,SCB-605,Good,-0.2699999999999996,11.115714285714288,0.1386671245413664,10.94,11.37,0.4299999999999997,97.3,Normal,0,Sunday,February,0.27,100.0,Normal,Healthy,Normal Operation,Continue Stream Monitoring,No Alert
2026-02-09,10.99,SCB-605,Good,-0.1099999999999994,11.115714285714288,0.1386671245413664,10.94,11.37,0.4299999999999997,98.9,Normal,0,Monday,February,0.28,100.0,Normal,Healthy,Normal Operation,Continue Stream Monitoring,No Alert
2026-02-10,10.86,SCB-605,Good,-0.1300000000000007,11.071428571428571,0.1653711554280815,10.86,11.37,0.5099999999999998,98.7,Normal,0,Tuesday,February,0.27,100.0,Normal,Healthy,Normal Operation,Continue Stream Monitoring,No Alert
2026-02-11,11.15,SCB-605,Good,0.2900000000000009,11.10142857142857,0.1563573440795748,10.86,11.37,0.5099999999999998,97.1,Normal,0,Wednesday,February,0.14,100.0,Normal,Healthy,Normal Operation,Continue Stream Monitoring,No Alert
2026-02-12,11.0,SCB-605,Good,-0.1500000000000003,11.081428571428573,0.1595230987901709,10.86,11.37,0.5099999999999998,98.5,Normal,0,Thursday,February,0.26,100.0,Normal,Healthy,Normal Operation,Continue Stream Monitoring,No Alert
2026-02-13,11.13,SCB-605,Good,0.1300000000000007,11.085714285714287,0.1605051549387257,10.86,11.37,0.5099999999999998,98.7,Normal,0,Friday,February,0.29,100.0,Normal,Healthy,Normal Operation,Continue Stream Monitoring,No Alert
2026-02-14,10.99,SCB-605,Good,-0.1400000000000005,11.031428571428572,0.101886958836508,10.86,11.15,0.2900000000000009,98.6,Normal,0,Saturday,February,0.17,100.0,Normal,Healthy,Normal Operation,Continue Stream Monitoring,No Alert
2026-02-15,11.01,SCB-605,Good,0.0199999999999995,11.01857142857143,0.0973701821963601,10.86,11.15,0.2900000000000009,99.8,Normal,0,Sunday,February,0.29,100.0,Normal,Healthy,Normal Operation,Continue Stream Monitoring,No Alert
2026-02-16,11.19,SCB-605,Good,0.1799999999999997,11.047142857142855,0.115284327601266,10.86,11.19,0.33,98.2,Normal,0,Monday,February,0.19,100.0,Normal,Healthy,Normal Operation,Continue Stream Monitoring,No Alert
2026-02-17,11.26,SCB-605,Good,0.0700000000000002,11.104285714285712,0.1058075521654182,10.99,11.26,0.2699999999999996,99.3,Normal,0,Tuesday,February,0.19,100.0,Normal,Healthy,Normal Operation,Continue Stream Monitoring,No Alert
2026-02-18,11.18,SCB-605,Good,-0.08,11.108571428571429,0.1085400957294214,10.99,11.26,0.2699999999999996,99.2,Normal,0,Wednesday,February,0.22,100.0,Normal,Healthy,Normal Operation,Continue Stream Monitoring,No Alert
2026-02-19,11.21,SCB-605,Good,0.0300000000000011,11.138571428571428,0.1023765226062693,10.99,11.26,0.2699999999999996,99.7,Normal,0,Thursday,February,0.25,100.0,Normal,Healthy,Normal Operation,Continue Stream Monitoring,No Alert
2026-02-20,10.96,SCB-605,Good,-0.25,11.114285714285714,0.1228626798309303,10.96,11.26,0.2999999999999989,97.5,Normal,0,Friday,February,0.25,100.0,Normal,Healthy,Normal Operation,Continue Stream Monitoring,No Alert
2026-02-21,11.28,SCB-605,Good,0.3199999999999985,11.155714285714286,0.1228626798309297,10.96,11.28,0.3199999999999985,96.8,Normal,0,Saturday,February,0.24,100.0,Normal,Healthy,Normal Operation,Continue Stream Monitoring,No Alert
2026-02-22,11.18,SCB-605,Good,-0.0999999999999996,11.179999999999998,0.1047218538160302,10.96,11.28,0.3199999999999985,99.0,Normal,0,Sunday,February,0.24,100.0,Normal,Healthy,Normal Operation,Continue Stream Monitoring,No Alert
2026-02-23,11.13,SCB-605,Good,-0.0499999999999989,11.171428571428573,0.1062118278768976,10.96,11.28,0.3199999999999985,99.5,Normal,0,Monday,February,0.34,100.0,Normal,Healthy,Normal Operation,Continue Stream Monitoring,No Alert
2026-02-24,11.07,SCB-605,Good,-0.0600000000000005,11.144285714285717,0.1040604220084219,10.96,11.28,0.3199999999999985,99.4,Normal,0,Tuesday,February,0.21,100.0,Normal,Healthy,Normal Operation,Continue Stream Monitoring,No Alert
2026-02-25,10.91,SCB-605,Good,-0.1600000000000001,11.105714285714283,0.1342705158572458,10.91,11.28,0.3699999999999992,98.4,Normal,0,Wednesday,February,0.22,100.0,Normal,Healthy,Normal Operation,Continue Stream Monitoring,No Alert
2026-02-26,11.16,SCB-605,Good,0.25,11.09857142857143,0.1290256526727088,10.91,11.28,0.3699999999999992,97.5,Normal,0,Thursday,February,0.23,100.0,Normal,Healthy,Normal Operation,Continue Stream Monitoring,No Alert
2026-02-27,11.21,SCB-605,Good,0.0500000000000007,11.134285714285712,0.1184422704467064,10.91,11.28,0.3699999999999992,99.5,Normal,0,Friday,February,0.23,100.0,Normal,Healthy,Normal Operation,Continue Stream Monitoring,No Alert
2026-02-28,10.96,SCB-605,Good,-0.25,11.088571428571427,0.1145176218504614,10.91,11.21,0.3000000000000007,97.5,Normal,0,Saturday,February,0.23,100.0,Normal,Healthy,Normal Operation,Continue Stream Monitoring,No Alert
2026-03-01,11.25,SCB-605,Good,0.2899999999999991,11.09857142857143,0.1262838827705998,10.91,11.25,0.3399999999999998,97.1,Normal,0,Sunday,March,0.24,100.0,Normal,Healthy,Normal Operation,Continue Stream Monitoring,No Alert
2026-03-02,11.04,SCB-605,Good,-0.2100000000000008,11.085714285714284,0.1271294803021878,10.91,11.25,0.3399999999999998,97.9,Normal,0,Monday,March,0.3,100.0,Normal,Healthy,Normal Operation,Continue Stream Monitoring,No Alert
2026-03-03,11.14,SCB-605,Good,0.1000000000000014,11.095714285714283,0.1284337887599586,10.91,11.25,0.3399999999999998,99.0,Normal,0,Tuesday,March,0.26,100.0,Normal,Healthy,Normal Operation,Continue Stream Monitoring,No Alert
2026-03-04,11.35,SCB-605,Good,0.209999999999999,11.158571428571433,0.1300549334484664,10.96,11.35,0.3899999999999988,97.9,Normal,0,Wednesday,March,0.18,100.0,Normal,Healthy,Normal Operation,Continue Stream Monitoring,No Alert
2026-03-05,11.14,SCB-605,Good,-0.209999999999999,11.155714285714286,0.1302378776005816,10.96,11.35,0.3899999999999988,97.9,Normal,0,Thursday,March,0.22,100.0,Normal,Healthy,Normal Operation,Continue Stream Monitoring,No Alert
2026-03-06,11.22,SCB-605,Good,0.08,11.157142857142858,0.1309852772533699,10.96,11.35,0.3899999999999988,99.2,Normal,0,Friday,March,0.25,100.0,Normal,Healthy,Normal Operation,Continue Stream Monitoring,No Alert
2026-03-07,11.45,SCB-605,Good,0.2299999999999986,11.227142857142857,0.1387701079380632,11.04,11.45,0.4100000000000001,97.70000000000002,Normal,0,Saturday,March,0.2,100.0,Normal,Healthy,Normal Operation,Continue Stream Monitoring,No Alert
2026-03-08,11.37,SCB-605,Good,-0.08,11.244285714285713,0.1490924928645643,11.04,11.45,0.4100000000000001,99.2,Normal,0,Sunday,March,0.22,100.0,Normal,Healthy,Normal Operation,Continue Stream Monitoring,No Alert
2026-03-09,11.39,SCB-605,Good,0.0200000000000013,11.294285714285715,0.1260763185345944,11.14,11.45,0.3099999999999987,99.79999999999998,Normal,0,Monday,March,0.2,100.0,Normal,Healthy,Normal Operation,Continue Stream Monitoring,No Alert
2026-03-10,11.11,SCB-605,Good,-0.2800000000000011,11.29,0.1325393023471346,11.11,11.45,0.3399999999999998,97.2,Normal,0,Tuesday,March,0.19,100.0,Normal,Healthy,Normal Operation,Continue Stream Monitoring,No Alert
2026-03-11,11.45,SCB-605,Good,0.3399999999999998,11.304285714285715,0.1448973363980045,11.11,11.45,0.3399999999999998,96.6,Normal,0,Wednesday,March,0.24,100.0,Normal,Healthy,Normal Operation,Continue Stream Monitoring,No Alert
2026-03-12,11.23,SCB-605,Good,-0.2199999999999988,11.317142857142857,0.1312395120526126,11.11,11.45,0.3399999999999998,97.8,Normal,0,Thursday,March,0.25,100.0,Normal,Healthy,Normal Operation,Continue Stream Monitoring,No Alert
2026-03-13,11.52,SCB-605,Good,0.2899999999999991,11.36,0.1427118308573773,11.11,11.52,0.4100000000000001,97.1,High,0,Friday,March,0.22,75.0,Warning,Excessive Caustic Feed,Over-dosing Caustic Buffer,Calibrate Caustic Dosing Pump Feedback Controller,Alkaline Scrubber High pH
2026-03-14,11.27,SCB-605,Good,-0.25,11.334285714285716,0.139982992164178,11.11,11.52,0.4100000000000001,97.5,Normal,0,Saturday,March,0.13,100.0,Normal,Healthy,Normal Operation,Continue Stream Monitoring,No Alert
2026-03-15,11.54,SCB-605,Good,0.2699999999999996,11.358571428571429,0.160460646414057,11.11,11.54,0.4299999999999997,97.3,High,0,Sunday,March,0.15,75.0,Warning,Excessive Caustic Feed,Over-dosing Caustic Buffer,Calibrate Caustic Dosing Pump Feedback Controller,Alkaline Scrubber High pH
2026-03-16,11.26,SCB-605,Good,-0.2799999999999993,11.34,0.1637070554374432,11.11,11.54,0.4299999999999997,97.2,Normal,0,Monday,March,0.14,100.0,Normal,Healthy,Normal Operation,Continue Stream Monitoring,No Alert
2026-03-17,11.17,SCB-605,Good,-0.0899999999999998,11.348571428571429,0.1507125930845983,11.17,11.54,0.3699999999999992,99.1,Normal,0,Tuesday,March,0.19,100.0,Normal,Healthy,Normal Operation,Continue Stream Monitoring,No Alert
2026-03-18,11.38,SCB-605,Good,0.2100000000000008,11.338571428571427,0.1450779757496539,11.17,11.54,0.3699999999999992,97.9,Normal,0,Wednesday,March,0.12,100.0,Normal,Healthy,Normal Operation,Continue Stream Monitoring,No Alert
2026-03-19,11.0,SCB-605,Good,-0.3800000000000008,11.305714285714284,0.1921680811908415,11.0,11.54,0.5399999999999991,96.2,Normal,0,Thursday,March,0.19,100.0,Normal,Healthy,Normal Operation,Continue Stream Monitoring,No Alert
2026-03-20,11.29,SCB-605,Good,0.2899999999999991,11.272857142857143,0.1675026652239946,11.0,11.54,0.5399999999999991,97.1,Normal,0,Friday,March,0.21,100.0,Normal,Healthy,Normal Operation,Continue Stream Monitoring,No Alert
2026-03-21,11.35,SCB-605,Good,0.0600000000000005,11.284285714285714,0.1699859938207756,11.0,11.54,0.5399999999999991,99.4,Normal,0,Saturday,March,0.25,100.0,Normal,Healthy,Normal Operation,Continue Stream Monitoring,No Alert
2026-03-22,11.49,SCB-605,Good,0.1400000000000005,11.277142857142858,0.1580837632094927,11.0,11.49,0.4900000000000002,98.6,Normal,0,Sunday,March,0.3,100.0,Normal,Healthy,Normal Operation,Continue Stream Monitoring,No Alert
2026-03-23,11.34,SCB-605,Good,-0.1500000000000003,11.288571428571428,0.1595230987901681,11.0,11.49,0.4900000000000002,98.5,Normal,0,Monday,March,0.28,100.0,Normal,Healthy,Normal Operation,Continue Stream Monitoring,No Alert
2026-03-24,11.23,SCB-605,Good,-0.1099999999999994,11.297142857142855,0.1535919144697233,11.0,11.49,0.4900000000000002,98.9,Normal,0,Tuesday,March,0.24,100.0,Normal,Healthy,Normal Operation,Continue Stream Monitoring,No Alert
2026-03-25,11.265,SCB-605,Interpolated,0.0350000000000001,11.280714285714286,0.1493438027792587,11.0,11.49,0.4900000000000002,99.65,Normal,0,Wednesday,March,0.21,100.0,Normal,Healthy,Normal Operation,Continue Stream Monitoring,No Alert
2026-03-26,11.3,SCB-605,Interpolated,0.0350000000000001,11.323571428571428,0.0841978961392982,11.23,11.49,0.2599999999999998,99.65,Normal,0,Thursday,March,0.31,100.0,Normal,Healthy,Normal Operation,Continue Stream Monitoring,No Alert
2026-03-27,11.335,SCB-605,Interpolated,0.0350000000000001,11.33,0.0829156197588746,11.23,11.49,0.2599999999999998,99.65,Normal,0,Friday,March,0.27,100.0,Normal,Healthy,Normal Operation,Continue Stream Monitoring,No Alert
2026-03-28,11.37,SCB-605,Good,0.0349999999999983,11.332857142857144,0.084056386970143,11.23,11.49,0.2599999999999998,99.65000000000002,Normal,0,Saturday,March,0.2,100.0,Normal,Healthy,Normal Operation,Continue Stream Monitoring,No Alert
2026-03-29,11.37,SCB-605,Good,0.0,11.315714285714284,0.0532626019069963,11.23,11.37,0.1399999999999988,100.0,Normal,0,Sunday,March,0.25,100.0,Normal,Healthy,Normal Operation,Continue Stream Monitoring,No Alert
2026-03-30,11.4,SCB-605,Good,0.0300000000000011,11.324285714285717,0.0619427539095825,11.23,11.4,0.1699999999999999,99.7,Normal,0,Monday,March,0.24,100.0,Normal,Healthy,Normal Operation,Continue Stream Monitoring,No Alert
2026-03-31,11.48,SCB-605,Good,0.08,11.36,0.0700594985232647,11.265,11.48,0.2149999999999998,99.2,Normal,0,Tuesday,March,0.28,100.0,Normal,Healthy,Normal Operation,Continue Stream Monitoring,No Alert
2026-04-01,11.47,SCB-605,Good,-0.0099999999999997,11.389285714285716,0.0664848711755973,11.3,11.48,0.1799999999999997,99.9,Normal,0,Wednesday,April,0.3,100.0,Normal,Healthy,Normal Operation,Continue Stream Monitoring,No Alert
2026-04-02,11.46,SCB-605,Good,-0.0099999999999997,11.412142857142856,0.0575801718517202,11.335,11.48,0.1449999999999995,99.9,Normal,0,Thursday,April,0.32,100.0,Normal,Healthy,Normal Operation,Continue Stream Monitoring,No Alert
2026-04-03,11.16,SCB-605,Good,-0.3000000000000007,11.387142857142855,0.1104104894947665,11.16,11.48,0.3200000000000003,97.0,Normal,0,Friday,April,0.26,100.0,Normal,Healthy,Normal Operation,Continue Stream Monitoring,No Alert
2026-04-04,11.19,SCB-605,Good,0.0299999999999993,11.361428571428572,0.1335949813713715,11.16,11.48,0.3200000000000003,99.7,Normal,0,Saturday,April,0.27,100.0,Normal,Healthy,Normal Operation,Continue Stream Monitoring,No Alert
2026-04-05,11.23,SCB-605,Good,0.0400000000000009,11.34142857142857,0.1422941286477319,11.16,11.48,0.3200000000000003,99.6,Normal,0,Sunday,April,0.25,100.0,Normal,Healthy,Normal Operation,Continue Stream Monitoring,No Alert
2026-04-06,11.16,SCB-605,Good,-0.0700000000000002,11.30714285714286,0.1542416162728944,11.16,11.48,0.3200000000000003,99.3,Normal,0,Monday,April,0.34,100.0,Normal,Healthy,Normal Operation,Continue Stream Monitoring,No Alert
2026-04-07,11.1,SCB-605,Good,-0.0600000000000005,11.252857142857144,0.1500793440944117,11.1,11.47,0.370000000000001,99.4,Normal,0,Tuesday,April,0.34,100.0,Normal,Healthy,Normal Operation,Continue Stream Monitoring,No Alert
2026-04-08,11.06,SCB-605,Good,-0.0399999999999991,11.194285714285714,0.1298533971904657,11.06,11.46,0.4000000000000003,99.6,Normal,0,Wednesday,April,0.27,100.0,Normal,Healthy,Normal Operation,Continue Stream Monitoring,No Alert
2026-04-09,11.0,SCB-605,Good,-0.0600000000000005,11.12857142857143,0.0796719464279621,11.0,11.23,0.2300000000000004,99.4,Normal,0,Thursday,April,0.28,100.0,Normal,Healthy,Normal Operation,Continue Stream Monitoring,No Alert
2026-04-10,10.97,SCB-605,Good,-0.0299999999999993,11.101428571428572,0.0975412000863592,10.97,11.23,0.2599999999999998,99.7,Normal,0,Friday,April,0.33,100.0,Normal,Healthy,Normal Operation,Continue Stream Monitoring,No Alert
2026-04-11,10.91,SCB-605,Good,-0.0600000000000005,11.061428571428571,0.111568898209229,10.91,11.23,0.3200000000000003,99.4,Normal,0,Saturday,April,0.34,100.0,Normal,Healthy,Normal Operation,Continue Stream Monitoring,No Alert
2026-04-12,10.825,SCB-605,Interpolated,-0.0850000000000008,11.00357142857143,0.1145540005744999,10.825,11.16,0.3350000000000008,99.15,Normal,0,Sunday,April,0.2,100.0,Normal,Healthy,Normal Operation,Continue Stream Monitoring,No Alert
2026-04-13,10.74,SCB-605,Good,-0.084999999999999,10.94357142857143,0.1281507668631899,10.74,11.1,0.3599999999999994,99.15,Normal,0,Monday,April,0.23,100.0,Normal,Healthy,Normal Operation,Continue Stream Monitoring,No Alert
2026-04-14,10.51,SCB-605,Good,-0.2300000000000004,10.859285714285717,0.1881140738007419,10.51,11.06,0.5500000000000007,97.7,Normal,0,Tuesday,April,0.26,100.0,Normal,Healthy,Normal Operation,Continue Stream Monitoring,No Alert
2026-04-15,10.42,SCB-605,Good,-0.0899999999999998,10.767857142857142,0.2260135899833254,10.42,11.0,0.5800000000000001,99.1,Normal,0,Wednesday,April,0.26,100.0,Normal,Healthy,Normal Operation,Continue Stream Monitoring,No Alert
2026-04-16,10.38,SCB-605,Good,-0.0399999999999991,10.679285714285712,0.2408739049694832,10.38,10.97,0.5899999999999999,99.6,Normal,0,Thursday,April,0.22,100.0,Normal,Healthy,Normal Operation,Continue Stream Monitoring,No Alert
2026-04-17,10.36,SCB-605,Good,-0.0200000000000013,10.592142857142855,0.2281786059000432,10.36,10.91,0.5500000000000007,99.79999999999998,Normal,0,Friday,April,0.25,100.0,Normal,Healthy,Normal Operation,Continue Stream Monitoring,No Alert
2026-04-18,10.35,SCB-605,Good,-0.0099999999999997,10.51214285714286,0.1937321420341893,10.35,10.825,0.4749999999999996,99.9,Normal,0,Saturday,April,0.22,100.0,Normal,Healthy,Normal Operation,Continue Stream Monitoring,No Alert
2026-04-19,10.36,SCB-605,Good,0.0099999999999997,10.445714285714288,0.1411685922171962,10.35,10.74,0.3900000000000005,99.9,Normal,0,Sunday,April,0.28,100.0,Normal,Healthy,Normal Operation,Continue Stream Monitoring,No Alert
2026-04-20,10.35,SCB-605,Good,-0.0099999999999997,10.39,0.0583095189485761,10.35,10.51,0.1600000000000001,99.9,Normal,0,Monday,April,0.27,100.0,Normal,Healthy,Normal Operation,Continue Stream Monitoring,No Alert
2026-04-21,10.35,SCB-605,Good,0.0,10.367142857142856,0.0256347977787524,10.35,10.42,0.0700000000000002,100.0,Normal,0,Tuesday,April,0.29,100.0,Normal,Healthy,Normal Operation,Continue Stream Monitoring,No Alert
2026-04-22,10.33,SCB-605,Good,-0.0199999999999995,10.354285714285712,0.0151185789208598,10.33,10.38,0.0500000000000007,99.8,Normal,0,Wednesday,April,0.34,100.0,Normal,Healthy,Normal Operation,Continue Stream Monitoring,No Alert
2026-04-23,10.31,SCB-605,Good,-0.0199999999999995,10.344285714285714,0.0181265393439109,10.31,10.36,0.0499999999999989,99.8,Normal,0,Thursday,April,0.38,100.0,Normal,Healthy,Normal Operation,Continue Stream Monitoring,No Alert
2026-04-24,10.27,SCB-605,Good,-0.0400000000000009,10.331428571428573,0.0318478525853902,10.27,10.36,0.0899999999999998,99.6,Normal,0,Friday,April,0.41,100.0,Normal,Healthy,Normal Operation,Continue Stream Monitoring,No Alert
2026-04-25,10.23,SCB-605,Good,-0.0399999999999991,10.314285714285717,0.0482552735831697,10.23,10.36,0.129999999999999,99.6,Normal,0,Saturday,April,0.6,100.0,Normal,Healthy,Normal Operation,Continue Stream Monitoring,No Alert
2026-04-26,10.22,SCB-605,Good,-0.0099999999999997,10.294285714285715,0.0547287684426879,10.22,10.35,0.129999999999999,99.9,Normal,0,Sunday,April,0.0,100.0,Normal,Healthy,Normal Operation,Continue Stream Monitoring,No Alert
2026-04-27,10.27,SCB-605,Good,0.0499999999999989,10.282857142857145,0.049232200070938,10.22,10.35,0.129999999999999,99.5,Normal,0,Monday,April,0.51,100.0,Normal,Healthy,Normal Operation,Continue Stream Monitoring,No Alert
2026-04-28,10.2,SCB-605,Good,-0.0700000000000002,10.26142857142857,0.0477593172163083,10.2,10.33,0.1300000000000007,99.3,Normal,0,Tuesday,April,0.34,100.0,Normal,Healthy,Normal Operation,Continue Stream Monitoring,No Alert
2026-04-29,10.18,SCB-605,Good,-0.0199999999999995,10.239999999999998,0.0454606056567933,10.18,10.31,0.1300000000000007,99.8,Normal,0,Wednesday,April,0.41,100.0,Normal,Healthy,Normal Operation,Continue Stream Monitoring,No Alert
2026-04-30,10.17,SCB-605,Good,-0.0099999999999997,10.22,0.0400000000001993,10.17,10.27,0.0999999999999996,99.9,Normal,0,Thursday,April,0.3,100.0,Normal,Healthy,Normal Operation,Continue Stream Monitoring,No Alert
2026-05-01,10.16,SCB-605,Good,-0.0099999999999997,10.204285714285716,0.0386683086681347,10.16,10.27,0.1099999999999994,99.9,Normal,0,Friday,May,0.35,100.0,Normal,Healthy,Normal Operation,Continue Stream Monitoring,No Alert
2026-05-02,10.17,SCB-605,Good,0.0099999999999997,10.195714285714285,0.0386683086681353,10.16,10.27,0.1099999999999994,99.9,Normal,0,Saturday,May,0.36,100.0,Normal,Healthy,Normal Operation,Continue Stream Monitoring,No Alert
2026-05-03,10.16,SCB-605,Good,-0.0099999999999997,10.187142857142858,0.039036002918148,10.16,10.27,0.1099999999999994,99.9,Normal,0,Sunday,May,0.27,100.0,Normal,Healthy,Normal Operation,Continue Stream Monitoring,No Alert
2026-05-04,10.15,SCB-605,Good,-0.0099999999999997,10.17,0.0163299316190516,10.15,10.2,0.0499999999999989,99.9,Normal,0,Monday,May,0.35,100.0,Normal,Healthy,Normal Operation,Continue Stream Monitoring,No Alert
2026-05-05,10.12,SCB-605,Good,-0.0300000000000011,10.15857142857143,0.0195180014593885,10.12,10.18,0.0600000000000005,99.7,Normal,0,Tuesday,May,0.31,100.0,Normal,Healthy,Normal Operation,Continue Stream Monitoring,No Alert
2026-05-06,10.1,SCB-605,Good,-0.0199999999999995,10.147142857142857,0.0269037083656866,10.1,10.17,0.0700000000000002,99.8,Normal,0,Wednesday,May,0.4,100.0,Normal,Healthy,Normal Operation,Continue Stream Monitoring,No Alert
2026-05-07,10.11,SCB-605,Good,0.0099999999999997,10.138571428571428,0.0279455252405257,10.1,10.17,0.0700000000000002,99.9,Normal,0,Thursday,May,0.47,100.0,Normal,Healthy,Normal Operation,Continue Stream Monitoring,No Alert
2026-05-08,10.14,SCB-605,Good,0.0300000000000011,10.135714285714286,0.0263673680001361,10.1,10.17,0.0700000000000002,99.7,Normal,0,Friday,May,0.33,100.0,Normal,Healthy,Normal Operation,Continue Stream Monitoring,No Alert
2026-05-09,10.13,SCB-605,Good,-0.0099999999999997,10.13,0.0216024689950762,10.1,10.16,0.0600000000000005,99.9,Normal,0,Saturday,May,0.37,100.0,Normal,Healthy,Normal Operation,Continue Stream Monitoring,No Alert
2026-05-10,10.13,SCB-605,Good,0.0,10.125714285714285,0.0171824938601677,10.1,10.15,0.0500000000000007,100.0,Normal,0,Sunday,May,0.39,100.0,Normal,Healthy,Normal Operation,Continue Stream Monitoring,No Alert
2026-05-11,10.13,SCB-605,Good,0.0,10.122857142857145,0.0138013111874497,10.1,10.14,0.0400000000000009,100.0,Normal,0,Monday,May,0.41,100.0,Normal,Healthy,Normal Operation,Continue Stream Monitoring,No Alert
2026-05-12,10.11,SCB-605,Good,-0.0200000000000013,10.12142857142857,0.0146385010947967,10.1,10.14,0.0400000000000009,99.79999999999998,Normal,0,Tuesday,May,0.45,100.0,Normal,Healthy,Normal Operation,Continue Stream Monitoring,No Alert
2026-05-13,10.09,SCB-605,Good,-0.0199999999999995,10.12,0.0173205080761698,10.09,10.14,0.0500000000000007,99.8,Normal,0,Wednesday,May,0.24,100.0,Normal,Healthy,Normal Operation,Continue Stream Monitoring,No Alert
2026-05-14,10.1,SCB-605,Good,0.0099999999999997,10.11857142857143,0.0186445447151633,10.09,10.14,0.0500000000000007,99.9,Normal,0,Thursday,May,0.32,100.0,Normal,Healthy,Normal Operation,Continue Stream Monitoring,No Alert
2026-05-15,10.09,SCB-605,Good,-0.0099999999999997,10.111428571428572,0.0186445447151645,10.09,10.13,0.0400000000000009,99.9,Normal,0,Friday,May,0.2,100.0,Normal,Healthy,Normal Operation,Continue Stream Monitoring,No Alert
2026-05-16,10.07,SCB-605,Good,-0.0199999999999995,10.102857142857143,0.0221466970560612,10.07,10.13,0.0600000000000005,99.8,Normal,0,Saturday,May,0.29,100.0,Normal,Healthy,Normal Operation,Continue Stream Monitoring,No Alert
2026-05-17,10.07,SCB-605,Good,0.0,10.094285714285714,0.0214919697078131,10.07,10.13,0.0600000000000005,100.0,Normal,0,Sunday,May,0.28,100.0,Normal,Healthy,Normal Operation,Continue Stream Monitoring,No Alert
2026-05-18,10.08,SCB-605,Good,0.0099999999999997,10.087142857142856,0.0149602648314237,10.07,10.11,0.0399999999999991,99.9,Normal,0,Monday,May,0.29,100.0,Normal,Healthy,Normal Operation,Continue Stream Monitoring,No Alert
2026-05-19,10.05,SCB-605,Good,-0.0299999999999993,10.078571428571427,0.0167616341974522,10.05,10.1,0.0499999999999989,99.7,Normal,0,Tuesday,May,0.27,100.0,Normal,Healthy,Normal Operation,Continue Stream Monitoring,No Alert
2026-05-20,10.0,SCB-605,Good,-0.0500000000000007,10.065714285714288,0.0330943816267196,10.0,10.1,0.0999999999999996,99.5,Normal,0,Wednesday,May,0.31,100.0,Normal,Healthy,Normal Operation,Continue Stream Monitoring,No Alert
2026-05-21,9.8,SCB-605,Good,-0.1999999999999993,10.022857142857143,0.1025856204534852,9.8,10.09,0.2899999999999991,98.0,Normal,0,Thursday,May,0.34,100.0,Normal,Healthy,Normal Operation,Continue Stream Monitoring,No Alert
2026-05-22,9.38,SCB-605,Good,-0.4199999999999999,9.921428571428573,0.2581620015564573,9.38,10.08,0.6999999999999993,95.8,Low,0,Friday,May,0.25,65.0,Warning,Low Alkali Dosing,Insufficient Caustic Injection Flow Rate,Increase Caustic Dosing Pump Output,Alkaline Scrubber Low pH
2026-05-23,9.53,SCB-605,Good,0.1499999999999985,9.844285714285716,0.2855904493534794,9.38,10.08,0.6999999999999993,98.5,Normal,0,Saturday,May,0.19,100.0,Normal,Healthy,Normal Operation,Continue Stream Monitoring,No Alert
2026-05-24,9.45,SCB-605,Good,-0.08,9.755714285714284,0.2997141495301637,9.38,10.08,0.6999999999999993,99.2,Low,0,Sunday,May,0.35,65.0,Warning,Low Alkali Dosing,Insufficient Caustic Injection Flow Rate,Increase Caustic Dosing Pump Output,Alkaline Scrubber Low pH
2026-05-25,9.37,SCB-605,Good,-0.08,9.654285714285717,0.2917108810025027,9.37,10.05,0.6800000000000015,99.2,Low,0,Monday,May,0.36,65.0,Warning,Low Alkali Dosing,Insufficient Caustic Injection Flow Rate,Increase Caustic Dosing Pump Output,Alkaline Scrubber Low pH
2026-05-26,9.27,SCB-605,Good,-0.0999999999999996,9.542857142857144,0.2629140725100654,9.27,10.0,0.7300000000000004,99.0,Low,0,Tuesday,May,0.3,65.0,Warning,Low Alkali Dosing,Insufficient Caustic Injection Flow Rate,Increase Caustic Dosing Pump Output,Alkaline Scrubber Low pH
2026-05-27,9.68,SCB-605,Good,0.4100000000000001,9.497142857142858,0.1870574141553731,9.27,9.8,0.5300000000000011,95.9,Normal,0,Wednesday,May,0.41,100.0,Normal,Healthy,Normal Operation,Continue Stream Monitoring,No Alert
2026-05-28,9.44,SCB-605,Good,-0.2400000000000002,9.445714285714285,0.1310034532442689,9.27,9.68,0.4100000000000001,97.6,Low,0,Thursday,May,2.01,65.0,Warning,Low Alkali Dosing,Insufficient Caustic Injection Flow Rate,Increase Caustic Dosing Pump Output,Alkaline Scrubber Low pH
2026-05-29,9.24,SCB-605,Good,-0.1999999999999993,9.425714285714289,0.1517516768559412,9.24,9.68,0.4399999999999995,98.0,Low,0,Friday,May,0.31,65.0,Warning,Low Alkali Dosing,Insufficient Caustic Injection Flow Rate,Increase Caustic Dosing Pump Output,Alkaline Scrubber Low pH
2026-05-30,8.61,SCB-605,Good,-0.6300000000000008,9.294285714285715,0.3346070901250053,8.61,9.68,1.0700000000000005,93.7,Low,0,Saturday,May,0.3,65.0,Warning,Low Alkali Dosing,Insufficient Caustic Injection Flow Rate,Increase Caustic Dosing Pump Output,Alkaline Scrubber Low pH
2026-05-31,8.27,SCB-605,Good,-0.3399999999999998,9.125714285714285,0.499628433366827,8.27,9.68,1.41,96.6,Low,0,Sunday,May,0.29,65.0,Warning,Low Alkali Dosing,Insufficient Caustic Injection Flow Rate,Increase Caustic Dosing Pump Output,Alkaline Scrubber Low pH
2026-06-01,8.33,SCB-605,Good,0.0600000000000005,8.977142857142857,0.5652053988216683,8.27,9.68,1.41,99.4,Low,0,Monday,June,0.29,65.0,Warning,Low Alkali Dosing,Insufficient Caustic Injection Flow Rate,Increase Caustic Dosing Pump Output,Alkaline Scrubber Low pH
2026-06-02,8.23,SCB-605,Good,-0.0999999999999996,8.828571428571427,0.6102848671297996,8.23,9.68,1.4499999999999993,99.0,Low,0,Tuesday,June,0.3,65.0,Warning,Low Alkali Dosing,Insufficient Caustic Injection Flow Rate,Increase Caustic Dosing Pump Output,Alkaline Scrubber Low pH
2026-06-03,8.19,SCB-605,Good,-0.0400000000000009,8.615714285714287,0.5164577150441158,8.19,9.44,1.25,99.6,Low,0,Wednesday,June,0.27,65.0,Warning,Low Alkali Dosing,Insufficient Caustic Injection Flow Rate,Increase Caustic Dosing Pump Output,Alkaline Scrubber Low pH
2026-06-04,7.69,SCB-605,Good,-0.4999999999999991,8.365714285714285,0.4726470544658616,7.69,9.24,1.5499999999999998,95.0,Low,0,Thursday,June,0.24,65.0,Warning,Low Alkali Dosing,Insufficient Caustic Injection Flow Rate,Increase Caustic Dosing Pump Output,Alkaline Scrubber Low pH
2026-06-05,7.77,SCB-605,Good,0.0799999999999991,8.155714285714286,0.3220174499856407,7.69,8.61,0.919999999999999,99.2,Low,0,Friday,June,0.24,65.0,Warning,Low Alkali Dosing,Insufficient Caustic Injection Flow Rate,Increase Caustic Dosing Pump Output,Alkaline Scrubber Low pH
2026-06-06,7.83,SCB-605,Good,0.0600000000000005,8.044285714285715,0.2692493975764,7.69,8.33,0.6399999999999997,99.4,Low,0,Saturday,June,0.2333333333333333,65.0,Warning,Low Alkali Dosing,Insufficient Caustic Injection Flow Rate,Increase Caustic Dosing Pump Output,Alkaline Scrubber Low pH
2026-06-07,8.12,SCB-605,Good,0.2899999999999991,8.022857142857143,0.2538184578075946,7.69,8.33,0.6399999999999997,97.1,Low,0,Sunday,June,0.2266666666666666,65.0,Warning,Low Alkali Dosing,Insufficient Caustic Injection Flow Rate,Increase Caustic Dosing Pump Output,Alkaline Scrubber Low pH
2026-06-08,8.1,SCB-605,Good,-0.0199999999999995,7.99,0.220075744536624,7.69,8.23,0.54,99.8,Low,0,Monday,June,0.22,65.0,Warning,Low Alkali Dosing,Insufficient Caustic Injection Flow Rate,Increase Caustic Dosing Pump Output,Alkaline Scrubber Low pH
2026-06-09,8.12,SCB-605,Good,0.0199999999999995,7.974285714285713,0.2033762640081696,7.69,8.19,0.4999999999999991,99.8,Low,0,Tuesday,June,0.32,65.0,Warning,Low Alkali Dosing,Insufficient Caustic Injection Flow Rate,Increase Caustic Dosing Pump Output,Alkaline Scrubber Low pH
2026-06-10,7.77,SCB-605,Good,-0.3499999999999996,7.914285714285714,0.1906879774970631,7.69,8.12,0.4299999999999988,96.5,Low,0,Wednesday,June,0.31,65.0,Warning,Low Alkali Dosing,Insufficient Caustic Injection Flow Rate,Increase Caustic Dosing Pump Output,Alkaline Scrubber Low pH
2026-06-11,7.86,SCB-605,Good,0.0900000000000007,7.938571428571429,0.1666761902041447,7.77,8.12,0.3499999999999996,99.1,Low,0,Thursday,June,0.32,65.0,Warning,Low Alkali Dosing,Insufficient Caustic Injection Flow Rate,Increase Caustic Dosing Pump Output,Alkaline Scrubber Low pH
2026-06-12,8.02,SCB-605,Good,0.1599999999999992,7.974285714285713,0.1505387151596585,7.77,8.12,0.3499999999999996,98.4,Low,0,Friday,June,0.36,65.0,Warning,Low Alkali Dosing,Insufficient Caustic Injection Flow Rate,Increase Caustic Dosing Pump Output,Alkaline Scrubber Low pH
2026-06-13,7.81,SCB-605,Good,-0.2099999999999999,7.971428571428571,0.1538861669578148,7.77,8.12,0.3499999999999996,97.9,Low,0,Saturday,June,0.29,65.0,Warning,Low Alkali Dosing,Insufficient Caustic Injection Flow Rate,Increase Caustic Dosing Pump Output,Alkaline Scrubber Low pH
2026-06-14,8.23,SCB-605,Good,0.4200000000000008,7.987142857142857,0.1756620131307821,7.77,8.23,0.4600000000000008,95.8,Low,0,Sunday,June,0.29,65.0,Warning,Low Alkali Dosing,Insufficient Caustic Injection Flow Rate,Increase Caustic Dosing Pump Output,Alkaline Scrubber Low pH
2026-06-15,8.33,SCB-605,Good,0.0999999999999996,8.02,0.2169485346036775,7.77,8.33,0.5600000000000005,99.0,Low,0,Monday,June,0.31,65.0,Warning,Low Alkali Dosing,Insufficient Caustic Injection Flow Rate,Increase Caustic Dosing Pump Output,Alkaline Scrubber Low pH
2026-06-16,8.06,SCB-605,Good,-0.2699999999999996,8.01142857142857,0.2134969610579241,7.77,8.33,0.5600000000000005,97.3,Low,0,Tuesday,June,0.24,65.0,Warning,Low Alkali Dosing,Insufficient Caustic Injection Flow Rate,Increase Caustic Dosing Pump Output,Alkaline Scrubber Low pH
2026-06-17,7.89,SCB-605,Good,-0.1700000000000008,8.028571428571428,0.1948870246603628,7.81,8.33,0.5200000000000005,98.3,Low,0,Wednesday,June,0.21,65.0,Warning,Low Alkali Dosing,Insufficient Caustic Injection Flow Rate,Increase Caustic Dosing Pump Output,Alkaline Scrubber Low pH
2026-06-18,8.0,SCB-605,Good,0.1100000000000003,8.04857142857143,0.1814229470444747,7.81,8.33,0.5200000000000005,98.9,Low,0,Thursday,June,0.36,65.0,Warning,Low Alkali Dosing,Insufficient Caustic Injection Flow Rate,Increase Caustic Dosing Pump Output,Alkaline Scrubber Low pH
2026-06-19,8.11,SCB-605,Good,0.1099999999999994,8.061428571428573,0.1822478688882324,7.81,8.33,0.5200000000000005,98.9,Low,0,Friday,June,0.26,65.0,Warning,Low Alkali Dosing,Insufficient Caustic Injection Flow Rate,Increase Caustic Dosing Pump Output,Alkaline Scrubber Low pH
2026-06-20,8.09,SCB-605,Good,-0.0199999999999995,8.101428571428572,0.1447329231641363,7.89,8.33,0.4400000000000004,99.8,Low,0,Saturday,June,0.24,65.0,Warning,Low Alkali Dosing,Insufficient Caustic Injection Flow Rate,Increase Caustic Dosing Pump Output,Alkaline Scrubber Low pH
2026-06-21,8.09,SCB-605,Good,0.0,8.081428571428573,0.133220190090075,7.89,8.33,0.4400000000000004,100.0,Low,0,Sunday,June,0.3,65.0,Warning,Low Alkali Dosing,Insufficient Caustic Injection Flow Rate,Increase Caustic Dosing Pump Output,Alkaline Scrubber Low pH
2026-06-22,8.13,SCB-605,Good,0.0400000000000009,8.052857142857142,0.0830088922374749,7.89,8.13,0.2400000000000011,99.6,Low,0,Monday,June,0.28,65.0,Warning,Low Alkali Dosing,Insufficient Caustic Injection Flow Rate,Increase Caustic Dosing Pump Output,Alkaline Scrubber Low pH
2026-06-23,7.86,SCB-605,Good,-0.2700000000000004,8.024285714285714,0.1101297935555488,7.86,8.13,0.2700000000000004,97.3,Low,0,Tuesday,June,0.37,65.0,Warning,Low Alkali Dosing,Insufficient Caustic Injection Flow Rate,Increase Caustic Dosing Pump Output,Alkaline Scrubber Low pH
2026-06-24,7.92,SCB-605,Good,0.0599999999999996,8.028571428571428,0.1044714588502625,7.86,8.13,0.2700000000000004,99.4,Low,0,Wednesday,June,0.27,65.0,Warning,Low Alkali Dosing,Insufficient Caustic Injection Flow Rate,Increase Caustic Dosing Pump Output,Alkaline Scrubber Low pH
2026-06-25,7.84,SCB-605,Good,-0.08,8.005714285714287,0.1268670094833735,7.84,8.13,0.2900000000000009,99.2,Low,0,Thursday,June,0.33,65.0,Warning,Low Alkali Dosing,Insufficient Caustic Injection Flow Rate,Increase Caustic Dosing Pump Output,Alkaline Scrubber Low pH
2026-06-26,7.71,SCB-605,Good,-0.1299999999999999,7.948571428571428,0.1582643960201885,7.71,8.13,0.4200000000000008,98.7,Low,0,Friday,June,0.24,65.0,Warning,Low Alkali Dosing,Insufficient Caustic Injection Flow Rate,Increase Caustic Dosing Pump Output,Alkaline Scrubber Low pH
2026-06-27,7.86,SCB-605,Good,0.1500000000000003,7.915714285714286,0.1475191674390845,7.71,8.13,0.4200000000000008,98.5,Low,0,Saturday,June,0.34,65.0,Warning,Low Alkali Dosing,Insufficient Caustic Injection Flow Rate,Increase Caustic Dosing Pump Output,Alkaline Scrubber Low pH
2026-06-28,7.67,SCB-605,Good,-0.1900000000000004,7.855714285714286,0.1502062074680016,7.67,8.13,0.4600000000000008,98.1,Low,0,Sunday,June,0.24,65.0,Warning,Low Alkali Dosing,Insufficient Caustic Injection Flow Rate,Increase Caustic Dosing Pump Output,Alkaline Scrubber Low pH
2026-06-29,8.07,SCB-605,Good,0.4000000000000003,7.847142857142858,0.1326290925494542,7.67,8.07,0.4000000000000003,96.0,Low,0,Monday,June,0.44,65.0,Warning,Low Alkali Dosing,Insufficient Caustic Injection Flow Rate,Increase Caustic Dosing Pump Output,Alkaline Scrubber Low pH
2026-06-30,8.27,SCB-605,Good,0.1999999999999993,7.905714285714287,0.2082352149899737,7.67,8.27,0.5999999999999996,98.0,Low,0,Tuesday,June,0.47,65.0,Warning,Low Alkali Dosing,Insufficient Caustic Injection Flow Rate,Increase Caustic Dosing Pump Output,Alkaline Scrubber Low pH
2026-01-01,,SCB-606,Offline,0.0,,0.0,,,,100.0,Offline,0,Thursday,January,0.45,0.0,Critical,Scrubber Telemetry Offline,CEMS Sensor Communication Failure,Inspect Modbus Transmitters and Field PLC Cabinets,Sensor Connection Error
2026-01-02,,SCB-606,Offline,0.0,,0.0,,,,100.0,Offline,0,Friday,January,0.45,0.0,Critical,Scrubber Telemetry Offline,CEMS Sensor Communication Failure,Inspect Modbus Transmitters and Field PLC Cabinets,Sensor Connection Error
2026-01-03,,SCB-606,Offline,0.0,,0.0,,,,100.0,Offline,0,Saturday,January,0.47,0.0,Critical,Scrubber Telemetry Offline,CEMS Sensor Communication Failure,Inspect Modbus Transmitters and Field PLC Cabinets,Sensor Connection Error
2026-01-04,,SCB-606,Offline,0.0,,0.0,,,,100.0,Offline,0,Sunday,January,0.51,0.0,Critical,Scrubber Telemetry Offline,CEMS Sensor Communication Failure,Inspect Modbus Transmitters and Field PLC Cabinets,Sensor Connection Error
2026-01-05,,SCB-606,Offline,0.0,,0.0,,,,100.0,Offline,0,Monday,January,0.41,0.0,Critical,Scrubber Telemetry Offline,CEMS Sensor Communication Failure,Inspect Modbus Transmitters and Field PLC Cabinets,Sensor Connection Error
2026-01-06,,SCB-606,Offline,0.0,,0.0,,,,100.0,Offline,0,Tuesday,January,0.41,0.0,Critical,Scrubber Telemetry Offline,CEMS Sensor Communication Failure,Inspect Modbus Transmitters and Field PLC Cabinets,Sensor Connection Error
2026-01-07,,SCB-606,Offline,0.0,,0.0,,,,100.0,Offline,0,Wednesday,January,0.52,0.0,Critical,Scrubber Telemetry Offline,CEMS Sensor Communication Failure,Inspect Modbus Transmitters and Field PLC Cabinets,Sensor Connection Error
2026-01-08,,SCB-606,Offline,0.0,,0.0,,,,100.0,Offline,0,Thursday,January,0.54,0.0,Critical,Scrubber Telemetry Offline,CEMS Sensor Communication Failure,Inspect Modbus Transmitters and Field PLC Cabinets,Sensor Connection Error
2026-01-09,,SCB-606,Offline,0.0,,0.0,,,,100.0,Offline,0,Friday,January,0.48,0.0,Critical,Scrubber Telemetry Offline,CEMS Sensor Communication Failure,Inspect Modbus Transmitters and Field PLC Cabinets,Sensor Connection Error
2026-01-10,,SCB-606,Offline,0.0,,0.0,,,,100.0,Offline,0,Saturday,January,0.53,0.0,Critical,Scrubber Telemetry Offline,CEMS Sensor Communication Failure,Inspect Modbus Transmitters and Field PLC Cabinets,Sensor Connection Error
2026-01-11,,SCB-606,Offline,0.0,,0.0,,,,100.0,Offline,0,Sunday,January,0.51,0.0,Critical,Scrubber Telemetry Offline,CEMS Sensor Communication Failure,Inspect Modbus Transmitters and Field PLC Cabinets,Sensor Connection Error
2026-01-12,,SCB-606,Offline,0.0,,0.0,,,,100.0,Offline,0,Monday,January,0.52,0.0,Critical,Scrubber Telemetry Offline,CEMS Sensor Communication Failure,Inspect Modbus Transmitters and Field PLC Cabinets,Sensor Connection Error
2026-01-13,,SCB-606,Offline,0.0,,0.0,,,,100.0,Offline,0,Tuesday,January,0.54,0.0,Critical,Scrubber Telemetry Offline,CEMS Sensor Communication Failure,Inspect Modbus Transmitters and Field PLC Cabinets,Sensor Connection Error
2026-01-14,,SCB-606,Offline,0.0,,0.0,,,,100.0,Offline,0,Wednesday,January,0.57,0.0,Critical,Scrubber Telemetry Offline,CEMS Sensor Communication Failure,Inspect Modbus Transmitters and Field PLC Cabinets,Sensor Connection Error
2026-01-15,,SCB-606,Offline,0.0,,0.0,,,,100.0,Offline,0,Thursday,January,0.51,0.0,Critical,Scrubber Telemetry Offline,CEMS Sensor Communication Failure,Inspect Modbus Transmitters and Field PLC Cabinets,Sensor Connection Error
2026-01-16,,SCB-606,Offline,0.0,,0.0,,,,100.0,Offline,0,Friday,January,0.49,0.0,Critical,Scrubber Telemetry Offline,CEMS Sensor Communication Failure,Inspect Modbus Transmitters and Field PLC Cabinets,Sensor Connection Error
2026-01-17,,SCB-606,Offline,0.0,,0.0,,,,100.0,Offline,0,Saturday,January,0.54,0.0,Critical,Scrubber Telemetry Offline,CEMS Sensor Communication Failure,Inspect Modbus Transmitters and Field PLC Cabinets,Sensor Connection Error
2026-01-18,,SCB-606,Offline,0.0,,0.0,,,,100.0,Offline,0,Sunday,January,0.46,0.0,Critical,Scrubber Telemetry Offline,CEMS Sensor Communication Failure,Inspect Modbus Transmitters and Field PLC Cabinets,Sensor Connection Error
2026-01-19,,SCB-606,Offline,0.0,,0.0,,,,100.0,Offline,0,Monday,January,0.34,0.0,Critical,Scrubber Telemetry Offline,CEMS Sensor Communication Failure,Inspect Modbus Transmitters and Field PLC Cabinets,Sensor Connection Error
2026-01-20,4.86,SCB-606,Good,0.0,4.86,0.0,4.86,4.86,0.0,100.0,Low,0,Tuesday,January,0.53,65.0,Warning,Low Alkali Dosing,Insufficient Caustic Injection Flow Rate,Increase Caustic Dosing Pump Output,Alkaline Scrubber Low pH
2026-01-21,5.93,SCB-606,Good,1.0699999999999994,5.395,0.7566042558696057,4.86,5.93,1.0699999999999994,89.30000000000001,Low,0,Wednesday,January,0.44,56.4,Warning,Low Alkali Dosing,Insufficient Caustic Injection Flow Rate,Increase Caustic Dosing Pump Output,Alkaline Scrubber Low pH
2026-01-22,11.14,SCB-606,Good,5.210000000000001,7.31,3.359747014285451,4.86,11.14,6.28,47.89999999999999,Normal,0,Thursday,January,0.46,58.3,Normal,Healthy,Normal Operation,Continue Stream Monitoring,No Alert
2026-01-23,7.97,SCB-606,Good,-3.170000000000001,7.475,2.7629995777536176,4.86,11.14,6.28,68.29999999999998,Low,0,Friday,January,0.36,39.6,Warning,Low Alkali Dosing,Insufficient Caustic Injection Flow Rate,Increase Caustic Dosing Pump Output,Alkaline Scrubber Low pH
2026-01-24,5.76,SCB-606,Good,-2.21,7.132,2.5127415306791905,4.86,11.14,6.28,77.9,Low,0,Saturday,January,0.37,47.3,Warning,Low Alkali Dosing,Insufficient Caustic Injection Flow Rate,Increase Caustic Dosing Pump Output,Alkaline Scrubber Low pH
2026-01-25,6.942,SCB-606,Interpolated,1.1820000000000004,7.1003333333333325,2.2488024961447075,4.86,11.14,6.28,88.17999999999999,Low,0,Sunday,January,0.54,55.5,Warning,Low Alkali Dosing,Insufficient Caustic Injection Flow Rate,Increase Caustic Dosing Pump Output,Alkaline Scrubber Low pH
2026-01-26,8.123999999999999,SCB-606,Interpolated,1.1819999999999986,7.246571428571428,2.0890092434088507,4.86,11.14,6.28,88.18,Low,0,Monday,January,0.41,55.5,Warning,Low Alkali Dosing,Insufficient Caustic Injection Flow Rate,Increase Caustic Dosing Pump Output,Alkaline Scrubber Low pH
2026-01-27,9.306,SCB-606,Interpolated,1.1820000000000004,7.881714285714286,1.9107343888573067,5.76,11.14,5.380000000000001,88.17999999999999,Low,0,Tuesday,January,0.42,55.5,Warning,Low Alkali Dosing,Insufficient Caustic Injection Flow Rate,Increase Caustic Dosing Pump Output,Alkaline Scrubber Low pH
2026-01-28,,SCB-606,Offline,0.0,8.206999999999999,1.868763334400587,5.76,11.14,5.380000000000001,100.0,Offline,0,Wednesday,January,0.425,0.0,Critical,Scrubber Telemetry Offline,CEMS Sensor Communication Failure,Inspect Modbus Transmitters and Field PLC Cabinets,Sensor Connection Error
2026-01-29,11.67,SCB-606,Good,0.0,8.295333333333334,2.0398257441915635,5.76,11.67,5.91,100.0,High,0,Thursday,January,0.43,75.0,Warning,Excessive Caustic Feed,Over-dosing Caustic Buffer,Calibrate Caustic Dosing Pump Feedback Controller,Alkaline Scrubber High pH
2026-01-30,11.75,SCB-606,Good,0.08,8.925333333333333,2.459753049935433,5.76,11.75,5.99,99.2,High,0,Friday,January,0.435,75.0,Warning,Excessive Caustic Feed,Over-dosing Caustic Buffer,Calibrate Caustic Dosing Pump Feedback Controller,Alkaline Scrubber High pH
2026-01-31,12.15,SCB-606,Good,0.4000000000000003,9.990333333333334,2.1829207650912714,6.942,12.15,5.208,96.0,High,0,Saturday,January,0.0,75.0,Warning,Excessive Caustic Feed,Over-dosing Caustic Buffer,Calibrate Caustic Dosing Pump Feedback Controller,Alkaline Scrubber High pH
2026-02-01,12.44,SCB-606,Good,0.2899999999999991,10.906666666666666,1.760468422513355,8.123999999999999,12.44,4.316000000000001,97.1,High,0,Sunday,February,0.0,75.0,Warning,Excessive Caustic Feed,Over-dosing Caustic Buffer,Calibrate Caustic Dosing Pump Feedback Controller,Alkaline Scrubber High pH
2026-02-02,12.46,SCB-606,Good,0.0200000000000013,11.629333333333332,1.1859488465640733,9.306,12.46,3.1540000000000017,99.79999999999998,High,0,Monday,February,0.45,75.0,Warning,Excessive Caustic Feed,Over-dosing Caustic Buffer,Calibrate Caustic Dosing Pump Feedback Controller,Alkaline Scrubber High pH
2026-02-03,12.43,SCB-606,Good,-0.0300000000000011,12.15,0.3602776706930167,11.67,12.46,0.7900000000000009,99.7,High,0,Tuesday,February,0.23,75.0,Warning,Excessive Caustic Feed,Over-dosing Caustic Buffer,Calibrate Caustic Dosing Pump Feedback Controller,Alkaline Scrubber High pH
2026-02-04,12.38,SCB-606,Good,-0.0499999999999989,12.182857142857143,0.3401820241044456,11.67,12.46,0.7900000000000009,99.5,High,0,Wednesday,February,0.25,75.0,Warning,Excessive Caustic Feed,Over-dosing Caustic Buffer,Calibrate Caustic Dosing Pump Feedback Controller,Alkaline Scrubber High pH
2026-02-05,12.29,SCB-606,Good,-0.0900000000000016,12.271428571428572,0.2542589606043544,11.75,12.46,0.7100000000000009,99.09999999999998,High,0,Thursday,February,0.2,75.0,Warning,Excessive Caustic Feed,Over-dosing Caustic Buffer,Calibrate Caustic Dosing Pump Feedback Controller,Alkaline Scrubber High pH
2026-02-06,11.96,SCB-606,Good,-0.3299999999999983,12.301428571428572,0.1856006978640067,11.96,12.46,0.5,96.70000000000002,High,0,Friday,February,0.24,75.0,Warning,Excessive Caustic Feed,Over-dosing Caustic Buffer,Calibrate Caustic Dosing Pump Feedback Controller,Alkaline Scrubber High pH
2026-02-07,9.17,SCB-606,Good,-2.790000000000001,11.875714285714285,1.2056099029517078,9.17,12.46,3.290000000000001,72.1,Low,0,Saturday,February,0.2,42.7,Warning,Low Alkali Dosing,Insufficient Caustic Injection Flow Rate,Increase Caustic Dosing Pump Output,Alkaline Scrubber Low pH
2026-02-08,12.38,SCB-606,Good,3.210000000000001,11.867142857142856,1.2011343844565423,9.17,12.46,3.290000000000001,67.89999999999999,High,0,Sunday,February,0.27,49.3,Warning,Excessive Caustic Feed,Over-dosing Caustic Buffer,Calibrate Caustic Dosing Pump Feedback Controller,Alkaline Scrubber High pH
2026-02-09,12.2,SCB-606,Good,-0.1800000000000015,11.83,1.1836384583140191,9.17,12.43,3.26,98.2,High,0,Monday,February,0.28,75.0,Warning,Excessive Caustic Feed,Over-dosing Caustic Buffer,Calibrate Caustic Dosing Pump Feedback Controller,Alkaline Scrubber High pH
2026-02-10,12.28,SCB-606,Good,0.08,11.808571428571428,1.1722688623836572,9.17,12.38,3.210000000000001,99.2,High,0,Tuesday,February,0.27,75.0,Warning,Excessive Caustic Feed,Over-dosing Caustic Buffer,Calibrate Caustic Dosing Pump Feedback Controller,Alkaline Scrubber High pH
2026-02-11,12.53,SCB-606,Good,0.25,11.83,1.1857487086225258,9.17,12.53,3.3599999999999994,97.5,High,0,Wednesday,February,0.14,75.0,Warning,Excessive Caustic Feed,Over-dosing Caustic Buffer,Calibrate Caustic Dosing Pump Feedback Controller,Alkaline Scrubber High pH
2026-02-12,12.27,SCB-606,Good,-0.2599999999999998,11.827142857142857,1.184478989341079,9.17,12.53,3.3599999999999994,97.4,High,0,Thursday,February,0.26,75.0,Warning,Excessive Caustic Feed,Over-dosing Caustic Buffer,Calibrate Caustic Dosing Pump Feedback Controller,Alkaline Scrubber High pH
2026-02-13,11.58,SCB-606,Good,-0.6899999999999995,11.772857142857143,1.18608198544218,9.17,12.53,3.3599999999999994,93.1,High,0,Friday,February,0.29,75.0,Warning,Excessive Caustic Feed,Over-dosing Caustic Buffer,Calibrate Caustic Dosing Pump Feedback Controller,Alkaline Scrubber High pH
2026-02-14,11.84,SCB-606,Good,0.2599999999999998,12.154285714285717,0.3296390522403115,11.58,12.53,0.9499999999999992,97.4,High,0,Saturday,February,0.17,75.0,Warning,Excessive Caustic Feed,Over-dosing Caustic Buffer,Calibrate Caustic Dosing Pump Feedback Controller,Alkaline Scrubber High pH
2026-02-15,12.43,SCB-606,Good,0.5899999999999999,12.161428571428573,0.3358287545475198,11.58,12.53,0.9499999999999992,94.1,High,0,Sunday,February,0.29,75.0,Warning,Excessive Caustic Feed,Over-dosing Caustic Buffer,Calibrate Caustic Dosing Pump Feedback Controller,Alkaline Scrubber High pH
2026-02-16,12.28,SCB-606,Good,-0.1500000000000003,12.172857142857142,0.3387090337203828,11.58,12.53,0.9499999999999992,98.5,High,0,Monday,February,0.19,75.0,Warning,Excessive Caustic Feed,Over-dosing Caustic Buffer,Calibrate Caustic Dosing Pump Feedback Controller,Alkaline Scrubber High pH
2026-02-17,11.74,SCB-606,Good,-0.5399999999999991,12.095714285714283,0.3702637412645534,11.58,12.53,0.9499999999999992,94.6,High,0,Tuesday,February,0.19,75.0,Warning,Excessive Caustic Feed,Over-dosing Caustic Buffer,Calibrate Caustic Dosing Pump Feedback Controller,Alkaline Scrubber High pH
2026-02-18,12.45,SCB-606,Good,0.7099999999999991,12.084285714285716,0.3555679561329417,11.58,12.45,0.8699999999999992,92.9,High,0,Wednesday,February,0.22,75.0,Warning,Excessive Caustic Feed,Over-dosing Caustic Buffer,Calibrate Caustic Dosing Pump Feedback Controller,Alkaline Scrubber High pH
2026-02-19,12.36,SCB-606,Good,-0.0899999999999998,12.097142857142858,0.3649070331702704,11.58,12.45,0.8699999999999992,99.1,High,0,Thursday,February,0.25,75.0,Warning,Excessive Caustic Feed,Over-dosing Caustic Buffer,Calibrate Caustic Dosing Pump Feedback Controller,Alkaline Scrubber High pH
2026-02-20,12.19,SCB-606,Good,-0.1699999999999999,12.184285714285716,0.2848892850949122,11.74,12.45,0.7099999999999991,98.3,High,0,Friday,February,0.25,75.0,Warning,Excessive Caustic Feed,Over-dosing Caustic Buffer,Calibrate Caustic Dosing Pump Feedback Controller,Alkaline Scrubber High pH
2026-02-21,11.74,SCB-606,Good,-0.4499999999999993,12.17,0.3067028964106015,11.74,12.45,0.7099999999999991,95.5,High,0,Saturday,February,0.24,75.0,Warning,Excessive Caustic Feed,Over-dosing Caustic Buffer,Calibrate Caustic Dosing Pump Feedback Controller,Alkaline Scrubber High pH
2026-02-22,12.41,SCB-606,Good,0.6699999999999999,12.167142857142856,0.3039580171511549,11.74,12.45,0.7099999999999991,93.3,High,0,Sunday,February,0.24,75.0,Warning,Excessive Caustic Feed,Over-dosing Caustic Buffer,Calibrate Caustic Dosing Pump Feedback Controller,Alkaline Scrubber High pH
2026-02-23,12.23,SCB-606,Good,-0.1799999999999997,12.16,0.3014409837209471,11.74,12.45,0.7099999999999991,98.2,High,0,Monday,February,0.34,75.0,Warning,Excessive Caustic Feed,Over-dosing Caustic Buffer,Calibrate Caustic Dosing Pump Feedback Controller,Alkaline Scrubber High pH
2026-02-24,12.21,SCB-606,Good,-0.0199999999999995,12.227142857142857,0.2379575792526782,11.74,12.45,0.7099999999999991,99.8,High,0,Tuesday,February,0.21,75.0,Warning,Excessive Caustic Feed,Over-dosing Caustic Buffer,Calibrate Caustic Dosing Pump Feedback Controller,Alkaline Scrubber High pH
2026-02-25,12.22,SCB-606,Good,0.0099999999999997,12.194285714285716,0.2170143730152994,11.74,12.41,0.6699999999999999,99.9,High,0,Wednesday,February,0.22,75.0,Warning,Excessive Caustic Feed,Over-dosing Caustic Buffer,Calibrate Caustic Dosing Pump Feedback Controller,Alkaline Scrubber High pH
2026-02-26,12.3,SCB-606,Good,0.08,12.185714285714283,0.2104643392483004,11.74,12.41,0.6699999999999999,99.2,High,0,Thursday,February,0.23,75.0,Warning,Excessive Caustic Feed,Over-dosing Caustic Buffer,Calibrate Caustic Dosing Pump Feedback Controller,Alkaline Scrubber High pH
2026-02-27,12.37,SCB-606,Good,0.0699999999999985,12.21142857142857,0.2217677893223845,11.74,12.41,0.6699999999999999,99.3,High,0,Friday,February,0.23,75.0,Warning,Excessive Caustic Feed,Over-dosing Caustic Buffer,Calibrate Caustic Dosing Pump Feedback Controller,Alkaline Scrubber High pH
2026-02-28,12.6,SCB-606,Good,0.2300000000000004,12.334285714285716,0.1403397238675554,12.21,12.6,0.3899999999999988,97.7,High,0,Saturday,February,0.23,75.0,Warning,Excessive Caustic Feed,Over-dosing Caustic Buffer,Calibrate Caustic Dosing Pump Feedback Controller,Alkaline Scrubber High pH
2026-03-01,12.75,SCB-606,Good,0.1500000000000003,12.382857142857144,0.2116376058040234,12.21,12.75,0.5399999999999991,98.5,High,0,Sunday,March,0.24,75.0,Warning,Excessive Caustic Feed,Over-dosing Caustic Buffer,Calibrate Caustic Dosing Pump Feedback Controller,Alkaline Scrubber High pH
2026-03-02,12.68,SCB-606,Good,-0.0700000000000002,12.447142857142856,0.225367424865393,12.21,12.75,0.5399999999999991,99.3,High,0,Monday,March,0.3,75.0,Warning,Excessive Caustic Feed,Over-dosing Caustic Buffer,Calibrate Caustic Dosing Pump Feedback Controller,Alkaline Scrubber High pH
2026-03-03,11.54,SCB-606,Good,-1.1400000000000006,12.35142857142857,0.4097327816772,11.54,12.75,1.2100000000000009,88.6,High,0,Tuesday,March,0.26,65.9,Warning,Excessive Caustic Feed,Over-dosing Caustic Buffer,Calibrate Caustic Dosing Pump Feedback Controller,Alkaline Scrubber High pH
2026-03-04,10.33,SCB-606,Good,-1.209999999999999,12.081428571428573,0.8723422220556214,10.33,12.75,2.42,87.9,Normal,0,Wednesday,March,0.18,90.3,Normal,Healthy,Normal Operation,Continue Stream Monitoring,No Alert
2026-03-05,11.84,SCB-606,Good,1.5099999999999998,12.015714285714283,0.8704569134053823,10.33,12.75,2.42,84.9,High,0,Thursday,March,0.22,62.9,Warning,Excessive Caustic Feed,Over-dosing Caustic Buffer,Calibrate Caustic Dosing Pump Feedback Controller,Alkaline Scrubber High pH
2026-03-06,12.62,SCB-606,Good,0.7799999999999994,12.051428571428572,0.8922710457297186,10.33,12.75,2.42,92.2,High,0,Friday,March,0.25,75.0,Warning,Excessive Caustic Feed,Over-dosing Caustic Buffer,Calibrate Caustic Dosing Pump Feedback Controller,Alkaline Scrubber High pH
2026-03-07,12.52,SCB-606,Good,-0.0999999999999996,12.04,0.884552617617132,10.33,12.75,2.42,99.0,High,0,Saturday,March,0.2,75.0,Warning,Excessive Caustic Feed,Over-dosing Caustic Buffer,Calibrate Caustic Dosing Pump Feedback Controller,Alkaline Scrubber High pH
2026-03-08,12.49,SCB-606,Good,-0.0299999999999993,12.002857142857142,0.8547263555414272,10.33,12.68,2.35,99.7,High,0,Sunday,March,0.22,75.0,Warning,Excessive Caustic Feed,Over-dosing Caustic Buffer,Calibrate Caustic Dosing Pump Feedback Controller,Alkaline Scrubber High pH
2026-03-09,12.47,SCB-606,Good,-0.0199999999999995,11.972857142857142,0.8303355603953927,10.33,12.62,2.289999999999999,99.8,High,0,Monday,March,0.2,75.0,Warning,Excessive Caustic Feed,Over-dosing Caustic Buffer,Calibrate Caustic Dosing Pump Feedback Controller,Alkaline Scrubber High pH
2026-03-10,12.58,SCB-606,Good,0.1099999999999994,12.12142857142857,0.8330151773612967,10.33,12.62,2.289999999999999,98.9,High,0,Tuesday,March,0.19,75.0,Warning,Excessive Caustic Feed,Over-dosing Caustic Buffer,Calibrate Caustic Dosing Pump Feedback Controller,Alkaline Scrubber High pH
2026-03-11,12.57,SCB-606,Good,-0.0099999999999997,12.441428571428572,0.2703965342127581,11.84,12.62,0.7799999999999994,99.9,High,0,Wednesday,March,0.24,75.0,Warning,Excessive Caustic Feed,Over-dosing Caustic Buffer,Calibrate Caustic Dosing Pump Feedback Controller,Alkaline Scrubber High pH
2026-03-12,12.09,SCB-606,Good,-0.4800000000000004,12.477142857142857,0.1786723524325884,12.09,12.62,0.5299999999999994,95.2,High,0,Thursday,March,0.25,75.0,Warning,Excessive Caustic Feed,Over-dosing Caustic Buffer,Calibrate Caustic Dosing Pump Feedback Controller,Alkaline Scrubber High pH
2026-03-13,11.04,SCB-606,Good,-1.0500000000000007,12.251428571428573,0.5597448398281778,11.04,12.58,1.540000000000001,89.5,Normal,0,Friday,March,0.22,91.6,Normal,Healthy,Normal Operation,Continue Stream Monitoring,No Alert
2026-03-14,10.47,SCB-606,Good,-0.5699999999999985,11.958571428571428,0.8544867576783192,10.47,12.58,2.1099999999999994,94.3,Normal,0,Saturday,March,0.13,100.0,Normal,Healthy,Normal Operation,Continue Stream Monitoring,No Alert
2026-03-15,10.23,SCB-606,Good,-0.2400000000000002,11.635714285714286,1.0293016587773929,10.23,12.58,2.35,97.6,Normal,0,Sunday,March,0.15,100.0,Normal,Healthy,Normal Operation,Continue Stream Monitoring,No Alert
2026-03-16,10.94,SCB-606,Good,0.7099999999999991,11.417142857142858,0.9840683290252074,10.23,12.58,2.35,92.9,Normal,0,Monday,March,0.14,100.0,Normal,Healthy,Normal Operation,Continue Stream Monitoring,No Alert
2026-03-17,12.93,SCB-606,Good,1.99,11.46714285714286,1.0590359497472832,10.23,12.93,2.6999999999999997,80.1,High,0,Tuesday,March,0.19,59.1,Warning,Excessive Caustic Feed,Over-dosing Caustic Buffer,Calibrate Caustic Dosing Pump Feedback Controller,Alkaline Scrubber High pH
2026-03-18,12.75,SCB-606,Good,-0.1799999999999997,11.492857142857142,1.0919510716406349,10.23,12.93,2.6999999999999997,98.2,High,0,Wednesday,March,0.12,75.0,Warning,Excessive Caustic Feed,Over-dosing Caustic Buffer,Calibrate Caustic Dosing Pump Feedback Controller,Alkaline Scrubber High pH
2026-03-19,12.73,SCB-606,Good,-0.0199999999999995,11.584285714285713,1.1739939969019826,10.23,12.93,2.6999999999999997,99.8,High,0,Thursday,March,0.19,75.0,Warning,Excessive Caustic Feed,Over-dosing Caustic Buffer,Calibrate Caustic Dosing Pump Feedback Controller,Alkaline Scrubber High pH
2026-03-20,12.81,SCB-606,Good,0.08,11.837142857142856,1.2266582556647403,10.23,12.93,2.6999999999999997,99.2,High,0,Friday,March,0.21,75.0,Warning,Excessive Caustic Feed,Over-dosing Caustic Buffer,Calibrate Caustic Dosing Pump Feedback Controller,Alkaline Scrubber High pH
2026-03-21,12.86,SCB-606,Good,0.0499999999999989,12.178571428571429,1.10975115185685,10.23,12.93,2.6999999999999997,99.5,High,0,Saturday,March,0.25,75.0,Warning,Excessive Caustic Feed,Over-dosing Caustic Buffer,Calibrate Caustic Dosing Pump Feedback Controller,Alkaline Scrubber High pH
2026-03-22,12.4,SCB-606,Good,-0.4599999999999991,12.48857142857143,0.7034066763835405,10.94,12.93,1.99,95.4,High,0,Sunday,March,0.3,75.0,Warning,Excessive Caustic Feed,Over-dosing Caustic Buffer,Calibrate Caustic Dosing Pump Feedback Controller,Alkaline Scrubber High pH
2026-03-23,11.97,SCB-606,Good,-0.4299999999999997,12.635714285714286,0.3386176379958528,11.97,12.93,0.9599999999999992,95.7,High,0,Monday,March,0.28,75.0,Warning,Excessive Caustic Feed,Over-dosing Caustic Buffer,Calibrate Caustic Dosing Pump Feedback Controller,Alkaline Scrubber High pH
2026-03-24,12.69,SCB-606,Good,0.7199999999999989,12.601428571428572,0.3151945733156026,11.97,12.86,0.8899999999999988,92.8,High,0,Tuesday,March,0.24,75.0,Warning,Excessive Caustic Feed,Over-dosing Caustic Buffer,Calibrate Caustic Dosing Pump Feedback Controller,Alkaline Scrubber High pH
2026-03-25,12.22,SCB-606,Interpolated,-0.4699999999999988,12.525714285714288,0.3364945340247851,11.97,12.86,0.8899999999999988,95.3,High,0,Wednesday,March,0.21,75.0,Warning,Excessive Caustic Feed,Over-dosing Caustic Buffer,Calibrate Caustic Dosing Pump Feedback Controller,Alkaline Scrubber High pH
2026-03-26,11.75,SCB-606,Interpolated,-0.4700000000000006,12.385714285714286,0.428596824644355,11.75,12.86,1.1099999999999994,95.3,High,0,Thursday,March,0.31,75.0,Warning,Excessive Caustic Feed,Over-dosing Caustic Buffer,Calibrate Caustic Dosing Pump Feedback Controller,Alkaline Scrubber High pH
2026-03-27,11.28,SCB-606,Interpolated,-0.4700000000000006,12.167142857142858,0.549293919066829,11.28,12.86,1.58,95.3,Normal,0,Friday,March,0.27,100.0,Normal,Healthy,Normal Operation,Continue Stream Monitoring,No Alert
2026-03-28,10.81,SCB-606,Good,-0.4699999999999988,11.874285714285715,0.6546973128313256,10.81,12.69,1.879999999999999,95.3,Normal,0,Saturday,March,0.2,100.0,Normal,Healthy,Normal Operation,Continue Stream Monitoring,No Alert
2026-03-29,12.0,SCB-606,Good,1.1899999999999995,11.817142857142857,0.6175681955788068,10.81,12.69,1.879999999999999,88.10000000000001,High,0,Sunday,March,0.25,65.5,Warning,Excessive Caustic Feed,Over-dosing Caustic Buffer,Calibrate Caustic Dosing Pump Feedback Controller,Alkaline Scrubber High pH
2026-03-30,12.47,SCB-606,Good,0.4700000000000006,11.888571428571428,0.6652675795354375,10.81,12.69,1.879999999999999,95.3,High,0,Monday,March,0.24,75.0,Warning,Excessive Caustic Feed,Over-dosing Caustic Buffer,Calibrate Caustic Dosing Pump Feedback Controller,Alkaline Scrubber High pH
2026-03-31,12.68,SCB-606,Good,0.209999999999999,11.88714285714286,0.6632675248523758,10.81,12.68,1.8699999999999992,97.9,High,0,Tuesday,March,0.28,75.0,Warning,Excessive Caustic Feed,Over-dosing Caustic Buffer,Calibrate Caustic Dosing Pump Feedback Controller,Alkaline Scrubber High pH
2026-04-01,12.71,SCB-606,Good,0.0300000000000011,11.957142857142856,0.7270422795068137,10.81,12.71,1.9000000000000004,99.7,High,0,Wednesday,April,0.3,75.0,Warning,Excessive Caustic Feed,Over-dosing Caustic Buffer,Calibrate Caustic Dosing Pump Feedback Controller,Alkaline Scrubber High pH
2026-04-02,12.88,SCB-606,Good,0.1699999999999999,12.118571428571428,0.79560100074154,10.81,12.88,2.0700000000000003,98.3,High,0,Thursday,April,0.32,75.0,Warning,Excessive Caustic Feed,Over-dosing Caustic Buffer,Calibrate Caustic Dosing Pump Feedback Controller,Alkaline Scrubber High pH
2026-04-03,12.87,SCB-606,Good,-0.0100000000000015,12.345714285714283,0.7414143498039579,10.81,12.88,2.0700000000000003,99.89999999999998,High,0,Friday,April,0.26,75.0,Warning,Excessive Caustic Feed,Over-dosing Caustic Buffer,Calibrate Caustic Dosing Pump Feedback Controller,Alkaline Scrubber High pH
2026-04-04,12.92,SCB-606,Good,0.0500000000000007,12.647142857142857,0.3249468821060823,12.0,12.92,0.92,99.5,High,0,Saturday,April,0.27,75.0,Warning,Excessive Caustic Feed,Over-dosing Caustic Buffer,Calibrate Caustic Dosing Pump Feedback Controller,Alkaline Scrubber High pH
2026-04-05,12.94,SCB-606,Good,0.0199999999999995,12.781428571428572,0.1704336206492346,12.47,12.94,0.4699999999999988,99.8,High,0,Sunday,April,0.25,75.0,Warning,Excessive Caustic Feed,Over-dosing Caustic Buffer,Calibrate Caustic Dosing Pump Feedback Controller,Alkaline Scrubber High pH
2026-04-06,12.94,SCB-606,Good,0.0,12.848571428571429,0.1086935403521025,12.68,12.94,0.2599999999999998,100.0,High,0,Monday,April,0.34,75.0,Warning,Excessive Caustic Feed,Over-dosing Caustic Buffer,Calibrate Caustic Dosing Pump Feedback Controller,Alkaline Scrubber High pH
2026-04-07,12.95,SCB-606,Good,0.0099999999999997,12.887142857142855,0.084006802445584,12.71,12.95,0.2399999999999984,99.9,High,0,Tuesday,April,0.34,75.0,Warning,Excessive Caustic Feed,Over-dosing Caustic Buffer,Calibrate Caustic Dosing Pump Feedback Controller,Alkaline Scrubber High pH
2026-04-08,12.96,SCB-606,Good,0.0100000000000015,12.922857142857142,0.0349829890632328,12.87,12.96,0.0900000000000016,99.89999999999998,High,0,Wednesday,April,0.27,75.0,Warning,Excessive Caustic Feed,Over-dosing Caustic Buffer,Calibrate Caustic Dosing Pump Feedback Controller,Alkaline Scrubber High pH
2026-04-09,12.92,SCB-606,Good,-0.0400000000000009,12.928571428571429,0.0296808419850441,12.87,12.96,0.0900000000000016,99.6,High,0,Thursday,April,0.28,75.0,Warning,Excessive Caustic Feed,Over-dosing Caustic Buffer,Calibrate Caustic Dosing Pump Feedback Controller,Alkaline Scrubber High pH
2026-04-10,12.89,SCB-606,Good,-0.0299999999999993,12.93142857142857,0.0234012616670087,12.89,12.96,0.0700000000000002,99.7,High,0,Friday,April,0.33,75.0,Warning,Excessive Caustic Feed,Over-dosing Caustic Buffer,Calibrate Caustic Dosing Pump Feedback Controller,Alkaline Scrubber High pH
2026-04-11,12.88,SCB-606,Good,-0.0099999999999997,12.925714285714289,0.0304724700108174,12.88,12.96,0.08,99.9,High,0,Saturday,April,0.34,75.0,Warning,Excessive Caustic Feed,Over-dosing Caustic Buffer,Calibrate Caustic Dosing Pump Feedback Controller,Alkaline Scrubber High pH
2026-04-12,12.88,SCB-606,Good,0.0,12.917142857142858,0.0340168025706645,12.88,12.96,0.08,100.0,High,0,Sunday,April,0.2,75.0,Warning,Excessive Caustic Feed,Over-dosing Caustic Buffer,Calibrate Caustic Dosing Pump Feedback Controller,Alkaline Scrubber High pH
2026-04-13,12.87,SCB-606,Good,-0.0100000000000015,12.907142857142858,0.0363841933234507,12.87,12.96,0.0900000000000016,99.89999999999998,High,0,Monday,April,0.23,75.0,Warning,Excessive Caustic Feed,Over-dosing Caustic Buffer,Calibrate Caustic Dosing Pump Feedback Controller,Alkaline Scrubber High pH
2026-04-14,12.88,SCB-606,Good,0.0100000000000015,12.897142857142857,0.0319970236709325,12.87,12.96,0.0900000000000016,99.89999999999998,High,0,Tuesday,April,0.26,75.0,Warning,Excessive Caustic Feed,Over-dosing Caustic Buffer,Calibrate Caustic Dosing Pump Feedback Controller,Alkaline Scrubber High pH
2026-04-15,12.89,SCB-606,Good,0.0099999999999997,12.88714285714286,0.0160356745143923,12.87,12.92,0.0500000000000007,99.9,High,0,Wednesday,April,0.26,75.0,Warning,Excessive Caustic Feed,Over-dosing Caustic Buffer,Calibrate Caustic Dosing Pump Feedback Controller,Alkaline Scrubber High pH
2026-04-16,12.87,SCB-606,Good,-0.0200000000000013,12.88,0.0081649658085834,12.87,12.89,0.0200000000000013,99.79999999999998,High,0,Thursday,April,0.22,75.0,Warning,Excessive Caustic Feed,Over-dosing Caustic Buffer,Calibrate Caustic Dosing Pump Feedback Controller,Alkaline Scrubber High pH
2026-04-17,12.83,SCB-606,Good,-0.0399999999999991,12.871428571428572,0.0195180014586797,12.83,12.89,0.0600000000000005,99.6,High,0,Friday,April,0.25,75.0,Warning,Excessive Caustic Feed,Over-dosing Caustic Buffer,Calibrate Caustic Dosing Pump Feedback Controller,Alkaline Scrubber High pH
2026-04-18,12.79,SCB-606,Good,-0.0400000000000009,12.858571428571429,0.0357903950933904,12.79,12.89,0.1000000000000014,99.6,High,0,Saturday,April,0.22,75.0,Warning,Excessive Caustic Feed,Over-dosing Caustic Buffer,Calibrate Caustic Dosing Pump Feedback Controller,Alkaline Scrubber High pH
2026-04-19,12.75,SCB-606,Good,-0.0399999999999991,12.84,0.0525991127934223,12.75,12.89,0.1400000000000005,99.6,High,0,Sunday,April,0.28,75.0,Warning,Excessive Caustic Feed,Over-dosing Caustic Buffer,Calibrate Caustic Dosing Pump Feedback Controller,Alkaline Scrubber High pH
2026-04-20,12.7,SCB-606,Good,-0.0500000000000007,12.815714285714284,0.0720780000778775,12.7,12.89,0.1900000000000012,99.5,High,0,Monday,April,0.27,75.0,Warning,Excessive Caustic Feed,Over-dosing Caustic Buffer,Calibrate Caustic Dosing Pump Feedback Controller,Alkaline Scrubber High pH
2026-04-21,12.65,SCB-606,Good,-0.0499999999999989,12.782857142857145,0.0884523008394794,12.65,12.89,0.2400000000000002,99.5,High,0,Tuesday,April,0.29,75.0,Warning,Excessive Caustic Feed,Over-dosing Caustic Buffer,Calibrate Caustic Dosing Pump Feedback Controller,Alkaline Scrubber High pH
2026-04-22,12.56,SCB-606,Good,-0.0899999999999998,12.735714285714286,0.1076811872855517,12.56,12.87,0.3099999999999987,99.1,High,0,Wednesday,April,0.34,75.0,Warning,Excessive Caustic Feed,Over-dosing Caustic Buffer,Calibrate Caustic Dosing Pump Feedback Controller,Alkaline Scrubber High pH
2026-04-23,12.46,SCB-606,Good,-0.0999999999999996,12.677142857142856,0.1313664449436407,12.46,12.83,0.3699999999999992,99.0,High,0,Thursday,April,0.38,75.0,Warning,Excessive Caustic Feed,Over-dosing Caustic Buffer,Calibrate Caustic Dosing Pump Feedback Controller,Alkaline Scrubber High pH
2026-04-24,12.28,SCB-606,Good,-0.1800000000000015,12.598571428571429,0.1801322265659496,12.28,12.79,0.5099999999999998,98.2,High,0,Friday,April,0.41,75.0,Warning,Excessive Caustic Feed,Over-dosing Caustic Buffer,Calibrate Caustic Dosing Pump Feedback Controller,Alkaline Scrubber High pH
2026-04-25,12.04,SCB-606,Good,-0.2400000000000002,12.491428571428573,0.2548482274758966,12.04,12.75,0.7100000000000009,97.6,High,0,Saturday,April,0.6,75.0,Warning,Excessive Caustic Feed,Over-dosing Caustic Buffer,Calibrate Caustic Dosing Pump Feedback Controller,Alkaline Scrubber High pH
2026-04-26,11.71,SCB-606,Good,-0.3299999999999983,12.342857142857143,0.3603107124743806,11.71,12.7,0.9899999999999984,96.70000000000002,High,0,Sunday,April,0.0,75.0,Warning,Excessive Caustic Feed,Over-dosing Caustic Buffer,Calibrate Caustic Dosing Pump Feedback Controller,Alkaline Scrubber High pH
2026-04-27,11.47,SCB-606,Good,-0.2400000000000002,12.167142857142858,0.4466808810815552,11.47,12.65,1.1799999999999995,97.6,Normal,0,Monday,April,0.51,100.0,Normal,Healthy,Normal Operation,Continue Stream Monitoring,No Alert
2026-04-28,11.23,SCB-606,Good,-0.2400000000000002,11.964285714285714,0.5089484958505675,11.23,12.56,1.33,97.6,Normal,0,Tuesday,April,0.34,100.0,Normal,Healthy,Normal Operation,Continue Stream Monitoring,No Alert
2026-04-29,11.17,SCB-606,Good,-0.0600000000000005,11.765714285714283,0.5089484958505662,11.17,12.46,1.290000000000001,99.4,Normal,0,Wednesday,April,0.41,100.0,Normal,Healthy,Normal Operation,Continue Stream Monitoring,No Alert
2026-04-30,11.11,SCB-606,Good,-0.0600000000000005,11.572857142857144,0.4549254255997613,11.11,12.28,1.17,99.4,Normal,0,Thursday,April,0.3,100.0,Normal,Healthy,Normal Operation,Continue Stream Monitoring,No Alert
2026-05-01,11.06,SCB-606,Good,-0.0499999999999989,11.398571428571428,0.3633377020270065,11.06,12.04,0.9799999999999986,99.5,Normal,0,Friday,May,0.35,100.0,Normal,Healthy,Normal Operation,Continue Stream Monitoring,No Alert
2026-05-02,11.05,SCB-606,Good,-0.0099999999999997,11.257142857142858,0.2456769074559558,11.05,11.71,0.6600000000000001,99.9,Normal,0,Saturday,May,0.36,100.0,Normal,Healthy,Normal Operation,Continue Stream Monitoring,No Alert
2026-05-03,11.01,SCB-606,Good,-0.0400000000000009,11.157142857142857,0.1571320342592649,11.01,11.47,0.4600000000000008,99.6,Normal,0,Sunday,May,0.27,100.0,Normal,Healthy,Normal Operation,Continue Stream Monitoring,No Alert
2026-05-04,11.0,SCB-606,Good,-0.0099999999999997,11.09,0.0850490054810254,11.0,11.23,0.2300000000000004,99.9,Normal,0,Monday,May,0.35,100.0,Normal,Healthy,Normal Operation,Continue Stream Monitoring,No Alert
2026-05-05,10.98,SCB-606,Good,-0.0199999999999995,11.054285714285712,0.0670465367876379,10.98,11.17,0.1899999999999995,99.8,Normal,0,Tuesday,May,0.31,100.0,Normal,Healthy,Normal Operation,Continue Stream Monitoring,No Alert
2026-05-06,10.96,SCB-606,Good,-0.0199999999999995,11.024285714285714,0.0519156825556207,10.96,11.11,0.1499999999999985,99.8,Normal,0,Wednesday,May,0.4,100.0,Normal,Healthy,Normal Operation,Continue Stream Monitoring,No Alert
2026-05-07,10.95,SCB-606,Good,-0.0100000000000015,11.001428571428573,0.0422013315066029,10.95,11.06,0.1100000000000012,99.89999999999998,Normal,0,Thursday,May,0.47,100.0,Normal,Healthy,Normal Operation,Continue Stream Monitoring,No Alert
2026-05-08,10.93,SCB-606,Good,-0.0199999999999995,10.982857142857142,0.0407080195676547,10.93,11.05,0.120000000000001,99.8,Normal,0,Friday,May,0.33,100.0,Normal,Healthy,Normal Operation,Continue Stream Monitoring,No Alert
2026-05-09,10.93,SCB-606,Good,0.0,10.965714285714284,0.0320713490291415,10.93,11.01,0.08,100.0,Normal,0,Saturday,May,0.37,100.0,Normal,Healthy,Normal Operation,Continue Stream Monitoring,No Alert
2026-05-10,10.93,SCB-606,Good,0.0,10.954285714285716,0.027602622373287,10.93,11.0,0.0700000000000002,100.0,Normal,0,Sunday,May,0.39,100.0,Normal,Healthy,Normal Operation,Continue Stream Monitoring,No Alert
2026-05-11,10.93,SCB-606,Good,0.0,10.944285714285714,0.0198805959471934,10.93,10.98,0.0500000000000007,100.0,Normal,0,Monday,May,0.41,100.0,Normal,Healthy,Normal Operation,Continue Stream Monitoring,No Alert
2026-05-12,10.93,SCB-606,Good,0.0,10.937142857142858,0.0125356634096598,10.93,10.96,0.0300000000000011,100.0,Normal,0,Tuesday,May,0.45,100.0,Normal,Healthy,Normal Operation,Continue Stream Monitoring,No Alert
2026-05-13,10.92,SCB-606,Good,-0.0099999999999997,10.93142857142857,0.0089973541071674,10.92,10.95,0.0299999999999993,99.9,Normal,0,Wednesday,May,0.24,100.0,Normal,Healthy,Normal Operation,Continue Stream Monitoring,No Alert
2026-05-14,10.92,SCB-606,Good,0.0,10.927142857142858,0.0048795003624232,10.92,10.93,0.0099999999999997,100.0,Normal,0,Thursday,May,0.32,100.0,Normal,Healthy,Normal Operation,Continue Stream Monitoring,No Alert
2026-05-15,10.92,SCB-606,Good,0.0,10.925714285714283,0.0053452248361304,10.92,10.93,0.0099999999999997,100.0,Normal,0,Friday,May,0.2,100.0,Normal,Healthy,Normal Operation,Continue Stream Monitoring,No Alert
2026-05-16,10.9,SCB-606,Good,-0.0199999999999995,10.921428571428573,0.0106904496754367,10.9,10.93,0.0299999999999993,99.8,Normal,0,Saturday,May,0.29,100.0,Normal,Healthy,Normal Operation,Continue Stream Monitoring,No Alert
2026-05-17,10.89,SCB-606,Good,-0.0099999999999997,10.915714285714284,0.0151185789196184,10.89,10.93,0.0399999999999991,99.9,Normal,0,Sunday,May,0.28,100.0,Normal,Healthy,Normal Operation,Continue Stream Monitoring,No Alert
2026-05-18,10.83,SCB-606,Good,-0.0600000000000005,10.901428571428571,0.0343649877190376,10.83,10.93,0.0999999999999996,99.4,Normal,0,Monday,May,0.29,100.0,Normal,Healthy,Normal Operation,Continue Stream Monitoring,No Alert
2026-05-19,10.9,SCB-606,Good,0.0700000000000002,10.897142857142857,0.0319970236707531,10.83,10.92,0.0899999999999998,99.3,Normal,0,Tuesday,May,0.27,100.0,Normal,Healthy,Normal Operation,Continue Stream Monitoring,No Alert
2026-05-20,10.9,SCB-606,Good,0.0,10.894285714285711,0.0304724700106281,10.83,10.92,0.0899999999999998,100.0,Normal,0,Wednesday,May,0.31,100.0,Normal,Healthy,Normal Operation,Continue Stream Monitoring,No Alert
2026-05-21,10.82,SCB-606,Good,-0.08,10.88,0.0387298334617786,10.82,10.92,0.0999999999999996,99.2,Normal,0,Thursday,May,0.34,100.0,Normal,Healthy,Normal Operation,Continue Stream Monitoring,No Alert
2026-05-22,10.89,SCB-606,Good,0.0700000000000002,10.875714285714286,0.0350509832750596,10.82,10.9,0.08,99.3,Normal,0,Friday,May,0.25,100.0,Normal,Healthy,Normal Operation,Continue Stream Monitoring,No Alert
2026-05-23,10.9,SCB-606,Good,0.0099999999999997,10.875714285714286,0.0350509832750596,10.82,10.9,0.08,99.9,Normal,0,Saturday,May,0.19,100.0,Normal,Healthy,Normal Operation,Continue Stream Monitoring,No Alert
2026-05-24,10.89,SCB-606,Good,-0.0099999999999997,10.875714285714286,0.0350509832750596,10.82,10.9,0.08,99.9,Normal,0,Sunday,May,0.35,100.0,Normal,Healthy,Normal Operation,Continue Stream Monitoring,No Alert
2026-05-25,11.0,SCB-606,Good,0.1099999999999994,10.900000000000002,0.0525991127933155,10.82,11.0,0.1799999999999997,98.9,Normal,0,Monday,May,0.36,100.0,Normal,Healthy,Normal Operation,Continue Stream Monitoring,No Alert
2026-05-26,11.1,SCB-606,Good,0.0999999999999996,10.928571428571429,0.0920920864185942,10.82,11.1,0.2799999999999993,99.0,Normal,0,Tuesday,May,0.3,100.0,Normal,Healthy,Normal Operation,Continue Stream Monitoring,No Alert
2026-05-27,11.09,SCB-606,Good,-0.0099999999999997,10.955714285714285,0.108759236060893,10.82,11.1,0.2799999999999993,99.9,Normal,0,Wednesday,May,0.41,100.0,Normal,Healthy,Normal Operation,Continue Stream Monitoring,No Alert
2026-05-28,11.04,SCB-606,Good,-0.0500000000000007,10.987142857142857,0.0937575393792628,10.89,11.1,0.209999999999999,99.5,Normal,0,Thursday,May,2.01,100.0,Normal,Healthy,Normal Operation,Continue Stream Monitoring,No Alert
2026-05-29,11.01,SCB-606,Good,-0.0299999999999993,11.004285714285714,0.0834380294702763,10.89,11.1,0.209999999999999,99.7,Normal,0,Friday,May,0.31,100.0,Normal,Healthy,Normal Operation,Continue Stream Monitoring,No Alert
2026-05-30,11.01,SCB-606,Good,0.0,11.019999999999998,0.0697614984546974,10.89,11.1,0.209999999999999,100.0,Normal,0,Saturday,May,0.3,100.0,Normal,Healthy,Normal Operation,Continue Stream Monitoring,No Alert
2026-05-31,12.03,SCB-606,Good,1.0199999999999996,11.18285714285714,0.3756644906346469,11.0,12.03,1.0299999999999994,89.80000000000001,High,0,Sunday,May,0.29,66.8,Warning,Excessive Caustic Feed,Over-dosing Caustic Buffer,Calibrate Caustic Dosing Pump Feedback Controller,Alkaline Scrubber High pH
2026-06-01,13.02,SCB-606,Good,0.9900000000000002,11.471428571428572,0.7751866134772111,11.01,13.02,2.01,90.1,High,0,Monday,June,0.29,75.0,Warning,Excessive Caustic Feed,Over-dosing Caustic Buffer,Calibrate Caustic Dosing Pump Feedback Controller,Alkaline Scrubber High pH
2026-06-02,13.14,SCB-606,Good,0.120000000000001,11.762857142857143,0.971008312455216,11.01,13.14,2.130000000000001,98.79999999999998,High,0,Tuesday,June,0.3,75.0,Warning,Excessive Caustic Feed,Over-dosing Caustic Buffer,Calibrate Caustic Dosing Pump Feedback Controller,Alkaline Scrubber High pH
2026-06-03,12.94,SCB-606,Good,-0.200000000000001,12.027142857142858,1.0083933472892057,11.01,13.14,2.130000000000001,98.0,High,0,Wednesday,June,0.27,75.0,Warning,Excessive Caustic Feed,Over-dosing Caustic Buffer,Calibrate Caustic Dosing Pump Feedback Controller,Alkaline Scrubber High pH
2026-06-04,12.79,SCB-606,Good,-0.1500000000000003,12.277142857142858,0.9372960095529034,11.01,13.14,2.130000000000001,98.5,High,0,Thursday,June,0.24,75.0,Warning,Excessive Caustic Feed,Over-dosing Caustic Buffer,Calibrate Caustic Dosing Pump Feedback Controller,Alkaline Scrubber High pH
2026-06-05,12.49,SCB-606,Good,-0.2999999999999989,12.48857142857143,0.7525385609483901,11.01,13.14,2.130000000000001,97.0,High,0,Friday,June,0.24,75.0,Warning,Excessive Caustic Feed,Over-dosing Caustic Buffer,Calibrate Caustic Dosing Pump Feedback Controller,Alkaline Scrubber High pH
2026-06-06,12.08,SCB-606,Good,-0.4100000000000001,12.641428571428571,0.4500158727359233,12.03,13.14,1.1100000000000012,95.9,High,0,Saturday,June,0.2333333333333333,75.0,Warning,Excessive Caustic Feed,Over-dosing Caustic Buffer,Calibrate Caustic Dosing Pump Feedback Controller,Alkaline Scrubber High pH
2026-06-07,12.27,SCB-606,Good,0.1899999999999995,12.675714285714289,0.402279220726799,12.08,13.14,1.0600000000000005,98.1,High,0,Sunday,June,0.2266666666666666,75.0,Warning,Excessive Caustic Feed,Over-dosing Caustic Buffer,Calibrate Caustic Dosing Pump Feedback Controller,Alkaline Scrubber High pH
2026-06-08,13.02,SCB-606,Good,0.75,12.675714285714283,0.402279220726799,12.08,13.14,1.0600000000000005,92.5,High,0,Monday,June,0.22,75.0,Warning,Excessive Caustic Feed,Over-dosing Caustic Buffer,Calibrate Caustic Dosing Pump Feedback Controller,Alkaline Scrubber High pH
2026-06-09,12.94,SCB-606,Good,-0.08,12.647142857142857,0.3695814878892949,12.08,13.02,0.9399999999999996,99.2,High,0,Tuesday,June,0.32,75.0,Warning,Excessive Caustic Feed,Over-dosing Caustic Buffer,Calibrate Caustic Dosing Pump Feedback Controller,Alkaline Scrubber High pH
2026-06-10,12.91,SCB-606,Good,-0.0299999999999993,12.642857142857142,0.3657738046805225,12.08,13.02,0.9399999999999996,99.7,High,0,Wednesday,June,0.31,75.0,Warning,Excessive Caustic Feed,Over-dosing Caustic Buffer,Calibrate Caustic Dosing Pump Feedback Controller,Alkaline Scrubber High pH
2026-06-11,12.95,SCB-606,Good,0.0399999999999991,12.665714285714284,0.3811761247707247,12.08,13.02,0.9399999999999996,99.6,High,0,Thursday,June,0.32,75.0,Warning,Excessive Caustic Feed,Over-dosing Caustic Buffer,Calibrate Caustic Dosing Pump Feedback Controller,Alkaline Scrubber High pH
2026-06-12,12.87,SCB-606,Good,-0.08,12.72,0.379033859525315,12.08,13.02,0.9399999999999996,99.2,High,0,Friday,June,0.36,75.0,Warning,Excessive Caustic Feed,Over-dosing Caustic Buffer,Calibrate Caustic Dosing Pump Feedback Controller,Alkaline Scrubber High pH
2026-06-13,11.48,SCB-606,Good,-1.3899999999999988,12.634285714285712,0.5684146709007665,11.48,13.02,1.5399999999999991,86.10000000000001,Normal,0,Saturday,June,0.29,88.9,Normal,Healthy,Normal Operation,Continue Stream Monitoring,No Alert
2026-06-14,10.44,SCB-606,Good,-1.040000000000001,12.372857142857145,1.011792374711233,10.44,13.02,2.58,89.6,Normal,0,Sunday,June,0.29,91.7,Normal,Healthy,Normal Operation,Continue Stream Monitoring,No Alert
2026-06-15,10.57,SCB-606,Good,0.1300000000000007,12.022857142857143,1.163066554210804,10.44,12.95,2.51,98.7,Normal,0,Monday,June,0.31,100.0,Normal,Healthy,Normal Operation,Continue Stream Monitoring,No Alert
2026-06-16,12.9,SCB-606,Good,2.33,12.017142857142858,1.1578962861689268,10.44,12.95,2.51,76.7,High,0,Tuesday,June,0.24,56.4,Warning,Excessive Caustic Feed,Over-dosing Caustic Buffer,Calibrate Caustic Dosing Pump Feedback Controller,Alkaline Scrubber High pH
2026-06-17,12.72,SCB-606,Good,-0.1799999999999997,11.989999999999998,1.1354881475970222,10.44,12.95,2.51,98.2,High,0,Wednesday,June,0.21,75.0,Warning,Excessive Caustic Feed,Over-dosing Caustic Buffer,Calibrate Caustic Dosing Pump Feedback Controller,Alkaline Scrubber High pH
2026-06-18,12.32,SCB-606,Good,-0.4000000000000003,11.900000000000002,1.0697819092381946,10.44,12.9,2.460000000000001,96.0,High,0,Thursday,June,0.36,75.0,Warning,Excessive Caustic Feed,Over-dosing Caustic Buffer,Calibrate Caustic Dosing Pump Feedback Controller,Alkaline Scrubber High pH
2026-06-19,11.21,SCB-606,Good,-1.1099999999999994,11.662857142857144,1.0006783413550655,10.44,12.9,2.460000000000001,88.9,Normal,0,Friday,June,0.26,91.1,Normal,Healthy,Normal Operation,Continue Stream Monitoring,No Alert
2026-06-20,12.32,SCB-606,Good,1.1099999999999994,11.782857142857145,1.025162008102683,10.44,12.9,2.460000000000001,88.9,High,0,Saturday,June,0.24,66.1,Warning,Excessive Caustic Feed,Over-dosing Caustic Buffer,Calibrate Caustic Dosing Pump Feedback Controller,Alkaline Scrubber High pH
2026-06-21,13.09,SCB-606,Good,0.7699999999999996,12.161428571428573,0.9316549534999196,10.57,13.09,2.52,92.3,High,0,Sunday,June,0.3,75.0,Warning,Excessive Caustic Feed,Over-dosing Caustic Buffer,Calibrate Caustic Dosing Pump Feedback Controller,Alkaline Scrubber High pH
2026-06-22,12.6,SCB-606,Good,-0.4900000000000002,12.451428571428574,0.6162907477110721,11.21,13.09,1.879999999999999,95.1,High,0,Monday,June,0.28,75.0,Warning,Excessive Caustic Feed,Over-dosing Caustic Buffer,Calibrate Caustic Dosing Pump Feedback Controller,Alkaline Scrubber High pH
2026-06-23,13.39,SCB-606,Good,0.7900000000000009,12.521428571428572,0.6981267452124575,11.21,13.39,2.18,92.1,High,0,Tuesday,June,0.37,75.0,Warning,Excessive Caustic Feed,Over-dosing Caustic Buffer,Calibrate Caustic Dosing Pump Feedback Controller,Alkaline Scrubber High pH
2026-06-24,13.29,SCB-606,Good,-0.1000000000000014,12.602857142857143,0.7559919374727465,11.21,13.39,2.18,99.0,High,0,Wednesday,June,0.27,75.0,Warning,Excessive Caustic Feed,Over-dosing Caustic Buffer,Calibrate Caustic Dosing Pump Feedback Controller,Alkaline Scrubber High pH
2026-06-25,12.9,SCB-606,Good,-0.3899999999999988,12.685714285714283,0.7515951291055752,11.21,13.39,2.18,96.1,High,0,Thursday,June,0.33,75.0,Warning,Excessive Caustic Feed,Over-dosing Caustic Buffer,Calibrate Caustic Dosing Pump Feedback Controller,Alkaline Scrubber High pH
2026-06-26,12.85,SCB-606,Good,-0.0500000000000007,12.92,0.377359245282251,12.32,13.39,1.0700000000000005,99.5,High,0,Friday,June,0.24,75.0,Warning,Excessive Caustic Feed,Over-dosing Caustic Buffer,Calibrate Caustic Dosing Pump Feedback Controller,Alkaline Scrubber High pH
2026-06-27,12.99,SCB-606,Good,0.1400000000000005,13.015714285714283,0.2693112909414722,12.6,13.39,0.7900000000000009,98.6,High,0,Saturday,June,0.34,75.0,Warning,Excessive Caustic Feed,Over-dosing Caustic Buffer,Calibrate Caustic Dosing Pump Feedback Controller,Alkaline Scrubber High pH
2026-06-28,13.01,SCB-606,Good,0.0199999999999995,13.004285714285714,0.2673235955951056,12.6,13.39,0.7900000000000009,99.8,High,0,Sunday,June,0.24,75.0,Warning,Excessive Caustic Feed,Over-dosing Caustic Buffer,Calibrate Caustic Dosing Pump Feedback Controller,Alkaline Scrubber High pH
2026-06-29,13.22,SCB-606,Good,0.2100000000000008,13.092857142857142,0.2069391444937402,12.85,13.39,0.5400000000000009,97.9,High,0,Monday,June,0.44,75.0,Warning,Excessive Caustic Feed,Over-dosing Caustic Buffer,Calibrate Caustic Dosing Pump Feedback Controller,Alkaline Scrubber High pH
2026-06-30,13.28,SCB-606,Good,0.0599999999999987,13.077142857142857,0.183458831504875,12.85,13.29,0.4399999999999995,99.4,High,0,Tuesday,June,0.47,75.0,Warning,Excessive Caustic Feed,Over-dosing Caustic Buffer,Calibrate Caustic Dosing Pump Feedback Controller,Alkaline Scrubber High pH
2026-01-01,,SCB-701,Offline,0.0,,0.0,,,,100.0,Offline,0,Thursday,January,0.45,0.0,Critical,Scrubber Telemetry Offline,CEMS Sensor Communication Failure,Inspect Modbus Transmitters and Field PLC Cabinets,Sensor Connection Error
2026-01-02,,SCB-701,Offline,0.0,,0.0,,,,100.0,Offline,0,Friday,January,0.45,0.0,Critical,Scrubber Telemetry Offline,CEMS Sensor Communication Failure,Inspect Modbus Transmitters and Field PLC Cabinets,Sensor Connection Error
2026-01-03,,SCB-701,Offline,0.0,,0.0,,,,100.0,Offline,0,Saturday,January,0.47,0.0,Critical,Scrubber Telemetry Offline,CEMS Sensor Communication Failure,Inspect Modbus Transmitters and Field PLC Cabinets,Sensor Connection Error
2026-01-04,,SCB-701,Offline,0.0,,0.0,,,,100.0,Offline,0,Sunday,January,0.51,0.0,Critical,Scrubber Telemetry Offline,CEMS Sensor Communication Failure,Inspect Modbus Transmitters and Field PLC Cabinets,Sensor Connection Error
2026-01-05,,SCB-701,Offline,0.0,,0.0,,,,100.0,Offline,0,Monday,January,0.41,0.0,Critical,Scrubber Telemetry Offline,CEMS Sensor Communication Failure,Inspect Modbus Transmitters and Field PLC Cabinets,Sensor Connection Error
2026-01-06,,SCB-701,Offline,0.0,,0.0,,,,100.0,Offline,0,Tuesday,January,0.41,0.0,Critical,Scrubber Telemetry Offline,CEMS Sensor Communication Failure,Inspect Modbus Transmitters and Field PLC Cabinets,Sensor Connection Error
2026-01-07,,SCB-701,Offline,0.0,,0.0,,,,100.0,Offline,0,Wednesday,January,0.52,0.0,Critical,Scrubber Telemetry Offline,CEMS Sensor Communication Failure,Inspect Modbus Transmitters and Field PLC Cabinets,Sensor Connection Error
2026-01-08,,SCB-701,Offline,0.0,,0.0,,,,100.0,Offline,0,Thursday,January,0.54,0.0,Critical,Scrubber Telemetry Offline,CEMS Sensor Communication Failure,Inspect Modbus Transmitters and Field PLC Cabinets,Sensor Connection Error
2026-01-09,,SCB-701,Offline,0.0,,0.0,,,,100.0,Offline,0,Friday,January,0.48,0.0,Critical,Scrubber Telemetry Offline,CEMS Sensor Communication Failure,Inspect Modbus Transmitters and Field PLC Cabinets,Sensor Connection Error
2026-01-10,,SCB-701,Offline,0.0,,0.0,,,,100.0,Offline,0,Saturday,January,0.53,0.0,Critical,Scrubber Telemetry Offline,CEMS Sensor Communication Failure,Inspect Modbus Transmitters and Field PLC Cabinets,Sensor Connection Error
2026-01-11,,SCB-701,Offline,0.0,,0.0,,,,100.0,Offline,0,Sunday,January,0.51,0.0,Critical,Scrubber Telemetry Offline,CEMS Sensor Communication Failure,Inspect Modbus Transmitters and Field PLC Cabinets,Sensor Connection Error
2026-01-12,,SCB-701,Offline,0.0,,0.0,,,,100.0,Offline,0,Monday,January,0.52,0.0,Critical,Scrubber Telemetry Offline,CEMS Sensor Communication Failure,Inspect Modbus Transmitters and Field PLC Cabinets,Sensor Connection Error
2026-01-13,,SCB-701,Offline,0.0,,0.0,,,,100.0,Offline,0,Tuesday,January,0.54,0.0,Critical,Scrubber Telemetry Offline,CEMS Sensor Communication Failure,Inspect Modbus Transmitters and Field PLC Cabinets,Sensor Connection Error
2026-01-14,,SCB-701,Offline,0.0,,0.0,,,,100.0,Offline,0,Wednesday,January,0.57,0.0,Critical,Scrubber Telemetry Offline,CEMS Sensor Communication Failure,Inspect Modbus Transmitters and Field PLC Cabinets,Sensor Connection Error
2026-01-15,,SCB-701,Offline,0.0,,0.0,,,,100.0,Offline,0,Thursday,January,0.51,0.0,Critical,Scrubber Telemetry Offline,CEMS Sensor Communication Failure,Inspect Modbus Transmitters and Field PLC Cabinets,Sensor Connection Error
2026-01-16,,SCB-701,Offline,0.0,,0.0,,,,100.0,Offline,0,Friday,January,0.49,0.0,Critical,Scrubber Telemetry Offline,CEMS Sensor Communication Failure,Inspect Modbus Transmitters and Field PLC Cabinets,Sensor Connection Error
2026-01-17,,SCB-701,Offline,0.0,,0.0,,,,100.0,Offline,0,Saturday,January,0.54,0.0,Critical,Scrubber Telemetry Offline,CEMS Sensor Communication Failure,Inspect Modbus Transmitters and Field PLC Cabinets,Sensor Connection Error
2026-01-18,,SCB-701,Offline,0.0,,0.0,,,,100.0,Offline,0,Sunday,January,0.46,0.0,Critical,Scrubber Telemetry Offline,CEMS Sensor Communication Failure,Inspect Modbus Transmitters and Field PLC Cabinets,Sensor Connection Error
2026-01-19,,SCB-701,Offline,0.0,,0.0,,,,100.0,Offline,0,Monday,January,0.34,0.0,Critical,Scrubber Telemetry Offline,CEMS Sensor Communication Failure,Inspect Modbus Transmitters and Field PLC Cabinets,Sensor Connection Error
2026-01-20,,SCB-701,Offline,0.0,,0.0,,,,100.0,Offline,0,Tuesday,January,0.53,0.0,Critical,Scrubber Telemetry Offline,CEMS Sensor Communication Failure,Inspect Modbus Transmitters and Field PLC Cabinets,Sensor Connection Error
2026-01-21,,SCB-701,Offline,0.0,,0.0,,,,100.0,Offline,0,Wednesday,January,0.44,0.0,Critical,Scrubber Telemetry Offline,CEMS Sensor Communication Failure,Inspect Modbus Transmitters and Field PLC Cabinets,Sensor Connection Error
2026-01-22,,SCB-701,Offline,0.0,,0.0,,,,100.0,Offline,0,Thursday,January,0.46,0.0,Critical,Scrubber Telemetry Offline,CEMS Sensor Communication Failure,Inspect Modbus Transmitters and Field PLC Cabinets,Sensor Connection Error
2026-01-23,,SCB-701,Offline,0.0,,0.0,,,,100.0,Offline,0,Friday,January,0.36,0.0,Critical,Scrubber Telemetry Offline,CEMS Sensor Communication Failure,Inspect Modbus Transmitters and Field PLC Cabinets,Sensor Connection Error
2026-01-24,,SCB-701,Offline,0.0,,0.0,,,,100.0,Offline,0,Saturday,January,0.37,0.0,Critical,Scrubber Telemetry Offline,CEMS Sensor Communication Failure,Inspect Modbus Transmitters and Field PLC Cabinets,Sensor Connection Error
2026-01-25,,SCB-701,Offline,0.0,,0.0,,,,100.0,Offline,0,Sunday,January,0.54,0.0,Critical,Scrubber Telemetry Offline,CEMS Sensor Communication Failure,Inspect Modbus Transmitters and Field PLC Cabinets,Sensor Connection Error
2026-01-26,,SCB-701,Offline,0.0,,0.0,,,,100.0,Offline,0,Monday,January,0.41,0.0,Critical,Scrubber Telemetry Offline,CEMS Sensor Communication Failure,Inspect Modbus Transmitters and Field PLC Cabinets,Sensor Connection Error
2026-01-27,,SCB-701,Offline,0.0,,0.0,,,,100.0,Offline,0,Tuesday,January,0.42,0.0,Critical,Scrubber Telemetry Offline,CEMS Sensor Communication Failure,Inspect Modbus Transmitters and Field PLC Cabinets,Sensor Connection Error
2026-01-28,,SCB-701,Offline,0.0,,0.0,,,,100.0,Offline,0,Wednesday,January,0.425,0.0,Critical,Scrubber Telemetry Offline,CEMS Sensor Communication Failure,Inspect Modbus Transmitters and Field PLC Cabinets,Sensor Connection Error
2026-01-29,,SCB-701,Offline,0.0,,0.0,,,,100.0,Offline,0,Thursday,January,0.43,0.0,Critical,Scrubber Telemetry Offline,CEMS Sensor Communication Failure,Inspect Modbus Transmitters and Field PLC Cabinets,Sensor Connection Error
2026-01-30,,SCB-701,Offline,0.0,,0.0,,,,100.0,Offline,0,Friday,January,0.435,0.0,Critical,Scrubber Telemetry Offline,CEMS Sensor Communication Failure,Inspect Modbus Transmitters and Field PLC Cabinets,Sensor Connection Error
2026-01-31,,SCB-701,Offline,0.0,,0.0,,,,100.0,Offline,0,Saturday,January,0.0,0.0,Critical,Scrubber Telemetry Offline,CEMS Sensor Communication Failure,Inspect Modbus Transmitters and Field PLC Cabinets,Sensor Connection Error
2026-02-01,,SCB-701,Offline,0.0,,0.0,,,,100.0,Offline,0,Sunday,February,0.0,0.0,Critical,Scrubber Telemetry Offline,CEMS Sensor Communication Failure,Inspect Modbus Transmitters and Field PLC Cabinets,Sensor Connection Error
2026-02-02,,SCB-701,Offline,0.0,,0.0,,,,100.0,Offline,0,Monday,February,0.45,0.0,Critical,Scrubber Telemetry Offline,CEMS Sensor Communication Failure,Inspect Modbus Transmitters and Field PLC Cabinets,Sensor Connection Error
2026-02-03,,SCB-701,Offline,0.0,,0.0,,,,100.0,Offline,0,Tuesday,February,0.23,0.0,Critical,Scrubber Telemetry Offline,CEMS Sensor Communication Failure,Inspect Modbus Transmitters and Field PLC Cabinets,Sensor Connection Error
2026-02-04,,SCB-701,Offline,0.0,,0.0,,,,100.0,Offline,0,Wednesday,February,0.25,0.0,Critical,Scrubber Telemetry Offline,CEMS Sensor Communication Failure,Inspect Modbus Transmitters and Field PLC Cabinets,Sensor Connection Error
2026-02-05,,SCB-701,Offline,0.0,,0.0,,,,100.0,Offline,0,Thursday,February,0.2,0.0,Critical,Scrubber Telemetry Offline,CEMS Sensor Communication Failure,Inspect Modbus Transmitters and Field PLC Cabinets,Sensor Connection Error
2026-02-06,,SCB-701,Offline,0.0,,0.0,,,,100.0,Offline,0,Friday,February,0.24,0.0,Critical,Scrubber Telemetry Offline,CEMS Sensor Communication Failure,Inspect Modbus Transmitters and Field PLC Cabinets,Sensor Connection Error
2026-02-07,,SCB-701,Offline,0.0,,0.0,,,,100.0,Offline,0,Saturday,February,0.2,0.0,Critical,Scrubber Telemetry Offline,CEMS Sensor Communication Failure,Inspect Modbus Transmitters and Field PLC Cabinets,Sensor Connection Error
2026-02-08,,SCB-701,Offline,0.0,,0.0,,,,100.0,Offline,0,Sunday,February,0.27,0.0,Critical,Scrubber Telemetry Offline,CEMS Sensor Communication Failure,Inspect Modbus Transmitters and Field PLC Cabinets,Sensor Connection Error
2026-02-09,,SCB-701,Offline,0.0,,0.0,,,,100.0,Offline,0,Monday,February,0.28,0.0,Critical,Scrubber Telemetry Offline,CEMS Sensor Communication Failure,Inspect Modbus Transmitters and Field PLC Cabinets,Sensor Connection Error
2026-02-10,,SCB-701,Offline,0.0,,0.0,,,,100.0,Offline,0,Tuesday,February,0.27,0.0,Critical,Scrubber Telemetry Offline,CEMS Sensor Communication Failure,Inspect Modbus Transmitters and Field PLC Cabinets,Sensor Connection Error
2026-02-11,,SCB-701,Offline,0.0,,0.0,,,,100.0,Offline,0,Wednesday,February,0.14,0.0,Critical,Scrubber Telemetry Offline,CEMS Sensor Communication Failure,Inspect Modbus Transmitters and Field PLC Cabinets,Sensor Connection Error
2026-02-12,,SCB-701,Offline,0.0,,0.0,,,,100.0,Offline,0,Thursday,February,0.26,0.0,Critical,Scrubber Telemetry Offline,CEMS Sensor Communication Failure,Inspect Modbus Transmitters and Field PLC Cabinets,Sensor Connection Error
2026-02-13,,SCB-701,Offline,0.0,,0.0,,,,100.0,Offline,0,Friday,February,0.29,0.0,Critical,Scrubber Telemetry Offline,CEMS Sensor Communication Failure,Inspect Modbus Transmitters and Field PLC Cabinets,Sensor Connection Error
2026-02-14,,SCB-701,Offline,0.0,,0.0,,,,100.0,Offline,0,Saturday,February,0.17,0.0,Critical,Scrubber Telemetry Offline,CEMS Sensor Communication Failure,Inspect Modbus Transmitters and Field PLC Cabinets,Sensor Connection Error
2026-02-15,,SCB-701,Offline,0.0,,0.0,,,,100.0,Offline,0,Sunday,February,0.29,0.0,Critical,Scrubber Telemetry Offline,CEMS Sensor Communication Failure,Inspect Modbus Transmitters and Field PLC Cabinets,Sensor Connection Error
2026-02-16,,SCB-701,Offline,0.0,,0.0,,,,100.0,Offline,0,Monday,February,0.19,0.0,Critical,Scrubber Telemetry Offline,CEMS Sensor Communication Failure,Inspect Modbus Transmitters and Field PLC Cabinets,Sensor Connection Error
2026-02-17,,SCB-701,Offline,0.0,,0.0,,,,100.0,Offline,0,Tuesday,February,0.19,0.0,Critical,Scrubber Telemetry Offline,CEMS Sensor Communication Failure,Inspect Modbus Transmitters and Field PLC Cabinets,Sensor Connection Error
2026-02-18,,SCB-701,Offline,0.0,,0.0,,,,100.0,Offline,0,Wednesday,February,0.22,0.0,Critical,Scrubber Telemetry Offline,CEMS Sensor Communication Failure,Inspect Modbus Transmitters and Field PLC Cabinets,Sensor Connection Error
2026-02-19,,SCB-701,Offline,0.0,,0.0,,,,100.0,Offline,0,Thursday,February,0.25,0.0,Critical,Scrubber Telemetry Offline,CEMS Sensor Communication Failure,Inspect Modbus Transmitters and Field PLC Cabinets,Sensor Connection Error
2026-02-20,,SCB-701,Offline,0.0,,0.0,,,,100.0,Offline,0,Friday,February,0.25,0.0,Critical,Scrubber Telemetry Offline,CEMS Sensor Communication Failure,Inspect Modbus Transmitters and Field PLC Cabinets,Sensor Connection Error
2026-02-21,,SCB-701,Offline,0.0,,0.0,,,,100.0,Offline,0,Saturday,February,0.24,0.0,Critical,Scrubber Telemetry Offline,CEMS Sensor Communication Failure,Inspect Modbus Transmitters and Field PLC Cabinets,Sensor Connection Error
2026-02-22,,SCB-701,Offline,0.0,,0.0,,,,100.0,Offline,0,Sunday,February,0.24,0.0,Critical,Scrubber Telemetry Offline,CEMS Sensor Communication Failure,Inspect Modbus Transmitters and Field PLC Cabinets,Sensor Connection Error
2026-02-23,,SCB-701,Offline,0.0,,0.0,,,,100.0,Offline,0,Monday,February,0.34,0.0,Critical,Scrubber Telemetry Offline,CEMS Sensor Communication Failure,Inspect Modbus Transmitters and Field PLC Cabinets,Sensor Connection Error
2026-02-24,,SCB-701,Offline,0.0,,0.0,,,,100.0,Offline,0,Tuesday,February,0.21,0.0,Critical,Scrubber Telemetry Offline,CEMS Sensor Communication Failure,Inspect Modbus Transmitters and Field PLC Cabinets,Sensor Connection Error
2026-02-25,,SCB-701,Offline,0.0,,0.0,,,,100.0,Offline,0,Wednesday,February,0.22,0.0,Critical,Scrubber Telemetry Offline,CEMS Sensor Communication Failure,Inspect Modbus Transmitters and Field PLC Cabinets,Sensor Connection Error
2026-02-26,,SCB-701,Offline,0.0,,0.0,,,,100.0,Offline,0,Thursday,February,0.23,0.0,Critical,Scrubber Telemetry Offline,CEMS Sensor Communication Failure,Inspect Modbus Transmitters and Field PLC Cabinets,Sensor Connection Error
2026-02-27,,SCB-701,Offline,0.0,,0.0,,,,100.0,Offline,0,Friday,February,0.23,0.0,Critical,Scrubber Telemetry Offline,CEMS Sensor Communication Failure,Inspect Modbus Transmitters and Field PLC Cabinets,Sensor Connection Error
2026-02-28,,SCB-701,Offline,0.0,,0.0,,,,100.0,Offline,0,Saturday,February,0.23,0.0,Critical,Scrubber Telemetry Offline,CEMS Sensor Communication Failure,Inspect Modbus Transmitters and Field PLC Cabinets,Sensor Connection Error
2026-03-01,,SCB-701,Offline,0.0,,0.0,,,,100.0,Offline,0,Sunday,March,0.24,0.0,Critical,Scrubber Telemetry Offline,CEMS Sensor Communication Failure,Inspect Modbus Transmitters and Field PLC Cabinets,Sensor Connection Error
2026-03-02,,SCB-701,Offline,0.0,,0.0,,,,100.0,Offline,0,Monday,March,0.3,0.0,Critical,Scrubber Telemetry Offline,CEMS Sensor Communication Failure,Inspect Modbus Transmitters and Field PLC Cabinets,Sensor Connection Error
2026-03-03,,SCB-701,Offline,0.0,,0.0,,,,100.0,Offline,0,Tuesday,March,0.26,0.0,Critical,Scrubber Telemetry Offline,CEMS Sensor Communication Failure,Inspect Modbus Transmitters and Field PLC Cabinets,Sensor Connection Error
2026-03-04,,SCB-701,Offline,0.0,,0.0,,,,100.0,Offline,0,Wednesday,March,0.18,0.0,Critical,Scrubber Telemetry Offline,CEMS Sensor Communication Failure,Inspect Modbus Transmitters and Field PLC Cabinets,Sensor Connection Error
2026-03-05,,SCB-701,Offline,0.0,,0.0,,,,100.0,Offline,0,Thursday,March,0.22,0.0,Critical,Scrubber Telemetry Offline,CEMS Sensor Communication Failure,Inspect Modbus Transmitters and Field PLC Cabinets,Sensor Connection Error
2026-03-06,,SCB-701,Offline,0.0,,0.0,,,,100.0,Offline,0,Friday,March,0.25,0.0,Critical,Scrubber Telemetry Offline,CEMS Sensor Communication Failure,Inspect Modbus Transmitters and Field PLC Cabinets,Sensor Connection Error
2026-03-07,,SCB-701,Offline,0.0,,0.0,,,,100.0,Offline,0,Saturday,March,0.2,0.0,Critical,Scrubber Telemetry Offline,CEMS Sensor Communication Failure,Inspect Modbus Transmitters and Field PLC Cabinets,Sensor Connection Error
2026-03-08,,SCB-701,Offline,0.0,,0.0,,,,100.0,Offline,0,Sunday,March,0.22,0.0,Critical,Scrubber Telemetry Offline,CEMS Sensor Communication Failure,Inspect Modbus Transmitters and Field PLC Cabinets,Sensor Connection Error
2026-03-09,,SCB-701,Offline,0.0,,0.0,,,,100.0,Offline,0,Monday,March,0.2,0.0,Critical,Scrubber Telemetry Offline,CEMS Sensor Communication Failure,Inspect Modbus Transmitters and Field PLC Cabinets,Sensor Connection Error
2026-03-10,,SCB-701,Offline,0.0,,0.0,,,,100.0,Offline,0,Tuesday,March,0.19,0.0,Critical,Scrubber Telemetry Offline,CEMS Sensor Communication Failure,Inspect Modbus Transmitters and Field PLC Cabinets,Sensor Connection Error
2026-03-11,,SCB-701,Offline,0.0,,0.0,,,,100.0,Offline,0,Wednesday,March,0.24,0.0,Critical,Scrubber Telemetry Offline,CEMS Sensor Communication Failure,Inspect Modbus Transmitters and Field PLC Cabinets,Sensor Connection Error
2026-03-12,,SCB-701,Offline,0.0,,0.0,,,,100.0,Offline,0,Thursday,March,0.25,0.0,Critical,Scrubber Telemetry Offline,CEMS Sensor Communication Failure,Inspect Modbus Transmitters and Field PLC Cabinets,Sensor Connection Error
2026-03-13,,SCB-701,Offline,0.0,,0.0,,,,100.0,Offline,0,Friday,March,0.22,0.0,Critical,Scrubber Telemetry Offline,CEMS Sensor Communication Failure,Inspect Modbus Transmitters and Field PLC Cabinets,Sensor Connection Error
2026-03-14,,SCB-701,Offline,0.0,,0.0,,,,100.0,Offline,0,Saturday,March,0.13,0.0,Critical,Scrubber Telemetry Offline,CEMS Sensor Communication Failure,Inspect Modbus Transmitters and Field PLC Cabinets,Sensor Connection Error
2026-03-15,,SCB-701,Offline,0.0,,0.0,,,,100.0,Offline,0,Sunday,March,0.15,0.0,Critical,Scrubber Telemetry Offline,CEMS Sensor Communication Failure,Inspect Modbus Transmitters and Field PLC Cabinets,Sensor Connection Error
2026-03-16,,SCB-701,Offline,0.0,,0.0,,,,100.0,Offline,0,Monday,March,0.14,0.0,Critical,Scrubber Telemetry Offline,CEMS Sensor Communication Failure,Inspect Modbus Transmitters and Field PLC Cabinets,Sensor Connection Error
2026-03-17,,SCB-701,Offline,0.0,,0.0,,,,100.0,Offline,0,Tuesday,March,0.19,0.0,Critical,Scrubber Telemetry Offline,CEMS Sensor Communication Failure,Inspect Modbus Transmitters and Field PLC Cabinets,Sensor Connection Error
2026-03-18,,SCB-701,Offline,0.0,,0.0,,,,100.0,Offline,0,Wednesday,March,0.12,0.0,Critical,Scrubber Telemetry Offline,CEMS Sensor Communication Failure,Inspect Modbus Transmitters and Field PLC Cabinets,Sensor Connection Error
2026-03-19,,SCB-701,Offline,0.0,,0.0,,,,100.0,Offline,0,Thursday,March,0.19,0.0,Critical,Scrubber Telemetry Offline,CEMS Sensor Communication Failure,Inspect Modbus Transmitters and Field PLC Cabinets,Sensor Connection Error
2026-03-20,,SCB-701,Offline,0.0,,0.0,,,,100.0,Offline,0,Friday,March,0.21,0.0,Critical,Scrubber Telemetry Offline,CEMS Sensor Communication Failure,Inspect Modbus Transmitters and Field PLC Cabinets,Sensor Connection Error
2026-03-21,,SCB-701,Offline,0.0,,0.0,,,,100.0,Offline,0,Saturday,March,0.25,0.0,Critical,Scrubber Telemetry Offline,CEMS Sensor Communication Failure,Inspect Modbus Transmitters and Field PLC Cabinets,Sensor Connection Error
2026-03-22,,SCB-701,Offline,0.0,,0.0,,,,100.0,Offline,0,Sunday,March,0.3,0.0,Critical,Scrubber Telemetry Offline,CEMS Sensor Communication Failure,Inspect Modbus Transmitters and Field PLC Cabinets,Sensor Connection Error
2026-03-23,,SCB-701,Offline,0.0,,0.0,,,,100.0,Offline,0,Monday,March,0.28,0.0,Critical,Scrubber Telemetry Offline,CEMS Sensor Communication Failure,Inspect Modbus Transmitters and Field PLC Cabinets,Sensor Connection Error
2026-03-24,,SCB-701,Offline,0.0,,0.0,,,,100.0,Offline,0,Tuesday,March,0.24,0.0,Critical,Scrubber Telemetry Offline,CEMS Sensor Communication Failure,Inspect Modbus Transmitters and Field PLC Cabinets,Sensor Connection Error
2026-03-25,,SCB-701,Offline,0.0,,0.0,,,,100.0,Offline,0,Wednesday,March,0.21,0.0,Critical,Scrubber Telemetry Offline,CEMS Sensor Communication Failure,Inspect Modbus Transmitters and Field PLC Cabinets,Sensor Connection Error
2026-03-26,,SCB-701,Offline,0.0,,0.0,,,,100.0,Offline,0,Thursday,March,0.31,0.0,Critical,Scrubber Telemetry Offline,CEMS Sensor Communication Failure,Inspect Modbus Transmitters and Field PLC Cabinets,Sensor Connection Error
2026-03-27,,SCB-701,Offline,0.0,,0.0,,,,100.0,Offline,0,Friday,March,0.27,0.0,Critical,Scrubber Telemetry Offline,CEMS Sensor Communication Failure,Inspect Modbus Transmitters and Field PLC Cabinets,Sensor Connection Error
2026-03-28,,SCB-701,Offline,0.0,,0.0,,,,100.0,Offline,0,Saturday,March,0.2,0.0,Critical,Scrubber Telemetry Offline,CEMS Sensor Communication Failure,Inspect Modbus Transmitters and Field PLC Cabinets,Sensor Connection Error
2026-03-29,,SCB-701,Offline,0.0,,0.0,,,,100.0,Offline,0,Sunday,March,0.25,0.0,Critical,Scrubber Telemetry Offline,CEMS Sensor Communication Failure,Inspect Modbus Transmitters and Field PLC Cabinets,Sensor Connection Error
2026-03-30,,SCB-701,Offline,0.0,,0.0,,,,100.0,Offline,0,Monday,March,0.24,0.0,Critical,Scrubber Telemetry Offline,CEMS Sensor Communication Failure,Inspect Modbus Transmitters and Field PLC Cabinets,Sensor Connection Error
2026-03-31,,SCB-701,Offline,0.0,,0.0,,,,100.0,Offline,0,Tuesday,March,0.28,0.0,Critical,Scrubber Telemetry Offline,CEMS Sensor Communication Failure,Inspect Modbus Transmitters and Field PLC Cabinets,Sensor Connection Error
2026-04-01,,SCB-701,Offline,0.0,,0.0,,,,100.0,Offline,0,Wednesday,April,0.3,0.0,Critical,Scrubber Telemetry Offline,CEMS Sensor Communication Failure,Inspect Modbus Transmitters and Field PLC Cabinets,Sensor Connection Error
2026-04-02,,SCB-701,Offline,0.0,,0.0,,,,100.0,Offline,0,Thursday,April,0.32,0.0,Critical,Scrubber Telemetry Offline,CEMS Sensor Communication Failure,Inspect Modbus Transmitters and Field PLC Cabinets,Sensor Connection Error
2026-04-03,,SCB-701,Offline,0.0,,0.0,,,,100.0,Offline,0,Friday,April,0.26,0.0,Critical,Scrubber Telemetry Offline,CEMS Sensor Communication Failure,Inspect Modbus Transmitters and Field PLC Cabinets,Sensor Connection Error
2026-04-04,,SCB-701,Offline,0.0,,0.0,,,,100.0,Offline,0,Saturday,April,0.27,0.0,Critical,Scrubber Telemetry Offline,CEMS Sensor Communication Failure,Inspect Modbus Transmitters and Field PLC Cabinets,Sensor Connection Error
2026-04-05,,SCB-701,Offline,0.0,,0.0,,,,100.0,Offline,0,Sunday,April,0.25,0.0,Critical,Scrubber Telemetry Offline,CEMS Sensor Communication Failure,Inspect Modbus Transmitters and Field PLC Cabinets,Sensor Connection Error
2026-04-06,,SCB-701,Offline,0.0,,0.0,,,,100.0,Offline,0,Monday,April,0.34,0.0,Critical,Scrubber Telemetry Offline,CEMS Sensor Communication Failure,Inspect Modbus Transmitters and Field PLC Cabinets,Sensor Connection Error
2026-04-07,,SCB-701,Offline,0.0,,0.0,,,,100.0,Offline,0,Tuesday,April,0.34,0.0,Critical,Scrubber Telemetry Offline,CEMS Sensor Communication Failure,Inspect Modbus Transmitters and Field PLC Cabinets,Sensor Connection Error
2026-04-08,,SCB-701,Offline,0.0,,0.0,,,,100.0,Offline,0,Wednesday,April,0.27,0.0,Critical,Scrubber Telemetry Offline,CEMS Sensor Communication Failure,Inspect Modbus Transmitters and Field PLC Cabinets,Sensor Connection Error
2026-04-09,,SCB-701,Offline,0.0,,0.0,,,,100.0,Offline,0,Thursday,April,0.28,0.0,Critical,Scrubber Telemetry Offline,CEMS Sensor Communication Failure,Inspect Modbus Transmitters and Field PLC Cabinets,Sensor Connection Error
2026-04-10,,SCB-701,Offline,0.0,,0.0,,,,100.0,Offline,0,Friday,April,0.33,0.0,Critical,Scrubber Telemetry Offline,CEMS Sensor Communication Failure,Inspect Modbus Transmitters and Field PLC Cabinets,Sensor Connection Error
2026-04-11,,SCB-701,Offline,0.0,,0.0,,,,100.0,Offline,0,Saturday,April,0.34,0.0,Critical,Scrubber Telemetry Offline,CEMS Sensor Communication Failure,Inspect Modbus Transmitters and Field PLC Cabinets,Sensor Connection Error
2026-04-12,,SCB-701,Offline,0.0,,0.0,,,,100.0,Offline,0,Sunday,April,0.2,0.0,Critical,Scrubber Telemetry Offline,CEMS Sensor Communication Failure,Inspect Modbus Transmitters and Field PLC Cabinets,Sensor Connection Error
2026-04-13,,SCB-701,Offline,0.0,,0.0,,,,100.0,Offline,0,Monday,April,0.23,0.0,Critical,Scrubber Telemetry Offline,CEMS Sensor Communication Failure,Inspect Modbus Transmitters and Field PLC Cabinets,Sensor Connection Error
2026-04-14,,SCB-701,Offline,0.0,,0.0,,,,100.0,Offline,0,Tuesday,April,0.26,0.0,Critical,Scrubber Telemetry Offline,CEMS Sensor Communication Failure,Inspect Modbus Transmitters and Field PLC Cabinets,Sensor Connection Error
2026-04-15,,SCB-701,Offline,0.0,,0.0,,,,100.0,Offline,0,Wednesday,April,0.26,0.0,Critical,Scrubber Telemetry Offline,CEMS Sensor Communication Failure,Inspect Modbus Transmitters and Field PLC Cabinets,Sensor Connection Error
2026-04-16,,SCB-701,Offline,0.0,,0.0,,,,100.0,Offline,0,Thursday,April,0.22,0.0,Critical,Scrubber Telemetry Offline,CEMS Sensor Communication Failure,Inspect Modbus Transmitters and Field PLC Cabinets,Sensor Connection Error
2026-04-17,,SCB-701,Offline,0.0,,0.0,,,,100.0,Offline,0,Friday,April,0.25,0.0,Critical,Scrubber Telemetry Offline,CEMS Sensor Communication Failure,Inspect Modbus Transmitters and Field PLC Cabinets,Sensor Connection Error
2026-04-18,,SCB-701,Offline,0.0,,0.0,,,,100.0,Offline,0,Saturday,April,0.22,0.0,Critical,Scrubber Telemetry Offline,CEMS Sensor Communication Failure,Inspect Modbus Transmitters and Field PLC Cabinets,Sensor Connection Error
2026-04-19,,SCB-701,Offline,0.0,,0.0,,,,100.0,Offline,0,Sunday,April,0.28,0.0,Critical,Scrubber Telemetry Offline,CEMS Sensor Communication Failure,Inspect Modbus Transmitters and Field PLC Cabinets,Sensor Connection Error
2026-04-20,,SCB-701,Offline,0.0,,0.0,,,,100.0,Offline,0,Monday,April,0.27,0.0,Critical,Scrubber Telemetry Offline,CEMS Sensor Communication Failure,Inspect Modbus Transmitters and Field PLC Cabinets,Sensor Connection Error
2026-04-21,,SCB-701,Offline,0.0,,0.0,,,,100.0,Offline,0,Tuesday,April,0.29,0.0,Critical,Scrubber Telemetry Offline,CEMS Sensor Communication Failure,Inspect Modbus Transmitters and Field PLC Cabinets,Sensor Connection Error
2026-04-22,,SCB-701,Offline,0.0,,0.0,,,,100.0,Offline,0,Wednesday,April,0.34,0.0,Critical,Scrubber Telemetry Offline,CEMS Sensor Communication Failure,Inspect Modbus Transmitters and Field PLC Cabinets,Sensor Connection Error
2026-04-23,,SCB-701,Offline,0.0,,0.0,,,,100.0,Offline,0,Thursday,April,0.38,0.0,Critical,Scrubber Telemetry Offline,CEMS Sensor Communication Failure,Inspect Modbus Transmitters and Field PLC Cabinets,Sensor Connection Error
2026-04-24,,SCB-701,Offline,0.0,,0.0,,,,100.0,Offline,0,Friday,April,0.41,0.0,Critical,Scrubber Telemetry Offline,CEMS Sensor Communication Failure,Inspect Modbus Transmitters and Field PLC Cabinets,Sensor Connection Error
2026-04-25,,SCB-701,Offline,0.0,,0.0,,,,100.0,Offline,0,Saturday,April,0.6,0.0,Critical,Scrubber Telemetry Offline,CEMS Sensor Communication Failure,Inspect Modbus Transmitters and Field PLC Cabinets,Sensor Connection Error
2026-04-26,,SCB-701,Offline,0.0,,0.0,,,,100.0,Offline,0,Sunday,April,0.0,0.0,Critical,Scrubber Telemetry Offline,CEMS Sensor Communication Failure,Inspect Modbus Transmitters and Field PLC Cabinets,Sensor Connection Error
2026-04-27,,SCB-701,Offline,0.0,,0.0,,,,100.0,Offline,0,Monday,April,0.51,0.0,Critical,Scrubber Telemetry Offline,CEMS Sensor Communication Failure,Inspect Modbus Transmitters and Field PLC Cabinets,Sensor Connection Error
2026-04-28,,SCB-701,Offline,0.0,,0.0,,,,100.0,Offline,0,Tuesday,April,0.34,0.0,Critical,Scrubber Telemetry Offline,CEMS Sensor Communication Failure,Inspect Modbus Transmitters and Field PLC Cabinets,Sensor Connection Error
2026-04-29,,SCB-701,Offline,0.0,,0.0,,,,100.0,Offline,0,Wednesday,April,0.41,0.0,Critical,Scrubber Telemetry Offline,CEMS Sensor Communication Failure,Inspect Modbus Transmitters and Field PLC Cabinets,Sensor Connection Error
2026-04-30,,SCB-701,Offline,0.0,,0.0,,,,100.0,Offline,0,Thursday,April,0.3,0.0,Critical,Scrubber Telemetry Offline,CEMS Sensor Communication Failure,Inspect Modbus Transmitters and Field PLC Cabinets,Sensor Connection Error
2026-05-01,,SCB-701,Offline,0.0,,0.0,,,,100.0,Offline,0,Friday,May,0.35,0.0,Critical,Scrubber Telemetry Offline,CEMS Sensor Communication Failure,Inspect Modbus Transmitters and Field PLC Cabinets,Sensor Connection Error
2026-05-02,,SCB-701,Offline,0.0,,0.0,,,,100.0,Offline,0,Saturday,May,0.36,0.0,Critical,Scrubber Telemetry Offline,CEMS Sensor Communication Failure,Inspect Modbus Transmitters and Field PLC Cabinets,Sensor Connection Error
2026-05-03,,SCB-701,Offline,0.0,,0.0,,,,100.0,Offline,0,Sunday,May,0.27,0.0,Critical,Scrubber Telemetry Offline,CEMS Sensor Communication Failure,Inspect Modbus Transmitters and Field PLC Cabinets,Sensor Connection Error
2026-05-04,,SCB-701,Offline,0.0,,0.0,,,,100.0,Offline,0,Monday,May,0.35,0.0,Critical,Scrubber Telemetry Offline,CEMS Sensor Communication Failure,Inspect Modbus Transmitters and Field PLC Cabinets,Sensor Connection Error
2026-05-05,,SCB-701,Offline,0.0,,0.0,,,,100.0,Offline,0,Tuesday,May,0.31,0.0,Critical,Scrubber Telemetry Offline,CEMS Sensor Communication Failure,Inspect Modbus Transmitters and Field PLC Cabinets,Sensor Connection Error
2026-05-06,,SCB-701,Offline,0.0,,0.0,,,,100.0,Offline,0,Wednesday,May,0.4,0.0,Critical,Scrubber Telemetry Offline,CEMS Sensor Communication Failure,Inspect Modbus Transmitters and Field PLC Cabinets,Sensor Connection Error
2026-05-07,,SCB-701,Offline,0.0,,0.0,,,,100.0,Offline,0,Thursday,May,0.47,0.0,Critical,Scrubber Telemetry Offline,CEMS Sensor Communication Failure,Inspect Modbus Transmitters and Field PLC Cabinets,Sensor Connection Error
2026-05-08,,SCB-701,Offline,0.0,,0.0,,,,100.0,Offline,0,Friday,May,0.33,0.0,Critical,Scrubber Telemetry Offline,CEMS Sensor Communication Failure,Inspect Modbus Transmitters and Field PLC Cabinets,Sensor Connection Error
2026-05-09,,SCB-701,Offline,0.0,,0.0,,,,100.0,Offline,0,Saturday,May,0.37,0.0,Critical,Scrubber Telemetry Offline,CEMS Sensor Communication Failure,Inspect Modbus Transmitters and Field PLC Cabinets,Sensor Connection Error
2026-05-10,,SCB-701,Offline,0.0,,0.0,,,,100.0,Offline,0,Sunday,May,0.39,0.0,Critical,Scrubber Telemetry Offline,CEMS Sensor Communication Failure,Inspect Modbus Transmitters and Field PLC Cabinets,Sensor Connection Error
2026-05-11,,SCB-701,Offline,0.0,,0.0,,,,100.0,Offline,0,Monday,May,0.41,0.0,Critical,Scrubber Telemetry Offline,CEMS Sensor Communication Failure,Inspect Modbus Transmitters and Field PLC Cabinets,Sensor Connection Error
2026-05-12,,SCB-701,Offline,0.0,,0.0,,,,100.0,Offline,0,Tuesday,May,0.45,0.0,Critical,Scrubber Telemetry Offline,CEMS Sensor Communication Failure,Inspect Modbus Transmitters and Field PLC Cabinets,Sensor Connection Error
2026-05-13,,SCB-701,Offline,0.0,,0.0,,,,100.0,Offline,0,Wednesday,May,0.24,0.0,Critical,Scrubber Telemetry Offline,CEMS Sensor Communication Failure,Inspect Modbus Transmitters and Field PLC Cabinets,Sensor Connection Error
2026-05-14,,SCB-701,Offline,0.0,,0.0,,,,100.0,Offline,0,Thursday,May,0.32,0.0,Critical,Scrubber Telemetry Offline,CEMS Sensor Communication Failure,Inspect Modbus Transmitters and Field PLC Cabinets,Sensor Connection Error
2026-05-15,,SCB-701,Offline,0.0,,0.0,,,,100.0,Offline,0,Friday,May,0.2,0.0,Critical,Scrubber Telemetry Offline,CEMS Sensor Communication Failure,Inspect Modbus Transmitters and Field PLC Cabinets,Sensor Connection Error
2026-05-16,,SCB-701,Offline,0.0,,0.0,,,,100.0,Offline,0,Saturday,May,0.29,0.0,Critical,Scrubber Telemetry Offline,CEMS Sensor Communication Failure,Inspect Modbus Transmitters and Field PLC Cabinets,Sensor Connection Error
2026-05-17,,SCB-701,Offline,0.0,,0.0,,,,100.0,Offline,0,Sunday,May,0.28,0.0,Critical,Scrubber Telemetry Offline,CEMS Sensor Communication Failure,Inspect Modbus Transmitters and Field PLC Cabinets,Sensor Connection Error
2026-05-18,,SCB-701,Offline,0.0,,0.0,,,,100.0,Offline,0,Monday,May,0.29,0.0,Critical,Scrubber Telemetry Offline,CEMS Sensor Communication Failure,Inspect Modbus Transmitters and Field PLC Cabinets,Sensor Connection Error
2026-05-19,,SCB-701,Offline,0.0,,0.0,,,,100.0,Offline,0,Tuesday,May,0.27,0.0,Critical,Scrubber Telemetry Offline,CEMS Sensor Communication Failure,Inspect Modbus Transmitters and Field PLC Cabinets,Sensor Connection Error
2026-05-20,,SCB-701,Offline,0.0,,0.0,,,,100.0,Offline,0,Wednesday,May,0.31,0.0,Critical,Scrubber Telemetry Offline,CEMS Sensor Communication Failure,Inspect Modbus Transmitters and Field PLC Cabinets,Sensor Connection Error
2026-05-21,,SCB-701,Offline,0.0,,0.0,,,,100.0,Offline,0,Thursday,May,0.34,0.0,Critical,Scrubber Telemetry Offline,CEMS Sensor Communication Failure,Inspect Modbus Transmitters and Field PLC Cabinets,Sensor Connection Error
2026-05-22,,SCB-701,Offline,0.0,,0.0,,,,100.0,Offline,0,Friday,May,0.25,0.0,Critical,Scrubber Telemetry Offline,CEMS Sensor Communication Failure,Inspect Modbus Transmitters and Field PLC Cabinets,Sensor Connection Error
2026-05-23,,SCB-701,Offline,0.0,,0.0,,,,100.0,Offline,0,Saturday,May,0.19,0.0,Critical,Scrubber Telemetry Offline,CEMS Sensor Communication Failure,Inspect Modbus Transmitters and Field PLC Cabinets,Sensor Connection Error
2026-05-24,,SCB-701,Offline,0.0,,0.0,,,,100.0,Offline,0,Sunday,May,0.35,0.0,Critical,Scrubber Telemetry Offline,CEMS Sensor Communication Failure,Inspect Modbus Transmitters and Field PLC Cabinets,Sensor Connection Error
2026-05-25,,SCB-701,Offline,0.0,,0.0,,,,100.0,Offline,0,Monday,May,0.36,0.0,Critical,Scrubber Telemetry Offline,CEMS Sensor Communication Failure,Inspect Modbus Transmitters and Field PLC Cabinets,Sensor Connection Error
2026-05-26,,SCB-701,Offline,0.0,,0.0,,,,100.0,Offline,0,Tuesday,May,0.3,0.0,Critical,Scrubber Telemetry Offline,CEMS Sensor Communication Failure,Inspect Modbus Transmitters and Field PLC Cabinets,Sensor Connection Error
2026-05-27,,SCB-701,Offline,0.0,,0.0,,,,100.0,Offline,0,Wednesday,May,0.41,0.0,Critical,Scrubber Telemetry Offline,CEMS Sensor Communication Failure,Inspect Modbus Transmitters and Field PLC Cabinets,Sensor Connection Error
2026-05-28,,SCB-701,Offline,0.0,,0.0,,,,100.0,Offline,0,Thursday,May,2.01,0.0,Critical,Scrubber Telemetry Offline,CEMS Sensor Communication Failure,Inspect Modbus Transmitters and Field PLC Cabinets,Sensor Connection Error
2026-05-29,,SCB-701,Offline,0.0,,0.0,,,,100.0,Offline,0,Friday,May,0.31,0.0,Critical,Scrubber Telemetry Offline,CEMS Sensor Communication Failure,Inspect Modbus Transmitters and Field PLC Cabinets,Sensor Connection Error
2026-05-30,,SCB-701,Offline,0.0,,0.0,,,,100.0,Offline,0,Saturday,May,0.3,0.0,Critical,Scrubber Telemetry Offline,CEMS Sensor Communication Failure,Inspect Modbus Transmitters and Field PLC Cabinets,Sensor Connection Error
2026-05-31,,SCB-701,Offline,0.0,,0.0,,,,100.0,Offline,0,Sunday,May,0.29,0.0,Critical,Scrubber Telemetry Offline,CEMS Sensor Communication Failure,Inspect Modbus Transmitters and Field PLC Cabinets,Sensor Connection Error
2026-06-01,,SCB-701,Offline,0.0,,0.0,,,,100.0,Offline,0,Monday,June,0.29,0.0,Critical,Scrubber Telemetry Offline,CEMS Sensor Communication Failure,Inspect Modbus Transmitters and Field PLC Cabinets,Sensor Connection Error
2026-06-02,,SCB-701,Offline,0.0,,0.0,,,,100.0,Offline,0,Tuesday,June,0.3,0.0,Critical,Scrubber Telemetry Offline,CEMS Sensor Communication Failure,Inspect Modbus Transmitters and Field PLC Cabinets,Sensor Connection Error
2026-06-03,,SCB-701,Offline,0.0,,0.0,,,,100.0,Offline,0,Wednesday,June,0.27,0.0,Critical,Scrubber Telemetry Offline,CEMS Sensor Communication Failure,Inspect Modbus Transmitters and Field PLC Cabinets,Sensor Connection Error
2026-06-04,,SCB-701,Offline,0.0,,0.0,,,,100.0,Offline,0,Thursday,June,0.24,0.0,Critical,Scrubber Telemetry Offline,CEMS Sensor Communication Failure,Inspect Modbus Transmitters and Field PLC Cabinets,Sensor Connection Error
2026-06-05,,SCB-701,Offline,0.0,,0.0,,,,100.0,Offline,0,Friday,June,0.24,0.0,Critical,Scrubber Telemetry Offline,CEMS Sensor Communication Failure,Inspect Modbus Transmitters and Field PLC Cabinets,Sensor Connection Error
2026-06-06,,SCB-701,Offline,0.0,,0.0,,,,100.0,Offline,0,Saturday,June,0.2333333333333333,0.0,Critical,Scrubber Telemetry Offline,CEMS Sensor Communication Failure,Inspect Modbus Transmitters and Field PLC Cabinets,Sensor Connection Error
2026-06-07,,SCB-701,Offline,0.0,,0.0,,,,100.0,Offline,0,Sunday,June,0.2266666666666666,0.0,Critical,Scrubber Telemetry Offline,CEMS Sensor Communication Failure,Inspect Modbus Transmitters and Field PLC Cabinets,Sensor Connection Error
2026-06-08,,SCB-701,Offline,0.0,,0.0,,,,100.0,Offline,0,Monday,June,0.22,0.0,Critical,Scrubber Telemetry Offline,CEMS Sensor Communication Failure,Inspect Modbus Transmitters and Field PLC Cabinets,Sensor Connection Error
2026-06-09,,SCB-701,Offline,0.0,,0.0,,,,100.0,Offline,0,Tuesday,June,0.32,0.0,Critical,Scrubber Telemetry Offline,CEMS Sensor Communication Failure,Inspect Modbus Transmitters and Field PLC Cabinets,Sensor Connection Error
2026-06-10,,SCB-701,Offline,0.0,,0.0,,,,100.0,Offline,0,Wednesday,June,0.31,0.0,Critical,Scrubber Telemetry Offline,CEMS Sensor Communication Failure,Inspect Modbus Transmitters and Field PLC Cabinets,Sensor Connection Error
2026-06-11,,SCB-701,Offline,0.0,,0.0,,,,100.0,Offline,0,Thursday,June,0.32,0.0,Critical,Scrubber Telemetry Offline,CEMS Sensor Communication Failure,Inspect Modbus Transmitters and Field PLC Cabinets,Sensor Connection Error
2026-06-12,,SCB-701,Offline,0.0,,0.0,,,,100.0,Offline,0,Friday,June,0.36,0.0,Critical,Scrubber Telemetry Offline,CEMS Sensor Communication Failure,Inspect Modbus Transmitters and Field PLC Cabinets,Sensor Connection Error
2026-06-13,,SCB-701,Offline,0.0,,0.0,,,,100.0,Offline,0,Saturday,June,0.29,0.0,Critical,Scrubber Telemetry Offline,CEMS Sensor Communication Failure,Inspect Modbus Transmitters and Field PLC Cabinets,Sensor Connection Error
2026-06-14,,SCB-701,Offline,0.0,,0.0,,,,100.0,Offline,0,Sunday,June,0.29,0.0,Critical,Scrubber Telemetry Offline,CEMS Sensor Communication Failure,Inspect Modbus Transmitters and Field PLC Cabinets,Sensor Connection Error
2026-06-15,,SCB-701,Offline,0.0,,0.0,,,,100.0,Offline,0,Monday,June,0.31,0.0,Critical,Scrubber Telemetry Offline,CEMS Sensor Communication Failure,Inspect Modbus Transmitters and Field PLC Cabinets,Sensor Connection Error
2026-06-16,,SCB-701,Offline,0.0,,0.0,,,,100.0,Offline,0,Tuesday,June,0.24,0.0,Critical,Scrubber Telemetry Offline,CEMS Sensor Communication Failure,Inspect Modbus Transmitters and Field PLC Cabinets,Sensor Connection Error
2026-06-17,,SCB-701,Offline,0.0,,0.0,,,,100.0,Offline,0,Wednesday,June,0.21,0.0,Critical,Scrubber Telemetry Offline,CEMS Sensor Communication Failure,Inspect Modbus Transmitters and Field PLC Cabinets,Sensor Connection Error
2026-06-18,,SCB-701,Offline,0.0,,0.0,,,,100.0,Offline,0,Thursday,June,0.36,0.0,Critical,Scrubber Telemetry Offline,CEMS Sensor Communication Failure,Inspect Modbus Transmitters and Field PLC Cabinets,Sensor Connection Error
2026-06-19,,SCB-701,Offline,0.0,,0.0,,,,100.0,Offline,0,Friday,June,0.26,0.0,Critical,Scrubber Telemetry Offline,CEMS Sensor Communication Failure,Inspect Modbus Transmitters and Field PLC Cabinets,Sensor Connection Error
2026-06-20,,SCB-701,Offline,0.0,,0.0,,,,100.0,Offline,0,Saturday,June,0.24,0.0,Critical,Scrubber Telemetry Offline,CEMS Sensor Communication Failure,Inspect Modbus Transmitters and Field PLC Cabinets,Sensor Connection Error
2026-06-21,,SCB-701,Offline,0.0,,0.0,,,,100.0,Offline,0,Sunday,June,0.3,0.0,Critical,Scrubber Telemetry Offline,CEMS Sensor Communication Failure,Inspect Modbus Transmitters and Field PLC Cabinets,Sensor Connection Error
2026-06-22,,SCB-701,Offline,0.0,,0.0,,,,100.0,Offline,0,Monday,June,0.28,0.0,Critical,Scrubber Telemetry Offline,CEMS Sensor Communication Failure,Inspect Modbus Transmitters and Field PLC Cabinets,Sensor Connection Error
2026-06-23,,SCB-701,Offline,0.0,,0.0,,,,100.0,Offline,0,Tuesday,June,0.37,0.0,Critical,Scrubber Telemetry Offline,CEMS Sensor Communication Failure,Inspect Modbus Transmitters and Field PLC Cabinets,Sensor Connection Error
2026-06-24,,SCB-701,Offline,0.0,,0.0,,,,100.0,Offline,0,Wednesday,June,0.27,0.0,Critical,Scrubber Telemetry Offline,CEMS Sensor Communication Failure,Inspect Modbus Transmitters and Field PLC Cabinets,Sensor Connection Error
2026-06-25,,SCB-701,Offline,0.0,,0.0,,,,100.0,Offline,0,Thursday,June,0.33,0.0,Critical,Scrubber Telemetry Offline,CEMS Sensor Communication Failure,Inspect Modbus Transmitters and Field PLC Cabinets,Sensor Connection Error
2026-06-26,,SCB-701,Offline,0.0,,0.0,,,,100.0,Offline,0,Friday,June,0.24,0.0,Critical,Scrubber Telemetry Offline,CEMS Sensor Communication Failure,Inspect Modbus Transmitters and Field PLC Cabinets,Sensor Connection Error
2026-06-27,,SCB-701,Offline,0.0,,0.0,,,,100.0,Offline,0,Saturday,June,0.34,0.0,Critical,Scrubber Telemetry Offline,CEMS Sensor Communication Failure,Inspect Modbus Transmitters and Field PLC Cabinets,Sensor Connection Error
2026-06-28,,SCB-701,Offline,0.0,,0.0,,,,100.0,Offline,0,Sunday,June,0.24,0.0,Critical,Scrubber Telemetry Offline,CEMS Sensor Communication Failure,Inspect Modbus Transmitters and Field PLC Cabinets,Sensor Connection Error
2026-06-29,,SCB-701,Offline,0.0,,0.0,,,,100.0,Offline,0,Monday,June,0.44,0.0,Critical,Scrubber Telemetry Offline,CEMS Sensor Communication Failure,Inspect Modbus Transmitters and Field PLC Cabinets,Sensor Connection Error
2026-06-30,,SCB-701,Offline,0.0,,0.0,,,,100.0,Offline,0,Tuesday,June,0.47,0.0,Critical,Scrubber Telemetry Offline,CEMS Sensor Communication Failure,Inspect Modbus Transmitters and Field PLC Cabinets,Sensor Connection Error
2026-01-01,11.28,SCB-901,Good,0.0,11.28,0.0,11.28,11.28,0.0,100.0,Normal,0,Thursday,January,0.45,100.0,Normal,Healthy,Normal Operation,Continue Stream Monitoring,No Alert
2026-01-02,11.29,SCB-901,Good,0.0099999999999997,11.285,0.0070710678118646,11.28,11.29,0.0099999999999997,99.9,Normal,0,Friday,January,0.45,100.0,Normal,Healthy,Normal Operation,Continue Stream Monitoring,No Alert
2026-01-03,11.3,SCB-901,Good,0.0100000000000015,11.29,0.0099999999999997,11.28,11.3,0.0200000000000013,99.89999999999998,Normal,0,Saturday,January,0.47,100.0,Normal,Healthy,Normal Operation,Continue Stream Monitoring,No Alert
2026-01-04,11.29,SCB-901,Good,-0.0100000000000015,11.29,0.008164965809277,11.28,11.3,0.0200000000000013,99.89999999999998,Normal,0,Sunday,January,0.51,100.0,Normal,Healthy,Normal Operation,Continue Stream Monitoring,No Alert
2026-01-05,11.3,SCB-901,Good,0.0100000000000015,11.292,0.0083666002653404,11.28,11.3,0.0200000000000013,99.89999999999998,Normal,0,Monday,January,0.41,100.0,Normal,Healthy,Normal Operation,Continue Stream Monitoring,No Alert
2026-01-06,11.2975,SCB-901,Interpolated,-0.0025000000000012,11.292916666666663,0.0078129166555556,11.28,11.3,0.0200000000000013,99.975,Normal,0,Tuesday,January,0.41,100.0,Normal,Healthy,Normal Operation,Continue Stream Monitoring,No Alert
2026-01-07,11.295,SCB-901,Interpolated,-0.0024999999999995,11.293214285714283,0.0071755205551992,11.28,11.3,0.0200000000000013,99.975,Normal,0,Wednesday,January,0.52,100.0,Normal,Healthy,Normal Operation,Continue Stream Monitoring,No Alert
2026-01-08,11.2925,SCB-901,Interpolated,-0.0024999999999995,11.295,0.0043301270189203,11.29,11.3,0.0100000000000015,99.975,Normal,0,Thursday,January,0.54,100.0,Normal,Healthy,Normal Operation,Continue Stream Monitoring,No Alert
2026-01-09,11.29,SCB-901,Good,-0.0025000000000012,11.295,0.0043301270189203,11.29,11.3,0.0100000000000015,99.975,Normal,0,Friday,January,0.48,100.0,Normal,Healthy,Normal Operation,Continue Stream Monitoring,No Alert
2026-01-10,11.31,SCB-901,Good,0.0200000000000013,11.296428571428567,0.0070499915568996,11.29,11.31,0.0200000000000013,99.79999999999998,Normal,0,Saturday,January,0.53,100.0,Normal,Healthy,Normal Operation,Continue Stream Monitoring,No Alert
2026-01-11,11.31,SCB-901,Good,0.0,11.299285714285714,0.0079992559177747,11.29,11.31,0.0200000000000013,100.0,Normal,0,Sunday,January,0.51,100.0,Normal,Healthy,Normal Operation,Continue Stream Monitoring,No Alert
2026-01-12,11.3,SCB-901,Good,-0.0099999999999997,11.299285714285714,0.0079992559177747,11.29,11.31,0.0200000000000013,99.9,Normal,0,Monday,January,0.52,100.0,Normal,Healthy,Normal Operation,Continue Stream Monitoring,No Alert
2026-01-13,11.31,SCB-901,Good,0.0099999999999997,11.30107142857143,0.0088808247150249,11.29,11.31,0.0200000000000013,99.9,Normal,0,Tuesday,January,0.54,100.0,Normal,Healthy,Normal Operation,Continue Stream Monitoring,No Alert
2026-01-14,11.31,SCB-901,Good,0.0,11.303214285714288,0.0089807996250168,11.29,11.31,0.0200000000000013,100.0,Normal,0,Wednesday,January,0.57,100.0,Normal,Healthy,Normal Operation,Continue Stream Monitoring,No Alert
2026-01-15,11.32,SCB-901,Good,0.0099999999999997,11.30714285714286,0.009511897312109,11.29,11.32,0.0300000000000011,99.9,Normal,0,Thursday,January,0.51,100.0,Normal,Healthy,Normal Operation,Continue Stream Monitoring,No Alert
2026-01-16,11.31,SCB-901,Good,-0.0099999999999997,11.310000000000002,0.0057735026918866,11.3,11.32,0.0199999999999995,99.9,Normal,0,Friday,January,0.49,100.0,Normal,Healthy,Normal Operation,Continue Stream Monitoring,No Alert
2026-01-17,11.32,SCB-901,Good,0.0099999999999997,11.311428571428571,0.0069006555934146,11.3,11.32,0.0199999999999995,99.9,Normal,0,Saturday,January,0.54,100.0,Normal,Healthy,Normal Operation,Continue Stream Monitoring,No Alert
2026-01-18,11.32,SCB-901,Good,0.0,11.312857142857144,0.0075592894601757,11.3,11.32,0.0199999999999995,100.0,Normal,0,Sunday,January,0.46,100.0,Normal,Healthy,Normal Operation,Continue Stream Monitoring,No Alert
2026-01-19,11.31,SCB-901,Good,-0.0099999999999997,11.314285714285717,0.0053452248382354,11.31,11.32,0.0099999999999997,99.9,Normal,0,Monday,January,0.34,100.0,Normal,Healthy,Normal Operation,Continue Stream Monitoring,No Alert
2026-01-20,11.33,SCB-901,Good,0.0199999999999995,11.31714285714286,0.0075592894601741,11.31,11.33,0.0199999999999995,99.8,Normal,0,Tuesday,January,0.53,100.0,Normal,Healthy,Normal Operation,Continue Stream Monitoring,No Alert
2026-01-21,11.32,SCB-901,Good,-0.0099999999999997,11.31857142857143,0.0069006555934115,11.31,11.33,0.0199999999999995,99.9,Normal,0,Wednesday,January,0.44,100.0,Normal,Healthy,Normal Operation,Continue Stream Monitoring,No Alert
2026-01-22,11.32,SCB-901,Good,0.0,11.31857142857143,0.0069006555934115,11.31,11.33,0.0199999999999995,100.0,Normal,0,Thursday,January,0.46,100.0,Normal,Healthy,Normal Operation,Continue Stream Monitoring,No Alert
2026-01-23,11.33,SCB-901,Good,0.0099999999999997,11.321428571428571,0.0069006555934101,11.31,11.33,0.0199999999999995,99.9,Normal,0,Friday,January,0.36,100.0,Normal,Healthy,Normal Operation,Continue Stream Monitoring,No Alert
2026-01-24,11.32,SCB-901,Good,-0.0099999999999997,11.321428571428571,0.0069006555934101,11.31,11.33,0.0199999999999995,99.9,Normal,0,Saturday,January,0.37,100.0,Normal,Healthy,Normal Operation,Continue Stream Monitoring,No Alert
2026-01-25,11.322,SCB-901,Interpolated,0.0019999999999988,11.321714285714284,0.0068729975438601,11.31,11.33,0.0199999999999995,99.98000000000002,Normal,0,Sunday,January,0.54,100.0,Normal,Healthy,Normal Operation,Continue Stream Monitoring,No Alert
2026-01-26,11.324,SCB-901,Interpolated,0.0020000000000006,11.323714285714289,0.0045355736760882,11.32,11.33,0.0099999999999997,99.98,Normal,0,Monday,January,0.41,100.0,Normal,Healthy,Normal Operation,Continue Stream Monitoring,No Alert
2026-01-27,11.326,SCB-901,Interpolated,0.0020000000000006,11.323142857142855,0.0038047589248194,11.32,11.33,0.0099999999999997,99.98,Normal,0,Tuesday,January,0.42,100.0,Normal,Healthy,Normal Operation,Continue Stream Monitoring,No Alert
2026-01-28,,SCB-901,Offline,0.0,11.323666666666668,0.0038815804341043,11.32,11.33,0.0099999999999997,100.0,Offline,0,Wednesday,January,0.425,0.0,Critical,Scrubber Telemetry Offline,CEMS Sensor Communication Failure,Inspect Modbus Transmitters and Field PLC Cabinets,Sensor Connection Error
2026-01-29,11.33,SCB-901,Good,0.0,11.325333333333331,0.0041311822359218,11.32,11.33,0.0099999999999997,100.0,Normal,0,Thursday,January,0.43,100.0,Normal,Healthy,Normal Operation,Continue Stream Monitoring,No Alert
2026-01-30,11.33,SCB-901,Good,0.0,11.325333333333331,0.0041311822359218,11.32,11.33,0.0099999999999997,100.0,Normal,0,Friday,January,0.435,100.0,Normal,Healthy,Normal Operation,Continue Stream Monitoring,No Alert
2026-01-31,11.34,SCB-901,Good,0.0099999999999997,11.328666666666663,0.0064083279150133,11.322,11.34,0.0180000000000006,99.9,Normal,0,Saturday,January,0.0,100.0,Normal,Healthy,Normal Operation,Continue Stream Monitoring,No Alert
2026-02-01,11.35,SCB-901,Good,0.0099999999999997,11.333333333333334,0.0098522417076648,11.324,11.35,0.0259999999999998,99.9,Normal,0,Sunday,February,0.0,100.0,Normal,Healthy,Normal Operation,Continue Stream Monitoring,No Alert
2026-02-02,11.35,SCB-901,Good,0.0,11.337666666666664,0.0106144555520369,11.326,11.35,0.0239999999999991,100.0,Normal,0,Monday,February,0.45,100.0,Normal,Healthy,Normal Operation,Continue Stream Monitoring,No Alert
2026-02-03,11.35,SCB-901,Good,0.0,11.341666666666669,0.0098319208024728,11.33,11.35,0.0199999999999995,100.0,Normal,0,Tuesday,February,0.23,100.0,Normal,Healthy,Normal Operation,Continue Stream Monitoring,No Alert
2026-02-04,11.35,SCB-901,Good,0.0,11.342857142857143,0.0095118973120875,11.33,11.35,0.0199999999999995,100.0,Normal,0,Wednesday,February,0.25,100.0,Normal,Healthy,Normal Operation,Continue Stream Monitoring,No Alert
2026-02-05,11.35,SCB-901,Good,0.0,11.345714285714283,0.0078679579246609,11.33,11.35,0.0199999999999995,100.0,Normal,0,Thursday,February,0.2,100.0,Normal,Healthy,Normal Operation,Continue Stream Monitoring,No Alert
2026-02-06,11.35,SCB-901,Good,0.0,11.348571428571429,0.0037796447300179,11.34,11.35,0.0099999999999997,100.0,Normal,0,Friday,February,0.24,100.0,Normal,Healthy,Normal Operation,Continue Stream Monitoring,No Alert
2026-02-07,11.35,SCB-901,Good,0.0,11.35,0.0,11.35,11.35,0.0,100.0,Normal,0,Saturday,February,0.2,100.0,Normal,Healthy,Normal Operation,Continue Stream Monitoring,No Alert
2026-02-08,11.35,SCB-901,Good,0.0,11.35,0.0,11.35,11.35,0.0,100.0,Normal,0,Sunday,February,0.27,100.0,Normal,Healthy,Normal Operation,Continue Stream Monitoring,No Alert
2026-02-09,11.36,SCB-901,Good,0.0099999999999997,11.35142857142857,0.0037796447300923,11.35,11.36,0.0099999999999997,99.9,Normal,0,Monday,February,0.28,100.0,Normal,Healthy,Normal Operation,Continue Stream Monitoring,No Alert
2026-02-10,11.36,SCB-901,Good,0.0,11.352857142857143,0.0048795003647425,11.35,11.36,0.0099999999999997,100.0,Normal,0,Tuesday,February,0.27,100.0,Normal,Healthy,Normal Operation,Continue Stream Monitoring,No Alert
2026-02-11,11.37,SCB-901,Good,0.0099999999999997,11.355714285714283,0.0078679579246941,11.35,11.37,0.0199999999999995,99.9,Normal,0,Wednesday,February,0.14,100.0,Normal,Healthy,Normal Operation,Continue Stream Monitoring,No Alert
2026-02-12,11.4,SCB-901,Good,0.0300000000000011,11.36285714285714,0.0179947082168493,11.35,11.4,0.0500000000000007,99.7,Normal,0,Thursday,February,0.26,100.0,Normal,Healthy,Normal Operation,Continue Stream Monitoring,No Alert
2026-02-13,11.38,SCB-901,Good,-0.0199999999999995,11.367142857142856,0.0179947082168497,11.35,11.4,0.0500000000000007,99.8,Normal,0,Friday,February,0.29,100.0,Normal,Healthy,Normal Operation,Continue Stream Monitoring,No Alert
2026-02-14,11.38,SCB-901,Good,0.0,11.37142857142857,0.0167616341969521,11.35,11.4,0.0500000000000007,100.0,Normal,0,Saturday,February,0.17,100.0,Normal,Healthy,Normal Operation,Continue Stream Monitoring,No Alert
2026-02-15,11.38,SCB-901,Good,0.0,11.375714285714285,0.0139727626201178,11.36,11.4,0.0400000000000009,100.0,Normal,0,Sunday,February,0.29,100.0,Normal,Healthy,Normal Operation,Continue Stream Monitoring,No Alert
2026-02-16,11.38,SCB-901,Good,0.0,11.37857142857143,0.012149857925882,11.36,11.4,0.0400000000000009,100.0,Normal,0,Monday,February,0.19,100.0,Normal,Healthy,Normal Operation,Continue Stream Monitoring,No Alert
2026-02-17,11.38,SCB-901,Good,0.0,11.381428571428572,0.0089973541084283,11.37,11.4,0.0300000000000011,100.0,Normal,0,Tuesday,February,0.19,100.0,Normal,Healthy,Normal Operation,Continue Stream Monitoring,No Alert
2026-02-18,11.39,SCB-901,Good,0.0099999999999997,11.384285714285712,0.0078679579246989,11.38,11.4,0.0199999999999995,99.9,Normal,0,Wednesday,February,0.22,100.0,Normal,Healthy,Normal Operation,Continue Stream Monitoring,No Alert
2026-02-19,11.41,SCB-901,Good,0.0199999999999995,11.385714285714288,0.0113389341902801,11.38,11.41,0.0299999999999993,99.8,Normal,0,Thursday,February,0.25,100.0,Normal,Healthy,Normal Operation,Continue Stream Monitoring,No Alert
2026-02-20,11.4,SCB-901,Good,-0.0099999999999997,11.388571428571428,0.0121498579258826,11.38,11.41,0.0299999999999993,99.9,Normal,0,Friday,February,0.25,100.0,Normal,Healthy,Normal Operation,Continue Stream Monitoring,No Alert
2026-02-21,11.39,SCB-901,Good,-0.0099999999999997,11.39,0.0115470053837964,11.38,11.41,0.0299999999999993,99.9,Normal,0,Saturday,February,0.24,100.0,Normal,Healthy,Normal Operation,Continue Stream Monitoring,No Alert
2026-02-22,11.39,SCB-901,Good,0.0,11.391428571428571,0.0106904496765015,11.38,11.41,0.0299999999999993,100.0,Normal,0,Sunday,February,0.24,100.0,Normal,Healthy,Normal Operation,Continue Stream Monitoring,No Alert
2026-02-23,11.4,SCB-901,Good,0.0099999999999997,11.394285714285717,0.0097590007294907,11.38,11.41,0.0299999999999993,99.9,Normal,0,Monday,February,0.34,100.0,Normal,Healthy,Normal Operation,Continue Stream Monitoring,No Alert
2026-02-24,11.41,SCB-901,Good,0.0099999999999997,11.39857142857143,0.0089973541084311,11.39,11.41,0.0199999999999995,99.9,Normal,0,Tuesday,February,0.21,100.0,Normal,Healthy,Normal Operation,Continue Stream Monitoring,No Alert
2026-02-25,11.42,SCB-901,Good,0.0099999999999997,11.402857142857144,0.0111269728052897,11.39,11.42,0.0299999999999993,99.9,Normal,0,Wednesday,February,0.22,100.0,Normal,Healthy,Normal Operation,Continue Stream Monitoring,No Alert
2026-02-26,11.43,SCB-901,Good,0.0099999999999997,11.405714285714284,0.0151185789203737,11.39,11.43,0.0399999999999991,99.9,Normal,0,Thursday,February,0.23,100.0,Normal,Healthy,Normal Operation,Continue Stream Monitoring,No Alert
2026-02-27,11.42,SCB-901,Good,-0.0099999999999997,11.40857142857143,0.0157359158493937,11.39,11.43,0.0399999999999991,99.9,Normal,0,Friday,February,0.23,100.0,Normal,Healthy,Normal Operation,Continue Stream Monitoring,No Alert
2026-02-28,11.42,SCB-901,Good,0.0,11.412857142857144,0.0138013111868531,11.39,11.43,0.0399999999999991,100.0,Normal,0,Saturday,February,0.23,100.0,Normal,Healthy,Normal Operation,Continue Stream Monitoring,No Alert
2026-03-01,11.42,SCB-901,Good,0.0,11.417142857142858,0.0095118973121228,11.4,11.43,0.0299999999999993,100.0,Normal,0,Sunday,March,0.24,100.0,Normal,Healthy,Normal Operation,Continue Stream Monitoring,No Alert
2026-03-02,11.41,SCB-901,Good,-0.0099999999999997,11.418571428571427,0.0069006555934368,11.41,11.43,0.0199999999999995,99.9,Normal,0,Monday,March,0.3,100.0,Normal,Healthy,Normal Operation,Continue Stream Monitoring,No Alert
2026-03-03,11.41,SCB-901,Good,0.0,11.418571428571427,0.0069006555934368,11.41,11.43,0.0199999999999995,100.0,Normal,0,Tuesday,March,0.26,100.0,Normal,Healthy,Normal Operation,Continue Stream Monitoring,No Alert
2026-03-04,11.41,SCB-901,Good,0.0,11.417142857142858,0.0075592894601962,11.41,11.43,0.0199999999999995,100.0,Normal,0,Wednesday,March,0.18,100.0,Normal,Healthy,Normal Operation,Continue Stream Monitoring,No Alert
2026-03-05,11.4,SCB-901,Good,-0.0099999999999997,11.412857142857144,0.0075592894601946,11.4,11.42,0.0199999999999995,99.9,Normal,0,Thursday,March,0.22,100.0,Normal,Healthy,Normal Operation,Continue Stream Monitoring,No Alert
2026-03-06,11.41,SCB-901,Good,0.0099999999999997,11.411428571428573,0.0069006555934339,11.4,11.42,0.0199999999999995,99.9,Normal,0,Friday,March,0.25,100.0,Normal,Healthy,Normal Operation,Continue Stream Monitoring,No Alert
2026-03-07,11.41,SCB-901,Good,0.0,11.41,0.0057735026919079,11.4,11.42,0.0199999999999995,100.0,Normal,0,Saturday,March,0.2,100.0,Normal,Healthy,Normal Operation,Continue Stream Monitoring,No Alert
2026-03-08,11.42,SCB-901,Good,0.0099999999999997,11.41,0.0057735026919079,11.4,11.42,0.0199999999999995,99.9,Normal,0,Sunday,March,0.22,100.0,Normal,Healthy,Normal Operation,Continue Stream Monitoring,No Alert
2026-03-09,11.42,SCB-901,Good,0.0,11.411428571428573,0.0069006555934339,11.4,11.42,0.0199999999999995,100.0,Normal,0,Monday,March,0.2,100.0,Normal,Healthy,Normal Operation,Continue Stream Monitoring,No Alert
2026-03-10,11.42,SCB-901,Good,0.0,11.41285714285714,0.0075592894601946,11.4,11.42,0.0199999999999995,100.0,Normal,0,Tuesday,March,0.19,100.0,Normal,Healthy,Normal Operation,Continue Stream Monitoring,No Alert
2026-03-11,11.42,SCB-901,Good,0.0,11.414285714285713,0.0078679579247046,11.4,11.42,0.0199999999999995,100.0,Normal,0,Wednesday,March,0.24,100.0,Normal,Healthy,Normal Operation,Continue Stream Monitoring,No Alert
2026-03-12,11.42,SCB-901,Good,0.0,11.417142857142858,0.0048795003647617,11.41,11.42,0.0099999999999997,100.0,Normal,0,Thursday,March,0.25,100.0,Normal,Healthy,Normal Operation,Continue Stream Monitoring,No Alert
2026-03-13,11.42,SCB-901,Good,0.0,11.418571428571427,0.003779644730119,11.41,11.42,0.0099999999999997,100.0,Normal,0,Friday,March,0.22,100.0,Normal,Healthy,Normal Operation,Continue Stream Monitoring,No Alert
2026-03-14,11.43,SCB-901,Good,0.0099999999999997,11.421428571428573,0.0037796447301229,11.42,11.43,0.0099999999999997,99.9,Normal,0,Saturday,March,0.13,100.0,Normal,Healthy,Normal Operation,Continue Stream Monitoring,No Alert
2026-03-15,11.44,SCB-901,Good,0.0099999999999997,11.424285714285714,0.007867957924711,11.42,11.44,0.0199999999999995,99.9,Normal,0,Sunday,March,0.15,100.0,Normal,Healthy,Normal Operation,Continue Stream Monitoring,No Alert
2026-03-16,11.43,SCB-901,Good,-0.0099999999999997,11.425714285714283,0.0078679579247121,11.42,11.44,0.0199999999999995,99.9,Normal,0,Monday,March,0.14,100.0,Normal,Healthy,Normal Operation,Continue Stream Monitoring,No Alert
2026-03-17,11.44,SCB-901,Good,0.0099999999999997,11.428571428571429,0.0089973541084417,11.42,11.44,0.0199999999999995,99.9,Normal,0,Tuesday,March,0.19,100.0,Normal,Healthy,Normal Operation,Continue Stream Monitoring,No Alert
2026-03-18,11.43,SCB-901,Good,-0.0099999999999997,11.43,0.0081649658092973,11.42,11.44,0.0199999999999995,99.9,Normal,0,Wednesday,March,0.12,100.0,Normal,Healthy,Normal Operation,Continue Stream Monitoring,No Alert
2026-03-19,11.43,SCB-901,Good,0.0,11.43142857142857,0.0069006555934487,11.42,11.44,0.0199999999999995,100.0,Normal,0,Thursday,March,0.19,100.0,Normal,Healthy,Normal Operation,Continue Stream Monitoring,No Alert
2026-03-20,11.45,SCB-901,Good,0.0199999999999995,11.435714285714283,0.00786795792472,11.43,11.45,0.0199999999999995,99.8,Normal,0,Friday,March,0.21,100.0,Normal,Healthy,Normal Operation,Continue Stream Monitoring,No Alert
2026-03-21,11.46,SCB-901,Good,0.0100000000000015,11.44,0.0115470053838126,11.43,11.46,0.0300000000000011,99.89999999999998,Normal,0,Saturday,March,0.25,100.0,Normal,Healthy,Normal Operation,Continue Stream Monitoring,No Alert
2026-03-22,11.44,SCB-901,Good,-0.0200000000000013,11.44,0.0115470053838126,11.43,11.46,0.0300000000000011,99.79999999999998,Normal,0,Sunday,March,0.3,100.0,Normal,Healthy,Normal Operation,Continue Stream Monitoring,No Alert
2026-03-23,11.44,SCB-901,Good,0.0,11.441428571428572,0.0106904496765196,11.43,11.46,0.0300000000000011,100.0,Normal,0,Monday,March,0.28,100.0,Normal,Healthy,Normal Operation,Continue Stream Monitoring,No Alert
2026-03-24,11.44,SCB-901,Good,0.0,11.441428571428572,0.0106904496765196,11.43,11.46,0.0300000000000011,100.0,Normal,0,Tuesday,March,0.24,100.0,Normal,Healthy,Normal Operation,Continue Stream Monitoring,No Alert
2026-03-25,11.4325,SCB-901,Interpolated,-0.0075000000000002,11.441785714285714,0.0102788502229214,11.43,11.46,0.0300000000000011,99.925,Normal,0,Wednesday,March,0.21,100.0,Normal,Healthy,Normal Operation,Continue Stream Monitoring,No Alert
2026-03-26,11.425,SCB-901,Interpolated,-0.0074999999999985,11.44107142857143,0.011352050370727,11.425,11.46,0.0350000000000001,99.925,Normal,0,Thursday,March,0.31,100.0,Normal,Healthy,Normal Operation,Continue Stream Monitoring,No Alert
2026-03-27,11.4175,SCB-901,Interpolated,-0.0075000000000002,11.436428571428571,0.0135290692320694,11.4175,11.46,0.0425000000000004,99.925,Normal,0,Friday,March,0.27,100.0,Normal,Healthy,Normal Operation,Continue Stream Monitoring,No Alert
2026-03-28,11.41,SCB-901,Good,-0.0075000000000002,11.429285714285712,0.0121376039057035,11.41,11.44,0.0299999999999993,99.925,Normal,0,Saturday,March,0.2,100.0,Normal,Healthy,Normal Operation,Continue Stream Monitoring,No Alert
2026-03-29,11.42,SCB-901,Good,0.0099999999999997,11.426428571428572,0.0115341109014091,11.41,11.44,0.0299999999999993,99.9,Normal,0,Sunday,March,0.25,100.0,Normal,Healthy,Normal Operation,Continue Stream Monitoring,No Alert
2026-03-30,11.43,SCB-901,Good,0.0099999999999997,11.425,0.0101036297108321,11.41,11.44,0.0299999999999993,99.9,Normal,0,Monday,March,0.24,100.0,Normal,Healthy,Normal Operation,Continue Stream Monitoring,No Alert
2026-03-31,11.43,SCB-901,Good,0.0,11.42357142857143,0.0081467200528379,11.41,11.4325,0.022499999999999,100.0,Normal,0,Tuesday,March,0.28,100.0,Normal,Healthy,Normal Operation,Continue Stream Monitoring,No Alert
2026-04-01,11.43,SCB-901,Good,0.0,11.423214285714284,0.0077344313670554,11.41,11.43,0.0199999999999995,100.0,Normal,0,Wednesday,April,0.3,100.0,Normal,Healthy,Normal Operation,Continue Stream Monitoring,No Alert
2026-04-02,11.43,SCB-901,Good,0.0,11.423928571428572,0.0081467200528384,11.41,11.43,0.0199999999999995,100.0,Normal,0,Thursday,April,0.32,100.0,Normal,Healthy,Normal Operation,Continue Stream Monitoring,No Alert
2026-04-03,11.43,SCB-901,Good,0.0,11.425714285714283,0.0078679579247136,11.41,11.43,0.0199999999999995,100.0,Normal,0,Friday,April,0.26,100.0,Normal,Healthy,Normal Operation,Continue Stream Monitoring,No Alert
2026-04-04,11.44,SCB-901,Good,0.0099999999999997,11.429999999999998,0.005773502691929,11.42,11.44,0.0199999999999995,99.9,Normal,0,Saturday,April,0.27,100.0,Normal,Healthy,Normal Operation,Continue Stream Monitoring,No Alert
2026-04-05,11.44,SCB-901,Good,0.0,11.432857142857143,0.0048795003647866,11.43,11.44,0.0099999999999997,100.0,Normal,0,Sunday,April,0.25,100.0,Normal,Healthy,Normal Operation,Continue Stream Monitoring,No Alert
2026-04-06,11.45,SCB-901,Good,0.0099999999999997,11.435714285714283,0.0078679579247253,11.43,11.45,0.0199999999999995,99.9,Normal,0,Monday,April,0.34,100.0,Normal,Healthy,Normal Operation,Continue Stream Monitoring,No Alert
2026-04-07,11.46,SCB-901,Good,0.0100000000000015,11.44,0.0115470053838179,11.43,11.46,0.0300000000000011,99.89999999999998,Normal,0,Tuesday,April,0.34,100.0,Normal,Healthy,Normal Operation,Continue Stream Monitoring,No Alert
2026-04-08,11.48,SCB-901,Good,0.0199999999999995,11.447142857142856,0.0179947082168693,11.43,11.48,0.0500000000000007,99.8,Normal,0,Wednesday,April,0.27,100.0,Normal,Healthy,Normal Operation,Continue Stream Monitoring,No Alert
2026-04-09,11.46,SCB-901,Good,-0.0199999999999995,11.45142857142857,0.0167616341969751,11.43,11.48,0.0500000000000007,99.8,Normal,0,Thursday,April,0.28,100.0,Normal,Healthy,Normal Operation,Continue Stream Monitoring,No Alert
2026-04-10,11.45,SCB-901,Good,-0.0100000000000015,11.454285714285716,0.0139727626201469,11.44,11.48,0.0400000000000009,99.89999999999998,Normal,0,Friday,April,0.33,100.0,Normal,Healthy,Normal Operation,Continue Stream Monitoring,No Alert
2026-04-11,11.45,SCB-901,Good,0.0,11.455714285714285,0.0127241802056425,11.44,11.48,0.0400000000000009,100.0,Normal,0,Saturday,April,0.34,100.0,Normal,Healthy,Normal Operation,Continue Stream Monitoring,No Alert
2026-04-12,11.46,SCB-901,Good,0.0100000000000015,11.45857142857143,0.0106904496765417,11.45,11.48,0.0300000000000011,99.89999999999998,Normal,0,Sunday,April,0.2,100.0,Normal,Healthy,Normal Operation,Continue Stream Monitoring,No Alert
2026-04-13,11.45,SCB-901,Good,-0.0100000000000015,11.45857142857143,0.0106904496765417,11.45,11.48,0.0300000000000011,99.89999999999998,Normal,0,Monday,April,0.23,100.0,Normal,Healthy,Normal Operation,Continue Stream Monitoring,No Alert
2026-04-14,11.46,SCB-901,Good,0.0100000000000015,11.458571428571428,0.0106904496765417,11.45,11.48,0.0300000000000011,99.89999999999998,Normal,0,Tuesday,April,0.26,100.0,Normal,Healthy,Normal Operation,Continue Stream Monitoring,No Alert
2026-04-15,11.46,SCB-901,Good,0.0,11.455714285714285,0.005345224838332,11.45,11.46,0.0100000000000015,100.0,Normal,0,Wednesday,April,0.26,100.0,Normal,Healthy,Normal Operation,Continue Stream Monitoring,No Alert
2026-04-16,11.47,SCB-901,Good,0.0099999999999997,11.457142857142856,0.0075592894602452,11.45,11.47,0.0200000000000013,99.9,Normal,0,Thursday,April,0.22,100.0,Normal,Healthy,Normal Operation,Continue Stream Monitoring,No Alert
2026-04-17,11.47,SCB-901,Good,0.0,11.46,0.0081649658093362,11.45,11.47,0.0200000000000013,100.0,Normal,0,Friday,April,0.25,100.0,Normal,Healthy,Normal Operation,Continue Stream Monitoring,No Alert
2026-04-18,11.47,SCB-901,Good,0.0,11.462857142857144,0.0075592894602511,11.45,11.47,0.0200000000000013,100.0,Normal,0,Saturday,April,0.22,100.0,Normal,Healthy,Normal Operation,Continue Stream Monitoring,No Alert
2026-04-19,11.48,SCB-901,Good,0.0099999999999997,11.465714285714286,0.0097590007295398,11.45,11.48,0.0300000000000011,99.9,Normal,0,Sunday,April,0.28,100.0,Normal,Healthy,Normal Operation,Continue Stream Monitoring,No Alert
2026-04-20,11.49,SCB-901,Good,0.0099999999999997,11.471428571428572,0.010690449676552,11.46,11.49,0.0299999999999993,99.9,Normal,0,Monday,April,0.27,100.0,Normal,Healthy,Normal Operation,Continue Stream Monitoring,No Alert
2026-04-21,11.49,SCB-901,Good,0.0,11.475714285714288,0.0113389341903332,11.46,11.49,0.0299999999999993,100.0,Normal,0,Tuesday,April,0.29,100.0,Normal,Healthy,Normal Operation,Continue Stream Monitoring,No Alert
2026-04-22,11.49,SCB-901,Good,0.0,11.48,0.0100000000000694,11.47,11.49,0.0199999999999995,100.0,Normal,0,Wednesday,April,0.34,100.0,Normal,Healthy,Normal Operation,Continue Stream Monitoring,No Alert
2026-04-23,11.5,SCB-901,Good,0.0099999999999997,11.484285714285717,0.0113389341903426,11.47,11.5,0.0299999999999993,99.9,Normal,0,Thursday,April,0.38,100.0,Normal,Healthy,Normal Operation,Continue Stream Monitoring,No Alert
2026-04-24,11.5,SCB-901,Good,0.0,11.48857142857143,0.010690449676572,11.47,11.5,0.0299999999999993,100.0,Normal,0,Friday,April,0.41,100.0,Normal,Healthy,Normal Operation,Continue Stream Monitoring,No Alert
2026-04-25,11.51,SCB-901,Good,0.0099999999999997,11.494285714285716,0.0097590007295757,11.48,11.51,0.0299999999999993,99.9,High,0,Saturday,April,0.6,75.0,Warning,Excessive Caustic Feed,Over-dosing Caustic Buffer,Calibrate Caustic Dosing Pump Feedback Controller,Alkaline Scrubber High pH
2026-04-26,11.52,SCB-901,Good,0.0099999999999997,11.5,0.011547005383876,11.49,11.52,0.0299999999999993,99.9,High,0,Sunday,April,0.0,75.0,Warning,Excessive Caustic Feed,Over-dosing Caustic Buffer,Calibrate Caustic Dosing Pump Feedback Controller,Alkaline Scrubber High pH
2026-04-27,11.52,SCB-901,Good,0.0,11.504285714285714,0.0127241802056875,11.49,11.52,0.0299999999999993,100.0,High,0,Monday,April,0.51,75.0,Warning,Excessive Caustic Feed,Over-dosing Caustic Buffer,Calibrate Caustic Dosing Pump Feedback Controller,Alkaline Scrubber High pH
2026-04-28,11.51,SCB-901,Good,-0.0099999999999997,11.507142857142856,0.0111269728053796,11.49,11.52,0.0299999999999993,99.9,High,0,Tuesday,April,0.34,75.0,Warning,Excessive Caustic Feed,Over-dosing Caustic Buffer,Calibrate Caustic Dosing Pump Feedback Controller,Alkaline Scrubber High pH
2026-04-29,11.51,SCB-901,Good,0.0,11.51,0.0081649658094136,11.5,11.52,0.0199999999999995,100.0,High,0,Wednesday,April,0.41,75.0,Warning,Excessive Caustic Feed,Over-dosing Caustic Buffer,Calibrate Caustic Dosing Pump Feedback Controller,Alkaline Scrubber High pH
2026-04-30,11.51,SCB-901,Good,0.0,11.51142857142857,0.0069006555935884,11.5,11.52,0.0199999999999995,100.0,High,0,Thursday,April,0.3,75.0,Warning,Excessive Caustic Feed,Over-dosing Caustic Buffer,Calibrate Caustic Dosing Pump Feedback Controller,Alkaline Scrubber High pH
2026-05-01,11.52,SCB-901,Good,0.0099999999999997,11.514285714285714,0.0053452248384706,11.51,11.52,0.0099999999999997,99.9,High,0,Friday,May,0.35,75.0,Warning,Excessive Caustic Feed,Over-dosing Caustic Buffer,Calibrate Caustic Dosing Pump Feedback Controller,Alkaline Scrubber High pH
2026-05-02,11.54,SCB-901,Good,0.0199999999999995,11.518571428571429,0.0106904496766144,11.51,11.54,0.0299999999999993,99.8,High,0,Saturday,May,0.36,75.0,Warning,Excessive Caustic Feed,Over-dosing Caustic Buffer,Calibrate Caustic Dosing Pump Feedback Controller,Alkaline Scrubber High pH
2026-05-03,11.53,SCB-901,Good,-0.0099999999999997,11.52,0.0115470053839032,11.51,11.54,0.0299999999999993,99.9,High,0,Sunday,May,0.27,75.0,Warning,Excessive Caustic Feed,Over-dosing Caustic Buffer,Calibrate Caustic Dosing Pump Feedback Controller,Alkaline Scrubber High pH
2026-05-04,11.53,SCB-901,Good,0.0,11.521428571428572,0.0121498579259861,11.51,11.54,0.0299999999999993,100.0,High,0,Monday,May,0.35,75.0,Warning,Excessive Caustic Feed,Over-dosing Caustic Buffer,Calibrate Caustic Dosing Pump Feedback Controller,Alkaline Scrubber High pH
2026-05-05,11.55,SCB-901,Good,0.0200000000000013,11.527142857142858,0.0149602648309551,11.51,11.55,0.0400000000000009,99.79999999999998,High,0,Tuesday,May,0.31,75.0,Warning,Excessive Caustic Feed,Over-dosing Caustic Buffer,Calibrate Caustic Dosing Pump Feedback Controller,Alkaline Scrubber High pH
2026-05-06,11.59,SCB-901,Good,0.0399999999999991,11.53857142857143,0.0260950643025754,11.51,11.59,0.08,99.6,High,0,Wednesday,May,0.4,75.0,Warning,Excessive Caustic Feed,Over-dosing Caustic Buffer,Calibrate Caustic Dosing Pump Feedback Controller,Alkaline Scrubber High pH
2026-05-07,11.63,SCB-901,Good,0.0400000000000009,11.555714285714286,0.0399404318359459,11.52,11.63,0.1100000000000012,99.6,High,0,Thursday,May,0.47,75.0,Warning,Excessive Caustic Feed,Over-dosing Caustic Buffer,Calibrate Caustic Dosing Pump Feedback Controller,Alkaline Scrubber High pH
2026-05-08,11.65,SCB-901,Good,0.0199999999999995,11.574285714285717,0.0496175852083626,11.53,11.65,0.120000000000001,99.8,High,0,Friday,May,0.33,75.0,Warning,Excessive Caustic Feed,Over-dosing Caustic Buffer,Calibrate Caustic Dosing Pump Feedback Controller,Alkaline Scrubber High pH
2026-05-09,11.65,SCB-901,Good,0.0,11.59,0.0541602560309513,11.53,11.65,0.120000000000001,100.0,High,0,Saturday,May,0.37,75.0,Warning,Excessive Caustic Feed,Over-dosing Caustic Buffer,Calibrate Caustic Dosing Pump Feedback Controller,Alkaline Scrubber High pH
2026-05-10,11.66,SCB-901,Good,0.0099999999999997,11.608571428571429,0.0524177360024688,11.53,11.66,0.1300000000000007,99.9,High,0,Sunday,May,0.39,75.0,Warning,Excessive Caustic Feed,Over-dosing Caustic Buffer,Calibrate Caustic Dosing Pump Feedback Controller,Alkaline Scrubber High pH
2026-05-11,11.68,SCB-901,Good,0.0199999999999995,11.63,0.0450924975282971,11.55,11.68,0.129999999999999,99.8,High,0,Monday,May,0.41,75.0,Warning,Excessive Caustic Feed,Over-dosing Caustic Buffer,Calibrate Caustic Dosing Pump Feedback Controller,Alkaline Scrubber High pH
2026-05-12,11.67,SCB-901,Good,-0.0099999999999997,11.647142857142857,0.029840847683719,11.59,11.68,0.0899999999999998,99.9,High,0,Tuesday,May,0.45,75.0,Warning,Excessive Caustic Feed,Over-dosing Caustic Buffer,Calibrate Caustic Dosing Pump Feedback Controller,Alkaline Scrubber High pH
2026-05-13,11.67,SCB-901,Good,0.0,11.65857142857143,0.0167616341971625,11.63,11.68,0.0499999999999989,100.0,High,0,Wednesday,May,0.24,75.0,Warning,Excessive Caustic Feed,Over-dosing Caustic Buffer,Calibrate Caustic Dosing Pump Feedback Controller,Alkaline Scrubber High pH
2026-05-14,11.67,SCB-901,Good,0.0,11.664285714285716,0.0113389341905984,11.65,11.68,0.0299999999999993,100.0,High,0,Thursday,May,0.32,75.0,Warning,Excessive Caustic Feed,Over-dosing Caustic Buffer,Calibrate Caustic Dosing Pump Feedback Controller,Alkaline Scrubber High pH
2026-05-15,11.67,SCB-901,Good,0.0,11.667142857142856,0.0095118973125018,11.65,11.68,0.0299999999999993,100.0,High,0,Friday,May,0.2,75.0,Warning,Excessive Caustic Feed,Over-dosing Caustic Buffer,Calibrate Caustic Dosing Pump Feedback Controller,Alkaline Scrubber High pH
2026-05-16,11.67,SCB-901,Good,0.0,11.67,0.0057735026925451,11.66,11.68,0.0199999999999995,100.0,High,0,Saturday,May,0.29,75.0,Warning,Excessive Caustic Feed,Over-dosing Caustic Buffer,Calibrate Caustic Dosing Pump Feedback Controller,Alkaline Scrubber High pH
2026-05-17,11.67,SCB-901,Good,0.0,11.671428571428573,0.0037796447310906,11.67,11.68,0.0099999999999997,100.0,High,0,Sunday,May,0.28,75.0,Warning,Excessive Caustic Feed,Over-dosing Caustic Buffer,Calibrate Caustic Dosing Pump Feedback Controller,Alkaline Scrubber High pH
2026-05-18,11.66,SCB-901,Good,-0.0099999999999997,11.668571428571427,0.0037796447310758,11.66,11.67,0.0099999999999997,99.9,High,0,Monday,May,0.29,75.0,Warning,Excessive Caustic Feed,Over-dosing Caustic Buffer,Calibrate Caustic Dosing Pump Feedback Controller,Alkaline Scrubber High pH
2026-05-19,11.66,SCB-901,Good,0.0,11.667142857142858,0.0048795003654987,11.66,11.67,0.0099999999999997,100.0,High,0,Tuesday,May,0.27,75.0,Warning,Excessive Caustic Feed,Over-dosing Caustic Buffer,Calibrate Caustic Dosing Pump Feedback Controller,Alkaline Scrubber High pH
2026-05-20,11.66,SCB-901,Good,0.0,11.665714285714284,0.0053452248389332,11.66,11.67,0.0099999999999997,100.0,High,0,Wednesday,May,0.31,75.0,Warning,Excessive Caustic Feed,Over-dosing Caustic Buffer,Calibrate Caustic Dosing Pump Feedback Controller,Alkaline Scrubber High pH
2026-05-21,11.66,SCB-901,Good,0.0,11.664285714285716,0.0053452248389277,11.66,11.67,0.0099999999999997,100.0,High,0,Thursday,May,0.34,75.0,Warning,Excessive Caustic Feed,Over-dosing Caustic Buffer,Calibrate Caustic Dosing Pump Feedback Controller,Alkaline Scrubber High pH
2026-05-22,11.66,SCB-901,Good,0.0,11.662857142857144,0.0048795003654807,11.66,11.67,0.0099999999999997,100.0,High,0,Friday,May,0.25,75.0,Warning,Excessive Caustic Feed,Over-dosing Caustic Buffer,Calibrate Caustic Dosing Pump Feedback Controller,Alkaline Scrubber High pH
2026-05-23,11.68,SCB-901,Good,0.0199999999999995,11.664285714285716,0.0078679579251553,11.66,11.68,0.0199999999999995,99.8,High,0,Saturday,May,0.19,75.0,Warning,Excessive Caustic Feed,Over-dosing Caustic Buffer,Calibrate Caustic Dosing Pump Feedback Controller,Alkaline Scrubber High pH
2026-05-24,11.68,SCB-901,Good,0.0,11.665714285714284,0.0097590007298596,11.66,11.68,0.0199999999999995,100.0,High,0,Sunday,May,0.35,75.0,Warning,Excessive Caustic Feed,Over-dosing Caustic Buffer,Calibrate Caustic Dosing Pump Feedback Controller,Alkaline Scrubber High pH
2026-05-25,11.68,SCB-901,Good,0.0,11.668571428571427,0.0106904496768435,11.66,11.68,0.0199999999999995,100.0,High,0,Monday,May,0.36,75.0,Warning,Excessive Caustic Feed,Over-dosing Caustic Buffer,Calibrate Caustic Dosing Pump Feedback Controller,Alkaline Scrubber High pH
2026-05-26,11.67,SCB-901,Good,-0.0099999999999997,11.67,0.0100000000003731,11.66,11.68,0.0199999999999995,99.9,High,0,Tuesday,May,0.3,75.0,Warning,Excessive Caustic Feed,Over-dosing Caustic Buffer,Calibrate Caustic Dosing Pump Feedback Controller,Alkaline Scrubber High pH
2026-05-27,11.68,SCB-901,Good,0.0099999999999997,11.672857142857142,0.0095118973125114,11.66,11.68,0.0199999999999995,99.9,High,0,Wednesday,May,0.41,75.0,Warning,Excessive Caustic Feed,Over-dosing Caustic Buffer,Calibrate Caustic Dosing Pump Feedback Controller,Alkaline Scrubber High pH
2026-05-28,11.68,SCB-901,Good,0.0,11.675714285714289,0.007867957925183,11.66,11.68,0.0199999999999995,100.0,High,0,Thursday,May,2.01,75.0,Warning,Excessive Caustic Feed,Over-dosing Caustic Buffer,Calibrate Caustic Dosing Pump Feedback Controller,Alkaline Scrubber High pH
2026-05-29,11.68,SCB-901,Good,0.0,11.678571428571429,0.0037796447311259,11.67,11.68,0.0099999999999997,100.0,High,0,Friday,May,0.31,75.0,Warning,Excessive Caustic Feed,Over-dosing Caustic Buffer,Calibrate Caustic Dosing Pump Feedback Controller,Alkaline Scrubber High pH
2026-05-30,11.67,SCB-901,Good,-0.0099999999999997,11.677142857142856,0.0048795003655369,11.67,11.68,0.0099999999999997,99.9,High,0,Saturday,May,0.3,75.0,Warning,Excessive Caustic Feed,Over-dosing Caustic Buffer,Calibrate Caustic Dosing Pump Feedback Controller,Alkaline Scrubber High pH
2026-05-31,11.67,SCB-901,Good,0.0,11.675714285714289,0.0053452248389677,11.67,11.68,0.0099999999999997,100.0,High,0,Sunday,May,0.29,75.0,Warning,Excessive Caustic Feed,Over-dosing Caustic Buffer,Calibrate Caustic Dosing Pump Feedback Controller,Alkaline Scrubber High pH
2026-06-01,11.67,SCB-901,Good,0.0,11.674285714285714,0.0053452248389622,11.67,11.68,0.0099999999999997,100.0,High,0,Monday,June,0.29,75.0,Warning,Excessive Caustic Feed,Over-dosing Caustic Buffer,Calibrate Caustic Dosing Pump Feedback Controller,Alkaline Scrubber High pH
2026-06-02,11.68,SCB-901,Good,0.0099999999999997,11.675714285714283,0.0053452248389677,11.67,11.68,0.0099999999999997,99.9,High,0,Tuesday,June,0.3,75.0,Warning,Excessive Caustic Feed,Over-dosing Caustic Buffer,Calibrate Caustic Dosing Pump Feedback Controller,Alkaline Scrubber High pH
2026-06-03,11.68,SCB-901,Good,0.0,11.675714285714289,0.0053452248389677,11.67,11.68,0.0099999999999997,100.0,High,0,Wednesday,June,0.27,75.0,Warning,Excessive Caustic Feed,Over-dosing Caustic Buffer,Calibrate Caustic Dosing Pump Feedback Controller,Alkaline Scrubber High pH
2026-06-04,11.68,SCB-901,Good,0.0,11.675714285714283,0.0053452248389677,11.67,11.68,0.0099999999999997,100.0,High,0,Thursday,June,0.24,75.0,Warning,Excessive Caustic Feed,Over-dosing Caustic Buffer,Calibrate Caustic Dosing Pump Feedback Controller,Alkaline Scrubber High pH
2026-06-05,11.67,SCB-901,Good,-0.0099999999999997,11.674285714285714,0.0053452248389622,11.67,11.68,0.0099999999999997,99.9,High,0,Friday,June,0.24,75.0,Warning,Excessive Caustic Feed,Over-dosing Caustic Buffer,Calibrate Caustic Dosing Pump Feedback Controller,Alkaline Scrubber High pH
2026-06-06,11.67,SCB-901,Good,0.0,11.674285714285714,0.0053452248389622,11.67,11.68,0.0099999999999997,100.0,High,0,Saturday,June,0.2333333333333333,75.0,Warning,Excessive Caustic Feed,Over-dosing Caustic Buffer,Calibrate Caustic Dosing Pump Feedback Controller,Alkaline Scrubber High pH
2026-06-07,11.67,SCB-901,Good,0.0,11.674285714285714,0.0053452248389622,11.67,11.68,0.0099999999999997,100.0,High,0,Sunday,June,0.2266666666666666,75.0,Warning,Excessive Caustic Feed,Over-dosing Caustic Buffer,Calibrate Caustic Dosing Pump Feedback Controller,Alkaline Scrubber High pH
2026-06-08,11.66,SCB-901,Good,-0.0099999999999997,11.672857142857142,0.0075592894606854,11.66,11.68,0.0199999999999995,99.9,High,0,Monday,June,0.22,75.0,Warning,Excessive Caustic Feed,Over-dosing Caustic Buffer,Calibrate Caustic Dosing Pump Feedback Controller,Alkaline Scrubber High pH
2026-06-09,11.66,SCB-901,Good,0.0,11.67,0.0081649658097342,11.66,11.68,0.0199999999999995,100.0,High,0,Tuesday,June,0.32,75.0,Warning,Excessive Caustic Feed,Over-dosing Caustic Buffer,Calibrate Caustic Dosing Pump Feedback Controller,Alkaline Scrubber High pH
2026-06-10,11.66,SCB-901,Good,0.0,11.667142857142858,0.0075592894606713,11.66,11.68,0.0199999999999995,100.0,High,0,Wednesday,June,0.31,75.0,Warning,Excessive Caustic Feed,Over-dosing Caustic Buffer,Calibrate Caustic Dosing Pump Feedback Controller,Alkaline Scrubber High pH
2026-06-11,11.67,SCB-901,Good,0.0099999999999997,11.665714285714287,0.0053452248389323,11.66,11.67,0.0099999999999997,99.9,High,0,Thursday,June,0.32,75.0,Warning,Excessive Caustic Feed,Over-dosing Caustic Buffer,Calibrate Caustic Dosing Pump Feedback Controller,Alkaline Scrubber High pH
2026-06-12,11.66,SCB-901,Good,-0.0099999999999997,11.664285714285716,0.0053452248389279,11.66,11.67,0.0099999999999997,99.9,High,0,Friday,June,0.36,75.0,Warning,Excessive Caustic Feed,Over-dosing Caustic Buffer,Calibrate Caustic Dosing Pump Feedback Controller,Alkaline Scrubber High pH
2026-06-13,11.66,SCB-901,Good,0.0,11.662857142857144,0.0048795003654819,11.66,11.67,0.0099999999999997,100.0,High,0,Saturday,June,0.29,75.0,Warning,Excessive Caustic Feed,Over-dosing Caustic Buffer,Calibrate Caustic Dosing Pump Feedback Controller,Alkaline Scrubber High pH
2026-06-14,11.66,SCB-901,Good,0.0,11.661428571428573,0.0037796447310401,11.66,11.67,0.0099999999999997,100.0,High,0,Sunday,June,0.29,75.0,Warning,Excessive Caustic Feed,Over-dosing Caustic Buffer,Calibrate Caustic Dosing Pump Feedback Controller,Alkaline Scrubber High pH
2026-06-15,11.66,SCB-901,Good,0.0,11.661428571428573,0.0037796447310401,11.66,11.67,0.0099999999999997,100.0,High,0,Monday,June,0.31,75.0,Warning,Excessive Caustic Feed,Over-dosing Caustic Buffer,Calibrate Caustic Dosing Pump Feedback Controller,Alkaline Scrubber High pH
2026-06-16,11.64,SCB-901,Good,-0.0199999999999995,11.65857142857143,0.0089973541088167,11.64,11.67,0.0299999999999993,99.8,High,0,Tuesday,June,0.24,75.0,Warning,Excessive Caustic Feed,Over-dosing Caustic Buffer,Calibrate Caustic Dosing Pump Feedback Controller,Alkaline Scrubber High pH
2026-06-17,11.63,SCB-901,Good,-0.0099999999999997,11.654285714285717,0.0139727626203623,11.63,11.67,0.0399999999999991,99.9,High,0,Wednesday,June,0.21,75.0,Warning,Excessive Caustic Feed,Over-dosing Caustic Buffer,Calibrate Caustic Dosing Pump Feedback Controller,Alkaline Scrubber High pH
2026-06-18,11.67,SCB-901,Good,0.0399999999999991,11.654285714285717,0.0139727626203623,11.63,11.67,0.0399999999999991,99.6,High,0,Thursday,June,0.36,75.0,Warning,Excessive Caustic Feed,Over-dosing Caustic Buffer,Calibrate Caustic Dosing Pump Feedback Controller,Alkaline Scrubber High pH
2026-06-19,11.67,SCB-901,Good,0.0,11.655714285714286,0.015118578920599,11.63,11.67,0.0399999999999991,100.0,High,0,Friday,June,0.26,75.0,Warning,Excessive Caustic Feed,Over-dosing Caustic Buffer,Calibrate Caustic Dosing Pump Feedback Controller,Alkaline Scrubber High pH
2026-06-20,11.66,SCB-901,Good,-0.0099999999999997,11.655714285714286,0.015118578920599,11.63,11.67,0.0399999999999991,99.9,High,0,Saturday,June,0.24,75.0,Warning,Excessive Caustic Feed,Over-dosing Caustic Buffer,Calibrate Caustic Dosing Pump Feedback Controller,Alkaline Scrubber High pH
2026-06-21,11.65,SCB-901,Good,-0.0099999999999997,11.654285714285717,0.0151185789205972,11.63,11.67,0.0399999999999991,99.9,High,0,Sunday,June,0.3,75.0,Warning,Excessive Caustic Feed,Over-dosing Caustic Buffer,Calibrate Caustic Dosing Pump Feedback Controller,Alkaline Scrubber High pH
2026-06-22,11.68,SCB-901,Good,0.0299999999999993,11.657142857142857,0.0179947082170434,11.63,11.68,0.0499999999999989,99.7,High,0,Monday,June,0.28,75.0,Warning,Excessive Caustic Feed,Over-dosing Caustic Buffer,Calibrate Caustic Dosing Pump Feedback Controller,Alkaline Scrubber High pH
2026-06-23,11.68,SCB-901,Good,0.0,11.662857142857144,0.0179947082170496,11.63,11.68,0.0499999999999989,100.0,High,0,Tuesday,June,0.37,75.0,Warning,Excessive Caustic Feed,Over-dosing Caustic Buffer,Calibrate Caustic Dosing Pump Feedback Controller,Alkaline Scrubber High pH
2026-06-24,11.69,SCB-901,Good,0.0099999999999997,11.671428571428573,0.0134518541829725,11.65,11.69,0.0399999999999991,99.9,High,0,Wednesday,June,0.27,75.0,Warning,Excessive Caustic Feed,Over-dosing Caustic Buffer,Calibrate Caustic Dosing Pump Feedback Controller,Alkaline Scrubber High pH
2026-06-25,11.68,SCB-901,Good,-0.0099999999999997,11.672857142857142,0.0138013111871235,11.65,11.69,0.0399999999999991,99.9,High,0,Thursday,June,0.33,75.0,Warning,Excessive Caustic Feed,Over-dosing Caustic Buffer,Calibrate Caustic Dosing Pump Feedback Controller,Alkaline Scrubber High pH
2026-06-26,11.67,SCB-901,Good,-0.0099999999999997,11.672857142857142,0.0138013111871235,11.65,11.69,0.0399999999999991,99.9,High,0,Friday,June,0.24,75.0,Warning,Excessive Caustic Feed,Over-dosing Caustic Buffer,Calibrate Caustic Dosing Pump Feedback Controller,Alkaline Scrubber High pH
2026-06-27,11.68,SCB-901,Good,0.0099999999999997,11.675714285714289,0.0127241802059114,11.65,11.69,0.0399999999999991,99.9,High,0,Saturday,June,0.34,75.0,Warning,Excessive Caustic Feed,Over-dosing Caustic Buffer,Calibrate Caustic Dosing Pump Feedback Controller,Alkaline Scrubber High pH
2026-06-28,11.7,SCB-901,Good,0.0199999999999995,11.68285714285714,0.0095118973125368,11.67,11.7,0.0299999999999993,99.8,High,0,Sunday,June,0.24,75.0,Warning,Excessive Caustic Feed,Over-dosing Caustic Buffer,Calibrate Caustic Dosing Pump Feedback Controller,Alkaline Scrubber High pH
2026-06-29,11.68,SCB-901,Good,-0.0199999999999995,11.682857142857143,0.0095118973125368,11.67,11.7,0.0299999999999993,99.8,High,0,Monday,June,0.44,75.0,Warning,Excessive Caustic Feed,Over-dosing Caustic Buffer,Calibrate Caustic Dosing Pump Feedback Controller,Alkaline Scrubber High pH
2026-06-30,11.68,SCB-901,Good,0.0,11.68285714285714,0.0095118973125368,11.67,11.7,0.0299999999999993,100.0,High,0,Tuesday,June,0.47,75.0,Warning,Excessive Caustic Feed,Over-dosing Caustic Buffer,Calibrate Caustic Dosing Pump Feedback Controller,Alkaline Scrubber High pH
