Timestamp,pH_Value,Scrubber_ID,Quality_Flag,pH_Change,pH_Rolling_Avg,pH_Rolling_Std,pH_Min_7,pH_Max_7,pH_Range_7,Stability_Index,pH_Status,Hour,Day_Name,Month_Name
2026-01-01,9.8,AMMONIA-SCRUBBER,Good,0.0,9.8,0.0,9.8,9.8,0.0,100.0,Normal,0,Thursday,January
2026-01-02,9.8,AMMONIA-SCRUBBER,Good,0.0,9.8,0.0,9.8,9.8,0.0,100.0,Normal,0,Friday,January
2026-01-03,9.8,AMMONIA-SCRUBBER,Good,0.0,9.8,0.0,9.8,9.8,0.0,100.0,Normal,0,Saturday,January
2026-01-04,9.8,AMMONIA-SCRUBBER,Good,0.0,9.8,0.0,9.8,9.8,0.0,100.0,Normal,0,Sunday,January
2026-01-05,9.8,AMMONIA-SCRUBBER,Good,0.0,9.8,0.0,9.8,9.8,0.0,100.0,Normal,0,Monday,January
2026-01-06,9.8,AMMONIA-SCRUBBER,Interpolated,0.0,9.8,0.0,9.8,9.8,0.0,100.0,Normal,0,Tuesday,January
2026-01-07,9.8,AMMONIA-SCRUBBER,Interpolated,0.0,9.8,0.0,9.8,9.8,0.0,100.0,Normal,0,Wednesday,January
2026-01-08,9.8,AMMONIA-SCRUBBER,Interpolated,0.0,9.8,0.0,9.8,9.8,0.0,100.0,Normal,0,Thursday,January
2026-01-09,9.8,AMMONIA-SCRUBBER,Good,0.0,9.8,0.0,9.8,9.8,0.0,100.0,Normal,0,Friday,January
2026-01-10,9.8,AMMONIA-SCRUBBER,Good,0.0,9.8,0.0,9.8,9.8,0.0,100.0,Normal,0,Saturday,January
2026-01-11,9.8,AMMONIA-SCRUBBER,Good,0.0,9.8,0.0,9.8,9.8,0.0,100.0,Normal,0,Sunday,January
2026-01-12,9.8,AMMONIA-SCRUBBER,Good,0.0,9.8,0.0,9.8,9.8,0.0,100.0,Normal,0,Monday,January
2026-01-13,9.8,AMMONIA-SCRUBBER,Good,0.0,9.8,0.0,9.8,9.8,0.0,100.0,Normal,0,Tuesday,January
2026-01-14,9.8,AMMONIA-SCRUBBER,Good,0.0,9.8,0.0,9.8,9.8,0.0,100.0,Normal,0,Wednesday,January
2026-01-15,9.8,AMMONIA-SCRUBBER,Good,0.0,9.8,0.0,9.8,9.8,0.0,100.0,Normal,0,Thursday,January
2026-01-16,9.8,AMMONIA-SCRUBBER,Good,0.0,9.8,0.0,9.8,9.8,0.0,100.0,Normal,0,Friday,January
2026-01-17,9.8,AMMONIA-SCRUBBER,Good,0.0,9.8,0.0,9.8,9.8,0.0,100.0,Normal,0,Saturday,January
2026-01-18,9.8,AMMONIA-SCRUBBER,Good,0.0,9.8,0.0,9.8,9.8,0.0,100.0,Normal,0,Sunday,January
2026-01-19,9.8,AMMONIA-SCRUBBER,Good,0.0,9.8,0.0,9.8,9.8,0.0,100.0,Normal,0,Monday,January
2026-01-20,9.8,AMMONIA-SCRUBBER,Good,0.0,9.8,0.0,9.8,9.8,0.0,100.0,Normal,0,Tuesday,January
2026-01-21,9.8,AMMONIA-SCRUBBER,Good,0.0,9.8,0.0,9.8,9.8,0.0,100.0,Normal,0,Wednesday,January
2026-01-22,9.8,AMMONIA-SCRUBBER,Good,0.0,9.8,0.0,9.8,9.8,0.0,100.0,Normal,0,Thursday,January
2026-01-23,9.8,AMMONIA-SCRUBBER,Good,0.0,9.8,0.0,9.8,9.8,0.0,100.0,Normal,0,Friday,January
2026-01-24,9.8,AMMONIA-SCRUBBER,Good,0.0,9.8,0.0,9.8,9.8,0.0,100.0,Normal,0,Saturday,January
2026-01-25,9.8,AMMONIA-SCRUBBER,Interpolated,0.0,9.8,0.0,9.8,9.8,0.0,100.0,Normal,0,Sunday,January
2026-01-26,9.8,AMMONIA-SCRUBBER,Interpolated,0.0,9.8,0.0,9.8,9.8,0.0,100.0,Normal,0,Monday,January
2026-01-27,9.8,AMMONIA-SCRUBBER,Interpolated,0.0,9.8,0.0,9.8,9.8,0.0,100.0,Normal,0,Tuesday,January
2026-01-28,,AMMONIA-SCRUBBER,Offline,0.0,9.8,0.0,9.8,9.8,0.0,100.0,Offline,0,Wednesday,January
2026-01-29,9.8,AMMONIA-SCRUBBER,Good,0.0,9.8,0.0,9.8,9.8,0.0,100.0,Normal,0,Thursday,January
2026-01-30,9.8,AMMONIA-SCRUBBER,Good,0.0,9.8,0.0,9.8,9.8,0.0,100.0,Normal,0,Friday,January
2026-01-31,9.8,AMMONIA-SCRUBBER,Good,0.0,9.8,0.0,9.8,9.8,0.0,100.0,Normal,0,Saturday,January
2026-02-01,9.8,AMMONIA-SCRUBBER,Good,0.0,9.8,0.0,9.8,9.8,0.0,100.0,Normal,0,Sunday,February
2026-02-02,9.8,AMMONIA-SCRUBBER,Good,0.0,9.8,0.0,9.8,9.8,0.0,100.0,Normal,0,Monday,February
2026-02-03,9.8,AMMONIA-SCRUBBER,Good,0.0,9.8,0.0,9.8,9.8,0.0,100.0,Normal,0,Tuesday,February
2026-02-04,9.8,AMMONIA-SCRUBBER,Good,0.0,9.8,0.0,9.8,9.8,0.0,100.0,Normal,0,Wednesday,February
2026-02-05,9.8,AMMONIA-SCRUBBER,Good,0.0,9.8,0.0,9.8,9.8,0.0,100.0,Normal,0,Thursday,February
2026-02-06,9.8,AMMONIA-SCRUBBER,Good,0.0,9.8,0.0,9.8,9.8,0.0,100.0,Normal,0,Friday,February
2026-02-07,9.8,AMMONIA-SCRUBBER,Good,0.0,9.8,0.0,9.8,9.8,0.0,100.0,Normal,0,Saturday,February
2026-02-08,9.8,AMMONIA-SCRUBBER,Good,0.0,9.8,0.0,9.8,9.8,0.0,100.0,Normal,0,Sunday,February
2026-02-09,9.8,AMMONIA-SCRUBBER,Good,0.0,9.8,0.0,9.8,9.8,0.0,100.0,Normal,0,Monday,February
2026-02-10,9.8,AMMONIA-SCRUBBER,Good,0.0,9.8,0.0,9.8,9.8,0.0,100.0,Normal,0,Tuesday,February
2026-02-11,9.8,AMMONIA-SCRUBBER,Good,0.0,9.8,0.0,9.8,9.8,0.0,100.0,Normal,0,Wednesday,February
2026-02-12,9.8,AMMONIA-SCRUBBER,Good,0.0,9.8,0.0,9.8,9.8,0.0,100.0,Normal,0,Thursday,February
2026-02-13,9.8,AMMONIA-SCRUBBER,Good,0.0,9.8,0.0,9.8,9.8,0.0,100.0,Normal,0,Friday,February
2026-02-14,9.8,AMMONIA-SCRUBBER,Good,0.0,9.8,0.0,9.8,9.8,0.0,100.0,Normal,0,Saturday,February
2026-02-15,9.8,AMMONIA-SCRUBBER,Good,0.0,9.8,0.0,9.8,9.8,0.0,100.0,Normal,0,Sunday,February
2026-02-16,9.8,AMMONIA-SCRUBBER,Good,0.0,9.8,0.0,9.8,9.8,0.0,100.0,Normal,0,Monday,February
2026-02-17,9.8,AMMONIA-SCRUBBER,Good,0.0,9.8,0.0,9.8,9.8,0.0,100.0,Normal,0,Tuesday,February
2026-02-18,9.8,AMMONIA-SCRUBBER,Interpolated,0.0,9.8,0.0,9.8,9.8,0.0,100.0,Normal,0,Wednesday,February
2026-02-19,9.8,AMMONIA-SCRUBBER,Interpolated,0.0,9.8,0.0,9.8,9.8,0.0,100.0,Normal,0,Thursday,February
2026-02-20,9.8,AMMONIA-SCRUBBER,Interpolated,0.0,9.8,0.0,9.8,9.8,0.0,100.0,Normal,0,Friday,February
2026-02-21,,AMMONIA-SCRUBBER,Offline,0.0,9.8,0.0,9.8,9.8,0.0,100.0,Offline,0,Saturday,February
2026-02-22,,AMMONIA-SCRUBBER,Offline,0.0,9.8,0.0,9.8,9.8,0.0,100.0,Offline,0,Sunday,February
2026-02-23,,AMMONIA-SCRUBBER,Offline,0.0,9.8,0.0,9.8,9.8,0.0,100.0,Offline,0,Monday,February
2026-02-24,,AMMONIA-SCRUBBER,Offline,0.0,9.8,0.0,9.8,9.8,0.0,100.0,Offline,0,Tuesday,February
2026-02-25,,AMMONIA-SCRUBBER,Offline,0.0,9.8,0.0,9.8,9.8,0.0,100.0,Offline,0,Wednesday,February
2026-02-26,,AMMONIA-SCRUBBER,Offline,0.0,9.8,0.0,9.8,9.8,0.0,100.0,Offline,0,Thursday,February
2026-02-27,,AMMONIA-SCRUBBER,Offline,0.0,,0.0,,,,100.0,Offline,0,Friday,February
2026-02-28,,AMMONIA-SCRUBBER,Offline,0.0,,0.0,,,,100.0,Offline,0,Saturday,February
2026-03-01,,AMMONIA-SCRUBBER,Offline,0.0,,0.0,,,,100.0,Offline,0,Sunday,March
2026-03-02,,AMMONIA-SCRUBBER,Offline,0.0,,0.0,,,,100.0,Offline,0,Monday,March
2026-03-03,,AMMONIA-SCRUBBER,Offline,0.0,,0.0,,,,100.0,Offline,0,Tuesday,March
2026-03-04,,AMMONIA-SCRUBBER,Offline,0.0,,0.0,,,,100.0,Offline,0,Wednesday,March
2026-03-05,,AMMONIA-SCRUBBER,Offline,0.0,,0.0,,,,100.0,Offline,0,Thursday,March
2026-03-06,,AMMONIA-SCRUBBER,Offline,0.0,,0.0,,,,100.0,Offline,0,Friday,March
2026-03-07,,AMMONIA-SCRUBBER,Offline,0.0,,0.0,,,,100.0,Offline,0,Saturday,March
2026-03-08,,AMMONIA-SCRUBBER,Offline,0.0,,0.0,,,,100.0,Offline,0,Sunday,March
2026-03-09,,AMMONIA-SCRUBBER,Offline,0.0,,0.0,,,,100.0,Offline,0,Monday,March
2026-03-10,,AMMONIA-SCRUBBER,Offline,0.0,,0.0,,,,100.0,Offline,0,Tuesday,March
2026-03-11,,AMMONIA-SCRUBBER,Offline,0.0,,0.0,,,,100.0,Offline,0,Wednesday,March
2026-03-12,,AMMONIA-SCRUBBER,Offline,0.0,,0.0,,,,100.0,Offline,0,Thursday,March
2026-03-13,,AMMONIA-SCRUBBER,Offline,0.0,,0.0,,,,100.0,Offline,0,Friday,March
2026-03-14,,AMMONIA-SCRUBBER,Offline,0.0,,0.0,,,,100.0,Offline,0,Saturday,March
2026-03-15,,AMMONIA-SCRUBBER,Offline,0.0,,0.0,,,,100.0,Offline,0,Sunday,March
2026-03-16,,AMMONIA-SCRUBBER,Offline,0.0,,0.0,,,,100.0,Offline,0,Monday,March
2026-03-17,,AMMONIA-SCRUBBER,Offline,0.0,,0.0,,,,100.0,Offline,0,Tuesday,March
2026-03-18,,AMMONIA-SCRUBBER,Offline,0.0,,0.0,,,,100.0,Offline,0,Wednesday,March
2026-03-19,,AMMONIA-SCRUBBER,Offline,0.0,,0.0,,,,100.0,Offline,0,Thursday,March
2026-03-20,,AMMONIA-SCRUBBER,Offline,0.0,,0.0,,,,100.0,Offline,0,Friday,March
2026-03-21,,AMMONIA-SCRUBBER,Offline,0.0,,0.0,,,,100.0,Offline,0,Saturday,March
2026-03-22,,AMMONIA-SCRUBBER,Offline,0.0,,0.0,,,,100.0,Offline,0,Sunday,March
2026-03-23,,AMMONIA-SCRUBBER,Offline,0.0,,0.0,,,,100.0,Offline,0,Monday,March
2026-03-24,,AMMONIA-SCRUBBER,Offline,0.0,,0.0,,,,100.0,Offline,0,Tuesday,March
2026-03-25,,AMMONIA-SCRUBBER,Offline,0.0,,0.0,,,,100.0,Offline,0,Wednesday,March
2026-03-26,,AMMONIA-SCRUBBER,Offline,0.0,,0.0,,,,100.0,Offline,0,Thursday,March
2026-03-27,,AMMONIA-SCRUBBER,Offline,0.0,,0.0,,,,100.0,Offline,0,Friday,March
2026-03-28,,AMMONIA-SCRUBBER,Offline,0.0,,0.0,,,,100.0,Offline,0,Saturday,March
2026-03-29,,AMMONIA-SCRUBBER,Offline,0.0,,0.0,,,,100.0,Offline,0,Sunday,March
2026-03-30,,AMMONIA-SCRUBBER,Offline,0.0,,0.0,,,,100.0,Offline,0,Monday,March
2026-03-31,,AMMONIA-SCRUBBER,Offline,0.0,,0.0,,,,100.0,Offline,0,Tuesday,March
2026-04-01,,AMMONIA-SCRUBBER,Offline,0.0,,0.0,,,,100.0,Offline,0,Wednesday,April
2026-04-02,,AMMONIA-SCRUBBER,Offline,0.0,,0.0,,,,100.0,Offline,0,Thursday,April
2026-04-03,,AMMONIA-SCRUBBER,Offline,0.0,,0.0,,,,100.0,Offline,0,Friday,April
2026-04-04,,AMMONIA-SCRUBBER,Offline,0.0,,0.0,,,,100.0,Offline,0,Saturday,April
2026-04-05,,AMMONIA-SCRUBBER,Offline,0.0,,0.0,,,,100.0,Offline,0,Sunday,April
2026-04-06,,AMMONIA-SCRUBBER,Offline,0.0,,0.0,,,,100.0,Offline,0,Monday,April
2026-04-07,,AMMONIA-SCRUBBER,Offline,0.0,,0.0,,,,100.0,Offline,0,Tuesday,April
2026-04-08,,AMMONIA-SCRUBBER,Offline,0.0,,0.0,,,,100.0,Offline,0,Wednesday,April
2026-04-09,,AMMONIA-SCRUBBER,Offline,0.0,,0.0,,,,100.0,Offline,0,Thursday,April
2026-04-10,,AMMONIA-SCRUBBER,Offline,0.0,,0.0,,,,100.0,Offline,0,Friday,April
2026-04-11,,AMMONIA-SCRUBBER,Offline,0.0,,0.0,,,,100.0,Offline,0,Saturday,April
2026-04-12,,AMMONIA-SCRUBBER,Offline,0.0,,0.0,,,,100.0,Offline,0,Sunday,April
2026-04-13,,AMMONIA-SCRUBBER,Offline,0.0,,0.0,,,,100.0,Offline,0,Monday,April
2026-04-14,,AMMONIA-SCRUBBER,Offline,0.0,,0.0,,,,100.0,Offline,0,Tuesday,April
2026-04-15,,AMMONIA-SCRUBBER,Offline,0.0,,0.0,,,,100.0,Offline,0,Wednesday,April
2026-04-16,,AMMONIA-SCRUBBER,Offline,0.0,,0.0,,,,100.0,Offline,0,Thursday,April
2026-04-17,,AMMONIA-SCRUBBER,Offline,0.0,,0.0,,,,100.0,Offline,0,Friday,April
2026-04-18,,AMMONIA-SCRUBBER,Offline,0.0,,0.0,,,,100.0,Offline,0,Saturday,April
2026-04-19,,AMMONIA-SCRUBBER,Offline,0.0,,0.0,,,,100.0,Offline,0,Sunday,April
2026-04-20,,AMMONIA-SCRUBBER,Offline,0.0,,0.0,,,,100.0,Offline,0,Monday,April
2026-04-21,,AMMONIA-SCRUBBER,Offline,0.0,,0.0,,,,100.0,Offline,0,Tuesday,April
2026-04-22,,AMMONIA-SCRUBBER,Offline,0.0,,0.0,,,,100.0,Offline,0,Wednesday,April
2026-04-23,,AMMONIA-SCRUBBER,Offline,0.0,,0.0,,,,100.0,Offline,0,Thursday,April
2026-04-24,,AMMONIA-SCRUBBER,Offline,0.0,,0.0,,,,100.0,Offline,0,Friday,April
2026-04-25,,AMMONIA-SCRUBBER,Offline,0.0,,0.0,,,,100.0,Offline,0,Saturday,April
2026-04-26,,AMMONIA-SCRUBBER,Offline,0.0,,0.0,,,,100.0,Offline,0,Sunday,April
2026-04-27,,AMMONIA-SCRUBBER,Offline,0.0,,0.0,,,,100.0,Offline,0,Monday,April
2026-04-28,,AMMONIA-SCRUBBER,Offline,0.0,,0.0,,,,100.0,Offline,0,Tuesday,April
2026-04-29,,AMMONIA-SCRUBBER,Offline,0.0,,0.0,,,,100.0,Offline,0,Wednesday,April
2026-04-30,,AMMONIA-SCRUBBER,Offline,0.0,,0.0,,,,100.0,Offline,0,Thursday,April
2026-05-01,,AMMONIA-SCRUBBER,Offline,0.0,,0.0,,,,100.0,Offline,0,Friday,May
2026-05-02,,AMMONIA-SCRUBBER,Offline,0.0,,0.0,,,,100.0,Offline,0,Saturday,May
2026-05-03,,AMMONIA-SCRUBBER,Offline,0.0,,0.0,,,,100.0,Offline,0,Sunday,May
2026-05-04,,AMMONIA-SCRUBBER,Offline,0.0,,0.0,,,,100.0,Offline,0,Monday,May
2026-05-05,,AMMONIA-SCRUBBER,Offline,0.0,,0.0,,,,100.0,Offline,0,Tuesday,May
2026-05-06,,AMMONIA-SCRUBBER,Offline,0.0,,0.0,,,,100.0,Offline,0,Wednesday,May
2026-05-07,,AMMONIA-SCRUBBER,Offline,0.0,,0.0,,,,100.0,Offline,0,Thursday,May
2026-05-08,,AMMONIA-SCRUBBER,Offline,0.0,,0.0,,,,100.0,Offline,0,Friday,May
2026-05-09,,AMMONIA-SCRUBBER,Offline,0.0,,0.0,,,,100.0,Offline,0,Saturday,May
2026-05-10,,AMMONIA-SCRUBBER,Offline,0.0,,0.0,,,,100.0,Offline,0,Sunday,May
2026-05-11,,AMMONIA-SCRUBBER,Offline,0.0,,0.0,,,,100.0,Offline,0,Monday,May
2026-05-12,,AMMONIA-SCRUBBER,Offline,0.0,,0.0,,,,100.0,Offline,0,Tuesday,May
2026-05-13,,AMMONIA-SCRUBBER,Offline,0.0,,0.0,,,,100.0,Offline,0,Wednesday,May
2026-05-14,,AMMONIA-SCRUBBER,Offline,0.0,,0.0,,,,100.0,Offline,0,Thursday,May
2026-05-15,,AMMONIA-SCRUBBER,Offline,0.0,,0.0,,,,100.0,Offline,0,Friday,May
2026-05-16,,AMMONIA-SCRUBBER,Offline,0.0,,0.0,,,,100.0,Offline,0,Saturday,May
2026-05-17,,AMMONIA-SCRUBBER,Offline,0.0,,0.0,,,,100.0,Offline,0,Sunday,May
2026-05-18,,AMMONIA-SCRUBBER,Offline,0.0,,0.0,,,,100.0,Offline,0,Monday,May
2026-05-19,,AMMONIA-SCRUBBER,Offline,0.0,,0.0,,,,100.0,Offline,0,Tuesday,May
2026-05-20,,AMMONIA-SCRUBBER,Offline,0.0,,0.0,,,,100.0,Offline,0,Wednesday,May
2026-05-21,,AMMONIA-SCRUBBER,Offline,0.0,,0.0,,,,100.0,Offline,0,Thursday,May
2026-05-22,,AMMONIA-SCRUBBER,Offline,0.0,,0.0,,,,100.0,Offline,0,Friday,May
2026-05-23,,AMMONIA-SCRUBBER,Offline,0.0,,0.0,,,,100.0,Offline,0,Saturday,May
2026-05-24,,AMMONIA-SCRUBBER,Offline,0.0,,0.0,,,,100.0,Offline,0,Sunday,May
2026-05-25,,AMMONIA-SCRUBBER,Offline,0.0,,0.0,,,,100.0,Offline,0,Monday,May
2026-05-26,,AMMONIA-SCRUBBER,Offline,0.0,,0.0,,,,100.0,Offline,0,Tuesday,May
2026-05-27,,AMMONIA-SCRUBBER,Offline,0.0,,0.0,,,,100.0,Offline,0,Wednesday,May
2026-05-28,,AMMONIA-SCRUBBER,Offline,0.0,,0.0,,,,100.0,Offline,0,Thursday,May
2026-05-29,,AMMONIA-SCRUBBER,Offline,0.0,,0.0,,,,100.0,Offline,0,Friday,May
2026-05-30,,AMMONIA-SCRUBBER,Offline,0.0,,0.0,,,,100.0,Offline,0,Saturday,May
2026-05-31,,AMMONIA-SCRUBBER,Offline,0.0,,0.0,,,,100.0,Offline,0,Sunday,May
2026-06-01,,AMMONIA-SCRUBBER,Offline,0.0,,0.0,,,,100.0,Offline,0,Monday,June
2026-06-02,,AMMONIA-SCRUBBER,Offline,0.0,,0.0,,,,100.0,Offline,0,Tuesday,June
2026-06-03,,AMMONIA-SCRUBBER,Offline,0.0,,0.0,,,,100.0,Offline,0,Wednesday,June
2026-06-04,,AMMONIA-SCRUBBER,Offline,0.0,,0.0,,,,100.0,Offline,0,Thursday,June
2026-06-05,,AMMONIA-SCRUBBER,Offline,0.0,,0.0,,,,100.0,Offline,0,Friday,June
2026-06-06,,AMMONIA-SCRUBBER,Offline,0.0,,0.0,,,,100.0,Offline,0,Saturday,June
2026-06-07,,AMMONIA-SCRUBBER,Offline,0.0,,0.0,,,,100.0,Offline,0,Sunday,June
2026-06-08,,AMMONIA-SCRUBBER,Offline,0.0,,0.0,,,,100.0,Offline,0,Monday,June
2026-06-09,,AMMONIA-SCRUBBER,Offline,0.0,,0.0,,,,100.0,Offline,0,Tuesday,June
2026-06-10,,AMMONIA-SCRUBBER,Offline,0.0,,0.0,,,,100.0,Offline,0,Wednesday,June
2026-06-11,,AMMONIA-SCRUBBER,Offline,0.0,,0.0,,,,100.0,Offline,0,Thursday,June
2026-06-12,,AMMONIA-SCRUBBER,Offline,0.0,,0.0,,,,100.0,Offline,0,Friday,June
2026-06-13,,AMMONIA-SCRUBBER,Offline,0.0,,0.0,,,,100.0,Offline,0,Saturday,June
2026-06-14,,AMMONIA-SCRUBBER,Offline,0.0,,0.0,,,,100.0,Offline,0,Sunday,June
2026-06-15,,AMMONIA-SCRUBBER,Offline,0.0,,0.0,,,,100.0,Offline,0,Monday,June
2026-06-16,,AMMONIA-SCRUBBER,Offline,0.0,,0.0,,,,100.0,Offline,0,Tuesday,June
2026-06-17,,AMMONIA-SCRUBBER,Offline,0.0,,0.0,,,,100.0,Offline,0,Wednesday,June
2026-06-18,,AMMONIA-SCRUBBER,Offline,0.0,,0.0,,,,100.0,Offline,0,Thursday,June
2026-06-19,,AMMONIA-SCRUBBER,Offline,0.0,,0.0,,,,100.0,Offline,0,Friday,June
2026-06-20,,AMMONIA-SCRUBBER,Offline,0.0,,0.0,,,,100.0,Offline,0,Saturday,June
2026-06-21,,AMMONIA-SCRUBBER,Offline,0.0,,0.0,,,,100.0,Offline,0,Sunday,June
2026-06-22,,AMMONIA-SCRUBBER,Offline,0.0,,0.0,,,,100.0,Offline,0,Monday,June
2026-06-23,,AMMONIA-SCRUBBER,Offline,0.0,,0.0,,,,100.0,Offline,0,Tuesday,June
2026-06-24,,AMMONIA-SCRUBBER,Offline,0.0,,0.0,,,,100.0,Offline,0,Wednesday,June
2026-06-25,,AMMONIA-SCRUBBER,Offline,0.0,,0.0,,,,100.0,Offline,0,Thursday,June
2026-06-26,,AMMONIA-SCRUBBER,Offline,0.0,,0.0,,,,100.0,Offline,0,Friday,June
2026-06-27,,AMMONIA-SCRUBBER,Offline,0.0,,0.0,,,,100.0,Offline,0,Saturday,June
2026-06-28,,AMMONIA-SCRUBBER,Offline,0.0,,0.0,,,,100.0,Offline,0,Sunday,June
2026-06-29,,AMMONIA-SCRUBBER,Offline,0.0,,0.0,,,,100.0,Offline,0,Monday,June
2026-06-30,,AMMONIA-SCRUBBER,Offline,0.0,,0.0,,,,100.0,Offline,0,Tuesday,June
2026-01-01,,FES-101,Offline,0.0,,0.0,,,,100.0,Offline,0,Thursday,January
2026-01-02,,FES-101,Offline,0.0,,0.0,,,,100.0,Offline,0,Friday,January
2026-01-03,,FES-101,Offline,0.0,,0.0,,,,100.0,Offline,0,Saturday,January
2026-01-04,,FES-101,Offline,0.0,,0.0,,,,100.0,Offline,0,Sunday,January
2026-01-05,,FES-101,Offline,0.0,,0.0,,,,100.0,Offline,0,Monday,January
2026-01-06,,FES-101,Offline,0.0,,0.0,,,,100.0,Offline,0,Tuesday,January
2026-01-07,,FES-101,Offline,0.0,,0.0,,,,100.0,Offline,0,Wednesday,January
2026-01-08,,FES-101,Offline,0.0,,0.0,,,,100.0,Offline,0,Thursday,January
2026-01-09,,FES-101,Offline,0.0,,0.0,,,,100.0,Offline,0,Friday,January
2026-01-10,,FES-101,Offline,0.0,,0.0,,,,100.0,Offline,0,Saturday,January
2026-01-11,,FES-101,Offline,0.0,,0.0,,,,100.0,Offline,0,Sunday,January
2026-01-12,,FES-101,Offline,0.0,,0.0,,,,100.0,Offline,0,Monday,January
2026-01-13,,FES-101,Offline,0.0,,0.0,,,,100.0,Offline,0,Tuesday,January
2026-01-14,,FES-101,Offline,0.0,,0.0,,,,100.0,Offline,0,Wednesday,January
2026-01-15,,FES-101,Offline,0.0,,0.0,,,,100.0,Offline,0,Thursday,January
2026-01-16,,FES-101,Offline,0.0,,0.0,,,,100.0,Offline,0,Friday,January
2026-01-17,,FES-101,Offline,0.0,,0.0,,,,100.0,Offline,0,Saturday,January
2026-01-18,,FES-101,Offline,0.0,,0.0,,,,100.0,Offline,0,Sunday,January
2026-01-19,,FES-101,Offline,0.0,,0.0,,,,100.0,Offline,0,Monday,January
2026-01-20,,FES-101,Offline,0.0,,0.0,,,,100.0,Offline,0,Tuesday,January
2026-01-21,,FES-101,Offline,0.0,,0.0,,,,100.0,Offline,0,Wednesday,January
2026-01-22,,FES-101,Offline,0.0,,0.0,,,,100.0,Offline,0,Thursday,January
2026-01-23,,FES-101,Offline,0.0,,0.0,,,,100.0,Offline,0,Friday,January
2026-01-24,,FES-101,Offline,0.0,,0.0,,,,100.0,Offline,0,Saturday,January
2026-01-25,,FES-101,Offline,0.0,,0.0,,,,100.0,Offline,0,Sunday,January
2026-01-26,,FES-101,Offline,0.0,,0.0,,,,100.0,Offline,0,Monday,January
2026-01-27,,FES-101,Offline,0.0,,0.0,,,,100.0,Offline,0,Tuesday,January
2026-01-28,,FES-101,Offline,0.0,,0.0,,,,100.0,Offline,0,Wednesday,January
2026-01-29,,FES-101,Offline,0.0,,0.0,,,,100.0,Offline,0,Thursday,January
2026-01-30,,FES-101,Offline,0.0,,0.0,,,,100.0,Offline,0,Friday,January
2026-01-31,,FES-101,Offline,0.0,,0.0,,,,100.0,Offline,0,Saturday,January
2026-02-01,,FES-101,Offline,0.0,,0.0,,,,100.0,Offline,0,Sunday,February
2026-02-02,,FES-101,Offline,0.0,,0.0,,,,100.0,Offline,0,Monday,February
2026-02-03,,FES-101,Offline,0.0,,0.0,,,,100.0,Offline,0,Tuesday,February
2026-02-04,,FES-101,Offline,0.0,,0.0,,,,100.0,Offline,0,Wednesday,February
2026-02-05,,FES-101,Offline,0.0,,0.0,,,,100.0,Offline,0,Thursday,February
2026-02-06,,FES-101,Offline,0.0,,0.0,,,,100.0,Offline,0,Friday,February
2026-02-07,,FES-101,Offline,0.0,,0.0,,,,100.0,Offline,0,Saturday,February
2026-02-08,,FES-101,Offline,0.0,,0.0,,,,100.0,Offline,0,Sunday,February
2026-02-09,,FES-101,Offline,0.0,,0.0,,,,100.0,Offline,0,Monday,February
2026-02-10,,FES-101,Offline,0.0,,0.0,,,,100.0,Offline,0,Tuesday,February
2026-02-11,,FES-101,Offline,0.0,,0.0,,,,100.0,Offline,0,Wednesday,February
2026-02-12,,FES-101,Offline,0.0,,0.0,,,,100.0,Offline,0,Thursday,February
2026-02-13,,FES-101,Offline,0.0,,0.0,,,,100.0,Offline,0,Friday,February
2026-02-14,,FES-101,Offline,0.0,,0.0,,,,100.0,Offline,0,Saturday,February
2026-02-15,,FES-101,Offline,0.0,,0.0,,,,100.0,Offline,0,Sunday,February
2026-02-16,,FES-101,Offline,0.0,,0.0,,,,100.0,Offline,0,Monday,February
2026-02-17,,FES-101,Offline,0.0,,0.0,,,,100.0,Offline,0,Tuesday,February
2026-02-18,,FES-101,Offline,0.0,,0.0,,,,100.0,Offline,0,Wednesday,February
2026-02-19,,FES-101,Offline,0.0,,0.0,,,,100.0,Offline,0,Thursday,February
2026-02-20,,FES-101,Offline,0.0,,0.0,,,,100.0,Offline,0,Friday,February
2026-02-21,,FES-101,Offline,0.0,,0.0,,,,100.0,Offline,0,Saturday,February
2026-02-22,,FES-101,Offline,0.0,,0.0,,,,100.0,Offline,0,Sunday,February
2026-02-23,,FES-101,Offline,0.0,,0.0,,,,100.0,Offline,0,Monday,February
2026-02-24,,FES-101,Offline,0.0,,0.0,,,,100.0,Offline,0,Tuesday,February
2026-02-25,,FES-101,Offline,0.0,,0.0,,,,100.0,Offline,0,Wednesday,February
2026-02-26,,FES-101,Offline,0.0,,0.0,,,,100.0,Offline,0,Thursday,February
2026-02-27,,FES-101,Offline,0.0,,0.0,,,,100.0,Offline,0,Friday,February
2026-02-28,,FES-101,Offline,0.0,,0.0,,,,100.0,Offline,0,Saturday,February
2026-03-01,,FES-101,Offline,0.0,,0.0,,,,100.0,Offline,0,Sunday,March
2026-03-02,,FES-101,Offline,0.0,,0.0,,,,100.0,Offline,0,Monday,March
2026-03-03,,FES-101,Offline,0.0,,0.0,,,,100.0,Offline,0,Tuesday,March
2026-03-04,,FES-101,Offline,0.0,,0.0,,,,100.0,Offline,0,Wednesday,March
2026-03-05,,FES-101,Offline,0.0,,0.0,,,,100.0,Offline,0,Thursday,March
2026-03-06,,FES-101,Offline,0.0,,0.0,,,,100.0,Offline,0,Friday,March
2026-03-07,,FES-101,Offline,0.0,,0.0,,,,100.0,Offline,0,Saturday,March
2026-03-08,,FES-101,Offline,0.0,,0.0,,,,100.0,Offline,0,Sunday,March
2026-03-09,,FES-101,Offline,0.0,,0.0,,,,100.0,Offline,0,Monday,March
2026-03-10,,FES-101,Offline,0.0,,0.0,,,,100.0,Offline,0,Tuesday,March
2026-03-11,,FES-101,Offline,0.0,,0.0,,,,100.0,Offline,0,Wednesday,March
2026-03-12,,FES-101,Offline,0.0,,0.0,,,,100.0,Offline,0,Thursday,March
2026-03-13,,FES-101,Offline,0.0,,0.0,,,,100.0,Offline,0,Friday,March
2026-03-14,,FES-101,Offline,0.0,,0.0,,,,100.0,Offline,0,Saturday,March
2026-03-15,,FES-101,Offline,0.0,,0.0,,,,100.0,Offline,0,Sunday,March
2026-03-16,,FES-101,Offline,0.0,,0.0,,,,100.0,Offline,0,Monday,March
2026-03-17,,FES-101,Offline,0.0,,0.0,,,,100.0,Offline,0,Tuesday,March
2026-03-18,,FES-101,Offline,0.0,,0.0,,,,100.0,Offline,0,Wednesday,March
2026-03-19,,FES-101,Offline,0.0,,0.0,,,,100.0,Offline,0,Thursday,March
2026-03-20,,FES-101,Offline,0.0,,0.0,,,,100.0,Offline,0,Friday,March
2026-03-21,,FES-101,Offline,0.0,,0.0,,,,100.0,Offline,0,Saturday,March
2026-03-22,,FES-101,Offline,0.0,,0.0,,,,100.0,Offline,0,Sunday,March
2026-03-23,,FES-101,Offline,0.0,,0.0,,,,100.0,Offline,0,Monday,March
2026-03-24,,FES-101,Offline,0.0,,0.0,,,,100.0,Offline,0,Tuesday,March
2026-03-25,,FES-101,Offline,0.0,,0.0,,,,100.0,Offline,0,Wednesday,March
2026-03-26,,FES-101,Offline,0.0,,0.0,,,,100.0,Offline,0,Thursday,March
2026-03-27,,FES-101,Offline,0.0,,0.0,,,,100.0,Offline,0,Friday,March
2026-03-28,,FES-101,Offline,0.0,,0.0,,,,100.0,Offline,0,Saturday,March
2026-03-29,,FES-101,Offline,0.0,,0.0,,,,100.0,Offline,0,Sunday,March
2026-03-30,,FES-101,Offline,0.0,,0.0,,,,100.0,Offline,0,Monday,March
2026-03-31,,FES-101,Offline,0.0,,0.0,,,,100.0,Offline,0,Tuesday,March
2026-04-01,,FES-101,Offline,0.0,,0.0,,,,100.0,Offline,0,Wednesday,April
2026-04-02,,FES-101,Offline,0.0,,0.0,,,,100.0,Offline,0,Thursday,April
2026-04-03,,FES-101,Offline,0.0,,0.0,,,,100.0,Offline,0,Friday,April
2026-04-04,,FES-101,Offline,0.0,,0.0,,,,100.0,Offline,0,Saturday,April
2026-04-05,,FES-101,Offline,0.0,,0.0,,,,100.0,Offline,0,Sunday,April
2026-04-06,,FES-101,Offline,0.0,,0.0,,,,100.0,Offline,0,Monday,April
2026-04-07,,FES-101,Offline,0.0,,0.0,,,,100.0,Offline,0,Tuesday,April
2026-04-08,,FES-101,Offline,0.0,,0.0,,,,100.0,Offline,0,Wednesday,April
2026-04-09,,FES-101,Offline,0.0,,0.0,,,,100.0,Offline,0,Thursday,April
2026-04-10,,FES-101,Offline,0.0,,0.0,,,,100.0,Offline,0,Friday,April
2026-04-11,,FES-101,Offline,0.0,,0.0,,,,100.0,Offline,0,Saturday,April
2026-04-12,,FES-101,Offline,0.0,,0.0,,,,100.0,Offline,0,Sunday,April
2026-04-13,,FES-101,Offline,0.0,,0.0,,,,100.0,Offline,0,Monday,April
2026-04-14,,FES-101,Offline,0.0,,0.0,,,,100.0,Offline,0,Tuesday,April
2026-04-15,,FES-101,Offline,0.0,,0.0,,,,100.0,Offline,0,Wednesday,April
2026-04-16,,FES-101,Offline,0.0,,0.0,,,,100.0,Offline,0,Thursday,April
2026-04-17,,FES-101,Offline,0.0,,0.0,,,,100.0,Offline,0,Friday,April
2026-04-18,,FES-101,Offline,0.0,,0.0,,,,100.0,Offline,0,Saturday,April
2026-04-19,,FES-101,Offline,0.0,,0.0,,,,100.0,Offline,0,Sunday,April
2026-04-20,,FES-101,Offline,0.0,,0.0,,,,100.0,Offline,0,Monday,April
2026-04-21,,FES-101,Offline,0.0,,0.0,,,,100.0,Offline,0,Tuesday,April
2026-04-22,,FES-101,Offline,0.0,,0.0,,,,100.0,Offline,0,Wednesday,April
2026-04-23,,FES-101,Offline,0.0,,0.0,,,,100.0,Offline,0,Thursday,April
2026-04-24,,FES-101,Offline,0.0,,0.0,,,,100.0,Offline,0,Friday,April
2026-04-25,,FES-101,Offline,0.0,,0.0,,,,100.0,Offline,0,Saturday,April
2026-04-26,,FES-101,Offline,0.0,,0.0,,,,100.0,Offline,0,Sunday,April
2026-04-27,,FES-101,Offline,0.0,,0.0,,,,100.0,Offline,0,Monday,April
2026-04-28,,FES-101,Offline,0.0,,0.0,,,,100.0,Offline,0,Tuesday,April
2026-04-29,,FES-101,Offline,0.0,,0.0,,,,100.0,Offline,0,Wednesday,April
2026-04-30,,FES-101,Offline,0.0,,0.0,,,,100.0,Offline,0,Thursday,April
2026-05-01,,FES-101,Offline,0.0,,0.0,,,,100.0,Offline,0,Friday,May
2026-05-02,,FES-101,Offline,0.0,,0.0,,,,100.0,Offline,0,Saturday,May
2026-05-03,,FES-101,Offline,0.0,,0.0,,,,100.0,Offline,0,Sunday,May
2026-05-04,,FES-101,Offline,0.0,,0.0,,,,100.0,Offline,0,Monday,May
2026-05-05,,FES-101,Offline,0.0,,0.0,,,,100.0,Offline,0,Tuesday,May
2026-05-06,,FES-101,Offline,0.0,,0.0,,,,100.0,Offline,0,Wednesday,May
2026-05-07,,FES-101,Offline,0.0,,0.0,,,,100.0,Offline,0,Thursday,May
2026-05-08,,FES-101,Offline,0.0,,0.0,,,,100.0,Offline,0,Friday,May
2026-05-09,,FES-101,Offline,0.0,,0.0,,,,100.0,Offline,0,Saturday,May
2026-05-10,,FES-101,Offline,0.0,,0.0,,,,100.0,Offline,0,Sunday,May
2026-05-11,,FES-101,Offline,0.0,,0.0,,,,100.0,Offline,0,Monday,May
2026-05-12,,FES-101,Offline,0.0,,0.0,,,,100.0,Offline,0,Tuesday,May
2026-05-13,,FES-101,Offline,0.0,,0.0,,,,100.0,Offline,0,Wednesday,May
2026-05-14,,FES-101,Offline,0.0,,0.0,,,,100.0,Offline,0,Thursday,May
2026-05-15,,FES-101,Offline,0.0,,0.0,,,,100.0,Offline,0,Friday,May
2026-05-16,,FES-101,Offline,0.0,,0.0,,,,100.0,Offline,0,Saturday,May
2026-05-17,,FES-101,Offline,0.0,,0.0,,,,100.0,Offline,0,Sunday,May
2026-05-18,,FES-101,Offline,0.0,,0.0,,,,100.0,Offline,0,Monday,May
2026-05-19,,FES-101,Offline,0.0,,0.0,,,,100.0,Offline,0,Tuesday,May
2026-05-20,,FES-101,Offline,0.0,,0.0,,,,100.0,Offline,0,Wednesday,May
2026-05-21,,FES-101,Offline,0.0,,0.0,,,,100.0,Offline,0,Thursday,May
2026-05-22,,FES-101,Offline,0.0,,0.0,,,,100.0,Offline,0,Friday,May
2026-05-23,,FES-101,Offline,0.0,,0.0,,,,100.0,Offline,0,Saturday,May
2026-05-24,,FES-101,Offline,0.0,,0.0,,,,100.0,Offline,0,Sunday,May
2026-05-25,,FES-101,Offline,0.0,,0.0,,,,100.0,Offline,0,Monday,May
2026-05-26,9.65,FES-101,Good,0.0,9.65,0.0,9.65,9.65,0.0,100.0,Normal,0,Tuesday,May
2026-05-27,9.65,FES-101,Good,0.0,9.65,0.0,9.65,9.65,0.0,100.0,Normal,0,Wednesday,May
2026-05-28,8.8,FES-101,Good,-0.8499999999999996,9.366666666666667,0.49074772881118167,8.8,9.65,0.8499999999999996,91.5,Low,0,Thursday,May
2026-05-29,3.06,FES-101,Good,-5.74,7.79,3.178689457412703,3.06,9.65,6.59,42.599999999999994,Low,0,Friday,May
2026-05-30,1.36,FES-101,Good,-1.7,6.5040000000000004,3.9808328274369926,1.36,9.65,8.290000000000001,83.0,Low,0,Saturday,May
2026-05-31,4.57,FES-101,Good,3.21,6.1816666666666675,3.64705589025815,1.36,9.65,8.290000000000001,67.9,Low,0,Sunday,May
2026-06-01,8.11,FES-101,Good,3.539999999999999,6.457142857142857,3.408135923960556,1.36,9.65,8.290000000000001,64.60000000000001,Low,0,Monday,June
2026-06-02,7.15,FES-101,Good,-0.9599999999999991,6.1000000000000005,3.138077968013754,1.36,9.65,8.290000000000001,90.4,Low,0,Tuesday,June
2026-06-03,9.74,FES-101,Good,2.59,6.112857142857143,3.155184697635065,1.36,9.74,8.38,74.1,Normal,0,Wednesday,June
2026-06-04,9.66,FES-101,Good,-0.08000000000000007,6.235714285714286,3.2910730628112623,1.36,9.74,8.38,99.2,Normal,0,Thursday,June
2026-06-05,9.61,FES-101,Good,-0.05000000000000071,7.171428571428571,3.1664566346387284,1.36,9.74,8.38,99.5,Normal,0,Friday,June
2026-06-06,9.64,FES-101,Good,0.030000000000001137,8.354285714285714,1.9444695689986795,4.57,9.74,5.17,99.69999999999999,Normal,0,Saturday,June
2026-06-07,9.62,FES-101,Good,-0.02000000000000135,9.075714285714286,1.0266264679823482,7.15,9.74,2.59,99.79999999999998,Normal,0,Sunday,June
2026-06-08,9.63,FES-101,Good,0.010000000000001563,9.292857142857143,0.9458984139556511,7.15,9.74,2.59,99.89999999999998,Normal,0,Monday,June
2026-06-09,9.64,FES-101,Good,0.009999999999999787,9.64857142857143,0.04336994790127469,9.61,9.74,0.13000000000000078,99.9,Normal,0,Tuesday,June
2026-06-10,9.64,FES-101,Good,0.0,9.634285714285713,0.01618347187446778,9.61,9.66,0.05000000000000071,100.0,Normal,0,Wednesday,June
2026-06-11,9.65,FES-101,Good,0.009999999999999787,9.632857142857144,0.013801311187098134,9.61,9.65,0.040000000000000924,99.9,Normal,0,Thursday,June
2026-06-12,9.63,FES-101,Good,-0.019999999999999574,9.635714285714286,0.009759000729839566,9.62,9.65,0.030000000000001137,99.80000000000001,Normal,0,Friday,June
2026-06-13,9.64,FES-101,Good,0.009999999999999787,9.635714285714286,0.009759000729839566,9.62,9.65,0.030000000000001137,99.9,Normal,0,Saturday,June
2026-06-14,9.7,FES-101,Good,0.05999999999999872,9.647142857142857,0.0242997158518992,9.63,9.7,0.06999999999999851,99.4,Normal,0,Sunday,June
2026-06-15,9.63,FES-101,Good,-0.06999999999999851,9.647142857142857,0.0242997158518992,9.63,9.7,0.06999999999999851,99.30000000000001,Normal,0,Monday,June
2026-06-16,9.61,FES-101,Good,-0.02000000000000135,9.642857142857142,0.028115408417504154,9.61,9.7,0.08999999999999986,99.79999999999998,Normal,0,Tuesday,June
2026-06-17,9.57,FES-101,Good,-0.03999999999999915,9.632857142857144,0.03946064947703918,9.57,9.7,0.129999999999999,99.60000000000001,Normal,0,Wednesday,June
2026-06-18,9.63,FES-101,Good,0.0600000000000005,9.629999999999999,0.03872983346216332,9.57,9.7,0.129999999999999,99.39999999999999,Normal,0,Thursday,June
2026-06-19,9.65,FES-101,Good,0.019999999999999574,9.632857142857144,0.03946064947703918,9.57,9.7,0.129999999999999,99.80000000000001,Normal,0,Friday,June
2026-06-20,9.66,FES-101,Good,0.009999999999999787,9.635714285714286,0.04076646614451213,9.57,9.7,0.129999999999999,99.9,Normal,0,Saturday,June
2026-06-21,9.66,FES-101,Good,0.0,9.629999999999999,0.03214550253675068,9.57,9.66,0.08999999999999986,100.0,Normal,0,Sunday,June
2026-06-22,9.72,FES-101,Good,0.0600000000000005,9.642857142857142,0.046802523334571286,9.57,9.72,0.15000000000000036,99.39999999999999,Normal,0,Monday,June
2026-06-23,9.8,FES-101,Good,0.08000000000000007,9.670000000000002,0.07257180352363782,9.57,9.8,0.23000000000000043,99.2,Normal,0,Tuesday,June
2026-06-24,9.8,FES-101,Good,0.0,9.702857142857143,0.07181324987179989,9.63,9.8,0.16999999999999993,100.0,Normal,0,Wednesday,June
2026-06-25,9.8,FES-101,Good,0.0,9.727142857142857,0.07181324987179956,9.65,9.8,0.15000000000000036,100.0,Normal,0,Thursday,June
2026-06-26,9.8,FES-101,Good,0.0,9.748571428571427,0.06718843437893393,9.66,9.8,0.14000000000000057,100.0,Normal,0,Friday,June
2026-06-27,9.8,FES-101,Good,0.0,9.76857142857143,0.05639993245526893,9.66,9.8,0.14000000000000057,100.0,Normal,0,Saturday,June
2026-06-28,9.8,FES-101,Good,0.0,9.78857142857143,0.030237157840844648,9.72,9.8,0.08000000000000007,100.0,Normal,0,Sunday,June
2026-06-29,9.8,FES-101,Good,0.0,9.8,8.016770770026259e-08,9.8,9.8,0.0,100.0,Normal,0,Monday,June
2026-06-30,9.8,FES-101,Good,0.0,9.8,8.016770770026259e-08,9.8,9.8,0.0,100.0,Normal,0,Tuesday,June
2026-01-01,9.5,FES-102,Good,0.0,9.5,0.0,9.5,9.5,0.0,100.0,Normal,0,Thursday,January
2026-01-02,9.5,FES-102,Good,0.0,9.5,0.0,9.5,9.5,0.0,100.0,Normal,0,Friday,January
2026-01-03,9.5,FES-102,Good,0.0,9.5,0.0,9.5,9.5,0.0,100.0,Normal,0,Saturday,January
2026-01-04,9.5,FES-102,Good,0.0,9.5,0.0,9.5,9.5,0.0,100.0,Normal,0,Sunday,January
2026-01-05,9.5,FES-102,Good,0.0,9.5,0.0,9.5,9.5,0.0,100.0,Normal,0,Monday,January
2026-01-06,9.5,FES-102,Interpolated,0.0,9.5,0.0,9.5,9.5,0.0,100.0,Normal,0,Tuesday,January
2026-01-07,9.5,FES-102,Interpolated,0.0,9.5,0.0,9.5,9.5,0.0,100.0,Normal,0,Wednesday,January
2026-01-08,9.5,FES-102,Interpolated,0.0,9.5,0.0,9.5,9.5,0.0,100.0,Normal,0,Thursday,January
2026-01-09,9.5,FES-102,Good,0.0,9.5,0.0,9.5,9.5,0.0,100.0,Normal,0,Friday,January
2026-01-10,9.5,FES-102,Good,0.0,9.5,0.0,9.5,9.5,0.0,100.0,Normal,0,Saturday,January
2026-01-11,9.5,FES-102,Good,0.0,9.5,0.0,9.5,9.5,0.0,100.0,Normal,0,Sunday,January
2026-01-12,9.5,FES-102,Good,0.0,9.5,0.0,9.5,9.5,0.0,100.0,Normal,0,Monday,January
2026-01-13,9.5,FES-102,Good,0.0,9.5,0.0,9.5,9.5,0.0,100.0,Normal,0,Tuesday,January
2026-01-14,9.5,FES-102,Good,0.0,9.5,0.0,9.5,9.5,0.0,100.0,Normal,0,Wednesday,January
2026-01-15,9.5,FES-102,Good,0.0,9.5,0.0,9.5,9.5,0.0,100.0,Normal,0,Thursday,January
2026-01-16,9.5,FES-102,Good,0.0,9.5,0.0,9.5,9.5,0.0,100.0,Normal,0,Friday,January
2026-01-17,9.5,FES-102,Good,0.0,9.5,0.0,9.5,9.5,0.0,100.0,Normal,0,Saturday,January
2026-01-18,9.5,FES-102,Good,0.0,9.5,0.0,9.5,9.5,0.0,100.0,Normal,0,Sunday,January
2026-01-19,9.5,FES-102,Good,0.0,9.5,0.0,9.5,9.5,0.0,100.0,Normal,0,Monday,January
2026-01-20,9.5,FES-102,Good,0.0,9.5,0.0,9.5,9.5,0.0,100.0,Normal,0,Tuesday,January
2026-01-21,9.5,FES-102,Good,0.0,9.5,0.0,9.5,9.5,0.0,100.0,Normal,0,Wednesday,January
2026-01-22,9.5,FES-102,Good,0.0,9.5,0.0,9.5,9.5,0.0,100.0,Normal,0,Thursday,January
2026-01-23,9.5,FES-102,Good,0.0,9.5,0.0,9.5,9.5,0.0,100.0,Normal,0,Friday,January
2026-01-24,9.5,FES-102,Good,0.0,9.5,0.0,9.5,9.5,0.0,100.0,Normal,0,Saturday,January
2026-01-25,9.5,FES-102,Interpolated,0.0,9.5,0.0,9.5,9.5,0.0,100.0,Normal,0,Sunday,January
2026-01-26,9.5,FES-102,Interpolated,0.0,9.5,0.0,9.5,9.5,0.0,100.0,Normal,0,Monday,January
2026-01-27,9.5,FES-102,Interpolated,0.0,9.5,0.0,9.5,9.5,0.0,100.0,Normal,0,Tuesday,January
2026-01-28,,FES-102,Offline,0.0,9.5,0.0,9.5,9.5,0.0,100.0,Offline,0,Wednesday,January
2026-01-29,9.5,FES-102,Good,0.0,9.5,0.0,9.5,9.5,0.0,100.0,Normal,0,Thursday,January
2026-01-30,9.5,FES-102,Good,0.0,9.5,0.0,9.5,9.5,0.0,100.0,Normal,0,Friday,January
2026-01-31,9.5,FES-102,Good,0.0,9.5,0.0,9.5,9.5,0.0,100.0,Normal,0,Saturday,January
2026-02-01,9.5,FES-102,Good,0.0,9.5,0.0,9.5,9.5,0.0,100.0,Normal,0,Sunday,February
2026-02-02,9.5,FES-102,Good,0.0,9.5,0.0,9.5,9.5,0.0,100.0,Normal,0,Monday,February
2026-02-03,9.5,FES-102,Good,0.0,9.5,0.0,9.5,9.5,0.0,100.0,Normal,0,Tuesday,February
2026-02-04,9.5,FES-102,Good,0.0,9.5,0.0,9.5,9.5,0.0,100.0,Normal,0,Wednesday,February
2026-02-05,9.5,FES-102,Good,0.0,9.5,0.0,9.5,9.5,0.0,100.0,Normal,0,Thursday,February
2026-02-06,9.5,FES-102,Good,0.0,9.5,0.0,9.5,9.5,0.0,100.0,Normal,0,Friday,February
2026-02-07,9.5,FES-102,Good,0.0,9.5,0.0,9.5,9.5,0.0,100.0,Normal,0,Saturday,February
2026-02-08,9.5,FES-102,Good,0.0,9.5,0.0,9.5,9.5,0.0,100.0,Normal,0,Sunday,February
2026-02-09,9.5,FES-102,Good,0.0,9.5,0.0,9.5,9.5,0.0,100.0,Normal,0,Monday,February
2026-02-10,9.5,FES-102,Good,0.0,9.5,0.0,9.5,9.5,0.0,100.0,Normal,0,Tuesday,February
2026-02-11,9.5,FES-102,Good,0.0,9.5,0.0,9.5,9.5,0.0,100.0,Normal,0,Wednesday,February
2026-02-12,9.5,FES-102,Good,0.0,9.5,0.0,9.5,9.5,0.0,100.0,Normal,0,Thursday,February
2026-02-13,9.5,FES-102,Good,0.0,9.5,0.0,9.5,9.5,0.0,100.0,Normal,0,Friday,February
2026-02-14,9.5,FES-102,Good,0.0,9.5,0.0,9.5,9.5,0.0,100.0,Normal,0,Saturday,February
2026-02-15,9.5,FES-102,Good,0.0,9.5,0.0,9.5,9.5,0.0,100.0,Normal,0,Sunday,February
2026-02-16,9.5,FES-102,Good,0.0,9.5,0.0,9.5,9.5,0.0,100.0,Normal,0,Monday,February
2026-02-17,9.5,FES-102,Good,0.0,9.5,0.0,9.5,9.5,0.0,100.0,Normal,0,Tuesday,February
2026-02-18,9.5,FES-102,Good,0.0,9.5,0.0,9.5,9.5,0.0,100.0,Normal,0,Wednesday,February
2026-02-19,9.5,FES-102,Good,0.0,9.5,0.0,9.5,9.5,0.0,100.0,Normal,0,Thursday,February
2026-02-20,9.5,FES-102,Good,0.0,9.5,0.0,9.5,9.5,0.0,100.0,Normal,0,Friday,February
2026-02-21,9.5,FES-102,Good,0.0,9.5,0.0,9.5,9.5,0.0,100.0,Normal,0,Saturday,February
2026-02-22,9.5,FES-102,Good,0.0,9.5,0.0,9.5,9.5,0.0,100.0,Normal,0,Sunday,February
2026-02-23,9.5,FES-102,Good,0.0,9.5,0.0,9.5,9.5,0.0,100.0,Normal,0,Monday,February
2026-02-24,9.5,FES-102,Good,0.0,9.5,0.0,9.5,9.5,0.0,100.0,Normal,0,Tuesday,February
2026-02-25,9.5,FES-102,Good,0.0,9.5,0.0,9.5,9.5,0.0,100.0,Normal,0,Wednesday,February
2026-02-26,9.5,FES-102,Good,0.0,9.5,0.0,9.5,9.5,0.0,100.0,Normal,0,Thursday,February
2026-02-27,9.5,FES-102,Good,0.0,9.5,0.0,9.5,9.5,0.0,100.0,Normal,0,Friday,February
2026-02-28,9.5,FES-102,Good,0.0,9.5,0.0,9.5,9.5,0.0,100.0,Normal,0,Saturday,February
2026-03-01,9.5,FES-102,Good,0.0,9.5,0.0,9.5,9.5,0.0,100.0,Normal,0,Sunday,March
2026-03-02,9.5,FES-102,Good,0.0,9.5,0.0,9.5,9.5,0.0,100.0,Normal,0,Monday,March
2026-03-03,9.5,FES-102,Good,0.0,9.5,0.0,9.5,9.5,0.0,100.0,Normal,0,Tuesday,March
2026-03-04,9.5,FES-102,Good,0.0,9.5,0.0,9.5,9.5,0.0,100.0,Normal,0,Wednesday,March
2026-03-05,9.5,FES-102,Good,0.0,9.5,0.0,9.5,9.5,0.0,100.0,Normal,0,Thursday,March
2026-03-06,9.5,FES-102,Good,0.0,9.5,0.0,9.5,9.5,0.0,100.0,Normal,0,Friday,March
2026-03-07,9.5,FES-102,Good,0.0,9.5,0.0,9.5,9.5,0.0,100.0,Normal,0,Saturday,March
2026-03-08,9.5,FES-102,Good,0.0,9.5,0.0,9.5,9.5,0.0,100.0,Normal,0,Sunday,March
2026-03-09,9.5,FES-102,Good,0.0,9.5,0.0,9.5,9.5,0.0,100.0,Normal,0,Monday,March
2026-03-10,9.5,FES-102,Good,0.0,9.5,0.0,9.5,9.5,0.0,100.0,Normal,0,Tuesday,March
2026-03-11,9.5,FES-102,Good,0.0,9.5,0.0,9.5,9.5,0.0,100.0,Normal,0,Wednesday,March
2026-03-12,9.5,FES-102,Good,0.0,9.5,0.0,9.5,9.5,0.0,100.0,Normal,0,Thursday,March
2026-03-13,9.5,FES-102,Good,0.0,9.5,0.0,9.5,9.5,0.0,100.0,Normal,0,Friday,March
2026-03-14,9.5,FES-102,Good,0.0,9.5,0.0,9.5,9.5,0.0,100.0,Normal,0,Saturday,March
2026-03-15,9.5,FES-102,Good,0.0,9.5,0.0,9.5,9.5,0.0,100.0,Normal,0,Sunday,March
2026-03-16,9.5,FES-102,Good,0.0,9.5,0.0,9.5,9.5,0.0,100.0,Normal,0,Monday,March
2026-03-17,9.5,FES-102,Good,0.0,9.5,0.0,9.5,9.5,0.0,100.0,Normal,0,Tuesday,March
2026-03-18,9.5,FES-102,Good,0.0,9.5,0.0,9.5,9.5,0.0,100.0,Normal,0,Wednesday,March
2026-03-19,9.5,FES-102,Good,0.0,9.5,0.0,9.5,9.5,0.0,100.0,Normal,0,Thursday,March
2026-03-20,9.5,FES-102,Good,0.0,9.5,0.0,9.5,9.5,0.0,100.0,Normal,0,Friday,March
2026-03-21,9.5,FES-102,Good,0.0,9.5,0.0,9.5,9.5,0.0,100.0,Normal,0,Saturday,March
2026-03-22,9.5,FES-102,Good,0.0,9.5,0.0,9.5,9.5,0.0,100.0,Normal,0,Sunday,March
2026-03-23,9.5,FES-102,Good,0.0,9.5,0.0,9.5,9.5,0.0,100.0,Normal,0,Monday,March
2026-03-24,9.5,FES-102,Good,0.0,9.5,0.0,9.5,9.5,0.0,100.0,Normal,0,Tuesday,March
2026-03-25,9.5,FES-102,Interpolated,0.0,9.5,0.0,9.5,9.5,0.0,100.0,Normal,0,Wednesday,March
2026-03-26,9.5,FES-102,Interpolated,0.0,9.5,0.0,9.5,9.5,0.0,100.0,Normal,0,Thursday,March
2026-03-27,9.5,FES-102,Interpolated,0.0,9.5,0.0,9.5,9.5,0.0,100.0,Normal,0,Friday,March
2026-03-28,9.5,FES-102,Good,0.0,9.5,0.0,9.5,9.5,0.0,100.0,Normal,0,Saturday,March
2026-03-29,9.5,FES-102,Good,0.0,9.5,0.0,9.5,9.5,0.0,100.0,Normal,0,Sunday,March
2026-03-30,9.5,FES-102,Good,0.0,9.5,0.0,9.5,9.5,0.0,100.0,Normal,0,Monday,March
2026-03-31,9.5,FES-102,Good,0.0,9.5,0.0,9.5,9.5,0.0,100.0,Normal,0,Tuesday,March
2026-04-01,9.5,FES-102,Good,0.0,9.5,0.0,9.5,9.5,0.0,100.0,Normal,0,Wednesday,April
2026-04-02,9.5,FES-102,Good,0.0,9.5,0.0,9.5,9.5,0.0,100.0,Normal,0,Thursday,April
2026-04-03,9.5,FES-102,Good,0.0,9.5,0.0,9.5,9.5,0.0,100.0,Normal,0,Friday,April
2026-04-04,9.5,FES-102,Good,0.0,9.5,0.0,9.5,9.5,0.0,100.0,Normal,0,Saturday,April
2026-04-05,9.5,FES-102,Good,0.0,9.5,0.0,9.5,9.5,0.0,100.0,Normal,0,Sunday,April
2026-04-06,9.5,FES-102,Good,0.0,9.5,0.0,9.5,9.5,0.0,100.0,Normal,0,Monday,April
2026-04-07,9.5,FES-102,Good,0.0,9.5,0.0,9.5,9.5,0.0,100.0,Normal,0,Tuesday,April
2026-04-08,9.5,FES-102,Good,0.0,9.5,0.0,9.5,9.5,0.0,100.0,Normal,0,Wednesday,April
2026-04-09,9.5,FES-102,Good,0.0,9.5,0.0,9.5,9.5,0.0,100.0,Normal,0,Thursday,April
2026-04-10,9.5,FES-102,Good,0.0,9.5,0.0,9.5,9.5,0.0,100.0,Normal,0,Friday,April
2026-04-11,9.5,FES-102,Good,0.0,9.5,0.0,9.5,9.5,0.0,100.0,Normal,0,Saturday,April
2026-04-12,9.5,FES-102,Interpolated,0.0,9.5,0.0,9.5,9.5,0.0,100.0,Normal,0,Sunday,April
2026-04-13,9.5,FES-102,Good,0.0,9.5,0.0,9.5,9.5,0.0,100.0,Normal,0,Monday,April
2026-04-14,9.5,FES-102,Good,0.0,9.5,0.0,9.5,9.5,0.0,100.0,Normal,0,Tuesday,April
2026-04-15,9.5,FES-102,Good,0.0,9.5,0.0,9.5,9.5,0.0,100.0,Normal,0,Wednesday,April
2026-04-16,9.5,FES-102,Good,0.0,9.5,0.0,9.5,9.5,0.0,100.0,Normal,0,Thursday,April
2026-04-17,9.5,FES-102,Good,0.0,9.5,0.0,9.5,9.5,0.0,100.0,Normal,0,Friday,April
2026-04-18,9.5,FES-102,Good,0.0,9.5,0.0,9.5,9.5,0.0,100.0,Normal,0,Saturday,April
2026-04-19,9.5,FES-102,Good,0.0,9.5,0.0,9.5,9.5,0.0,100.0,Normal,0,Sunday,April
2026-04-20,9.5,FES-102,Good,0.0,9.5,0.0,9.5,9.5,0.0,100.0,Normal,0,Monday,April
2026-04-21,9.5,FES-102,Good,0.0,9.5,0.0,9.5,9.5,0.0,100.0,Normal,0,Tuesday,April
2026-04-22,9.5,FES-102,Good,0.0,9.5,0.0,9.5,9.5,0.0,100.0,Normal,0,Wednesday,April
2026-04-23,9.5,FES-102,Good,0.0,9.5,0.0,9.5,9.5,0.0,100.0,Normal,0,Thursday,April
2026-04-24,9.5,FES-102,Good,0.0,9.5,0.0,9.5,9.5,0.0,100.0,Normal,0,Friday,April
2026-04-25,9.5,FES-102,Good,0.0,9.5,0.0,9.5,9.5,0.0,100.0,Normal,0,Saturday,April
2026-04-26,9.5,FES-102,Good,0.0,9.5,0.0,9.5,9.5,0.0,100.0,Normal,0,Sunday,April
2026-04-27,9.5,FES-102,Good,0.0,9.5,0.0,9.5,9.5,0.0,100.0,Normal,0,Monday,April
2026-04-28,9.5,FES-102,Good,0.0,9.5,0.0,9.5,9.5,0.0,100.0,Normal,0,Tuesday,April
2026-04-29,9.5,FES-102,Good,0.0,9.5,0.0,9.5,9.5,0.0,100.0,Normal,0,Wednesday,April
2026-04-30,9.5,FES-102,Good,0.0,9.5,0.0,9.5,9.5,0.0,100.0,Normal,0,Thursday,April
2026-05-01,9.5,FES-102,Good,0.0,9.5,0.0,9.5,9.5,0.0,100.0,Normal,0,Friday,May
2026-05-02,9.5,FES-102,Good,0.0,9.5,0.0,9.5,9.5,0.0,100.0,Normal,0,Saturday,May
2026-05-03,9.5,FES-102,Good,0.0,9.5,0.0,9.5,9.5,0.0,100.0,Normal,0,Sunday,May
2026-05-04,9.5,FES-102,Good,0.0,9.5,0.0,9.5,9.5,0.0,100.0,Normal,0,Monday,May
2026-05-05,9.5,FES-102,Good,0.0,9.5,0.0,9.5,9.5,0.0,100.0,Normal,0,Tuesday,May
2026-05-06,9.5,FES-102,Good,0.0,9.5,0.0,9.5,9.5,0.0,100.0,Normal,0,Wednesday,May
2026-05-07,9.5,FES-102,Good,0.0,9.5,0.0,9.5,9.5,0.0,100.0,Normal,0,Thursday,May
2026-05-08,9.5,FES-102,Good,0.0,9.5,0.0,9.5,9.5,0.0,100.0,Normal,0,Friday,May
2026-05-09,9.5,FES-102,Good,0.0,9.5,0.0,9.5,9.5,0.0,100.0,Normal,0,Saturday,May
2026-05-10,9.5,FES-102,Good,0.0,9.5,0.0,9.5,9.5,0.0,100.0,Normal,0,Sunday,May
2026-05-11,9.5,FES-102,Good,0.0,9.5,0.0,9.5,9.5,0.0,100.0,Normal,0,Monday,May
2026-05-12,9.5,FES-102,Good,0.0,9.5,0.0,9.5,9.5,0.0,100.0,Normal,0,Tuesday,May
2026-05-13,9.5,FES-102,Good,0.0,9.5,0.0,9.5,9.5,0.0,100.0,Normal,0,Wednesday,May
2026-05-14,9.5,FES-102,Good,0.0,9.5,0.0,9.5,9.5,0.0,100.0,Normal,0,Thursday,May
2026-05-15,9.5,FES-102,Good,0.0,9.5,0.0,9.5,9.5,0.0,100.0,Normal,0,Friday,May
2026-05-16,9.5,FES-102,Good,0.0,9.5,0.0,9.5,9.5,0.0,100.0,Normal,0,Saturday,May
2026-05-17,9.5,FES-102,Good,0.0,9.5,0.0,9.5,9.5,0.0,100.0,Normal,0,Sunday,May
2026-05-18,9.5,FES-102,Good,0.0,9.5,0.0,9.5,9.5,0.0,100.0,Normal,0,Monday,May
2026-05-19,9.5,FES-102,Good,0.0,9.5,0.0,9.5,9.5,0.0,100.0,Normal,0,Tuesday,May
2026-05-20,9.5,FES-102,Good,0.0,9.5,0.0,9.5,9.5,0.0,100.0,Normal,0,Wednesday,May
2026-05-21,9.5,FES-102,Good,0.0,9.5,0.0,9.5,9.5,0.0,100.0,Normal,0,Thursday,May
2026-05-22,9.5,FES-102,Good,0.0,9.5,0.0,9.5,9.5,0.0,100.0,Normal,0,Friday,May
2026-05-23,9.5,FES-102,Good,0.0,9.5,0.0,9.5,9.5,0.0,100.0,Normal,0,Saturday,May
2026-05-24,9.5,FES-102,Good,0.0,9.5,0.0,9.5,9.5,0.0,100.0,Normal,0,Sunday,May
2026-05-25,9.5,FES-102,Good,0.0,9.5,0.0,9.5,9.5,0.0,100.0,Normal,0,Monday,May
2026-05-26,9.5,FES-102,Good,0.0,9.5,0.0,9.5,9.5,0.0,100.0,Normal,0,Tuesday,May
2026-05-27,9.5,FES-102,Good,0.0,9.5,0.0,9.5,9.5,0.0,100.0,Normal,0,Wednesday,May
2026-05-28,9.5,FES-102,Good,0.0,9.5,0.0,9.5,9.5,0.0,100.0,Normal,0,Thursday,May
2026-05-29,9.5,FES-102,Good,0.0,9.5,0.0,9.5,9.5,0.0,100.0,Normal,0,Friday,May
2026-05-30,9.5,FES-102,Good,0.0,9.5,0.0,9.5,9.5,0.0,100.0,Normal,0,Saturday,May
2026-05-31,9.5,FES-102,Good,0.0,9.5,0.0,9.5,9.5,0.0,100.0,Normal,0,Sunday,May
2026-06-01,9.5,FES-102,Good,0.0,9.5,0.0,9.5,9.5,0.0,100.0,Normal,0,Monday,June
2026-06-02,9.5,FES-102,Good,0.0,9.5,0.0,9.5,9.5,0.0,100.0,Normal,0,Tuesday,June
2026-06-03,9.5,FES-102,Good,0.0,9.5,0.0,9.5,9.5,0.0,100.0,Normal,0,Wednesday,June
2026-06-04,9.5,FES-102,Good,0.0,9.5,0.0,9.5,9.5,0.0,100.0,Normal,0,Thursday,June
2026-06-05,9.5,FES-102,Good,0.0,9.5,0.0,9.5,9.5,0.0,100.0,Normal,0,Friday,June
2026-06-06,9.5,FES-102,Good,0.0,9.5,0.0,9.5,9.5,0.0,100.0,Normal,0,Saturday,June
2026-06-07,9.5,FES-102,Good,0.0,9.5,0.0,9.5,9.5,0.0,100.0,Normal,0,Sunday,June
2026-06-08,9.5,FES-102,Good,0.0,9.5,0.0,9.5,9.5,0.0,100.0,Normal,0,Monday,June
2026-06-09,9.5,FES-102,Good,0.0,9.5,0.0,9.5,9.5,0.0,100.0,Normal,0,Tuesday,June
2026-06-10,9.5,FES-102,Good,0.0,9.5,0.0,9.5,9.5,0.0,100.0,Normal,0,Wednesday,June
2026-06-11,9.5,FES-102,Good,0.0,9.5,0.0,9.5,9.5,0.0,100.0,Normal,0,Thursday,June
2026-06-12,9.5,FES-102,Good,0.0,9.5,0.0,9.5,9.5,0.0,100.0,Normal,0,Friday,June
2026-06-13,9.5,FES-102,Good,0.0,9.5,0.0,9.5,9.5,0.0,100.0,Normal,0,Saturday,June
2026-06-14,9.5,FES-102,Good,0.0,9.5,0.0,9.5,9.5,0.0,100.0,Normal,0,Sunday,June
2026-06-15,9.5,FES-102,Good,0.0,9.5,0.0,9.5,9.5,0.0,100.0,Normal,0,Monday,June
2026-06-16,9.5,FES-102,Good,0.0,9.5,0.0,9.5,9.5,0.0,100.0,Normal,0,Tuesday,June
2026-06-17,9.5,FES-102,Good,0.0,9.5,0.0,9.5,9.5,0.0,100.0,Normal,0,Wednesday,June
2026-06-18,9.5,FES-102,Good,0.0,9.5,0.0,9.5,9.5,0.0,100.0,Normal,0,Thursday,June
2026-06-19,9.5,FES-102,Good,0.0,9.5,0.0,9.5,9.5,0.0,100.0,Normal,0,Friday,June
2026-06-20,9.5,FES-102,Good,0.0,9.5,0.0,9.5,9.5,0.0,100.0,Normal,0,Saturday,June
2026-06-21,9.5,FES-102,Good,0.0,9.5,0.0,9.5,9.5,0.0,100.0,Normal,0,Sunday,June
2026-06-22,9.5,FES-102,Good,0.0,9.5,0.0,9.5,9.5,0.0,100.0,Normal,0,Monday,June
2026-06-23,9.5,FES-102,Good,0.0,9.5,0.0,9.5,9.5,0.0,100.0,Normal,0,Tuesday,June
2026-06-24,9.5,FES-102,Good,0.0,9.5,0.0,9.5,9.5,0.0,100.0,Normal,0,Wednesday,June
2026-06-25,9.5,FES-102,Good,0.0,9.5,0.0,9.5,9.5,0.0,100.0,Normal,0,Thursday,June
2026-06-26,9.5,FES-102,Good,0.0,9.5,0.0,9.5,9.5,0.0,100.0,Normal,0,Friday,June
2026-06-27,9.5,FES-102,Good,0.0,9.5,0.0,9.5,9.5,0.0,100.0,Normal,0,Saturday,June
2026-06-28,9.5,FES-102,Good,0.0,9.5,0.0,9.5,9.5,0.0,100.0,Normal,0,Sunday,June
2026-06-29,9.5,FES-102,Good,0.0,9.5,0.0,9.5,9.5,0.0,100.0,Normal,0,Monday,June
2026-06-30,9.5,FES-102,Good,0.0,9.5,0.0,9.5,9.5,0.0,100.0,Normal,0,Tuesday,June
2026-01-01,,GCB-6-SCRUBBER,Offline,0.0,,0.0,,,,100.0,Offline,0,Thursday,January
2026-01-02,,GCB-6-SCRUBBER,Offline,0.0,,0.0,,,,100.0,Offline,0,Friday,January
2026-01-03,,GCB-6-SCRUBBER,Offline,0.0,,0.0,,,,100.0,Offline,0,Saturday,January
2026-01-04,,GCB-6-SCRUBBER,Offline,0.0,,0.0,,,,100.0,Offline,0,Sunday,January
2026-01-05,,GCB-6-SCRUBBER,Offline,0.0,,0.0,,,,100.0,Offline,0,Monday,January
2026-01-06,,GCB-6-SCRUBBER,Offline,0.0,,0.0,,,,100.0,Offline,0,Tuesday,January
2026-01-07,,GCB-6-SCRUBBER,Offline,0.0,,0.0,,,,100.0,Offline,0,Wednesday,January
2026-01-08,,GCB-6-SCRUBBER,Offline,0.0,,0.0,,,,100.0,Offline,0,Thursday,January
2026-01-09,,GCB-6-SCRUBBER,Offline,0.0,,0.0,,,,100.0,Offline,0,Friday,January
2026-01-10,,GCB-6-SCRUBBER,Offline,0.0,,0.0,,,,100.0,Offline,0,Saturday,January
2026-01-11,,GCB-6-SCRUBBER,Offline,0.0,,0.0,,,,100.0,Offline,0,Sunday,January
2026-01-12,,GCB-6-SCRUBBER,Offline,0.0,,0.0,,,,100.0,Offline,0,Monday,January
2026-01-13,,GCB-6-SCRUBBER,Offline,0.0,,0.0,,,,100.0,Offline,0,Tuesday,January
2026-01-14,,GCB-6-SCRUBBER,Offline,0.0,,0.0,,,,100.0,Offline,0,Wednesday,January
2026-01-15,,GCB-6-SCRUBBER,Offline,0.0,,0.0,,,,100.0,Offline,0,Thursday,January
2026-01-16,,GCB-6-SCRUBBER,Offline,0.0,,0.0,,,,100.0,Offline,0,Friday,January
2026-01-17,,GCB-6-SCRUBBER,Offline,0.0,,0.0,,,,100.0,Offline,0,Saturday,January
2026-01-18,,GCB-6-SCRUBBER,Offline,0.0,,0.0,,,,100.0,Offline,0,Sunday,January
2026-01-19,,GCB-6-SCRUBBER,Offline,0.0,,0.0,,,,100.0,Offline,0,Monday,January
2026-01-20,,GCB-6-SCRUBBER,Offline,0.0,,0.0,,,,100.0,Offline,0,Tuesday,January
2026-01-21,,GCB-6-SCRUBBER,Offline,0.0,,0.0,,,,100.0,Offline,0,Wednesday,January
2026-01-22,,GCB-6-SCRUBBER,Offline,0.0,,0.0,,,,100.0,Offline,0,Thursday,January
2026-01-23,,GCB-6-SCRUBBER,Offline,0.0,,0.0,,,,100.0,Offline,0,Friday,January
2026-01-24,,GCB-6-SCRUBBER,Offline,0.0,,0.0,,,,100.0,Offline,0,Saturday,January
2026-01-25,,GCB-6-SCRUBBER,Offline,0.0,,0.0,,,,100.0,Offline,0,Sunday,January
2026-01-26,,GCB-6-SCRUBBER,Offline,0.0,,0.0,,,,100.0,Offline,0,Monday,January
2026-01-27,,GCB-6-SCRUBBER,Offline,0.0,,0.0,,,,100.0,Offline,0,Tuesday,January
2026-01-28,,GCB-6-SCRUBBER,Offline,0.0,,0.0,,,,100.0,Offline,0,Wednesday,January
2026-01-29,,GCB-6-SCRUBBER,Offline,0.0,,0.0,,,,100.0,Offline,0,Thursday,January
2026-01-30,,GCB-6-SCRUBBER,Offline,0.0,,0.0,,,,100.0,Offline,0,Friday,January
2026-01-31,,GCB-6-SCRUBBER,Offline,0.0,,0.0,,,,100.0,Offline,0,Saturday,January
2026-02-01,,GCB-6-SCRUBBER,Offline,0.0,,0.0,,,,100.0,Offline,0,Sunday,February
2026-02-02,,GCB-6-SCRUBBER,Offline,0.0,,0.0,,,,100.0,Offline,0,Monday,February
2026-02-03,,GCB-6-SCRUBBER,Offline,0.0,,0.0,,,,100.0,Offline,0,Tuesday,February
2026-02-04,,GCB-6-SCRUBBER,Offline,0.0,,0.0,,,,100.0,Offline,0,Wednesday,February
2026-02-05,,GCB-6-SCRUBBER,Offline,0.0,,0.0,,,,100.0,Offline,0,Thursday,February
2026-02-06,,GCB-6-SCRUBBER,Offline,0.0,,0.0,,,,100.0,Offline,0,Friday,February
2026-02-07,,GCB-6-SCRUBBER,Offline,0.0,,0.0,,,,100.0,Offline,0,Saturday,February
2026-02-08,,GCB-6-SCRUBBER,Offline,0.0,,0.0,,,,100.0,Offline,0,Sunday,February
2026-02-09,,GCB-6-SCRUBBER,Offline,0.0,,0.0,,,,100.0,Offline,0,Monday,February
2026-02-10,,GCB-6-SCRUBBER,Offline,0.0,,0.0,,,,100.0,Offline,0,Tuesday,February
2026-02-11,,GCB-6-SCRUBBER,Offline,0.0,,0.0,,,,100.0,Offline,0,Wednesday,February
2026-02-12,,GCB-6-SCRUBBER,Offline,0.0,,0.0,,,,100.0,Offline,0,Thursday,February
2026-02-13,,GCB-6-SCRUBBER,Offline,0.0,,0.0,,,,100.0,Offline,0,Friday,February
2026-02-14,,GCB-6-SCRUBBER,Offline,0.0,,0.0,,,,100.0,Offline,0,Saturday,February
2026-02-15,,GCB-6-SCRUBBER,Offline,0.0,,0.0,,,,100.0,Offline,0,Sunday,February
2026-02-16,,GCB-6-SCRUBBER,Offline,0.0,,0.0,,,,100.0,Offline,0,Monday,February
2026-02-17,,GCB-6-SCRUBBER,Offline,0.0,,0.0,,,,100.0,Offline,0,Tuesday,February
2026-02-18,,GCB-6-SCRUBBER,Offline,0.0,,0.0,,,,100.0,Offline,0,Wednesday,February
2026-02-19,,GCB-6-SCRUBBER,Offline,0.0,,0.0,,,,100.0,Offline,0,Thursday,February
2026-02-20,,GCB-6-SCRUBBER,Offline,0.0,,0.0,,,,100.0,Offline,0,Friday,February
2026-02-21,,GCB-6-SCRUBBER,Offline,0.0,,0.0,,,,100.0,Offline,0,Saturday,February
2026-02-22,,GCB-6-SCRUBBER,Offline,0.0,,0.0,,,,100.0,Offline,0,Sunday,February
2026-02-23,,GCB-6-SCRUBBER,Offline,0.0,,0.0,,,,100.0,Offline,0,Monday,February
2026-02-24,,GCB-6-SCRUBBER,Offline,0.0,,0.0,,,,100.0,Offline,0,Tuesday,February
2026-02-25,,GCB-6-SCRUBBER,Offline,0.0,,0.0,,,,100.0,Offline,0,Wednesday,February
2026-02-26,,GCB-6-SCRUBBER,Offline,0.0,,0.0,,,,100.0,Offline,0,Thursday,February
2026-02-27,,GCB-6-SCRUBBER,Offline,0.0,,0.0,,,,100.0,Offline,0,Friday,February
2026-02-28,,GCB-6-SCRUBBER,Offline,0.0,,0.0,,,,100.0,Offline,0,Saturday,February
2026-03-01,,GCB-6-SCRUBBER,Offline,0.0,,0.0,,,,100.0,Offline,0,Sunday,March
2026-03-02,,GCB-6-SCRUBBER,Offline,0.0,,0.0,,,,100.0,Offline,0,Monday,March
2026-03-03,,GCB-6-SCRUBBER,Offline,0.0,,0.0,,,,100.0,Offline,0,Tuesday,March
2026-03-04,,GCB-6-SCRUBBER,Offline,0.0,,0.0,,,,100.0,Offline,0,Wednesday,March
2026-03-05,,GCB-6-SCRUBBER,Offline,0.0,,0.0,,,,100.0,Offline,0,Thursday,March
2026-03-06,,GCB-6-SCRUBBER,Offline,0.0,,0.0,,,,100.0,Offline,0,Friday,March
2026-03-07,,GCB-6-SCRUBBER,Offline,0.0,,0.0,,,,100.0,Offline,0,Saturday,March
2026-03-08,,GCB-6-SCRUBBER,Offline,0.0,,0.0,,,,100.0,Offline,0,Sunday,March
2026-03-09,,GCB-6-SCRUBBER,Offline,0.0,,0.0,,,,100.0,Offline,0,Monday,March
2026-03-10,,GCB-6-SCRUBBER,Offline,0.0,,0.0,,,,100.0,Offline,0,Tuesday,March
2026-03-11,,GCB-6-SCRUBBER,Offline,0.0,,0.0,,,,100.0,Offline,0,Wednesday,March
2026-03-12,,GCB-6-SCRUBBER,Offline,0.0,,0.0,,,,100.0,Offline,0,Thursday,March
2026-03-13,,GCB-6-SCRUBBER,Offline,0.0,,0.0,,,,100.0,Offline,0,Friday,March
2026-03-14,,GCB-6-SCRUBBER,Offline,0.0,,0.0,,,,100.0,Offline,0,Saturday,March
2026-03-15,,GCB-6-SCRUBBER,Offline,0.0,,0.0,,,,100.0,Offline,0,Sunday,March
2026-03-16,,GCB-6-SCRUBBER,Offline,0.0,,0.0,,,,100.0,Offline,0,Monday,March
2026-03-17,,GCB-6-SCRUBBER,Offline,0.0,,0.0,,,,100.0,Offline,0,Tuesday,March
2026-03-18,,GCB-6-SCRUBBER,Offline,0.0,,0.0,,,,100.0,Offline,0,Wednesday,March
2026-03-19,,GCB-6-SCRUBBER,Offline,0.0,,0.0,,,,100.0,Offline,0,Thursday,March
2026-03-20,,GCB-6-SCRUBBER,Offline,0.0,,0.0,,,,100.0,Offline,0,Friday,March
2026-03-21,,GCB-6-SCRUBBER,Offline,0.0,,0.0,,,,100.0,Offline,0,Saturday,March
2026-03-22,,GCB-6-SCRUBBER,Offline,0.0,,0.0,,,,100.0,Offline,0,Sunday,March
2026-03-23,,GCB-6-SCRUBBER,Offline,0.0,,0.0,,,,100.0,Offline,0,Monday,March
2026-03-24,,GCB-6-SCRUBBER,Offline,0.0,,0.0,,,,100.0,Offline,0,Tuesday,March
2026-03-25,,GCB-6-SCRUBBER,Offline,0.0,,0.0,,,,100.0,Offline,0,Wednesday,March
2026-03-26,,GCB-6-SCRUBBER,Offline,0.0,,0.0,,,,100.0,Offline,0,Thursday,March
2026-03-27,,GCB-6-SCRUBBER,Offline,0.0,,0.0,,,,100.0,Offline,0,Friday,March
2026-03-28,,GCB-6-SCRUBBER,Offline,0.0,,0.0,,,,100.0,Offline,0,Saturday,March
2026-03-29,,GCB-6-SCRUBBER,Offline,0.0,,0.0,,,,100.0,Offline,0,Sunday,March
2026-03-30,,GCB-6-SCRUBBER,Offline,0.0,,0.0,,,,100.0,Offline,0,Monday,March
2026-03-31,,GCB-6-SCRUBBER,Offline,0.0,,0.0,,,,100.0,Offline,0,Tuesday,March
2026-04-01,,GCB-6-SCRUBBER,Offline,0.0,,0.0,,,,100.0,Offline,0,Wednesday,April
2026-04-02,,GCB-6-SCRUBBER,Offline,0.0,,0.0,,,,100.0,Offline,0,Thursday,April
2026-04-03,,GCB-6-SCRUBBER,Offline,0.0,,0.0,,,,100.0,Offline,0,Friday,April
2026-04-04,,GCB-6-SCRUBBER,Offline,0.0,,0.0,,,,100.0,Offline,0,Saturday,April
2026-04-05,,GCB-6-SCRUBBER,Offline,0.0,,0.0,,,,100.0,Offline,0,Sunday,April
2026-04-06,,GCB-6-SCRUBBER,Offline,0.0,,0.0,,,,100.0,Offline,0,Monday,April
2026-04-07,,GCB-6-SCRUBBER,Offline,0.0,,0.0,,,,100.0,Offline,0,Tuesday,April
2026-04-08,,GCB-6-SCRUBBER,Offline,0.0,,0.0,,,,100.0,Offline,0,Wednesday,April
2026-04-09,,GCB-6-SCRUBBER,Offline,0.0,,0.0,,,,100.0,Offline,0,Thursday,April
2026-04-10,,GCB-6-SCRUBBER,Offline,0.0,,0.0,,,,100.0,Offline,0,Friday,April
2026-04-11,,GCB-6-SCRUBBER,Offline,0.0,,0.0,,,,100.0,Offline,0,Saturday,April
2026-04-12,,GCB-6-SCRUBBER,Offline,0.0,,0.0,,,,100.0,Offline,0,Sunday,April
2026-04-13,,GCB-6-SCRUBBER,Offline,0.0,,0.0,,,,100.0,Offline,0,Monday,April
2026-04-14,,GCB-6-SCRUBBER,Offline,0.0,,0.0,,,,100.0,Offline,0,Tuesday,April
2026-04-15,,GCB-6-SCRUBBER,Offline,0.0,,0.0,,,,100.0,Offline,0,Wednesday,April
2026-04-16,,GCB-6-SCRUBBER,Offline,0.0,,0.0,,,,100.0,Offline,0,Thursday,April
2026-04-17,,GCB-6-SCRUBBER,Offline,0.0,,0.0,,,,100.0,Offline,0,Friday,April
2026-04-18,,GCB-6-SCRUBBER,Offline,0.0,,0.0,,,,100.0,Offline,0,Saturday,April
2026-04-19,,GCB-6-SCRUBBER,Offline,0.0,,0.0,,,,100.0,Offline,0,Sunday,April
2026-04-20,,GCB-6-SCRUBBER,Offline,0.0,,0.0,,,,100.0,Offline,0,Monday,April
2026-04-21,,GCB-6-SCRUBBER,Offline,0.0,,0.0,,,,100.0,Offline,0,Tuesday,April
2026-04-22,,GCB-6-SCRUBBER,Offline,0.0,,0.0,,,,100.0,Offline,0,Wednesday,April
2026-04-23,,GCB-6-SCRUBBER,Offline,0.0,,0.0,,,,100.0,Offline,0,Thursday,April
2026-04-24,,GCB-6-SCRUBBER,Offline,0.0,,0.0,,,,100.0,Offline,0,Friday,April
2026-04-25,,GCB-6-SCRUBBER,Offline,0.0,,0.0,,,,100.0,Offline,0,Saturday,April
2026-04-26,,GCB-6-SCRUBBER,Offline,0.0,,0.0,,,,100.0,Offline,0,Sunday,April
2026-04-27,,GCB-6-SCRUBBER,Offline,0.0,,0.0,,,,100.0,Offline,0,Monday,April
2026-04-28,,GCB-6-SCRUBBER,Offline,0.0,,0.0,,,,100.0,Offline,0,Tuesday,April
2026-04-29,,GCB-6-SCRUBBER,Offline,0.0,,0.0,,,,100.0,Offline,0,Wednesday,April
2026-04-30,,GCB-6-SCRUBBER,Offline,0.0,,0.0,,,,100.0,Offline,0,Thursday,April
2026-05-01,,GCB-6-SCRUBBER,Offline,0.0,,0.0,,,,100.0,Offline,0,Friday,May
2026-05-02,,GCB-6-SCRUBBER,Offline,0.0,,0.0,,,,100.0,Offline,0,Saturday,May
2026-05-03,,GCB-6-SCRUBBER,Offline,0.0,,0.0,,,,100.0,Offline,0,Sunday,May
2026-05-04,,GCB-6-SCRUBBER,Offline,0.0,,0.0,,,,100.0,Offline,0,Monday,May
2026-05-05,,GCB-6-SCRUBBER,Offline,0.0,,0.0,,,,100.0,Offline,0,Tuesday,May
2026-05-06,,GCB-6-SCRUBBER,Offline,0.0,,0.0,,,,100.0,Offline,0,Wednesday,May
2026-05-07,,GCB-6-SCRUBBER,Offline,0.0,,0.0,,,,100.0,Offline,0,Thursday,May
2026-05-08,,GCB-6-SCRUBBER,Offline,0.0,,0.0,,,,100.0,Offline,0,Friday,May
2026-05-09,,GCB-6-SCRUBBER,Offline,0.0,,0.0,,,,100.0,Offline,0,Saturday,May
2026-05-10,,GCB-6-SCRUBBER,Offline,0.0,,0.0,,,,100.0,Offline,0,Sunday,May
2026-05-11,,GCB-6-SCRUBBER,Offline,0.0,,0.0,,,,100.0,Offline,0,Monday,May
2026-05-12,,GCB-6-SCRUBBER,Offline,0.0,,0.0,,,,100.0,Offline,0,Tuesday,May
2026-05-13,,GCB-6-SCRUBBER,Offline,0.0,,0.0,,,,100.0,Offline,0,Wednesday,May
2026-05-14,,GCB-6-SCRUBBER,Offline,0.0,,0.0,,,,100.0,Offline,0,Thursday,May
2026-05-15,,GCB-6-SCRUBBER,Offline,0.0,,0.0,,,,100.0,Offline,0,Friday,May
2026-05-16,,GCB-6-SCRUBBER,Offline,0.0,,0.0,,,,100.0,Offline,0,Saturday,May
2026-05-17,,GCB-6-SCRUBBER,Offline,0.0,,0.0,,,,100.0,Offline,0,Sunday,May
2026-05-18,,GCB-6-SCRUBBER,Offline,0.0,,0.0,,,,100.0,Offline,0,Monday,May
2026-05-19,,GCB-6-SCRUBBER,Offline,0.0,,0.0,,,,100.0,Offline,0,Tuesday,May
2026-05-20,,GCB-6-SCRUBBER,Offline,0.0,,0.0,,,,100.0,Offline,0,Wednesday,May
2026-05-21,,GCB-6-SCRUBBER,Offline,0.0,,0.0,,,,100.0,Offline,0,Thursday,May
2026-05-22,,GCB-6-SCRUBBER,Offline,0.0,,0.0,,,,100.0,Offline,0,Friday,May
2026-05-23,,GCB-6-SCRUBBER,Offline,0.0,,0.0,,,,100.0,Offline,0,Saturday,May
2026-05-24,,GCB-6-SCRUBBER,Offline,0.0,,0.0,,,,100.0,Offline,0,Sunday,May
2026-05-25,,GCB-6-SCRUBBER,Offline,0.0,,0.0,,,,100.0,Offline,0,Monday,May
2026-05-26,,GCB-6-SCRUBBER,Offline,0.0,,0.0,,,,100.0,Offline,0,Tuesday,May
2026-05-27,,GCB-6-SCRUBBER,Offline,0.0,,0.0,,,,100.0,Offline,0,Wednesday,May
2026-05-28,,GCB-6-SCRUBBER,Offline,0.0,,0.0,,,,100.0,Offline,0,Thursday,May
2026-05-29,,GCB-6-SCRUBBER,Offline,0.0,,0.0,,,,100.0,Offline,0,Friday,May
2026-05-30,,GCB-6-SCRUBBER,Offline,0.0,,0.0,,,,100.0,Offline,0,Saturday,May
2026-05-31,,GCB-6-SCRUBBER,Offline,0.0,,0.0,,,,100.0,Offline,0,Sunday,May
2026-06-01,,GCB-6-SCRUBBER,Offline,0.0,,0.0,,,,100.0,Offline,0,Monday,June
2026-06-02,,GCB-6-SCRUBBER,Offline,0.0,,0.0,,,,100.0,Offline,0,Tuesday,June
2026-06-03,,GCB-6-SCRUBBER,Offline,0.0,,0.0,,,,100.0,Offline,0,Wednesday,June
2026-06-04,,GCB-6-SCRUBBER,Offline,0.0,,0.0,,,,100.0,Offline,0,Thursday,June
2026-06-05,,GCB-6-SCRUBBER,Offline,0.0,,0.0,,,,100.0,Offline,0,Friday,June
2026-06-06,,GCB-6-SCRUBBER,Offline,0.0,,0.0,,,,100.0,Offline,0,Saturday,June
2026-06-07,,GCB-6-SCRUBBER,Offline,0.0,,0.0,,,,100.0,Offline,0,Sunday,June
2026-06-08,,GCB-6-SCRUBBER,Offline,0.0,,0.0,,,,100.0,Offline,0,Monday,June
2026-06-09,,GCB-6-SCRUBBER,Offline,0.0,,0.0,,,,100.0,Offline,0,Tuesday,June
2026-06-10,,GCB-6-SCRUBBER,Offline,0.0,,0.0,,,,100.0,Offline,0,Wednesday,June
2026-06-11,,GCB-6-SCRUBBER,Offline,0.0,,0.0,,,,100.0,Offline,0,Thursday,June
2026-06-12,,GCB-6-SCRUBBER,Offline,0.0,,0.0,,,,100.0,Offline,0,Friday,June
2026-06-13,,GCB-6-SCRUBBER,Offline,0.0,,0.0,,,,100.0,Offline,0,Saturday,June
2026-06-14,,GCB-6-SCRUBBER,Offline,0.0,,0.0,,,,100.0,Offline,0,Sunday,June
2026-06-15,,GCB-6-SCRUBBER,Offline,0.0,,0.0,,,,100.0,Offline,0,Monday,June
2026-06-16,,GCB-6-SCRUBBER,Offline,0.0,,0.0,,,,100.0,Offline,0,Tuesday,June
2026-06-17,,GCB-6-SCRUBBER,Offline,0.0,,0.0,,,,100.0,Offline,0,Wednesday,June
2026-06-18,,GCB-6-SCRUBBER,Offline,0.0,,0.0,,,,100.0,Offline,0,Thursday,June
2026-06-19,,GCB-6-SCRUBBER,Offline,0.0,,0.0,,,,100.0,Offline,0,Friday,June
2026-06-20,,GCB-6-SCRUBBER,Offline,0.0,,0.0,,,,100.0,Offline,0,Saturday,June
2026-06-21,,GCB-6-SCRUBBER,Offline,0.0,,0.0,,,,100.0,Offline,0,Sunday,June
2026-06-22,,GCB-6-SCRUBBER,Offline,0.0,,0.0,,,,100.0,Offline,0,Monday,June
2026-06-23,,GCB-6-SCRUBBER,Offline,0.0,,0.0,,,,100.0,Offline,0,Tuesday,June
2026-06-24,,GCB-6-SCRUBBER,Offline,0.0,,0.0,,,,100.0,Offline,0,Wednesday,June
2026-06-25,,GCB-6-SCRUBBER,Offline,0.0,,0.0,,,,100.0,Offline,0,Thursday,June
2026-06-26,,GCB-6-SCRUBBER,Offline,0.0,,0.0,,,,100.0,Offline,0,Friday,June
2026-06-27,,GCB-6-SCRUBBER,Offline,0.0,,0.0,,,,100.0,Offline,0,Saturday,June
2026-06-28,,GCB-6-SCRUBBER,Offline,0.0,,0.0,,,,100.0,Offline,0,Sunday,June
2026-06-29,,GCB-6-SCRUBBER,Offline,0.0,,0.0,,,,100.0,Offline,0,Monday,June
2026-06-30,,GCB-6-SCRUBBER,Offline,0.0,,0.0,,,,100.0,Offline,0,Tuesday,June
2026-01-01,12.0,SCB-102,Good,0.0,12.0,0.0,12.0,12.0,0.0,100.0,High,0,Thursday,January
2026-01-02,12.0,SCB-102,Good,0.0,12.0,0.0,12.0,12.0,0.0,100.0,High,0,Friday,January
2026-01-03,12.09,SCB-102,Good,0.08999999999999986,12.030000000000001,0.05196152422706649,12.0,12.09,0.08999999999999986,99.1,High,0,Saturday,January
2026-01-04,12.04,SCB-102,Good,-0.05000000000000071,12.032499999999999,0.0427200187265878,12.0,12.09,0.08999999999999986,99.5,High,0,Sunday,January
2026-01-05,12.14,SCB-102,Good,0.10000000000000142,12.053999999999998,0.06066300355241324,12.0,12.14,0.14000000000000057,98.99999999999999,High,0,Monday,January
2026-01-06,12.055,SCB-102,Interpolated,-0.08500000000000085,12.054166666666667,0.0542601756969764,12.0,12.14,0.14000000000000057,99.14999999999999,High,0,Tuesday,January
2026-01-07,11.97,SCB-102,Interpolated,-0.08499999999999908,12.042142857142858,0.05886829529106661,11.97,12.14,0.16999999999999993,99.15,High,0,Wednesday,January
2026-01-08,11.885000000000002,SCB-102,Interpolated,-0.08499999999999908,12.025714285714287,0.08348795179687916,11.885000000000002,12.14,0.254999999999999,99.15,High,0,Thursday,January
2026-01-09,11.8,SCB-102,Good,-0.08500000000000085,11.997142857142858,0.11999503958001495,11.8,12.14,0.33999999999999986,99.14999999999999,High,0,Friday,January
2026-01-10,11.82,SCB-102,Good,0.019999999999999574,11.958571428571428,0.128280756081932,11.8,12.14,0.33999999999999986,99.80000000000001,High,0,Saturday,January
2026-01-11,12.08,SCB-102,Good,0.2599999999999998,11.964285714285714,0.1333050565253916,11.8,12.14,0.33999999999999986,97.4,High,0,Sunday,January
2026-01-12,11.9,SCB-102,Good,-0.17999999999999972,11.930000000000001,0.10927793311856897,11.8,12.08,0.27999999999999936,98.2,High,0,Monday,January
2026-01-13,11.9,SCB-102,Good,0.0,11.907857142857143,0.09442179933932598,11.8,12.08,0.27999999999999936,100.0,High,0,Tuesday,January
2026-01-14,11.95,SCB-102,Good,0.049999999999998934,11.905000000000001,0.09251126057585127,11.8,12.08,0.27999999999999936,99.50000000000001,High,0,Wednesday,January
2026-01-15,12.12,SCB-102,Good,0.16999999999999993,11.938571428571427,0.12198750911856482,11.8,12.12,0.3199999999999985,98.3,High,0,Thursday,January
2026-01-16,12.6,SCB-102,Good,0.4800000000000004,12.052857142857144,0.26335744313981646,11.82,12.6,0.7799999999999994,95.19999999999999,High,0,Friday,January
2026-01-17,12.2,SCB-102,Good,-0.40000000000000036,12.107142857142858,0.2459481168671039,11.9,12.6,0.6999999999999993,96.0,High,0,Saturday,January
2026-01-18,12.13,SCB-102,Good,-0.06999999999999851,12.114285714285714,0.2457544264000884,11.9,12.6,0.6999999999999993,99.30000000000001,High,0,Sunday,January
2026-01-19,12.0,SCB-102,Good,-0.13000000000000078,12.12857142857143,0.23383958685592707,11.9,12.6,0.6999999999999993,98.69999999999999,High,0,Monday,January
2026-01-20,11.9,SCB-102,Good,-0.09999999999999964,12.128571428571428,0.23383958685592707,11.9,12.6,0.6999999999999993,99.0,High,0,Tuesday,January
2026-01-21,11.94,SCB-102,Good,0.03999999999999915,12.127142857142855,0.23513926977532804,11.9,12.6,0.6999999999999993,99.60000000000001,High,0,Wednesday,January
2026-01-22,12.1,SCB-102,Good,0.16000000000000014,12.124285714285715,0.2353619300040608,11.9,12.6,0.6999999999999993,98.4,High,0,Thursday,January
2026-01-23,12.1,SCB-102,Good,0.0,12.052857142857144,0.10873734190152154,11.9,12.2,0.29999999999999893,100.0,High,0,Friday,January
2026-01-24,12.285714285714285,SCB-102,Interpolated,0.18571428571428505,12.065102040816328,0.13068073246916345,11.9,12.285714285714285,0.38571428571428434,98.14285714285715,High,0,Saturday,January
2026-01-25,12.471428571428572,SCB-102,Interpolated,0.18571428571428683,12.113877551020407,0.20277280991114147,11.9,12.471428571428572,0.5714285714285712,98.14285714285714,High,0,Sunday,January
2026-01-26,12.657142857142857,SCB-102,Interpolated,0.18571428571428505,12.207755102040815,0.27903972499339724,11.9,12.657142857142857,0.7571428571428562,98.14285714285715,High,0,Monday,January
2026-01-27,,SCB-102,Offline,0.0,12.25904761904762,0.26708810235906494,11.94,12.657142857142857,0.7171428571428571,100.0,Offline,0,Tuesday,January
2026-01-28,,SCB-102,Offline,0.0,12.322857142857142,0.24214180362180554,12.1,12.657142857142857,0.5571428571428569,100.0,Offline,0,Wednesday,January
2026-01-29,,SCB-102,Offline,0.0,12.378571428571426,0.23975611190806745,12.1,12.657142857142857,0.5571428571428569,100.0,Offline,0,Thursday,January
2026-01-30,13.4,SCB-102,Good,0.0,12.70357142857143,0.48842033308278654,12.285714285714285,13.4,1.1142857142857157,100.0,High,0,Friday,January
2026-01-31,13.9,SCB-102,Good,0.5,13.107142857142858,0.6635812957388196,12.471428571428572,13.9,1.4285714285714288,95.0,High,0,Saturday,January
2026-02-01,13.6,SCB-102,Good,-0.3000000000000007,13.389285714285714,0.5295839722588431,12.657142857142857,13.9,1.2428571428571438,97.0,High,0,Sunday,February
2026-02-02,13.48,SCB-102,Good,-0.11999999999999922,13.595,0.21931712199457337,13.4,13.9,0.5,98.80000000000001,High,0,Monday,February
2026-02-03,13.34,SCB-102,Good,-0.14000000000000057,13.544,0.22154006409673965,13.34,13.9,0.5600000000000005,98.6,High,0,Tuesday,February
2026-02-04,12.75,SCB-102,Good,-0.5899999999999999,13.411666666666667,0.37991665752722376,12.75,13.9,1.1500000000000004,94.1,High,0,Wednesday,February
2026-02-05,12.77,SCB-102,Good,0.019999999999999574,13.320000000000002,0.42320207938996884,12.75,13.9,1.1500000000000004,99.80000000000001,High,0,Thursday,February
2026-02-06,12.86,SCB-102,Good,0.08999999999999986,13.242857142857144,0.4542654982024689,12.75,13.9,1.1500000000000004,99.1,High,0,Friday,February
2026-02-07,12.98,SCB-102,Good,0.120000000000001,13.111428571428572,0.35460910739519186,12.75,13.6,0.8499999999999996,98.79999999999998,High,0,Saturday,February
2026-02-08,12.94,SCB-102,Good,-0.040000000000000924,13.017142857142858,0.28370843517680755,12.75,13.48,0.7300000000000004,99.6,High,0,Sunday,February
2026-02-09,12.92,SCB-102,Good,-0.019999999999999574,12.937142857142856,0.1972066839396513,12.75,13.34,0.5899999999999999,99.80000000000001,High,0,Monday,February
2026-02-10,13.17,SCB-102,Good,0.25,12.912857142857144,0.14209319544043533,12.75,13.17,0.41999999999999993,97.5,High,0,Tuesday,February
2026-02-11,13.2,SCB-102,Good,0.02999999999999936,12.977142857142857,0.15713203425932312,12.77,13.2,0.4299999999999997,99.7,High,0,Wednesday,February
2026-02-12,12.65,SCB-102,Good,-0.5499999999999989,12.959999999999999,0.1871719352182112,12.65,13.2,0.5499999999999989,94.50000000000001,High,0,Thursday,February
2026-02-13,12.39,SCB-102,Good,-0.2599999999999998,12.892857142857142,0.2868050607244233,12.39,13.2,0.8099999999999987,97.4,High,0,Friday,February
2026-02-14,12.6,SCB-102,Good,0.20999999999999908,12.838571428571429,0.30306372110105295,12.39,13.2,0.8099999999999987,97.9,High,0,Saturday,February
2026-02-15,12.6,SCB-102,Good,0.0,12.790000000000001,0.3112341026729957,12.39,13.2,0.8099999999999987,100.0,High,0,Sunday,February
2026-02-16,3.23,SCB-102,Good,-9.37,11.405714285714286,3.618106581914806,3.23,13.2,9.969999999999999,6.300000000000011,Low,0,Monday,February
2026-02-17,0.95,SCB-102,Good,-2.2800000000000002,9.66,5.218888770610082,0.95,13.2,12.25,77.19999999999999,Low,0,Tuesday,February
2026-02-18,9.01,SCB-102,Good,8.06,9.061428571428571,4.980021514583476,0.95,12.65,11.700000000000001,19.39999999999999,Low,0,Wednesday,February
2026-02-19,9.01,SCB-102,Good,0.0,8.541428571428572,4.7264448534158285,0.95,12.6,11.65,100.0,Low,0,Thursday,February
2026-02-20,9.01,SCB-102,Good,0.0,8.058571428571428,4.431171510151799,0.95,12.6,11.65,100.0,Low,0,Friday,February
2026-02-21,8.16,SCB-102,Good,-0.8499999999999996,7.424285714285714,3.9661310162544128,0.95,12.6,11.65,91.5,Low,0,Saturday,February
2026-02-22,7.37,SCB-102,Good,-0.79,6.677142857142856,3.2580296411876257,0.95,9.01,8.06,92.1,Low,0,Sunday,February
2026-02-23,7.36,SCB-102,Good,-0.009999999999999787,7.267142857142858,2.881994183927251,0.95,9.01,8.06,99.9,Low,0,Monday,February
2026-02-24,7.36,SCB-102,Good,0.0,8.182857142857143,0.8234017708205998,7.36,9.01,1.6499999999999995,100.0,Low,0,Tuesday,February
2026-02-25,7.36,SCB-102,Good,0.0,7.9471428571428575,0.7822982015769304,7.36,9.01,1.6499999999999995,100.0,Low,0,Wednesday,February
2026-02-26,7.35,SCB-102,Good,-0.010000000000000675,7.71,0.6461681927589419,7.35,9.01,1.6600000000000001,99.89999999999999,Low,0,Thursday,February
2026-02-27,7.36,SCB-102,Good,0.010000000000000675,7.474285714285714,0.3024266932033755,7.35,8.16,0.8100000000000005,99.89999999999999,Low,0,Friday,February
2026-02-28,7.36,SCB-102,Good,0.0,7.36,0.00577350269395351,7.35,7.37,0.020000000000000462,100.0,Low,0,Saturday,February
2026-03-01,7.32,SCB-102,Good,-0.040000000000000036,7.352857142857144,0.014960264831655376,7.32,7.36,0.040000000000000036,99.6,Low,0,Sunday,March
2026-03-02,7.33,SCB-102,Good,0.009999999999999787,7.348571428571428,0.016761634197658443,7.32,7.36,0.040000000000000036,99.9,Low,0,Monday,March
2026-03-03,7.33,SCB-102,Good,0.0,7.344285714285713,0.017182493860374806,7.32,7.36,0.040000000000000036,100.0,Low,0,Tuesday,March
2026-03-04,7.32,SCB-102,Good,-0.009999999999999787,7.338571428571428,0.01772810520922708,7.32,7.36,0.040000000000000036,99.9,Low,0,Wednesday,March
2026-03-05,7.33,SCB-102,Good,0.009999999999999787,7.3357142857142845,0.017182493860374383,7.32,7.36,0.040000000000000036,99.9,Low,0,Thursday,March
2026-03-06,7.31,SCB-102,Good,-0.020000000000000462,7.328571428571428,0.015735915850141963,7.31,7.36,0.05000000000000071,99.8,Low,0,Friday,March
2026-03-07,7.3,SCB-102,Good,-0.009999999999999787,7.319999999999999,0.011547005384818662,7.3,7.33,0.03000000000000025,99.9,Low,0,Saturday,March
2026-03-08,7.25,SCB-102,Good,-0.04999999999999982,7.3100000000000005,0.028867513459891896,7.25,7.33,0.08000000000000007,99.5,Low,0,Sunday,March
2026-03-09,7.24,SCB-102,Good,-0.009999999999999787,7.297142857142857,0.037289089429750295,7.24,7.33,0.08999999999999986,99.9,Low,0,Monday,March
2026-03-10,7.27,SCB-102,Good,0.02999999999999936,7.288571428571429,0.035321651258722206,7.24,7.33,0.08999999999999986,99.7,Low,0,Tuesday,March
2026-03-11,7.31,SCB-102,Good,0.040000000000000036,7.2871428571428565,0.03401680257117942,7.24,7.33,0.08999999999999986,99.6,Low,0,Wednesday,March
2026-03-12,7.34,SCB-102,Good,0.03000000000000025,7.288571428571428,0.03625307868732596,7.24,7.34,0.09999999999999964,99.7,Low,0,Thursday,March
2026-03-13,7.33,SCB-102,Good,-0.009999999999999787,7.291428571428571,0.03891382420566555,7.24,7.34,0.09999999999999964,99.9,Low,0,Friday,March
2026-03-14,7.32,SCB-102,Good,-0.009999999999999787,7.294285714285714,0.040355562548366815,7.24,7.34,0.09999999999999964,99.9,Low,0,Saturday,March
2026-03-15,7.32,SCB-102,Good,0.0,7.304285714285714,0.0359894164340263,7.24,7.34,0.09999999999999964,100.0,Low,0,Sunday,March
2026-03-16,7.34,SCB-102,Good,0.019999999999999574,7.318571428571429,0.024102953781144,7.27,7.34,0.07000000000000028,99.80000000000001,Low,0,Monday,March
2026-03-17,7.35,SCB-102,Good,0.009999999999999787,7.329999999999999,0.01414213562456188,7.31,7.35,0.040000000000000036,99.9,Low,0,Tuesday,March
2026-03-18,7.36,SCB-102,Good,0.010000000000000675,7.337142857142857,0.014960264831645857,7.32,7.36,0.040000000000000036,99.89999999999999,Low,0,Wednesday,March
2026-03-19,7.36,SCB-102,Good,0.0,7.340000000000001,0.017320508076365485,7.32,7.36,0.040000000000000036,100.0,Low,0,Thursday,March
2026-03-20,7.35,SCB-102,Good,-0.010000000000000675,7.3428571428571425,0.01704336206561416,7.32,7.36,0.040000000000000036,99.89999999999999,Low,0,Friday,March
2026-03-21,7.35,SCB-102,Good,0.0,7.347142857142857,0.013801311187694974,7.32,7.36,0.040000000000000036,100.0,Low,0,Saturday,March
2026-03-22,7.32,SCB-102,Good,-0.02999999999999936,7.347142857142857,0.013801311187694974,7.32,7.36,0.040000000000000036,99.7,Low,0,Sunday,March
2026-03-23,7.37,SCB-102,Good,0.04999999999999982,7.3514285714285705,0.015735915850131708,7.32,7.37,0.04999999999999982,99.5,Low,0,Monday,March
2026-03-24,7.36,SCB-102,Good,-0.009999999999999787,7.352857142857144,0.016035674515474132,7.32,7.37,0.04999999999999982,99.9,Low,0,Tuesday,March
2026-03-25,7.355,SCB-102,Interpolated,-0.004999999999999893,7.352142857142857,0.015773697215076043,7.32,7.37,0.04999999999999982,99.95,Low,0,Wednesday,March
2026-03-26,7.35,SCB-102,Interpolated,-0.005000000000000782,7.350714285714285,0.015391710818753922,7.32,7.37,0.04999999999999982,99.94999999999999,Low,0,Thursday,March
2026-03-27,7.345,SCB-102,Interpolated,-0.004999999999999893,7.3500000000000005,0.015545631755900345,7.32,7.37,0.04999999999999982,99.95,Low,0,Friday,March
2026-03-28,7.34,SCB-102,Good,-0.004999999999999893,7.348571428571428,0.015998511836286023,7.32,7.37,0.04999999999999982,99.95,Low,0,Saturday,March
2026-03-29,7.33,SCB-102,Good,-0.009999999999999787,7.3500000000000005,0.013228756556207165,7.33,7.37,0.040000000000000036,99.9,Low,0,Sunday,March
2026-03-30,7.33,SCB-102,Good,0.0,7.344285714285713,0.01170063083462623,7.33,7.36,0.03000000000000025,100.0,Low,0,Monday,March
2026-03-31,7.21,SCB-102,Good,-0.1200000000000001,7.322857142857143,0.0506505300120323,7.21,7.355,0.14500000000000046,98.8,Low,0,Tuesday,March
2026-04-01,7.01,SCB-102,Good,-0.20000000000000018,7.273571428571429,0.12598658280802358,7.01,7.35,0.33999999999999986,98.0,Low,0,Wednesday,April
2026-04-02,7.25,SCB-102,Good,0.2400000000000002,7.259285714285714,0.121464280463828,7.01,7.345,0.33499999999999996,97.6,Low,0,Thursday,April
2026-04-03,7.3,SCB-102,Good,0.04999999999999982,7.252857142857143,0.11729084728642275,7.01,7.34,0.33000000000000007,99.5,Low,0,Friday,April
2026-04-04,7.32,SCB-102,Good,0.020000000000000462,7.25,0.11503622617835411,7.01,7.33,0.3200000000000003,99.8,Low,0,Saturday,April
2026-04-05,7.31,SCB-102,Good,-0.010000000000000675,7.247142857142856,0.11294752258091795,7.01,7.33,0.3200000000000003,99.89999999999999,Low,0,Sunday,April
2026-04-06,7.31,SCB-102,Good,0.0,7.244285714285715,0.11073348527852306,7.01,7.32,0.3100000000000005,100.0,Low,0,Monday,April
2026-04-07,7.31,SCB-102,Good,0.0,7.258571428571428,0.11201615529754207,7.01,7.32,0.3100000000000005,100.0,Low,0,Tuesday,April
2026-04-08,7.32,SCB-102,Good,0.010000000000000675,7.3028571428571425,0.024299715852245708,7.25,7.32,0.07000000000000028,99.89999999999999,Low,0,Wednesday,April
2026-04-09,7.33,SCB-102,Good,0.009999999999999787,7.314285714285715,0.00975900073069494,7.3,7.33,0.03000000000000025,99.9,Low,0,Thursday,April
2026-04-10,7.33,SCB-102,Good,0.0,7.318571428571429,0.0089973541097344,7.31,7.33,0.020000000000000462,100.0,Low,0,Friday,April
2026-04-11,7.34,SCB-102,Good,0.009999999999999787,7.32142857142857,0.012149857926848317,7.31,7.34,0.03000000000000025,99.9,Low,0,Saturday,April
2026-04-12,7.35,SCB-102,Good,0.009999999999999787,7.327142857142857,0.014960264831647245,7.31,7.35,0.040000000000000036,99.9,Low,0,Sunday,April
2026-04-13,7.35,SCB-102,Good,0.0,7.332857142857143,0.01496026483164542,7.31,7.35,0.040000000000000036,100.0,Low,0,Monday,April
2026-04-14,7.35,SCB-102,Good,0.0,7.338571428571429,0.01214985792684187,7.32,7.35,0.02999999999999936,100.0,Low,0,Tuesday,April
2026-04-15,7.35,SCB-102,Good,0.0,7.3428571428571425,0.009511897313341584,7.33,7.35,0.019999999999999574,100.0,Low,0,Wednesday,April
2026-04-16,7.35,SCB-102,Good,0.0,7.345714285714285,0.007867957926177716,7.33,7.35,0.019999999999999574,100.0,Low,0,Thursday,April
2026-04-17,7.35,SCB-102,Good,0.0,7.348571428571428,0.0037796447331765,7.34,7.35,0.009999999999999787,100.0,Low,0,Friday,April
2026-04-18,7.35,SCB-102,Good,0.0,7.35,1.526501502557417e-07,7.35,7.35,0.0,100.0,Low,0,Saturday,April
2026-04-19,7.35,SCB-102,Good,0.0,7.35,1.526501502557417e-07,7.35,7.35,0.0,100.0,Low,0,Sunday,April
2026-04-20,7.35,SCB-102,Good,0.0,7.35,1.526501502557417e-07,7.35,7.35,0.0,100.0,Low,0,Monday,April
2026-04-21,7.35,SCB-102,Good,0.0,7.35,1.526501502557417e-07,7.35,7.35,0.0,100.0,Low,0,Tuesday,April
2026-04-22,7.36,SCB-102,Good,0.010000000000000675,7.351428571428571,0.003779644733173423,7.35,7.36,0.010000000000000675,99.89999999999999,Low,0,Wednesday,April
2026-04-23,7.36,SCB-102,Good,0.0,7.352857142857142,0.004879500367128089,7.35,7.36,0.010000000000000675,100.0,Low,0,Thursday,April
2026-04-24,7.36,SCB-102,Good,0.0,7.354285714285714,0.005345224840424838,7.35,7.36,0.010000000000000675,100.0,Low,0,Friday,April
2026-04-25,7.36,SCB-102,Good,0.0,7.355714285714285,0.005345224840423494,7.35,7.36,0.010000000000000675,100.0,Low,0,Saturday,April
2026-04-26,7.38,SCB-102,Good,0.019999999999999574,7.36,0.010000000001160234,7.35,7.38,0.03000000000000025,99.80000000000001,Low,0,Sunday,April
2026-04-27,7.38,SCB-102,Good,0.0,7.364285714285715,0.011338934191297776,7.35,7.38,0.03000000000000025,100.0,Low,0,Monday,April
2026-04-28,7.39,SCB-102,Good,0.009999999999999787,7.37,0.012909944488252114,7.36,7.39,0.02999999999999936,99.9,Low,0,Tuesday,April
2026-04-29,7.39,SCB-102,Good,0.0,7.374285714285714,0.013972762620939997,7.36,7.39,0.02999999999999936,100.0,Low,0,Wednesday,April
2026-04-30,7.4,SCB-102,Good,0.010000000000000675,7.380000000000001,0.015275252317272075,7.36,7.4,0.040000000000000036,99.89999999999999,Low,0,Thursday,April
2026-05-01,7.4,SCB-102,Good,0.0,7.385714285714286,0.013972762620936361,7.36,7.4,0.040000000000000036,100.0,Low,0,Friday,May
2026-05-02,7.4,SCB-102,Good,0.0,7.3914285714285715,0.00899735410969674,7.38,7.4,0.020000000000000462,100.0,Low,0,Saturday,May
2026-05-03,7.4,SCB-102,Good,0.0,7.394285714285714,0.007867957926147806,7.38,7.4,0.020000000000000462,100.0,Low,0,Sunday,May
2026-05-04,7.41,SCB-102,Good,0.009999999999999787,7.398571428571429,0.006900655595077465,7.39,7.41,0.020000000000000462,99.9,Low,0,Monday,May
2026-05-05,7.41,SCB-102,Good,0.0,7.401428571428572,0.00690065559507509,7.39,7.41,0.020000000000000462,100.0,Low,0,Tuesday,May
2026-05-06,7.41,SCB-102,Good,0.0,7.404285714285715,0.005345224840377287,7.4,7.41,0.009999999999999787,100.0,Low,0,Wednesday,May
2026-05-07,7.41,SCB-102,Good,0.0,7.405714285714285,0.005345224840375883,7.4,7.41,0.009999999999999787,100.0,Low,0,Thursday,May
2026-05-08,7.41,SCB-102,Good,0.0,7.4071428571428575,0.004879500367071752,7.4,7.41,0.009999999999999787,100.0,Low,0,Friday,May
2026-05-09,7.41,SCB-102,Good,0.0,7.408571428571428,0.0037796447330975865,7.4,7.41,0.009999999999999787,100.0,Low,0,Saturday,May
2026-05-10,7.42,SCB-102,Good,0.009999999999999787,7.411428571428572,0.0037796447330948734,7.41,7.42,0.009999999999999787,99.9,Low,0,Sunday,May
2026-05-11,7.42,SCB-102,Good,0.0,7.412857142857143,0.004879500367067291,7.41,7.42,0.009999999999999787,100.0,Low,0,Monday,May
2026-05-12,7.42,SCB-102,Good,0.0,7.4142857142857155,0.005345224840369423,7.41,7.42,0.009999999999999787,100.0,Low,0,Tuesday,May
2026-05-13,7.42,SCB-102,Good,0.0,7.4157142857142855,0.005345224840368207,7.41,7.42,0.009999999999999787,100.0,Low,0,Wednesday,May
2026-05-14,7.43,SCB-102,Good,0.009999999999999787,7.418571428571428,0.00690065559506344,7.41,7.43,0.019999999999999574,99.9,Low,0,Thursday,May
2026-05-15,7.42,SCB-102,Good,-0.009999999999999787,7.42,0.005773502693855227,7.41,7.43,0.019999999999999574,99.9,Low,0,Friday,May
2026-05-16,7.42,SCB-102,Good,0.0,7.421428571428572,0.003779644733083226,7.42,7.43,0.009999999999999787,100.0,Low,0,Saturday,May
2026-05-17,7.43,SCB-102,Good,0.009999999999999787,7.422857142857143,0.004879500367058269,7.42,7.43,0.009999999999999787,99.9,Low,0,Sunday,May
2026-05-18,7.43,SCB-102,Good,0.0,7.424285714285714,0.005345224840361188,7.42,7.43,0.009999999999999787,100.0,Low,0,Monday,May
2026-05-19,7.43,SCB-102,Good,0.0,7.425714285714285,0.005345224840359972,7.42,7.43,0.009999999999999787,100.0,Low,0,Tuesday,May
2026-05-20,7.43,SCB-102,Good,0.0,7.427142857142857,0.004879500367054322,7.42,7.43,0.009999999999999787,100.0,Low,0,Wednesday,May
2026-05-21,7.43,SCB-102,Good,0.0,7.427142857142857,0.004879500367054322,7.42,7.43,0.009999999999999787,100.0,Low,0,Thursday,May
2026-05-22,7.44,SCB-102,Good,0.010000000000000675,7.43,0.005773502693848139,7.42,7.44,0.020000000000000462,99.89999999999999,Low,0,Friday,May
2026-05-23,7.44,SCB-102,Good,0.0,7.432857142857143,0.004879500367050117,7.43,7.44,0.010000000000000675,100.0,Low,0,Saturday,May
2026-05-24,7.44,SCB-102,Good,0.0,7.434285714285714,0.0053452248403539175,7.43,7.44,0.010000000000000675,100.0,Low,0,Sunday,May
2026-05-25,7.44,SCB-102,Good,0.0,7.435714285714285,0.00534522484035283,7.43,7.44,0.010000000000000675,100.0,Low,0,Monday,May
2026-05-26,7.44,SCB-102,Good,0.0,7.437142857142858,0.004879500367046543,7.43,7.44,0.010000000000000675,100.0,Low,0,Tuesday,May
2026-05-27,7.45,SCB-102,Good,0.009999999999999787,7.4399999999999995,0.0057735026938410886,7.43,7.45,0.020000000000000462,99.9,Low,0,Wednesday,May
2026-05-28,7.45,SCB-102,Good,0.0,7.442857142857143,0.004879500367040825,7.44,7.45,0.009999999999999787,100.0,Low,0,Thursday,May
2026-05-29,7.45,SCB-102,Good,0.0,7.444285714285715,0.005345224840345007,7.44,7.45,0.009999999999999787,100.0,Low,0,Friday,May
2026-05-30,7.46,SCB-102,Good,0.009999999999999787,7.447142857142857,0.007559289461664906,7.44,7.46,0.019999999999999574,99.9,Low,0,Saturday,May
2026-05-31,7.46,SCB-102,Good,0.0,7.45,0.008164965810645986,7.44,7.46,0.019999999999999574,100.0,Low,0,Sunday,May
2026-06-01,7.46,SCB-102,Good,0.0,7.452857142857143,0.0075592894616611,7.44,7.46,0.019999999999999574,100.0,Low,0,Monday,June
2026-06-02,7.47,SCB-102,Good,0.009999999999999787,7.457142857142856,0.007559289461658122,7.45,7.47,0.019999999999999574,99.9,Low,0,Tuesday,June
2026-06-03,7.47,SCB-102,Good,0.0,7.46,0.008164965810639704,7.45,7.47,0.019999999999999574,100.0,Low,0,Wednesday,June
2026-06-04,7.47,SCB-102,Good,0.0,7.4628571428571435,0.007559289461654317,7.45,7.47,0.019999999999999574,100.0,Low,0,Thursday,June
2026-06-05,7.47,SCB-102,Good,0.0,7.465714285714285,0.005345224840324414,7.46,7.47,0.009999999999999787,100.0,Low,0,Friday,June
2026-06-06,7.47,SCB-102,Good,0.0,7.467142857142856,0.00487950036701537,7.46,7.47,0.009999999999999787,100.0,Low,0,Saturday,June
2026-06-07,7.47,SCB-102,Good,0.0,7.468571428571429,0.0037796447330247984,7.46,7.47,0.009999999999999787,100.0,Low,0,Sunday,June
2026-06-08,7.47,SCB-102,Good,0.0,7.47,1.488558401844879e-07,7.47,7.47,0.0,100.0,Low,0,Monday,June
2026-06-09,7.48,SCB-102,Good,0.010000000000000675,7.471428571428572,0.003779644733022812,7.47,7.48,0.010000000000000675,99.89999999999999,Low,0,Tuesday,June
2026-06-10,7.48,SCB-102,Good,0.0,7.472857142857142,0.0048795003670119895,7.47,7.48,0.010000000000000675,100.0,Low,0,Wednesday,June
2026-06-11,7.48,SCB-102,Good,0.0,7.474285714285714,0.00534522484031937,7.47,7.48,0.010000000000000675,100.0,Low,0,Thursday,June
2026-06-12,7.48,SCB-102,Good,0.0,7.475714285714285,0.005345224840318539,7.47,7.48,0.010000000000000675,100.0,Low,0,Friday,June
2026-06-13,7.48,SCB-102,Good,0.0,7.477142857142858,0.004879500367009259,7.47,7.48,0.010000000000000675,100.0,Low,0,Saturday,June
2026-06-14,7.48,SCB-102,Good,0.0,7.478571428571429,0.0037796447330169375,7.47,7.48,0.010000000000000675,100.0,Low,0,Sunday,June
2026-06-15,7.49,SCB-102,Good,0.009999999999999787,7.481428571428572,0.0037796447330138605,7.48,7.49,0.009999999999999787,99.9,Low,0,Monday,June
2026-06-16,7.49,SCB-102,Good,0.0,7.482857142857143,0.004879500367004539,7.48,7.49,0.009999999999999787,100.0,Low,0,Tuesday,June
2026-06-17,7.49,SCB-102,Good,0.0,7.484285714285714,0.00534522484031214,7.48,7.49,0.009999999999999787,100.0,Low,0,Wednesday,June
2026-06-18,7.49,SCB-102,Good,0.0,7.485714285714286,0.005345224840310923,7.48,7.49,0.009999999999999787,100.0,Low,0,Thursday,June
2026-06-19,7.49,SCB-102,Good,0.0,7.4871428571428575,0.0048795003670005915,7.48,7.49,0.009999999999999787,100.0,Low,0,Friday,June
2026-06-20,7.49,SCB-102,Good,0.0,7.488571428571428,0.00377964473300572,7.48,7.49,0.009999999999999787,100.0,Low,0,Saturday,June
2026-06-21,7.49,SCB-102,Good,0.0,7.49,1.4837061596065432e-07,7.49,7.49,0.0,100.0,Low,0,Sunday,June
2026-06-22,7.49,SCB-102,Good,0.0,7.49,1.4837061596065432e-07,7.49,7.49,0.0,100.0,Low,0,Monday,June
2026-06-23,7.49,SCB-102,Good,0.0,7.49,1.4837061596065432e-07,7.49,7.49,0.0,100.0,Low,0,Tuesday,June
2026-06-24,7.5,SCB-102,Good,0.009999999999999787,7.491428571428572,0.0037796447330030064,7.49,7.5,0.009999999999999787,99.9,Low,0,Wednesday,June
2026-06-25,7.5,SCB-102,Good,0.0,7.492857142857143,0.0048795003669961316,7.49,7.5,0.009999999999999787,100.0,Low,0,Thursday,June
2026-06-26,7.51,SCB-102,Good,0.009999999999999787,7.4957142857142856,0.007867957926090413,7.49,7.51,0.019999999999999574,99.9,Low,0,Friday,June
2026-06-27,7.47,SCB-102,Good,-0.040000000000000036,7.492857142857142,0.012535663411437387,7.47,7.51,0.040000000000000036,99.6,Low,0,Saturday,June
2026-06-28,7.5,SCB-102,Good,0.03000000000000025,7.494285714285715,0.01272418020647077,7.47,7.51,0.040000000000000036,99.7,Low,0,Sunday,June
2026-06-29,7.51,SCB-102,Good,0.009999999999999787,7.497142857142857,0.013801311187642456,7.47,7.51,0.040000000000000036,99.9,Low,0,Monday,June
2026-06-30,7.52,SCB-102,Good,0.009999999999999787,7.501428571428571,0.015735915850085193,7.47,7.52,0.04999999999999982,99.9,Low,0,Tuesday,June
2026-01-01,14.0,SCB-103,Good,0.0,14.0,0.0,14.0,14.0,0.0,100.0,High,0,Thursday,January
2026-01-02,14.0,SCB-103,Interpolated,0.0,14.0,0.0,14.0,14.0,0.0,100.0,High,0,Friday,January
2026-01-03,14.0,SCB-103,Good,0.0,14.0,0.0,14.0,14.0,0.0,100.0,High,0,Saturday,January
2026-01-04,13.91,SCB-103,Good,-0.08999999999999986,13.9775,0.04499999999999963,13.91,14.0,0.08999999999999986,99.1,High,0,Sunday,January
2026-01-05,14.0,SCB-103,Good,0.08999999999999986,13.982,0.040249223594996,13.91,14.0,0.08999999999999986,99.1,High,0,Monday,January
2026-01-06,13.96,SCB-103,Interpolated,-0.03999999999999915,13.978333333333333,0.03710345895825138,13.91,14.0,0.08999999999999986,99.60000000000001,High,0,Tuesday,January
2026-01-07,13.92,SCB-103,Interpolated,-0.040000000000000924,13.97,0.040414518843273683,13.91,14.0,0.08999999999999986,99.6,High,0,Wednesday,January
2026-01-08,13.88,SCB-103,Interpolated,-0.03999999999999915,13.952857142857143,0.049904671028633794,13.88,14.0,0.11999999999999922,99.60000000000001,High,0,Thursday,January
2026-01-09,13.84,SCB-103,Good,-0.040000000000000924,13.930000000000001,0.06027713773341689,13.84,14.0,0.16000000000000014,99.6,High,0,Friday,January
2026-01-10,13.82,SCB-103,Good,-0.019999999999999574,13.904285714285715,0.06373307431706654,13.82,14.0,0.17999999999999972,99.80000000000001,High,0,Saturday,January
2026-01-11,13.99,SCB-103,Good,0.16999999999999993,13.915714285714287,0.07161404491139546,13.82,14.0,0.17999999999999972,98.3,High,0,Sunday,January
2026-01-12,9.94,SCB-103,Good,-4.050000000000001,13.335714285714287,1.498620000120747,9.94,13.99,4.050000000000001,59.49999999999999,Normal,0,Monday,January
2026-01-13,5.6,SCB-103,Good,-4.34,12.141428571428571,3.2388909036449953,5.6,13.99,8.39,56.6,Low,0,Tuesday,January
2026-01-14,5.6,SCB-103,Good,0.0,10.952857142857141,3.9302362706149303,5.6,13.99,8.39,100.0,Low,0,Wednesday,January
2026-01-15,5.6,SCB-103,Good,0.0,9.77,4.142692361254938,5.6,13.99,8.39,100.0,Low,0,Thursday,January
2026-01-16,5.6,SCB-103,Good,0.0,8.592857142857142,3.960129266769436,5.6,13.99,8.39,100.0,Low,0,Friday,January
2026-01-17,5.6,SCB-103,Good,0.0,7.418571428571428,3.318566098841634,5.6,13.99,8.39,100.0,Low,0,Saturday,January
2026-01-18,5.6,SCB-103,Good,0.0,6.22,1.640365812860057,5.6,9.94,4.34,100.0,Low,0,Sunday,January
2026-01-19,5.52,SCB-103,Good,-0.08000000000000007,5.588571428571427,0.030237157840738178,5.52,5.6,0.08000000000000007,99.2,Low,0,Monday,January
2026-01-20,5.5,SCB-103,Good,-0.019999999999999574,5.574285714285714,0.04429339411136548,5.5,5.6,0.09999999999999964,99.80000000000001,Low,0,Tuesday,January
2026-01-21,5.48,SCB-103,Good,-0.019999999999999574,5.557142857142857,0.054685246552211415,5.48,5.6,0.11999999999999922,99.80000000000001,Low,0,Wednesday,January
2026-01-22,5.46,SCB-103,Good,-0.020000000000000462,5.5371428571428565,0.061566843271976805,5.46,5.6,0.13999999999999968,99.8,Low,0,Thursday,January
2026-01-23,5.48,SCB-103,Good,0.020000000000000462,5.519999999999999,0.057735026918962436,5.46,5.6,0.13999999999999968,99.8,Low,0,Friday,January
2026-01-24,5.48,SCB-103,Good,0.0,5.502857142857144,0.04680252333449778,5.46,5.6,0.13999999999999968,100.0,Low,0,Saturday,January
2026-01-25,5.48,SCB-103,Interpolated,0.0,5.485714285714286,0.019023794624228266,5.46,5.52,0.05999999999999961,100.0,Low,0,Sunday,January
2026-01-26,5.48,SCB-103,Interpolated,0.0,5.4799999999999995,0.011547005383795696,5.46,5.5,0.040000000000000036,100.0,Low,0,Monday,January
2026-01-27,5.48,SCB-103,Interpolated,0.0,5.477142857142857,0.007559289460190031,5.46,5.48,0.020000000000000462,100.0,Low,0,Tuesday,January
2026-01-28,,SCB-103,Offline,0.0,5.476666666666667,0.008164965809283444,5.46,5.48,0.020000000000000462,100.0,Offline,0,Wednesday,January
2026-01-29,5.48,SCB-103,Good,0.0,5.48,9.30798558246183e-09,5.48,5.48,0.0,100.0,Low,0,Thursday,January
2026-01-30,5.46,SCB-103,Good,-0.020000000000000462,5.476666666666667,0.008164965809283444,5.46,5.48,0.020000000000000462,99.8,Low,0,Friday,January
2026-01-31,5.48,SCB-103,Good,0.020000000000000462,5.476666666666667,0.008164965809283444,5.46,5.48,0.020000000000000462,99.8,Low,0,Saturday,January
2026-02-01,5.48,SCB-103,Good,0.0,5.476666666666667,0.008164965809283444,5.46,5.48,0.020000000000000462,100.0,Low,0,Sunday,February
2026-02-02,5.45,SCB-103,Good,-0.03000000000000025,5.471666666666667,0.013291601358255698,5.45,5.48,0.03000000000000025,99.7,Low,0,Monday,February
2026-02-03,5.46,SCB-103,Good,0.009999999999999787,5.468333333333334,0.013291601358256244,5.45,5.48,0.03000000000000025,99.9,Low,0,Tuesday,February
2026-02-04,5.46,SCB-103,Good,0.0,5.467142857142858,0.012535663410564783,5.45,5.48,0.03000000000000025,100.0,Low,0,Wednesday,February
2026-02-05,5.46,SCB-103,Good,0.0,5.464285714285714,0.011338934190282257,5.45,5.48,0.03000000000000025,100.0,Low,0,Thursday,February
2026-02-06,5.46,SCB-103,Good,0.0,5.464285714285714,0.011338934190282257,5.45,5.48,0.03000000000000025,100.0,Low,0,Friday,February
2026-02-07,5.24,SCB-103,Good,-0.21999999999999975,5.43,0.0842614977317646,5.24,5.48,0.2400000000000002,97.8,Low,0,Saturday,February
2026-02-08,5.45,SCB-103,Good,0.20999999999999996,5.425714285714286,0.0820278698283187,5.24,5.46,0.21999999999999975,97.9,Low,0,Sunday,February
2026-02-09,5.45,SCB-103,Good,0.0,5.425714285714285,0.0820278698283187,5.24,5.46,0.21999999999999975,100.0,Low,0,Monday,February
2026-02-10,5.43,SCB-103,Good,-0.020000000000000462,5.421428571428571,0.08071112509614699,5.24,5.46,0.21999999999999975,99.8,Low,0,Tuesday,February
2026-02-11,5.23,SCB-103,Good,-0.1999999999999993,5.388571428571429,0.10542431272854413,5.23,5.46,0.22999999999999954,98.0,Low,0,Wednesday,February
2026-02-12,5.22,SCB-103,Good,-0.010000000000000675,5.354285714285715,0.11674147261608278,5.22,5.46,0.2400000000000002,99.89999999999999,Low,0,Thursday,February
2026-02-13,5.19,SCB-103,Good,-0.02999999999999936,5.315714285714286,0.12053452380364532,5.19,5.45,0.2599999999999998,99.7,Low,0,Friday,February
2026-02-14,5.18,SCB-103,Good,-0.010000000000000675,5.307142857142857,0.12867456181057296,5.18,5.45,0.27000000000000046,99.89999999999999,Low,0,Saturday,February
2026-02-15,5.18,SCB-103,Good,0.0,5.268571428571428,0.11880355935023891,5.18,5.45,0.27000000000000046,100.0,Low,0,Sunday,February
2026-02-16,1.43,SCB-103,Good,-3.75,4.694285714285714,1.4420917347480258,1.43,5.43,4.0,62.5,Low,0,Monday,February
2026-02-17,2.33,SCB-103,Good,0.9000000000000001,4.251428571428571,1.6408070023764576,1.43,5.23,3.8000000000000007,91.0,Low,0,Tuesday,February
2026-02-18,8.98,SCB-103,Good,6.65,4.7871428571428565,2.4340070821980935,1.43,8.98,7.550000000000001,33.5,Low,0,Wednesday,February
2026-02-19,8.98,SCB-103,Good,0.0,5.324285714285714,2.913170421510199,1.43,8.98,7.550000000000001,100.0,Low,0,Thursday,February
2026-02-20,8.98,SCB-103,Good,0.0,5.865714285714286,3.220082075262768,1.43,8.98,7.550000000000001,100.0,Low,0,Friday,February
2026-02-21,8.9,SCB-103,Good,-0.08000000000000007,6.397142857142858,3.390509864733791,1.43,8.98,7.550000000000001,99.2,Low,0,Saturday,February
2026-02-22,8.83,SCB-103,Good,-0.07000000000000028,6.91857142857143,3.4522332316508244,1.43,8.98,7.550000000000001,99.3,Low,0,Sunday,February
2026-02-23,8.83,SCB-103,Good,0.0,7.975714285714287,2.4904407718504875,2.33,8.98,6.65,100.0,Low,0,Monday,February
2026-02-24,8.83,SCB-103,Good,0.0,8.904285714285715,0.07502380574584293,8.83,8.98,0.15000000000000036,100.0,Low,0,Tuesday,February
2026-02-25,8.83,SCB-103,Good,0.0,8.882857142857143,0.07111359122672224,8.83,8.98,0.15000000000000036,100.0,Low,0,Wednesday,February
2026-02-26,8.81,SCB-103,Good,-0.019999999999999574,8.858571428571429,0.06067085281229244,8.81,8.98,0.16999999999999993,99.80000000000001,Low,0,Thursday,February
2026-02-27,8.81,SCB-103,Good,0.0,8.834285714285715,0.030472470011304768,8.81,8.9,0.08999999999999986,100.0,Low,0,Friday,February
2026-02-28,8.81,SCB-103,Good,0.0,8.821428571428571,0.010690449677359711,8.81,8.83,0.019999999999999574,100.0,Low,0,Saturday,February
2026-03-01,8.81,SCB-103,Good,0.0,8.81857142857143,0.010690449677360225,8.81,8.83,0.019999999999999574,100.0,Low,0,Sunday,March
2026-03-02,8.81,SCB-103,Good,0.0,8.815714285714286,0.009759000730431898,8.81,8.83,0.019999999999999574,100.0,Low,0,Monday,March
2026-03-03,8.81,SCB-103,Good,0.0,8.812857142857144,0.0075592894614082105,8.81,8.83,0.019999999999999574,100.0,Low,0,Tuesday,March
2026-03-04,8.81,SCB-103,Good,0.0,8.81,1.3613277419131358e-07,8.81,8.81,0.0,100.0,Low,0,Wednesday,March
2026-03-05,8.81,SCB-103,Good,0.0,8.81,1.3613277419131358e-07,8.81,8.81,0.0,100.0,Low,0,Thursday,March
2026-03-06,8.81,SCB-103,Good,0.0,8.81,1.3613277419131358e-07,8.81,8.81,0.0,100.0,Low,0,Friday,March
2026-03-07,8.81,SCB-103,Good,0.0,8.81,1.3613277419131358e-07,8.81,8.81,0.0,100.0,Low,0,Saturday,March
2026-03-08,8.81,SCB-103,Good,0.0,8.81,1.3613277419131358e-07,8.81,8.81,0.0,100.0,Low,0,Sunday,March
2026-03-09,8.81,SCB-103,Good,0.0,8.81,1.3613277419131358e-07,8.81,8.81,0.0,100.0,Low,0,Monday,March
2026-03-10,8.81,SCB-103,Good,0.0,8.81,1.3613277419131358e-07,8.81,8.81,0.0,100.0,Low,0,Tuesday,March
2026-03-11,8.81,SCB-103,Good,0.0,8.81,1.3613277419131358e-07,8.81,8.81,0.0,100.0,Low,0,Wednesday,March
2026-03-12,8.81,SCB-103,Good,0.0,8.81,1.3613277419131358e-07,8.81,8.81,0.0,100.0,Low,0,Thursday,March
2026-03-13,8.82,SCB-103,Good,0.009999999999999787,8.811428571428573,0.003779644732541692,8.81,8.82,0.009999999999999787,99.9,Low,0,Friday,March
2026-03-14,8.81,SCB-103,Good,-0.009999999999999787,8.811428571428571,0.003779644732541692,8.81,8.82,0.009999999999999787,99.9,Low,0,Saturday,March
2026-03-15,8.81,SCB-103,Good,0.0,8.811428571428573,0.003779644732541692,8.81,8.82,0.009999999999999787,100.0,Low,0,Sunday,March
2026-03-16,8.81,SCB-103,Good,0.0,8.811428571428573,0.003779644732541692,8.81,8.82,0.009999999999999787,100.0,Low,0,Monday,March
2026-03-17,8.81,SCB-103,Good,0.0,8.811428571428573,0.003779644732541692,8.81,8.82,0.009999999999999787,100.0,Low,0,Tuesday,March
2026-03-18,8.81,SCB-103,Good,0.0,8.811428571428571,0.003779644732541692,8.81,8.82,0.009999999999999787,100.0,Low,0,Wednesday,March
2026-03-19,8.81,SCB-103,Good,0.0,8.811428571428573,0.003779644732541692,8.81,8.82,0.009999999999999787,100.0,Low,0,Thursday,March
2026-03-20,8.81,SCB-103,Good,0.0,8.81,1.3613277419131358e-07,8.81,8.81,0.0,100.0,Low,0,Friday,March
2026-03-21,8.81,SCB-103,Good,0.0,8.81,1.3613277419131358e-07,8.81,8.81,0.0,100.0,Low,0,Saturday,March
2026-03-22,8.81,SCB-103,Good,0.0,8.81,1.3613277419131358e-07,8.81,8.81,0.0,100.0,Low,0,Sunday,March
2026-03-23,8.81,SCB-103,Good,0.0,8.81,1.3613277419131358e-07,8.81,8.81,0.0,100.0,Low,0,Monday,March
2026-03-24,8.81,SCB-103,Good,0.0,8.81,1.3613277419131358e-07,8.81,8.81,0.0,100.0,Low,0,Tuesday,March
2026-03-25,8.8125,SCB-103,Interpolated,0.0024999999999995026,8.810357142857145,0.0009449111923270925,8.81,8.8125,0.0024999999999995026,99.97500000000001,Low,0,Wednesday,March
2026-03-26,8.815000000000001,SCB-103,Interpolated,0.002500000000001279,8.811071428571429,0.0019669894858819104,8.81,8.815000000000001,0.005000000000000782,99.975,Low,0,Thursday,March
2026-03-27,8.8175,SCB-103,Interpolated,0.0024999999999995026,8.812142857142858,0.0030374644845173686,8.81,8.8175,0.007500000000000284,99.97500000000001,Low,0,Friday,March
2026-03-28,8.82,SCB-103,Good,0.0024999999999995026,8.813571428571429,0.004045867970849581,8.81,8.82,0.009999999999999787,99.97500000000001,Low,0,Saturday,March
2026-03-29,8.82,SCB-103,Good,0.0,8.815000000000001,0.004330127021056499,8.81,8.82,0.009999999999999787,100.0,Low,0,Sunday,March
2026-03-30,8.82,SCB-103,Good,0.0,8.816428571428572,0.00404586797084587,8.81,8.82,0.009999999999999787,100.0,Low,0,Monday,March
2026-03-31,8.82,SCB-103,Good,0.0,8.817857142857143,0.003037464484508022,8.8125,8.82,0.007500000000000284,100.0,Low,0,Tuesday,March
2026-04-01,8.81,SCB-103,Good,-0.009999999999999787,8.8175,0.003818813081546841,8.81,8.82,0.009999999999999787,99.9,Low,0,Wednesday,April
2026-04-02,8.81,SCB-103,Good,0.0,8.816785714285714,0.0047245559145699285,8.81,8.82,0.009999999999999787,100.0,Low,0,Thursday,April
2026-04-03,8.81,SCB-103,Good,0.0,8.815714285714286,0.005345224839977327,8.81,8.82,0.009999999999999787,100.0,Low,0,Friday,April
2026-04-04,8.81,SCB-103,Good,0.0,8.814285714285715,0.005345224839978988,8.81,8.82,0.009999999999999787,100.0,Low,0,Saturday,April
2026-04-05,8.81,SCB-103,Good,0.0,8.812857142857144,0.004879500366640104,8.81,8.82,0.009999999999999787,100.0,Low,0,Sunday,April
2026-04-06,8.81,SCB-103,Good,0.0,8.811428571428573,0.00377964473254394,8.81,8.82,0.009999999999999787,100.0,Low,0,Monday,April
2026-04-07,8.81,SCB-103,Good,0.0,8.81,1.361951717915226e-07,8.81,8.81,0.0,100.0,Low,0,Tuesday,April
2026-04-08,8.81,SCB-103,Good,0.0,8.81,1.361951717915226e-07,8.81,8.81,0.0,100.0,Low,0,Wednesday,April
2026-04-09,8.82,SCB-103,Good,0.009999999999999787,8.811428571428571,0.00377964473254394,8.81,8.82,0.009999999999999787,99.9,Low,0,Thursday,April
2026-04-10,8.81,SCB-103,Good,-0.009999999999999787,8.811428571428573,0.00377964473254394,8.81,8.82,0.009999999999999787,99.9,Low,0,Friday,April
2026-04-11,8.81,SCB-103,Good,0.0,8.811428571428573,0.00377964473254394,8.81,8.82,0.009999999999999787,100.0,Low,0,Saturday,April
2026-04-12,8.81,SCB-103,Good,0.0,8.811428571428571,0.00377964473254394,8.81,8.82,0.009999999999999787,100.0,Low,0,Sunday,April
2026-04-13,8.82,SCB-103,Good,0.009999999999999787,8.812857142857144,0.004879500366640104,8.81,8.82,0.009999999999999787,99.9,Low,0,Monday,April
2026-04-14,8.82,SCB-103,Good,0.0,8.814285714285715,0.005345224839978988,8.81,8.82,0.009999999999999787,100.0,Low,0,Tuesday,April
2026-04-15,8.82,SCB-103,Good,0.0,8.815714285714286,0.005345224839977327,8.81,8.82,0.009999999999999787,100.0,Low,0,Wednesday,April
2026-04-16,8.82,SCB-103,Good,0.0,8.815714285714286,0.005345224839977327,8.81,8.82,0.009999999999999787,100.0,Low,0,Thursday,April
2026-04-17,8.82,SCB-103,Good,0.0,8.817142857142857,0.004879500366634642,8.81,8.82,0.009999999999999787,100.0,Low,0,Friday,April
2026-04-18,8.82,SCB-103,Good,0.0,8.818571428571428,0.0037796447325321907,8.81,8.82,0.009999999999999787,100.0,Low,0,Saturday,April
2026-04-19,8.82,SCB-103,Good,0.0,8.82,1.357379106317223e-07,8.82,8.82,0.0,100.0,Low,0,Sunday,April
2026-04-20,8.81,SCB-103,Good,-0.009999999999999787,8.81857142857143,0.0037796447325321907,8.81,8.82,0.009999999999999787,99.9,Low,0,Monday,April
2026-04-21,8.82,SCB-103,Good,0.009999999999999787,8.81857142857143,0.0037796447325321907,8.81,8.82,0.009999999999999787,99.9,Low,0,Tuesday,April
2026-04-22,8.82,SCB-103,Good,0.0,8.81857142857143,0.0037796447325321907,8.81,8.82,0.009999999999999787,100.0,Low,0,Wednesday,April
2026-04-23,8.81,SCB-103,Good,-0.009999999999999787,8.817142857142859,0.004879500366634642,8.81,8.82,0.009999999999999787,99.9,Low,0,Thursday,April
2026-04-24,8.81,SCB-103,Good,0.0,8.815714285714288,0.005345224839977327,8.81,8.82,0.009999999999999787,100.0,Low,0,Friday,April
2026-04-25,8.81,SCB-103,Good,0.0,8.814285714285715,0.005345224839978988,8.81,8.82,0.009999999999999787,100.0,Low,0,Saturday,April
2026-04-26,8.81,SCB-103,Good,0.0,8.812857142857144,0.004879500366640104,8.81,8.82,0.009999999999999787,100.0,Low,0,Sunday,April
2026-04-27,8.82,SCB-103,Good,0.009999999999999787,8.814285714285715,0.005345224839978988,8.81,8.82,0.009999999999999787,99.9,Low,0,Monday,April
2026-04-28,8.81,SCB-103,Good,-0.009999999999999787,8.812857142857144,0.004879500366640104,8.81,8.82,0.009999999999999787,99.9,Low,0,Tuesday,April
2026-04-29,8.81,SCB-103,Good,0.0,8.811428571428573,0.00377964473254394,8.81,8.82,0.009999999999999787,100.0,Low,0,Wednesday,April
2026-04-30,8.81,SCB-103,Good,0.0,8.811428571428571,0.00377964473254394,8.81,8.82,0.009999999999999787,100.0,Low,0,Thursday,April
2026-05-01,8.81,SCB-103,Good,0.0,8.811428571428573,0.00377964473254394,8.81,8.82,0.009999999999999787,100.0,Low,0,Friday,May
2026-05-02,8.81,SCB-103,Good,0.0,8.811428571428573,0.00377964473254394,8.81,8.82,0.009999999999999787,100.0,Low,0,Saturday,May
2026-05-03,8.81,SCB-103,Good,0.0,8.811428571428573,0.00377964473254394,8.81,8.82,0.009999999999999787,100.0,Low,0,Sunday,May
2026-05-04,8.82,SCB-103,Good,0.009999999999999787,8.811428571428573,0.00377964473254394,8.81,8.82,0.009999999999999787,99.9,Low,0,Monday,May
2026-05-05,8.82,SCB-103,Good,0.0,8.812857142857142,0.004879500366640104,8.81,8.82,0.009999999999999787,100.0,Low,0,Tuesday,May
2026-05-06,8.81,SCB-103,Good,-0.009999999999999787,8.812857142857142,0.004879500366640104,8.81,8.82,0.009999999999999787,99.9,Low,0,Wednesday,May
2026-05-07,8.81,SCB-103,Good,0.0,8.812857142857144,0.004879500366640104,8.81,8.82,0.009999999999999787,100.0,Low,0,Thursday,May
2026-05-08,8.81,SCB-103,Good,0.0,8.812857142857144,0.004879500366640104,8.81,8.82,0.009999999999999787,100.0,Low,0,Friday,May
2026-05-09,8.83,SCB-103,Good,0.019999999999999574,8.815714285714286,0.007867957925868946,8.81,8.83,0.019999999999999574,99.80000000000001,Low,0,Saturday,May
2026-05-10,8.83,SCB-103,Good,0.0,8.81857142857143,0.008997354109449343,8.81,8.83,0.019999999999999574,100.0,Low,0,Sunday,May
2026-05-11,8.83,SCB-103,Good,0.0,8.819999999999999,0.010000000000921237,8.81,8.83,0.019999999999999574,100.0,Low,0,Monday,May
2026-05-12,8.83,SCB-103,Good,0.0,8.821428571428573,0.010690449677357697,8.81,8.83,0.019999999999999574,100.0,Low,0,Tuesday,May
2026-05-13,8.83,SCB-103,Good,0.0,8.824285714285715,0.009759000730425951,8.81,8.83,0.019999999999999574,100.0,Low,0,Wednesday,May
2026-05-14,8.82,SCB-103,Good,-0.009999999999999787,8.825714285714286,0.007867957925859648,8.81,8.83,0.019999999999999574,99.9,Low,0,Thursday,May
2026-05-15,8.81,SCB-103,Good,-0.009999999999999787,8.825714285714286,0.007867957925859648,8.81,8.83,0.019999999999999574,99.9,Low,0,Friday,May
2026-05-16,8.81,SCB-103,Good,0.0,8.822857142857144,0.009511897313079488,8.81,8.83,0.019999999999999574,100.0,Low,0,Saturday,May
2026-05-17,8.81,SCB-103,Good,0.0,8.82,0.010000000000921067,8.81,8.83,0.019999999999999574,100.0,Low,0,Sunday,May
2026-05-18,8.81,SCB-103,Good,0.0,8.817142857142857,0.00951189731308438,8.81,8.83,0.019999999999999574,100.0,Low,0,Monday,May
2026-05-19,8.81,SCB-103,Good,0.0,8.814285714285715,0.007867957925871891,8.81,8.83,0.019999999999999574,100.0,Low,0,Tuesday,May
2026-05-20,8.81,SCB-103,Good,0.0,8.811428571428573,0.003779644732551825,8.81,8.82,0.009999999999999787,100.0,Low,0,Wednesday,May
2026-05-21,8.81,SCB-103,Good,0.0,8.81,1.3648356442497191e-07,8.81,8.81,0.0,100.0,Low,0,Thursday,May
2026-05-22,8.81,SCB-103,Good,0.0,8.81,1.3648356442497191e-07,8.81,8.81,0.0,100.0,Low,0,Friday,May
2026-05-23,8.81,SCB-103,Good,0.0,8.81,1.3648356442497191e-07,8.81,8.81,0.0,100.0,Low,0,Saturday,May
2026-05-24,8.81,SCB-103,Good,0.0,8.81,1.3648356442497191e-07,8.81,8.81,0.0,100.0,Low,0,Sunday,May
2026-05-25,8.81,SCB-103,Good,0.0,8.81,1.3648356442497191e-07,8.81,8.81,0.0,100.0,Low,0,Monday,May
2026-05-26,8.82,SCB-103,Good,0.009999999999999787,8.811428571428571,0.003779644732551825,8.81,8.82,0.009999999999999787,99.9,Low,0,Tuesday,May
2026-05-27,8.82,SCB-103,Good,0.0,8.812857142857144,0.004879500366644521,8.81,8.82,0.009999999999999787,100.0,Low,0,Wednesday,May
2026-05-28,8.81,SCB-103,Good,-0.009999999999999787,8.812857142857144,0.004879500366644521,8.81,8.82,0.009999999999999787,99.9,Low,0,Thursday,May
2026-05-29,8.81,SCB-103,Good,0.0,8.812857142857144,0.004879500366644521,8.81,8.82,0.009999999999999787,100.0,Low,0,Friday,May
2026-05-30,8.82,SCB-103,Good,0.009999999999999787,8.814285714285715,0.005345224839981663,8.81,8.82,0.009999999999999787,99.9,Low,0,Saturday,May
2026-05-31,8.82,SCB-103,Good,0.0,8.815714285714286,0.005345224839978597,8.81,8.82,0.009999999999999787,100.0,Low,0,Sunday,May
2026-06-01,8.81,SCB-103,Good,-0.009999999999999787,8.815714285714288,0.005345224839978597,8.81,8.82,0.009999999999999787,99.9,Low,0,Monday,June
2026-06-02,8.81,SCB-103,Good,0.0,8.814285714285715,0.005345224839981663,8.81,8.82,0.009999999999999787,100.0,Low,0,Tuesday,June
2026-06-03,8.81,SCB-103,Good,0.0,8.812857142857144,0.004879500366644521,8.81,8.82,0.009999999999999787,100.0,Low,0,Wednesday,June
2026-06-04,8.81,SCB-103,Good,0.0,8.812857142857144,0.004879500366644521,8.81,8.82,0.009999999999999787,100.0,Low,0,Thursday,June
2026-06-05,8.81,SCB-103,Good,0.0,8.812857142857142,0.004879500366644521,8.81,8.82,0.009999999999999787,100.0,Low,0,Friday,June
2026-06-06,8.81,SCB-103,Good,0.0,8.811428571428571,0.003779644732551825,8.81,8.82,0.009999999999999787,100.0,Low,0,Saturday,June
2026-06-07,8.81,SCB-103,Good,0.0,8.81,1.3648356442497191e-07,8.81,8.81,0.0,100.0,Low,0,Sunday,June
2026-06-08,8.81,SCB-103,Good,0.0,8.81,1.3648356442497191e-07,8.81,8.81,0.0,100.0,Low,0,Monday,June
2026-06-09,8.81,SCB-103,Good,0.0,8.81,1.3648356442497191e-07,8.81,8.81,0.0,100.0,Low,0,Tuesday,June
2026-06-10,8.81,SCB-103,Good,0.0,8.81,1.3648356442497191e-07,8.81,8.81,0.0,100.0,Low,0,Wednesday,June
2026-06-11,8.81,SCB-103,Good,0.0,8.81,1.3648356442497191e-07,8.81,8.81,0.0,100.0,Low,0,Thursday,June
2026-06-12,8.81,SCB-103,Good,0.0,8.81,1.3648356442497191e-07,8.81,8.81,0.0,100.0,Low,0,Friday,June
2026-06-13,8.81,SCB-103,Good,0.0,8.81,1.3648356442497191e-07,8.81,8.81,0.0,100.0,Low,0,Saturday,June
2026-06-14,8.81,SCB-103,Good,0.0,8.81,1.3648356442497191e-07,8.81,8.81,0.0,100.0,Low,0,Sunday,June
2026-06-15,8.81,SCB-103,Good,0.0,8.81,1.3648356442497191e-07,8.81,8.81,0.0,100.0,Low,0,Monday,June
2026-06-16,8.81,SCB-103,Good,0.0,8.81,1.3648356442497191e-07,8.81,8.81,0.0,100.0,Low,0,Tuesday,June
2026-06-17,8.81,SCB-103,Good,0.0,8.81,1.3648356442497191e-07,8.81,8.81,0.0,100.0,Low,0,Wednesday,June
2026-06-18,8.8,SCB-103,Good,-0.009999999999999787,8.80857142857143,0.003779644732561225,8.8,8.81,0.009999999999999787,99.9,Low,0,Thursday,June
2026-06-19,8.81,SCB-103,Good,0.009999999999999787,8.80857142857143,0.003779644732561225,8.8,8.81,0.009999999999999787,99.9,Low,0,Friday,June
2026-06-20,8.81,SCB-103,Good,0.0,8.80857142857143,0.003779644732561225,8.8,8.81,0.009999999999999787,100.0,Low,0,Saturday,June
2026-06-21,8.8,SCB-103,Good,-0.009999999999999787,8.807142857142859,0.004879500366659083,8.8,8.81,0.009999999999999787,99.9,Low,0,Sunday,June
2026-06-22,8.82,SCB-103,Good,0.019999999999999574,8.80857142857143,0.006900655594775842,8.8,8.82,0.019999999999999574,99.80000000000001,Low,0,Monday,June
2026-06-23,8.81,SCB-103,Good,-0.009999999999999787,8.80857142857143,0.006900655594775842,8.8,8.82,0.019999999999999574,99.9,Low,0,Tuesday,June
2026-06-24,8.82,SCB-103,Good,0.009999999999999787,8.81,0.008164965810417604,8.8,8.82,0.019999999999999574,99.9,Low,0,Wednesday,June
2026-06-25,8.84,SCB-103,Good,0.019999999999999574,8.815714285714286,0.012724180206332154,8.8,8.84,0.03999999999999915,99.80000000000001,Low,0,Thursday,June
2026-06-26,8.83,SCB-103,Good,-0.009999999999999787,8.81857142857143,0.013451854183373977,8.8,8.84,0.03999999999999915,99.9,Low,0,Friday,June
2026-06-27,8.83,SCB-103,Good,0.0,8.821428571428571,0.013451854183371335,8.8,8.84,0.03999999999999915,100.0,Low,0,Saturday,June
2026-06-28,8.81,SCB-103,Good,-0.019999999999999574,8.822857142857144,0.011126972806104791,8.81,8.84,0.02999999999999936,99.80000000000001,Low,0,Sunday,June
2026-06-29,8.81,SCB-103,Good,0.0,8.821428571428571,0.012149857926632377,8.81,8.84,0.02999999999999936,100.0,Low,0,Monday,June
2026-06-30,8.81,SCB-103,Good,0.0,8.821428571428571,0.012149857926632377,8.81,8.84,0.02999999999999936,100.0,Low,0,Tuesday,June
2026-01-01,12.45,SCB-104,Good,0.0,12.45,0.0,12.45,12.45,0.0,100.0,High,0,Thursday,January
2026-01-02,12.57,SCB-104,Good,0.120000000000001,12.51,0.0848528137423864,12.45,12.57,0.120000000000001,98.79999999999998,High,0,Friday,January
2026-01-03,12.58,SCB-104,Good,0.009999999999999787,12.533333333333333,0.07234178138070285,12.45,12.58,0.13000000000000078,99.9,High,0,Saturday,January
2026-01-04,12.57,SCB-104,Good,-0.009999999999999787,12.5425,0.06184658438426532,12.45,12.58,0.13000000000000078,99.9,High,0,Sunday,January
2026-01-05,12.56,SCB-104,Good,-0.009999999999999787,12.546000000000001,0.05412947441089776,12.45,12.58,0.13000000000000078,99.9,High,0,Monday,January
2026-01-06,12.54,SCB-104,Interpolated,-0.02000000000000135,12.545,0.048476798574163635,12.45,12.58,0.13000000000000078,99.79999999999998,High,0,Tuesday,January
2026-01-07,12.52,SCB-104,Interpolated,-0.019999999999999574,12.54142857142857,0.04525062483125613,12.45,12.58,0.13000000000000078,99.80000000000001,High,0,Wednesday,January
2026-01-08,12.5,SCB-104,Interpolated,-0.019999999999999574,12.54857142857143,0.02968084198523291,12.5,12.58,0.08000000000000007,99.80000000000001,High,0,Thursday,January
2026-01-09,12.48,SCB-104,Good,-0.019999999999999574,12.535714285714286,0.037352886036263695,12.48,12.58,0.09999999999999964,99.80000000000001,High,0,Friday,January
2026-01-10,12.52,SCB-104,Good,0.03999999999999915,12.527142857142858,0.03199702367110958,12.48,12.57,0.08999999999999986,99.60000000000001,High,0,Saturday,January
2026-01-11,12.5,SCB-104,Good,-0.019999999999999574,12.517142857142858,0.026903708365382226,12.48,12.56,0.08000000000000007,99.80000000000001,High,0,Sunday,January
2026-01-12,12.49,SCB-104,Good,-0.009999999999999787,12.507142857142856,0.02058663459163484,12.48,12.54,0.05999999999999872,99.9,High,0,Monday,January
2026-01-13,12.52,SCB-104,Good,0.02999999999999936,12.504285714285714,0.016183471874252967,12.48,12.52,0.03999999999999915,99.7,High,0,Tuesday,January
2026-01-14,12.54,SCB-104,Good,0.019999999999999574,12.507142857142856,0.02058663459163484,12.48,12.54,0.05999999999999872,99.80000000000001,High,0,Wednesday,January
2026-01-15,12.57,SCB-104,Good,0.030000000000001137,12.517142857142858,0.030937725468153807,12.48,12.57,0.08999999999999986,99.69999999999999,High,0,Thursday,January
2026-01-16,12.47,SCB-104,Good,-0.09999999999999964,12.515714285714285,0.03309438162646473,12.47,12.57,0.09999999999999964,99.0,High,0,Friday,January
2026-01-17,12.59,SCB-104,Good,0.11999999999999922,12.525714285714287,0.04353433237386448,12.47,12.59,0.11999999999999922,98.80000000000001,High,0,Saturday,January
2026-01-18,12.52,SCB-104,Good,-0.07000000000000028,12.528571428571428,0.04220133150686597,12.47,12.59,0.11999999999999922,99.3,High,0,Sunday,January
2026-01-19,12.43,SCB-104,Good,-0.08999999999999986,12.52,0.05537749241945404,12.43,12.59,0.16000000000000014,99.1,High,0,Monday,January
2026-01-20,12.54,SCB-104,Good,0.10999999999999943,12.522857142857143,0.05589105048046192,12.43,12.59,0.16000000000000014,98.9,High,0,Tuesday,January
2026-01-21,12.49,SCB-104,Good,-0.049999999999998934,12.515714285714285,0.05652643713553961,12.43,12.59,0.16000000000000014,99.50000000000001,High,0,Wednesday,January
2026-01-22,11.78,SCB-104,Good,-0.7100000000000009,12.402857142857142,0.2793870842704488,11.78,12.59,0.8100000000000005,92.89999999999999,High,0,Thursday,January
2026-01-23,10.81,SCB-104,Good,-0.9699999999999989,12.165714285714285,0.6592130951080266,10.81,12.59,1.7799999999999994,90.30000000000001,Normal,0,Friday,January
2026-01-24,10.93,SCB-104,Good,0.11999999999999922,11.928571428571429,0.7703555147122775,10.81,12.54,1.7299999999999986,98.80000000000001,Normal,0,Saturday,January
2026-01-25,10.936,SCB-104,Interpolated,0.006000000000000227,11.702285714285713,0.7997561533129351,10.81,12.54,1.7299999999999986,99.94,Normal,0,Sunday,January
2026-01-26,10.942,SCB-104,Interpolated,0.006000000000000227,11.489714285714285,0.7713429229349957,10.81,12.54,1.7299999999999986,99.94,Normal,0,Monday,January
2026-01-27,10.948,SCB-104,Interpolated,0.006000000000000227,11.262285714285714,0.6322061146719237,10.81,12.49,1.6799999999999997,99.94,Normal,0,Tuesday,January
2026-01-28,,SCB-104,Offline,0.0,11.057666666666664,0.35766222426566635,10.81,11.78,0.9699999999999989,100.0,Offline,0,Wednesday,January
2026-01-29,10.96,SCB-104,Good,0.0,10.921,0.05534979674756937,10.81,10.96,0.15000000000000036,100.0,Normal,0,Thursday,January
2026-01-30,10.96,SCB-104,Good,0.0,10.946,0.012393546707755167,10.93,10.96,0.030000000000001137,100.0,Normal,0,Friday,January
2026-01-31,10.96,SCB-104,Good,0.0,10.951,0.010564090116868248,10.936,10.96,0.02400000000000091,100.0,Normal,0,Saturday,January
2026-02-01,10.95,SCB-104,Good,-0.010000000000001563,10.953333333333333,0.00776316086809859,10.942,10.96,0.018000000000000682,99.89999999999998,Normal,0,Sunday,February
2026-02-02,10.96,SCB-104,Good,0.010000000000001563,10.956333333333333,0.0057154760662589356,10.948,10.96,0.012000000000000455,99.89999999999998,Normal,0,Monday,February
2026-02-03,10.97,SCB-104,Good,0.009999999999999787,10.96,0.006324555320124391,10.95,10.97,0.02000000000000135,99.9,Normal,0,Tuesday,February
2026-02-04,10.97,SCB-104,Good,0.0,10.961428571428572,0.0069006555932613605,10.95,10.97,0.02000000000000135,100.0,Normal,0,Wednesday,February
2026-02-05,10.97,SCB-104,Good,0.0,10.962857142857144,0.0075592894600367095,10.95,10.97,0.02000000000000135,100.0,Normal,0,Thursday,February
2026-02-06,10.94,SCB-104,Good,-0.030000000000001137,10.959999999999999,0.011547005383695727,10.94,10.97,0.030000000000001137,99.69999999999999,Normal,0,Friday,February
2026-02-07,10.98,SCB-104,Good,0.040000000000000924,10.962857142857144,0.013801311186766325,10.94,10.98,0.040000000000000924,99.6,Normal,0,Saturday,February
2026-02-08,10.98,SCB-104,Good,0.0,10.967142857142859,0.013801311186766325,10.94,10.98,0.040000000000000924,100.0,Normal,0,Sunday,February
2026-02-09,10.98,SCB-104,Good,0.0,10.969999999999999,0.014142135623652189,10.94,10.98,0.040000000000000924,100.0,Normal,0,Monday,February
2026-02-10,10.98,SCB-104,Good,0.0,10.971428571428572,0.014638501094151915,10.94,10.98,0.040000000000000924,100.0,Normal,0,Tuesday,February
2026-02-11,10.98,SCB-104,Good,0.0,10.972857142857142,0.014960264830787409,10.94,10.98,0.040000000000000924,100.0,Normal,0,Wednesday,February
2026-02-12,10.95,SCB-104,Good,-0.030000000000001137,10.97,0.017320508075624734,10.94,10.98,0.040000000000000924,99.69999999999999,Normal,0,Thursday,February
2026-02-13,10.99,SCB-104,Good,0.040000000000000924,10.977142857142857,0.012535663410470813,10.95,10.99,0.040000000000000924,99.6,Normal,0,Friday,February
2026-02-14,10.89,SCB-104,Good,-0.09999999999999964,10.964285714285714,0.03505098327535491,10.89,10.99,0.09999999999999964,99.0,Normal,0,Saturday,February
2026-02-15,10.8,SCB-104,Good,-0.08999999999999986,10.938571428571427,0.07010196655075761,10.8,10.99,0.1899999999999995,99.1,Normal,0,Sunday,February
2026-02-16,10.8,SCB-104,Good,0.0,10.912857142857145,0.08400680244563963,10.8,10.99,0.1899999999999995,100.0,Normal,0,Monday,February
2026-02-17,10.8,SCB-104,Good,0.0,10.887142857142859,0.08750510189206522,10.8,10.99,0.1899999999999995,100.0,Normal,0,Tuesday,February
2026-02-18,10.8,SCB-104,Good,0.0,10.861428571428572,0.08194074514112935,10.8,10.99,0.1899999999999995,100.0,Normal,0,Wednesday,February
2026-02-19,10.8,SCB-104,Good,0.0,10.84,0.07416198487094162,10.8,10.99,0.1899999999999995,100.0,Normal,0,Thursday,February
2026-02-20,10.8,SCB-104,Good,0.0,10.812857142857142,0.034016802570797235,10.8,10.89,0.08999999999999986,100.0,Normal,0,Friday,February
2026-02-21,10.81,SCB-104,Good,0.009999999999999787,10.801428571428572,0.0037796447300923034,10.8,10.81,0.009999999999999787,99.9,Normal,0,Saturday,February
2026-02-22,10.81,SCB-104,Good,0.0,10.802857142857144,0.004879500364743024,10.8,10.81,0.009999999999999787,100.0,Normal,0,Sunday,February
2026-02-23,10.81,SCB-104,Good,0.0,10.804285714285713,0.0053452248382491645,10.8,10.81,0.009999999999999787,100.0,Normal,0,Monday,February
2026-02-24,10.81,SCB-104,Good,0.0,10.805714285714286,0.005345224838249422,10.8,10.81,0.009999999999999787,100.0,Normal,0,Tuesday,February
2026-02-25,10.78,SCB-104,Good,-0.030000000000001137,10.802857142857144,0.011126972805284395,10.78,10.81,0.030000000000001137,99.69999999999999,Normal,0,Wednesday,February
2026-02-26,10.82,SCB-104,Good,0.040000000000000924,10.805714285714286,0.012724180205607732,10.78,10.82,0.040000000000000924,99.6,Normal,0,Thursday,February
2026-02-27,10.35,SCB-104,Good,-0.47000000000000064,10.741428571428573,0.17305380390970634,10.35,10.82,0.47000000000000064,95.3,Normal,0,Friday,February
2026-02-28,10.82,SCB-104,Good,0.47000000000000064,10.742857142857144,0.17375406812640737,10.35,10.82,0.47000000000000064,95.3,Normal,0,Saturday,February
2026-03-01,10.82,SCB-104,Good,0.0,10.744285714285715,0.17443787268988192,10.35,10.82,0.47000000000000064,100.0,Normal,0,Sunday,March
2026-03-02,10.82,SCB-104,Good,0.0,10.745714285714286,0.17510541043013136,10.35,10.82,0.47000000000000064,100.0,Normal,0,Monday,March
2026-03-03,10.83,SCB-104,Good,0.009999999999999787,10.748571428571427,0.1764868806671449,10.35,10.83,0.4800000000000004,99.9,Normal,0,Tuesday,March
2026-03-04,10.83,SCB-104,Good,0.0,10.755714285714285,0.17896527995276462,10.35,10.83,0.4800000000000004,100.0,Normal,0,Wednesday,March
2026-03-05,10.81,SCB-104,Good,-0.019999999999999574,10.754285714285714,0.1784056373228476,10.35,10.83,0.4800000000000004,99.80000000000001,Normal,0,Thursday,March
2026-03-06,10.83,SCB-104,Good,0.019999999999999574,10.822857142857142,0.007559289460177654,10.81,10.83,0.019999999999999574,99.80000000000001,Normal,0,Friday,March
2026-03-07,10.83,SCB-104,Good,0.0,10.824285714285717,0.0078679579246877,10.81,10.83,0.019999999999999574,100.0,Normal,0,Saturday,March
2026-03-08,10.83,SCB-104,Good,0.0,10.825714285714286,0.007867957924687525,10.81,10.83,0.019999999999999574,100.0,Normal,0,Sunday,March
2026-03-09,10.83,SCB-104,Good,0.0,10.827142857142858,0.0075592894601771085,10.81,10.83,0.019999999999999574,100.0,Normal,0,Monday,March
2026-03-10,10.4,SCB-104,Good,-0.4299999999999997,10.765714285714287,0.16143699935858807,10.4,10.83,0.4299999999999997,95.7,Normal,0,Tuesday,March
2026-03-11,10.83,SCB-104,Good,0.4299999999999997,10.765714285714285,0.16143699935858807,10.4,10.83,0.4299999999999997,95.7,Normal,0,Wednesday,March
2026-03-12,10.83,SCB-104,Good,0.0,10.76857142857143,0.16252472339396765,10.4,10.83,0.4299999999999997,100.0,Normal,0,Thursday,March
2026-03-13,10.83,SCB-104,Good,0.0,10.76857142857143,0.16252472339396765,10.4,10.83,0.4299999999999997,100.0,Normal,0,Friday,March
2026-03-14,10.84,SCB-104,Good,0.009999999999999787,10.77,0.16319722219858182,10.4,10.84,0.4399999999999995,99.9,Normal,0,Saturday,March
2026-03-15,10.83,SCB-104,Good,-0.009999999999999787,10.77,0.16319722219858182,10.4,10.84,0.4399999999999995,99.9,Normal,0,Sunday,March
2026-03-16,10.84,SCB-104,Good,0.009999999999999787,10.771428571428572,0.1638524307040301,10.4,10.84,0.4399999999999995,99.9,Normal,0,Monday,March
2026-03-17,10.83,SCB-104,Good,-0.009999999999999787,10.832857142857142,0.004879500364707591,10.83,10.84,0.009999999999999787,99.9,Normal,0,Tuesday,March
2026-03-18,10.84,SCB-104,Good,0.009999999999999787,10.834285714285713,0.00534522483821579,10.83,10.84,0.009999999999999787,99.9,Normal,0,Wednesday,March
2026-03-19,10.81,SCB-104,Good,-0.02999999999999936,10.831428571428571,0.010690449676481327,10.81,10.84,0.02999999999999936,99.7,Normal,0,Thursday,March
2026-03-20,10.81,SCB-104,Good,0.0,10.828571428571427,0.013451854182679366,10.81,10.84,0.02999999999999936,100.0,Normal,0,Friday,March
2026-03-21,10.82,SCB-104,Good,0.009999999999999787,10.825714285714286,0.012724180205595813,10.81,10.84,0.02999999999999936,99.9,Normal,0,Saturday,March
2026-03-22,10.83,SCB-104,Good,0.009999999999999787,10.825714285714286,0.012724180205595813,10.81,10.84,0.02999999999999936,99.9,Normal,0,Sunday,March
2026-03-23,10.83,SCB-104,Good,0.0,10.824285714285713,0.011338934190264762,10.81,10.84,0.02999999999999936,100.0,Normal,0,Monday,March
2026-03-24,10.83,SCB-104,Good,0.0,10.824285714285713,0.011338934190264762,10.81,10.84,0.02999999999999936,100.0,Normal,0,Tuesday,March
2026-03-25,10.8325,SCB-104,Interpolated,0.0024999999999995026,10.823214285714286,0.009865162369224547,10.81,10.8325,0.022499999999999076,99.97500000000001,Normal,0,Wednesday,March
2026-03-26,10.835,SCB-104,Interpolated,0.002500000000001279,10.826785714285716,0.00874574726583182,10.81,10.835,0.025000000000000355,99.975,Normal,0,Thursday,March
2026-03-27,10.8375,SCB-104,Interpolated,0.0024999999999995026,10.830714285714285,0.005536674263891867,10.82,10.8375,0.01750000000000007,99.97500000000001,Normal,0,Friday,March
2026-03-28,10.84,SCB-104,Good,0.0024999999999995026,10.833571428571428,0.0040458679685204755,10.83,10.84,0.009999999999999787,99.97500000000001,Normal,0,Saturday,March
2026-03-29,10.84,SCB-104,Good,0.0,10.834999999999999,0.004330127018880292,10.83,10.84,0.009999999999999787,100.0,Normal,0,Sunday,March
2026-03-30,10.84,SCB-104,Good,0.0,10.836428571428572,0.004045867968516765,10.83,10.84,0.009999999999999787,100.0,Normal,0,Monday,March
2026-03-31,10.84,SCB-104,Good,0.0,10.837857142857143,0.00303746448140568,10.8325,10.84,0.007500000000000284,100.0,Normal,0,Tuesday,March
2026-04-01,10.84,SCB-104,Good,0.0,10.838928571428571,0.001966989481072103,10.835,10.84,0.004999999999999005,100.0,Normal,0,Wednesday,April
2026-04-02,10.85,SCB-104,Good,0.009999999999999787,10.841071428571427,0.004045867968512032,10.8375,10.85,0.01249999999999929,99.9,Normal,0,Thursday,April
2026-04-03,10.85,SCB-104,Good,0.0,10.842857142857143,0.004879500364698749,10.84,10.85,0.009999999999999787,100.0,Normal,0,Friday,April
2026-04-04,10.85,SCB-104,Good,0.0,10.844285714285714,0.005345224838207718,10.84,10.85,0.009999999999999787,100.0,Normal,0,Saturday,April
2026-04-05,10.85,SCB-104,Good,0.0,10.845714285714285,0.005345224838207085,10.84,10.85,0.009999999999999787,100.0,Normal,0,Sunday,April
2026-04-06,10.84,SCB-104,Good,-0.009999999999999787,10.845714285714283,0.005345224838207085,10.84,10.85,0.009999999999999787,99.9,Normal,0,Monday,April
2026-04-07,10.84,SCB-104,Good,0.0,10.845714285714285,0.005345224838207085,10.84,10.85,0.009999999999999787,100.0,Normal,0,Tuesday,April
2026-04-08,10.85,SCB-104,Good,0.009999999999999787,10.847142857142858,0.004879500364696927,10.84,10.85,0.009999999999999787,99.9,Normal,0,Wednesday,April
2026-04-09,10.84,SCB-104,Good,-0.009999999999999787,10.845714285714285,0.005345224838207085,10.84,10.85,0.009999999999999787,99.9,Normal,0,Thursday,April
2026-04-10,10.59,SCB-104,Good,-0.25,10.808571428571428,0.09651054716602478,10.59,10.85,0.2599999999999998,97.5,Normal,0,Friday,April
2026-04-11,10.84,SCB-104,Good,0.25,10.807142857142859,0.09586697132211902,10.59,10.85,0.2599999999999998,97.5,Normal,0,Saturday,April
2026-04-12,10.85,SCB-104,Good,0.009999999999999787,10.807142857142855,0.09586697132211902,10.59,10.85,0.2599999999999998,99.9,Normal,0,Sunday,April
2026-04-13,10.84,SCB-104,Good,-0.009999999999999787,10.807142857142859,0.09586697132211902,10.59,10.85,0.2599999999999998,99.9,Normal,0,Monday,April
2026-04-14,10.85,SCB-104,Good,0.009999999999999787,10.808571428571428,0.09651054716602478,10.59,10.85,0.2599999999999998,99.9,Normal,0,Tuesday,April
2026-04-15,10.85,SCB-104,Good,0.0,10.80857142857143,0.09651054716602478,10.59,10.85,0.2599999999999998,100.0,Normal,0,Wednesday,April
2026-04-16,10.85,SCB-104,Good,0.0,10.81,0.09712534856222192,10.59,10.85,0.2599999999999998,100.0,Normal,0,Thursday,April
2026-04-17,10.85,SCB-104,Good,0.0,10.847142857142856,0.004879500364697784,10.84,10.85,0.009999999999999787,100.0,Normal,0,Friday,April
2026-04-18,10.85,SCB-104,Good,0.0,10.848571428571429,0.003779644730033172,10.84,10.85,0.009999999999999787,100.0,Normal,0,Saturday,April
2026-04-19,10.85,SCB-104,Good,0.0,10.848571428571429,0.003779644730033172,10.84,10.85,0.009999999999999787,100.0,Normal,0,Sunday,April
2026-04-20,10.85,SCB-104,Good,0.0,10.85,0.0,10.85,10.85,0.0,100.0,Normal,0,Monday,April
2026-04-21,10.85,SCB-104,Good,0.0,10.85,0.0,10.85,10.85,0.0,100.0,Normal,0,Tuesday,April
2026-04-22,10.83,SCB-104,Good,-0.019999999999999574,10.847142857142856,0.007559289460184216,10.83,10.85,0.019999999999999574,99.80000000000001,Normal,0,Wednesday,April
2026-04-23,10.85,SCB-104,Good,0.019999999999999574,10.847142857142856,0.007559289460184216,10.83,10.85,0.019999999999999574,99.80000000000001,Normal,0,Thursday,April
2026-04-24,10.74,SCB-104,Good,-0.10999999999999943,10.831428571428573,0.04099941927579397,10.74,10.85,0.10999999999999943,98.9,Normal,0,Friday,April
2026-04-25,10.84,SCB-104,Good,0.09999999999999964,10.83,0.04041451884327338,10.74,10.85,0.10999999999999943,99.0,Normal,0,Saturday,April
2026-04-26,10.87,SCB-104,Good,0.02999999999999936,10.832857142857142,0.04270608298368618,10.74,10.87,0.129999999999999,99.7,Normal,0,Sunday,April
2026-04-27,10.86,SCB-104,Good,-0.009999999999999787,10.834285714285713,0.043534332373864025,10.74,10.87,0.129999999999999,99.9,Normal,0,Monday,April
2026-04-28,10.85,SCB-104,Good,-0.009999999999999787,10.834285714285715,0.043534332373864025,10.74,10.87,0.129999999999999,99.9,Normal,0,Tuesday,April
2026-04-29,10.85,SCB-104,Good,0.0,10.837142857142856,0.0438612531035025,10.74,10.87,0.129999999999999,100.0,Normal,0,Wednesday,April
2026-04-30,10.85,SCB-104,Good,0.0,10.837142857142856,0.0438612531035025,10.74,10.87,0.129999999999999,100.0,Normal,0,Thursday,April
2026-05-01,10.85,SCB-104,Good,0.0,10.852857142857143,0.009511897312118307,10.84,10.87,0.02999999999999936,100.0,Normal,0,Friday,May
2026-05-02,10.85,SCB-104,Good,0.0,10.854285714285712,0.007867957924701024,10.85,10.87,0.019999999999999574,100.0,Normal,0,Saturday,May
2026-05-03,10.84,SCB-104,Good,-0.009999999999999787,10.85,0.0057735026919040955,10.84,10.86,0.019999999999999574,99.9,Normal,0,Sunday,May
2026-05-04,10.84,SCB-104,Good,0.0,10.847142857142858,0.0048795003647506595,10.84,10.85,0.009999999999999787,100.0,Normal,0,Monday,May
2026-05-05,10.84,SCB-104,Good,0.0,10.845714285714285,0.005345224838255107,10.84,10.85,0.009999999999999787,100.0,Normal,0,Tuesday,May
2026-05-06,10.84,SCB-104,Good,0.0,10.844285714285714,0.005345224838254474,10.84,10.85,0.009999999999999787,100.0,Normal,0,Wednesday,May
2026-05-07,10.83,SCB-104,Good,-0.009999999999999787,10.84142857142857,0.00690065559342767,10.83,10.85,0.019999999999999574,99.9,Normal,0,Thursday,May
2026-05-08,10.84,SCB-104,Good,0.009999999999999787,10.84,0.005773502691901172,10.83,10.85,0.019999999999999574,99.9,Normal,0,Friday,May
2026-05-09,10.82,SCB-104,Good,-0.019999999999999574,10.835714285714285,0.00786795792469783,10.82,10.84,0.019999999999999574,99.80000000000001,Normal,0,Saturday,May
2026-05-10,10.8,SCB-104,Good,-0.019999999999999574,10.83,0.015275252316520804,10.8,10.84,0.03999999999999915,99.80000000000001,Normal,0,Sunday,May
2026-05-11,10.73,SCB-104,Good,-0.07000000000000028,10.814285714285713,0.039940431835899466,10.73,10.84,0.10999999999999943,99.3,Normal,0,Monday,May
2026-05-12,10.79,SCB-104,Good,0.05999999999999872,10.807142857142859,0.03903600291794196,10.73,10.84,0.10999999999999943,99.4,Normal,0,Tuesday,May
2026-05-13,10.78,SCB-104,Good,-0.009999999999999787,10.79857142857143,0.03716116764786093,10.73,10.84,0.10999999999999943,99.9,Normal,0,Wednesday,May
2026-05-14,10.76,SCB-104,Good,-0.019999999999999574,10.788571428571428,0.036709931185158674,10.73,10.84,0.10999999999999943,99.80000000000001,Normal,0,Thursday,May
2026-05-15,10.76,SCB-104,Good,0.0,10.777142857142858,0.029840847683606734,10.73,10.82,0.08999999999999986,100.0,Normal,0,Friday,May
2026-05-16,10.76,SCB-104,Good,0.0,10.76857142857143,0.023401261667248586,10.73,10.8,0.07000000000000028,100.0,Normal,0,Saturday,May
2026-05-17,11.55,SCB-104,Good,0.7900000000000009,10.875714285714285,0.297929362033864,10.73,11.55,0.8200000000000003,92.1,High,0,Sunday,May
2026-05-18,12.79,SCB-104,Good,1.2399999999999984,11.17,0.7713192162349738,10.76,12.79,2.0299999999999994,87.60000000000002,High,0,Monday,May
2026-05-19,12.59,SCB-104,Good,-0.1999999999999993,11.427142857142856,0.91092835952696,10.76,12.79,2.0299999999999994,98.0,High,0,Tuesday,May
2026-05-20,12.45,SCB-104,Good,-0.14000000000000057,11.665714285714285,0.9316447309795234,10.76,12.79,2.0299999999999994,98.6,High,0,Wednesday,May
2026-05-21,12.34,SCB-104,Good,-0.10999999999999943,11.891428571428573,0.8646276379927708,10.76,12.79,2.0299999999999994,98.9,High,0,Thursday,May
2026-05-22,12.18,SCB-104,Good,-0.16000000000000014,12.094285714285714,0.7071741214829945,10.76,12.79,2.0299999999999994,98.4,High,0,Friday,May
2026-05-23,12.16,SCB-104,Good,-0.019999999999999574,12.294285714285712,0.39677269491306977,11.55,12.79,1.2399999999999984,99.80000000000001,High,0,Saturday,May
2026-05-24,12.08,SCB-104,Good,-0.08000000000000007,12.370000000000001,0.25703436864877793,12.08,12.79,0.7099999999999991,99.2,High,0,Sunday,May
2026-05-25,12.04,SCB-104,Good,-0.040000000000000924,12.262857142857143,0.20352839979673173,12.04,12.59,0.5500000000000007,99.6,High,0,Monday,May
2026-05-26,11.99,SCB-104,Good,-0.049999999999998934,12.177142857142856,0.16560135725234176,11.99,12.45,0.4599999999999991,99.50000000000001,High,0,Tuesday,May
2026-05-27,11.98,SCB-104,Good,-0.009999999999999787,12.11,0.1274100990241402,11.98,12.34,0.35999999999999943,99.9,High,0,Wednesday,May
2026-05-28,11.9,SCB-104,Good,-0.08000000000000007,12.047142857142857,0.10078265156836459,11.9,12.18,0.27999999999999936,99.2,High,0,Thursday,May
2026-05-29,11.83,SCB-104,Good,-0.07000000000000028,11.997142857142858,0.11025943432264765,11.83,12.16,0.33000000000000007,99.3,High,0,Friday,May
2026-05-30,11.7,SCB-104,Good,-0.13000000000000078,11.931428571428572,0.13196319833306946,11.7,12.08,0.3800000000000008,98.69999999999999,High,0,Saturday,May
2026-05-31,11.7,SCB-104,Good,0.0,11.877142857142855,0.13864995320524576,11.7,12.04,0.33999999999999986,100.0,High,0,Sunday,May
2026-06-01,11.58,SCB-104,Good,-0.11999999999999922,11.811428571428573,0.15646390120714657,11.58,11.99,0.41000000000000014,98.80000000000001,High,0,Monday,June
2026-06-02,11.66,SCB-104,Good,0.08000000000000007,11.764285714285716,0.1428118975969628,11.58,11.98,0.40000000000000036,99.2,High,0,Tuesday,June
2026-06-03,11.66,SCB-104,Good,0.0,11.718571428571428,0.10960969717270902,11.58,11.9,0.3200000000000003,100.0,High,0,Wednesday,June
2026-06-04,11.63,SCB-104,Good,-0.02999999999999936,11.679999999999998,0.07810249675911246,11.58,11.83,0.25,99.7,High,0,Thursday,June
2026-06-05,11.61,SCB-104,Good,-0.02000000000000135,11.648571428571428,0.044880794492665285,11.58,11.7,0.11999999999999922,99.79999999999998,High,0,Friday,June
2026-06-06,12.13,SCB-104,Good,0.5200000000000014,11.709999999999999,0.1892088792842646,11.58,12.13,0.5500000000000007,94.79999999999998,High,0,Saturday,June
2026-06-07,12.49,SCB-104,Good,0.35999999999999943,11.822857142857144,0.34974820874997653,11.58,12.49,0.9100000000000001,96.4,High,0,Sunday,June
2026-06-08,12.49,SCB-104,Good,0.0,11.952857142857145,0.4086038948139758,11.61,12.49,0.8800000000000008,100.0,High,0,Monday,June
2026-06-09,12.43,SCB-104,Good,-0.0600000000000005,12.062857142857142,0.4201076959429379,11.61,12.49,0.8800000000000008,99.39999999999999,High,0,Tuesday,June
2026-06-10,12.23,SCB-104,Good,-0.1999999999999993,12.144285714285715,0.38257274440544337,11.61,12.49,0.8800000000000008,98.0,High,0,Wednesday,June
2026-06-11,12.06,SCB-104,Good,-0.16999999999999993,12.205714285714288,0.3147410122019578,11.61,12.49,0.8800000000000008,98.3,High,0,Thursday,June
2026-06-12,12.04,SCB-104,Good,-0.02000000000000135,12.267142857142858,0.20022606271533291,12.04,12.49,0.45000000000000107,99.79999999999998,High,0,Friday,June
2026-06-13,11.94,SCB-104,Good,-0.09999999999999964,12.239999999999998,0.23223551264468917,11.94,12.49,0.5500000000000007,99.0,High,0,Saturday,June
2026-06-14,11.76,SCB-104,Good,-0.17999999999999972,12.135714285714286,0.26311322929221764,11.76,12.49,0.7300000000000004,98.2,High,0,Sunday,June
2026-06-15,11.68,SCB-104,Good,-0.08000000000000007,12.02,0.2594224354214699,11.68,12.43,0.75,99.2,High,0,Monday,June
2026-06-16,11.6,SCB-104,Good,-0.08000000000000007,11.901428571428571,0.22865028401678877,11.6,12.23,0.6300000000000008,99.2,High,0,Tuesday,June
2026-06-17,11.57,SCB-104,Good,-0.02999999999999936,11.807142857142855,0.20548432914413306,11.57,12.06,0.4900000000000002,99.7,High,0,Wednesday,June
2026-06-18,11.57,SCB-104,Good,0.0,11.737142857142857,0.18768007226078556,11.57,12.04,0.46999999999999886,100.0,High,0,Thursday,June
2026-06-19,11.49,SCB-104,Good,-0.08000000000000007,11.65857142857143,0.15137465347372134,11.49,11.94,0.4499999999999993,99.2,Normal,0,Friday,June
2026-06-20,11.49,SCB-104,Good,0.0,11.594285714285714,0.09812528434901094,11.49,11.76,0.2699999999999996,100.0,Normal,0,Saturday,June
2026-06-21,11.51,SCB-104,Good,0.019999999999999574,11.558571428571428,0.06890296835130891,11.49,11.68,0.1899999999999995,99.80000000000001,High,0,Sunday,June
2026-06-22,12.26,SCB-104,Good,0.75,11.641428571428573,0.27619006568114557,11.49,12.26,0.7699999999999996,92.5,High,0,Monday,June
2026-06-23,12.54,SCB-104,Good,0.27999999999999936,11.775714285714285,0.43534879284152744,11.49,12.54,1.049999999999999,97.2,High,0,Tuesday,June
2026-06-24,12.5,SCB-104,Good,-0.03999999999999915,11.90857142857143,0.49931381486424975,11.49,12.54,1.049999999999999,99.60000000000001,High,0,Wednesday,June
2026-06-25,12.49,SCB-104,Good,-0.009999999999999787,12.040000000000001,0.5161395160225629,11.49,12.54,1.049999999999999,99.9,High,0,Thursday,June
2026-06-26,12.54,SCB-104,Good,0.049999999999998934,12.19,0.4810405388322343,11.49,12.54,1.049999999999999,99.50000000000001,High,0,Friday,June
2026-06-27,12.49,SCB-104,Good,-0.049999999999998934,12.332857142857145,0.3753982012794101,11.51,12.54,1.0299999999999994,99.50000000000001,High,0,Saturday,June
2026-06-28,12.51,SCB-104,Good,0.019999999999999574,12.475714285714286,0.09744351233019743,12.26,12.54,0.27999999999999936,99.80000000000001,High,0,Sunday,June
2026-06-29,12.53,SCB-104,Good,0.019999999999999574,12.514285714285714,0.022253945610732857,12.49,12.54,0.049999999999998934,99.80000000000001,High,0,Monday,June
2026-06-30,12.5,SCB-104,Good,-0.02999999999999936,12.508571428571429,0.01951800145915885,12.49,12.54,0.049999999999998934,99.7,High,0,Tuesday,June
2026-01-01,13.02,SCB-105,Good,0.0,13.02,0.0,13.02,13.02,0.0,100.0,High,0,Thursday,January
2026-01-02,13.09,SCB-105,Good,0.07000000000000028,13.055,0.049497474683058526,13.02,13.09,0.07000000000000028,99.3,High,0,Friday,January
2026-01-03,13.05,SCB-105,Good,-0.03999999999999915,13.053333333333333,0.035118845842842535,13.02,13.09,0.07000000000000028,99.60000000000001,High,0,Saturday,January
2026-01-04,12.84,SCB-105,Good,-0.21000000000000085,13.0,0.11045361017187258,12.84,13.09,0.25,97.89999999999999,High,0,Sunday,January
2026-01-05,12.8,SCB-105,Good,-0.03999999999999915,12.959999999999999,0.13095800853708786,12.8,13.09,0.28999999999999915,99.60000000000001,High,0,Monday,January
2026-01-06,12.7525,SCB-105,Interpolated,-0.04750000000000121,12.925416666666665,0.1445546321176417,12.7525,13.09,0.33750000000000036,99.52499999999999,High,0,Tuesday,January
2026-01-07,12.705,SCB-105,Interpolated,-0.04749999999999943,12.893928571428571,0.15605726207908135,12.705,13.09,0.3849999999999998,99.525,High,0,Wednesday,January
2026-01-08,12.6575,SCB-105,Interpolated,-0.04749999999999943,12.842142857142859,0.1670106569168852,12.6575,13.09,0.4324999999999992,99.525,High,0,Thursday,January
2026-01-09,12.61,SCB-105,Good,-0.04750000000000121,12.77357142857143,0.14542937248352686,12.61,13.05,0.4400000000000013,99.52499999999999,High,0,Friday,January
2026-01-10,12.59,SCB-105,Good,-0.019999999999999574,12.707857142857142,0.09482910694406727,12.59,12.84,0.25,99.80000000000001,High,0,Saturday,January
2026-01-11,12.52,SCB-105,Good,-0.07000000000000028,12.662142857142857,0.09760068061823415,12.52,12.8,0.28000000000000114,99.3,High,0,Sunday,January
2026-01-12,12.46,SCB-105,Good,-0.05999999999999872,12.61357142857143,0.1020606145759395,12.46,12.7525,0.29249999999999865,99.4,High,0,Monday,January
2026-01-13,12.45,SCB-105,Good,-0.010000000000001563,12.570357142857144,0.09736559722925213,12.45,12.705,0.2550000000000008,99.89999999999998,High,0,Tuesday,January
2026-01-14,12.4,SCB-105,Good,-0.049999999999998934,12.526785714285714,0.09529246959704686,12.4,12.6575,0.2575000000000003,99.50000000000001,High,0,Wednesday,January
2026-01-15,12.34,SCB-105,Good,-0.0600000000000005,12.48142857142857,0.09822229404579337,12.34,12.61,0.2699999999999996,99.39999999999999,High,0,Thursday,January
2026-01-16,12.36,SCB-105,Good,0.019999999999999574,12.445714285714285,0.08866738273967546,12.34,12.59,0.25,99.80000000000001,High,0,Friday,January
2026-01-17,12.3,SCB-105,Good,-0.05999999999999872,12.404285714285717,0.07699721701834937,12.3,12.52,0.21999999999999886,99.4,High,0,Saturday,January
2026-01-18,12.27,SCB-105,Good,-0.030000000000001137,12.368571428571428,0.0722100111777114,12.27,12.46,0.19000000000000128,99.69999999999999,High,0,Sunday,January
2026-01-19,12.29,SCB-105,Good,0.019999999999999574,12.344285714285714,0.06451282633635218,12.27,12.45,0.17999999999999972,99.80000000000001,High,0,Monday,January
2026-01-20,12.25,SCB-105,Interpolated,-0.03999999999999915,12.315714285714284,0.05318431562567227,12.25,12.4,0.15000000000000036,99.60000000000001,High,0,Tuesday,January
2026-01-21,12.21,SCB-105,Good,-0.03999999999999915,12.28857142857143,0.05145501965424623,12.21,12.36,0.14999999999999858,99.60000000000001,High,0,Wednesday,January
2026-01-22,12.18,SCB-105,Good,-0.030000000000001137,12.265714285714285,0.059681695367212975,12.18,12.36,0.17999999999999972,99.69999999999999,High,0,Thursday,January
2026-01-23,12.14,SCB-105,Good,-0.03999999999999915,12.234285714285715,0.059681695367215744,12.14,12.3,0.16000000000000014,99.60000000000001,High,0,Friday,January
2026-01-24,12.08,SCB-105,Good,-0.0600000000000005,12.202857142857143,0.07521398046336533,12.08,12.29,0.20999999999999908,99.39999999999999,High,0,Saturday,January
2026-01-25,12.062,SCB-105,Interpolated,-0.018000000000000682,12.173142857142855,0.08474949079774509,12.062,12.29,0.22799999999999976,99.82,High,0,Sunday,January
2026-01-26,12.044,SCB-105,Interpolated,-0.017999999999998906,12.138000000000002,0.07902742140127363,12.044,12.25,0.20599999999999952,99.82000000000001,High,0,Monday,January
2026-01-27,12.026,SCB-105,Interpolated,-0.018000000000000682,12.106,0.07106804251327081,12.026,12.21,0.18400000000000105,99.82,High,0,Tuesday,January
2026-01-28,,SCB-105,Offline,0.0,12.088666666666667,0.05947324328358482,12.026,12.18,0.15399999999999991,100.0,Offline,0,Wednesday,January
2026-01-29,11.99,SCB-105,Good,0.0,12.057,0.05111164250933533,11.99,12.14,0.15000000000000036,100.0,High,0,Thursday,January
2026-01-30,11.96,SCB-105,Good,-0.02999999999999936,12.027000000000001,0.04512648889513076,11.96,12.08,0.11999999999999922,99.7,High,0,Friday,January
2026-01-31,13.34,SCB-105,Good,1.379999999999999,12.237,0.5416164694689404,11.96,13.34,1.379999999999999,86.20000000000002,High,0,Saturday,January
2026-02-01,13.338,SCB-105,Interpolated,-0.002000000000000668,12.449666666666667,0.6894860888130107,11.96,13.34,1.379999999999999,99.97999999999999,High,0,Sunday,February
2026-02-02,13.336,SCB-105,Interpolated,-0.0019999999999988916,12.665000000000001,0.7375318298215972,11.96,13.34,1.379999999999999,99.98000000000002,High,0,Monday,February
2026-02-03,13.334,SCB-105,Interpolated,-0.002000000000000668,12.883000000000001,0.7034005970995405,11.96,13.34,1.379999999999999,99.97999999999999,High,0,Tuesday,February
2026-02-04,,SCB-105,Offline,0.0,12.883000000000001,0.7034005970995405,11.96,13.34,1.379999999999999,100.0,Offline,0,Wednesday,February
2026-02-05,13.33,SCB-105,Good,0.0,13.106333333333334,0.5615968898299327,11.96,13.34,1.379999999999999,100.0,High,0,Thursday,February
2026-02-06,12.45,SCB-105,Good,-0.8800000000000008,13.188,0.36156105985018155,12.45,13.34,0.8900000000000006,91.19999999999999,High,0,Friday,February
2026-02-07,12.17,SCB-105,Good,-0.27999999999999936,12.993,0.5364143920515084,12.17,13.338,1.1679999999999993,97.2,High,0,Saturday,February
2026-02-08,11.99,SCB-105,Good,-0.17999999999999972,12.768333333333333,0.6360558675671963,11.99,13.336,1.346,98.2,High,0,Sunday,February
2026-02-09,11.86,SCB-105,Good,-0.13000000000000078,12.522333333333334,0.6576569521161177,11.86,13.334,1.4740000000000002,98.69999999999999,High,0,Monday,February
2026-02-10,11.77,SCB-105,Good,-0.08999999999999986,12.261666666666665,0.5765558660413267,11.77,13.33,1.5600000000000005,99.1,High,0,Tuesday,February
2026-02-11,11.68,SCB-105,Good,-0.08999999999999986,12.178571428571429,0.5703925131412734,11.68,13.33,1.6500000000000004,99.1,High,0,Wednesday,February
2026-02-12,11.6,SCB-105,Good,-0.08000000000000007,11.93142857142857,0.298184985729139,11.6,12.45,0.8499999999999996,99.2,High,0,Thursday,February
2026-02-13,11.52,SCB-105,Good,-0.08000000000000007,11.798571428571426,0.22740775209805078,11.52,12.17,0.6500000000000004,99.2,High,0,Friday,February
2026-02-14,11.44,SCB-105,Good,-0.08000000000000007,11.694285714285712,0.1935507808351822,11.44,11.99,0.5500000000000007,99.2,Normal,0,Saturday,February
2026-02-15,11.37,SCB-105,Good,-0.07000000000000028,11.605714285714285,0.17681036384191384,11.37,11.86,0.4900000000000002,99.3,Normal,0,Sunday,February
2026-02-16,11.51,SCB-105,Good,0.14000000000000057,11.555714285714286,0.13818552057015282,11.37,11.77,0.40000000000000036,98.6,High,0,Monday,February
2026-02-17,11.38,SCB-105,Good,-0.129999999999999,11.5,0.11387127235028878,11.37,11.68,0.3100000000000005,98.70000000000002,Normal,0,Tuesday,February
2026-02-18,13.44,SCB-105,Good,2.0599999999999987,11.751428571428571,0.7490533708494711,11.37,13.44,2.0700000000000003,79.4,High,0,Wednesday,February
2026-02-19,11.38,SCB-105,Good,-2.0599999999999987,11.72,0.7609862022402266,11.37,13.44,2.0700000000000003,79.4,Normal,0,Thursday,February
2026-02-20,11.07,SCB-105,Good,-0.3100000000000005,11.655714285714286,0.7987669068186134,11.07,13.44,2.369999999999999,96.89999999999999,Normal,0,Friday,February
2026-02-21,11.02,SCB-105,Good,-0.05000000000000071,11.595714285714285,0.8327235864490549,11.02,13.44,2.42,99.5,Normal,0,Saturday,February
2026-02-22,10.98,SCB-105,Good,-0.03999999999999915,11.540000000000001,0.862844134244422,10.98,13.44,2.459999999999999,99.60000000000001,Normal,0,Sunday,February
2026-02-23,10.92,SCB-105,Good,-0.0600000000000005,11.455714285714285,0.8944990617259355,10.92,13.44,2.5199999999999996,99.39999999999999,Normal,0,Monday,February
2026-02-24,10.88,SCB-105,Good,-0.03999999999999915,11.384285714285713,0.9211199187738336,10.88,13.44,2.5599999999999987,99.60000000000001,Normal,0,Tuesday,February
2026-02-25,13.49,SCB-105,Good,2.6099999999999994,11.391428571428573,0.9397238702836921,10.88,13.49,2.6099999999999994,73.9,High,0,Wednesday,February
2026-02-26,12.355,SCB-105,Interpolated,-1.1349999999999998,11.530714285714286,1.0075565681862455,10.88,13.49,2.6099999999999994,88.65,High,0,Thursday,February
2026-02-27,11.22,SCB-105,Good,-1.1349999999999998,11.552142857142858,0.9976716942580938,10.88,13.49,2.6099999999999994,88.65,Normal,0,Friday,February
2026-02-28,11.1,SCB-105,Good,-0.120000000000001,11.56357142857143,0.9909957714579939,10.88,13.49,2.6099999999999994,98.79999999999998,Normal,0,Saturday,February
2026-03-01,11.05,SCB-105,Good,-0.049999999999998934,11.573571428571428,0.9844571866673317,10.88,13.49,2.6099999999999994,99.50000000000001,Normal,0,Sunday,March
2026-03-02,11.03,SCB-105,Good,-0.02000000000000135,11.589285714285714,0.9730982674402637,10.88,13.49,2.6099999999999994,99.79999999999998,Normal,0,Monday,March
2026-03-03,11.02,SCB-105,Good,-0.009999999999999787,11.609285714285715,0.9574028609186641,11.02,13.49,2.4700000000000006,99.9,Normal,0,Tuesday,March
2026-03-04,11.01,SCB-105,Good,-0.009999999999999787,11.254999999999999,0.4904334817281675,11.01,12.355,1.3450000000000006,99.9,Normal,0,Wednesday,March
2026-03-05,11.0,SCB-105,Good,-0.009999999999999787,11.061428571428573,0.07733661733596398,11.0,11.22,0.22000000000000064,99.9,Normal,0,Thursday,March
2026-03-06,11.01,SCB-105,Good,0.009999999999999787,11.031428571428572,0.03436498771962425,11.0,11.1,0.09999999999999964,99.9,Normal,0,Friday,March
2026-03-07,10.97,SCB-105,Good,-0.03999999999999915,11.012857142857143,0.02497617912787025,10.97,11.05,0.08000000000000007,99.60000000000001,Normal,0,Saturday,March
2026-03-08,10.96,SCB-105,Good,-0.009999999999999787,11.0,0.025819888975068882,10.96,11.03,0.06999999999999851,99.9,Normal,0,Sunday,March
2026-03-09,10.94,SCB-105,Good,-0.02000000000000135,10.987142857142857,0.030394235042653425,10.94,11.02,0.08000000000000007,99.79999999999998,Normal,0,Monday,March
2026-03-10,10.93,SCB-105,Good,-0.009999999999999787,10.974285714285715,0.033094381626749526,10.93,11.01,0.08000000000000007,99.9,Normal,0,Tuesday,March
2026-03-11,10.92,SCB-105,Good,-0.009999999999999787,10.961428571428572,0.03436498771964729,10.92,11.01,0.08999999999999986,99.9,Normal,0,Wednesday,March
2026-03-12,10.9,SCB-105,Good,-0.019999999999999574,10.947142857142856,0.03638419332387284,10.9,11.01,0.10999999999999943,99.80000000000001,Normal,0,Thursday,March
2026-03-13,11.0,SCB-105,Good,0.09999999999999964,10.945714285714285,0.03359421718973206,10.9,11.0,0.09999999999999964,99.0,Normal,0,Friday,March
2026-03-14,10.91,SCB-105,Good,-0.08999999999999986,10.937142857142858,0.03401680257111911,10.9,11.0,0.09999999999999964,99.1,Normal,0,Saturday,March
2026-03-15,10.9,SCB-105,Good,-0.009999999999999787,10.928571428571429,0.034846602622142786,10.9,11.0,0.09999999999999964,99.9,Normal,0,Sunday,March
2026-03-16,10.97,SCB-105,Good,0.07000000000000028,10.932857142857143,0.038172540617079614,10.9,11.0,0.09999999999999964,99.3,Normal,0,Monday,March
2026-03-17,11.29,SCB-105,Good,0.3199999999999985,10.984285714285715,0.14010200365658565,10.9,11.29,0.3899999999999988,96.80000000000001,Normal,0,Tuesday,March
2026-03-18,11.13,SCB-105,Good,-0.15999999999999837,11.014285714285714,0.1463850109423409,10.9,11.29,0.3899999999999988,98.40000000000002,Normal,0,Wednesday,March
2026-03-19,10.97,SCB-105,Good,-0.16000000000000014,11.024285714285714,0.13950593092023847,10.9,11.29,0.3899999999999988,98.4,Normal,0,Thursday,March
2026-03-20,10.88,SCB-105,Good,-0.08999999999999986,11.007142857142858,0.14996825060823418,10.88,11.29,0.40999999999999837,99.1,Normal,0,Friday,March
2026-03-21,10.96,SCB-105,Good,0.08000000000000007,11.014285714285714,0.1457002794389537,10.88,11.29,0.40999999999999837,99.2,Normal,0,Saturday,March
2026-03-22,10.86,SCB-105,Good,-0.10000000000000142,11.008571428571429,0.15159469773369488,10.86,11.29,0.4299999999999997,98.99999999999999,Normal,0,Sunday,March
2026-03-23,10.83,SCB-105,Good,-0.02999999999999936,10.98857142857143,0.1660751407675778,10.83,11.29,0.4599999999999991,99.7,Normal,0,Monday,March
2026-03-24,10.79,SCB-105,Good,-0.040000000000000924,10.917142857142858,0.11426785574763808,10.79,11.13,0.34000000000000163,99.6,Normal,0,Tuesday,March
2026-03-25,10.767499999999998,SCB-105,Interpolated,-0.022500000000000853,10.865357142857144,0.07816153907451906,10.767499999999998,10.97,0.20250000000000234,99.77499999999999,Normal,0,Wednesday,March
2026-03-26,10.745,SCB-105,Interpolated,-0.022499999999999076,10.833214285714288,0.07411581991671501,10.745,10.96,0.21500000000000163,99.775,Normal,0,Thursday,March
2026-03-27,10.7225,SCB-105,Interpolated,-0.022499999999999076,10.810714285714285,0.08112123496303239,10.7225,10.96,0.2375000000000007,99.775,Normal,0,Friday,March
2026-03-28,10.7,SCB-105,Good,-0.022500000000000853,10.773571428571428,0.05744303596586893,10.7,10.86,0.16000000000000014,99.77499999999999,Normal,0,Saturday,March
2026-03-29,10.72,SCB-105,Good,0.02000000000000135,10.75357142857143,0.04545733216592589,10.7,10.83,0.13000000000000078,99.79999999999998,Normal,0,Sunday,March
2026-03-30,10.69,SCB-105,Good,-0.030000000000001137,10.733571428571429,0.03605138528513455,10.69,10.79,0.09999999999999964,99.69999999999999,Normal,0,Monday,March
2026-03-31,10.67,SCB-105,Good,-0.019999999999999574,10.71642857142857,0.03316176082444548,10.67,10.767499999999998,0.09749999999999837,99.80000000000001,Normal,0,Tuesday,March
2026-04-01,10.67,SCB-105,Good,0.0,10.702499999999999,0.028247418761586335,10.67,10.745,0.07499999999999929,100.0,Normal,0,Wednesday,April
2026-04-02,10.65,SCB-105,Good,-0.019999999999999574,10.688928571428571,0.027228092985833254,10.65,10.7225,0.07249999999999979,99.80000000000001,Normal,0,Thursday,April
2026-04-03,10.64,SCB-105,Good,-0.009999999999999787,10.677142857142856,0.02811540841785264,10.64,10.72,0.08000000000000007,99.9,Normal,0,Friday,April
2026-04-04,10.64,SCB-105,Good,0.0,10.668571428571427,0.029113897843569443,10.64,10.72,0.08000000000000007,100.0,Normal,0,Saturday,April
2026-04-05,10.63,SCB-105,Good,-0.009999999999999787,10.655714285714286,0.021491969708054903,10.63,10.69,0.05999999999999872,99.9,Normal,0,Sunday,April
2026-04-06,10.62,SCB-105,Good,-0.010000000000001563,10.645714285714288,0.019023794624951445,10.62,10.67,0.05000000000000071,99.89999999999998,Normal,0,Monday,April
2026-04-07,10.68,SCB-105,Good,0.0600000000000005,10.647142857142857,0.02138089935363744,10.62,10.68,0.0600000000000005,99.39999999999999,Normal,0,Tuesday,April
2026-04-08,10.6,SCB-105,Good,-0.08000000000000007,10.637142857142859,0.02497617912806958,10.6,10.68,0.08000000000000007,99.2,Normal,0,Wednesday,April
2026-04-09,10.65,SCB-105,Good,0.05000000000000071,10.637142857142859,0.02497617912806958,10.6,10.68,0.08000000000000007,99.5,Normal,0,Thursday,April
2026-04-10,10.59,SCB-105,Good,-0.0600000000000005,10.629999999999999,0.030550504633499627,10.59,10.68,0.08999999999999986,99.39999999999999,Normal,0,Friday,April
2026-04-11,10.87,SCB-105,Good,0.27999999999999936,10.662857142857144,0.09621404708861263,10.59,10.87,0.27999999999999936,97.2,Normal,0,Saturday,April
2026-04-12,10.8,SCB-105,Good,-0.06999999999999851,10.687142857142856,0.10734900802446024,10.59,10.87,0.27999999999999936,99.30000000000001,Normal,0,Sunday,April
2026-04-13,10.56,SCB-105,Good,-0.2400000000000002,10.678571428571429,0.11567606658673492,10.56,10.87,0.3099999999999987,97.6,Normal,0,Monday,April
2026-04-14,10.55,SCB-105,Good,-0.009999999999999787,10.659999999999998,0.12543258481495262,10.55,10.87,0.3199999999999985,99.9,Normal,0,Tuesday,April
2026-04-15,10.54,SCB-105,Good,-0.010000000000001563,10.651428571428571,0.1320894357912331,10.54,10.87,0.33000000000000007,99.89999999999998,Normal,0,Wednesday,April
2026-04-16,10.61,SCB-105,Good,0.07000000000000028,10.645714285714286,0.13302344941876054,10.54,10.87,0.33000000000000007,99.3,Normal,0,Thursday,April
2026-04-17,10.92,SCB-105,Good,0.3100000000000005,10.692857142857141,0.16469307673316252,10.54,10.92,0.3800000000000008,96.89999999999999,Normal,0,Friday,April
2026-04-18,10.87,SCB-105,Good,-0.05000000000000071,10.692857142857141,0.16469307673316252,10.54,10.92,0.3800000000000008,99.5,Normal,0,Saturday,April
2026-04-19,10.86,SCB-105,Good,-0.009999999999999787,10.70142857142857,0.17257158625039598,10.54,10.92,0.3800000000000008,99.9,Normal,0,Sunday,April
2026-04-20,10.84,SCB-105,Good,-0.019999999999999574,10.741428571428571,0.1666761902041695,10.54,10.92,0.3800000000000008,99.80000000000001,Normal,0,Monday,April
2026-04-21,10.82,SCB-105,Good,-0.019999999999999574,10.780000000000001,0.14479871085990176,10.54,10.92,0.3800000000000008,99.80000000000001,Normal,0,Tuesday,April
2026-04-22,10.81,SCB-105,Good,-0.009999999999999787,10.818571428571428,0.09889869756965297,10.61,10.92,0.3100000000000005,99.9,Normal,0,Wednesday,April
2026-04-23,10.8,SCB-105,Good,-0.009999999999999787,10.845714285714285,0.041576092031258984,10.8,10.92,0.11999999999999922,99.9,Normal,0,Thursday,April
2026-04-24,10.79,SCB-105,Good,-0.010000000000001563,10.827142857142857,0.03039423504269355,10.79,10.87,0.08000000000000007,99.89999999999998,Normal,0,Friday,April
2026-04-25,10.8,SCB-105,Good,0.010000000000001563,10.817142857142857,0.024976179127938456,10.79,10.86,0.07000000000000028,99.89999999999998,Normal,0,Saturday,April
2026-04-26,10.79,SCB-105,Interpolated,-0.010000000000001563,10.807142857142859,0.017994708217452363,10.79,10.84,0.05000000000000071,99.89999999999998,Normal,0,Sunday,April
2026-04-27,10.78,SCB-105,Good,-0.009999999999999787,10.79857142857143,0.013451854183510465,10.78,10.82,0.040000000000000924,99.9,Normal,0,Monday,April
2026-04-28,10.77,SCB-105,Good,-0.009999999999999787,10.79142857142857,0.013451854183519856,10.77,10.81,0.040000000000000924,99.9,Normal,0,Tuesday,April
2026-04-29,10.79,SCB-105,Good,0.019999999999999574,10.788571428571428,0.010690449677544284,10.77,10.8,0.030000000000001137,99.80000000000001,Normal,0,Wednesday,April
2026-04-30,10.77,SCB-105,Good,-0.019999999999999574,10.784285714285714,0.011338934191270338,10.77,10.8,0.030000000000001137,99.80000000000001,Normal,0,Thursday,April
2026-05-01,10.77,SCB-105,Good,0.0,10.781428571428572,0.012149857926810158,10.77,10.8,0.030000000000001137,100.0,Normal,0,Friday,May
2026-05-02,10.79,SCB-105,Good,0.019999999999999574,10.78,0.01000000000113292,10.77,10.79,0.019999999999999574,99.80000000000001,Normal,0,Saturday,May
2026-05-03,10.8,SCB-105,Good,0.010000000000001563,10.781428571428572,0.012149857926809789,10.77,10.8,0.030000000000001137,99.89999999999998,Normal,0,Sunday,May
2026-05-04,10.78,SCB-105,Good,-0.02000000000000135,10.781428571428572,0.012149857926809789,10.77,10.8,0.030000000000001137,99.79999999999998,Normal,0,Monday,May
2026-05-05,10.77,SCB-105,Good,-0.009999999999999787,10.781428571428572,0.012149857926809789,10.77,10.8,0.030000000000001137,99.9,Normal,0,Tuesday,May
2026-05-06,10.76,SCB-105,Good,-0.009999999999999787,10.777142857142858,0.013801311187671856,10.76,10.8,0.040000000000000924,99.9,Normal,0,Wednesday,May
2026-05-07,10.76,SCB-105,Good,0.0,10.775714285714285,0.015118578921123662,10.76,10.8,0.040000000000000924,100.0,Normal,0,Thursday,May
2026-05-08,10.75,SCB-105,Good,-0.009999999999999787,10.772857142857143,0.017994708217485687,10.75,10.8,0.05000000000000071,99.9,Normal,0,Friday,May
2026-05-09,10.75,SCB-105,Good,0.0,10.767142857142856,0.01799470821749192,10.75,10.8,0.05000000000000071,100.0,Normal,0,Saturday,May
2026-05-10,10.75,SCB-105,Good,0.0,10.76,0.011547005384806599,10.75,10.78,0.02999999999999936,100.0,Normal,0,Sunday,May
2026-05-11,10.75,SCB-105,Good,0.0,10.755714285714285,0.007867957926194165,10.75,10.77,0.019999999999999574,100.0,Normal,0,Monday,May
2026-05-12,10.75,SCB-105,Good,0.0,10.752857142857142,0.00487950036717291,10.75,10.76,0.009999999999999787,100.0,Normal,0,Tuesday,May
2026-05-13,10.75,SCB-105,Good,0.0,10.751428571428571,0.003779644733237218,10.75,10.76,0.009999999999999787,100.0,Normal,0,Wednesday,May
2026-05-14,10.75,SCB-105,Good,0.0,10.75,1.5437239400675326e-07,10.75,10.75,0.0,100.0,Normal,0,Thursday,May
2026-05-15,10.74,SCB-105,Good,-0.009999999999999787,10.748571428571429,0.003779644733251317,10.74,10.75,0.009999999999999787,99.9,Normal,0,Friday,May
2026-05-16,10.74,SCB-105,Good,0.0,10.747142857142858,0.004879500367194752,10.74,10.75,0.009999999999999787,100.0,Normal,0,Saturday,May
2026-05-17,10.74,SCB-105,Good,0.0,10.745714285714286,0.005345224840491444,10.74,10.75,0.009999999999999787,100.0,Normal,0,Sunday,May
2026-05-18,10.73,SCB-105,Good,-0.009999999999999787,10.742857142857144,0.007559289461776908,10.73,10.75,0.019999999999999574,99.9,Normal,0,Monday,May
2026-05-19,10.73,SCB-105,Good,0.0,10.74,0.008164965810757813,10.73,10.75,0.019999999999999574,100.0,Normal,0,Tuesday,May
2026-05-20,10.73,SCB-105,Good,0.0,10.737142857142858,0.007559289461791007,10.73,10.75,0.019999999999999574,100.0,Normal,0,Wednesday,May
2026-05-21,10.75,SCB-105,Good,0.019999999999999574,10.737142857142858,0.007559289461791007,10.73,10.75,0.019999999999999574,99.80000000000001,Normal,0,Thursday,May
2026-05-22,10.9,SCB-105,Good,0.15000000000000036,10.76,0.06218252702078062,10.73,10.9,0.16999999999999993,98.5,Normal,0,Friday,May
2026-05-23,10.99,SCB-105,Good,0.08999999999999986,10.795714285714286,0.1054920443853167,10.73,10.99,0.2599999999999998,99.1,Normal,0,Saturday,May
2026-05-24,10.88,SCB-105,Good,-0.10999999999999943,10.815714285714288,0.10643576198154904,10.73,10.99,0.2599999999999998,98.9,Normal,0,Sunday,May
2026-05-25,10.85,SCB-105,Good,-0.030000000000001137,10.832857142857142,0.09978548420067841,10.73,10.99,0.2599999999999998,99.69999999999999,Normal,0,Monday,May
2026-05-26,10.87,SCB-105,Good,0.019999999999999574,10.852857142857143,0.089202818661538,10.73,10.99,0.2599999999999998,99.80000000000001,Normal,0,Tuesday,May
2026-05-27,10.76,SCB-105,Good,-0.10999999999999943,10.857142857142858,0.08280786712120491,10.75,10.99,0.2400000000000002,98.9,Normal,0,Wednesday,May
2026-05-28,10.79,SCB-105,Good,0.02999999999999936,10.862857142857141,0.07521398046349481,10.76,10.99,0.23000000000000043,99.7,Normal,0,Thursday,May
2026-05-29,10.72,SCB-105,Good,-0.06999999999999851,10.837142857142856,0.08976158898528773,10.72,10.99,0.2699999999999996,99.30000000000001,Normal,0,Friday,May
2026-05-30,10.71,SCB-105,Good,-0.009999999999999787,10.797142857142857,0.07064330251692816,10.71,10.88,0.16999999999999993,99.9,Normal,0,Saturday,May
2026-05-31,10.71,SCB-105,Good,0.0,10.772857142857143,0.06651172470949927,10.71,10.87,0.15999999999999837,100.0,Normal,0,Sunday,May
2026-06-01,10.71,SCB-105,Good,0.0,10.752857142857144,0.06019808571568392,10.71,10.87,0.15999999999999837,100.0,Normal,0,Monday,June
2026-06-02,10.73,SCB-105,Good,0.019999999999999574,10.732857142857142,0.03093772546854091,10.71,10.79,0.0799999999999983,99.80000000000001,Normal,0,Tuesday,June
2026-06-03,10.72,SCB-105,Good,-0.009999999999999787,10.727142857142857,0.02870208222121969,10.71,10.79,0.0799999999999983,99.9,Normal,0,Wednesday,June
2026-06-04,10.71,SCB-105,Good,-0.009999999999999787,10.715714285714286,0.007867957926252639,10.71,10.73,0.019999999999999574,99.9,Normal,0,Thursday,June
2026-06-05,10.69,SCB-105,Good,-0.02000000000000135,10.711428571428572,0.012149857926894395,10.69,10.73,0.040000000000000924,99.79999999999998,Normal,0,Friday,June
2026-06-06,10.69,SCB-105,Good,0.0,10.708571428571428,0.014638501095074037,10.69,10.73,0.040000000000000924,100.0,Normal,0,Saturday,June
2026-06-07,10.69,SCB-105,Good,0.0,10.705714285714285,0.016183471875022077,10.69,10.73,0.040000000000000924,100.0,Normal,0,Sunday,June
2026-06-08,10.67,SCB-105,Good,-0.019999999999999574,10.7,0.020816659995263526,10.67,10.73,0.0600000000000005,99.80000000000001,Normal,0,Monday,June
2026-06-09,10.68,SCB-105,Good,0.009999999999999787,10.692857142857141,0.01704336206566994,10.67,10.72,0.05000000000000071,99.9,Normal,0,Tuesday,June
2026-06-10,10.69,SCB-105,Good,0.009999999999999787,10.688571428571427,0.01214985792692776,10.67,10.71,0.040000000000000924,99.9,Normal,0,Wednesday,June
2026-06-11,10.69,SCB-105,Good,0.0,10.685714285714285,0.007867957926320045,10.67,10.69,0.019999999999999574,100.0,Normal,0,Thursday,June
2026-06-12,10.69,SCB-105,Good,0.0,10.685714285714285,0.007867957926320045,10.67,10.69,0.019999999999999574,100.0,Normal,0,Friday,June
2026-06-13,10.69,SCB-105,Good,0.0,10.685714285714285,0.007867957926320045,10.67,10.69,0.019999999999999574,100.0,Normal,0,Saturday,June
2026-06-14,10.68,SCB-105,Good,-0.009999999999999787,10.684285714285712,0.007867957926323433,10.67,10.69,0.019999999999999574,99.9,Normal,0,Sunday,June
2026-06-15,10.68,SCB-105,Good,0.0,10.685714285714285,0.005345224840641328,10.68,10.69,0.009999999999999787,100.0,Normal,0,Monday,June
2026-06-16,10.68,SCB-105,Good,0.0,10.685714285714285,0.005345224840641328,10.68,10.69,0.009999999999999787,100.0,Normal,0,Tuesday,June
2026-06-17,10.69,SCB-105,Good,0.009999999999999787,10.685714285714285,0.005345224840641328,10.68,10.69,0.009999999999999787,99.9,Normal,0,Wednesday,June
2026-06-18,10.71,SCB-105,Good,0.02000000000000135,10.688571428571427,0.010690449677688774,10.68,10.71,0.030000000000001137,99.79999999999998,Normal,0,Thursday,June
2026-06-19,10.7,SCB-105,Good,-0.010000000000001563,10.69,0.011547005384893533,10.68,10.71,0.030000000000001137,99.89999999999998,Normal,0,Friday,June
2026-06-20,10.68,SCB-105,Good,-0.019999999999999574,10.68857142857143,0.01214985792692776,10.68,10.71,0.030000000000001137,99.80000000000001,Normal,0,Saturday,June
2026-06-21,10.73,SCB-105,Good,0.05000000000000071,10.695714285714287,0.01902379462488945,10.68,10.73,0.05000000000000071,99.5,Normal,0,Sunday,June
2026-06-22,10.68,SCB-105,Good,-0.05000000000000071,10.695714285714287,0.01902379462488945,10.68,10.73,0.05000000000000071,99.5,Normal,0,Monday,June
2026-06-23,10.69,SCB-105,Good,0.009999999999999787,10.697142857142856,0.0179947082175477,10.68,10.73,0.05000000000000071,99.9,Normal,0,Tuesday,June
2026-06-24,10.68,SCB-105,Good,-0.009999999999999787,10.695714285714287,0.019023794624889658,10.68,10.73,0.05000000000000071,99.9,Normal,0,Wednesday,June
2026-06-25,10.67,SCB-105,Good,-0.009999999999999787,10.689999999999998,0.020000000000636568,10.67,10.73,0.0600000000000005,99.9,Normal,0,Thursday,June
2026-06-26,10.67,SCB-105,Good,0.0,10.685714285714285,0.020701966780890278,10.67,10.73,0.0600000000000005,100.0,Normal,0,Friday,June
2026-06-27,10.68,SCB-105,Good,0.009999999999999787,10.685714285714285,0.020701966780890278,10.67,10.73,0.0600000000000005,99.9,Normal,0,Saturday,June
2026-06-28,10.71,SCB-105,Good,0.030000000000001137,10.682857142857141,0.013801311187781027,10.67,10.71,0.040000000000000924,99.69999999999999,Normal,0,Sunday,June
2026-06-29,10.7,SCB-105,Good,-0.010000000000001563,10.685714285714285,0.015118578921217058,10.67,10.71,0.040000000000000924,99.89999999999998,Normal,0,Monday,June
2026-06-30,10.7,SCB-105,Good,0.0,10.687142857142858,0.01603567451554277,10.67,10.71,0.040000000000000924,100.0,Normal,0,Tuesday,June
2026-01-01,6.9,SCB-106,Good,0.0,6.9,0.0,6.9,6.9,0.0,100.0,Low,0,Thursday,January
2026-01-02,6.9,SCB-106,Good,0.0,6.9,0.0,6.9,6.9,0.0,100.0,Low,0,Friday,January
2026-01-03,6.9,SCB-106,Good,0.0,6.9,0.0,6.9,6.9,0.0,100.0,Low,0,Saturday,January
2026-01-04,6.9,SCB-106,Good,0.0,6.9,0.0,6.9,6.9,0.0,100.0,Low,0,Sunday,January
2026-01-05,6.9,SCB-106,Good,0.0,6.9,0.0,6.9,6.9,0.0,100.0,Low,0,Monday,January
2026-01-06,6.9,SCB-106,Interpolated,0.0,6.9,0.0,6.9,6.9,0.0,100.0,Low,0,Tuesday,January
2026-01-07,6.9,SCB-106,Interpolated,0.0,6.9,0.0,6.9,6.9,0.0,100.0,Low,0,Wednesday,January
2026-01-08,6.9,SCB-106,Interpolated,0.0,6.9,0.0,6.9,6.9,0.0,100.0,Low,0,Thursday,January
2026-01-09,6.9,SCB-106,Good,0.0,6.9,0.0,6.9,6.9,0.0,100.0,Low,0,Friday,January
2026-01-10,6.9,SCB-106,Good,0.0,6.9,0.0,6.9,6.9,0.0,100.0,Low,0,Saturday,January
2026-01-11,6.9,SCB-106,Good,0.0,6.9,0.0,6.9,6.9,0.0,100.0,Low,0,Sunday,January
2026-01-12,6.9,SCB-106,Good,0.0,6.9,0.0,6.9,6.9,0.0,100.0,Low,0,Monday,January
2026-01-13,6.9,SCB-106,Good,0.0,6.9,0.0,6.9,6.9,0.0,100.0,Low,0,Tuesday,January
2026-01-14,6.9,SCB-106,Good,0.0,6.9,0.0,6.9,6.9,0.0,100.0,Low,0,Wednesday,January
2026-01-15,6.9,SCB-106,Good,0.0,6.9,0.0,6.9,6.9,0.0,100.0,Low,0,Thursday,January
2026-01-16,6.89,SCB-106,Good,-0.010000000000000675,6.8985714285714295,0.0037796447300924713,6.89,6.9,0.010000000000000675,99.89999999999999,Low,0,Friday,January
2026-01-17,6.9,SCB-106,Good,0.010000000000000675,6.898571428571429,0.0037796447300924713,6.89,6.9,0.010000000000000675,99.89999999999999,Low,0,Saturday,January
2026-01-18,6.9,SCB-106,Good,0.0,6.898571428571429,0.0037796447300924713,6.89,6.9,0.010000000000000675,100.0,Low,0,Sunday,January
2026-01-19,6.89,SCB-106,Good,-0.010000000000000675,6.897142857142858,0.0048795003647428515,6.89,6.9,0.010000000000000675,99.89999999999999,Low,0,Monday,January
2026-01-20,6.89,SCB-106,Good,0.0,6.895714285714286,0.005345224838248664,6.89,6.9,0.010000000000000675,100.0,Low,0,Tuesday,January
2026-01-21,6.89,SCB-106,Good,0.0,6.894285714285715,0.005345224838248793,6.89,6.9,0.010000000000000675,100.0,Low,0,Wednesday,January
2026-01-22,6.89,SCB-106,Good,0.0,6.892857142857143,0.004879500364743274,6.89,6.9,0.010000000000000675,100.0,Low,0,Thursday,January
2026-01-23,6.89,SCB-106,Good,0.0,6.892857142857143,0.004879500364743274,6.89,6.9,0.010000000000000675,100.0,Low,0,Friday,January
2026-01-24,6.9,SCB-106,Good,0.010000000000000675,6.892857142857143,0.004879500364743274,6.89,6.9,0.010000000000000675,99.89999999999999,Low,0,Saturday,January
2026-01-25,6.898000000000001,SCB-106,Interpolated,-0.0019999999999997797,6.892571428571428,0.004429339411137328,6.89,6.9,0.010000000000000675,99.98,Low,0,Sunday,January
2026-01-26,6.896,SCB-106,Interpolated,-0.002000000000000668,6.893428571428571,0.004429339411136956,6.89,6.9,0.010000000000000675,99.97999999999999,Low,0,Monday,January
2026-01-27,6.894,SCB-106,Interpolated,-0.0019999999999997797,6.893999999999999,0.004163331998932375,6.89,6.9,0.010000000000000675,99.98,Low,0,Tuesday,January
2026-01-28,,SCB-106,Offline,0.0,6.894666666666666,0.004131182235954166,6.89,6.9,0.010000000000000675,100.0,Offline,0,Wednesday,January
2026-01-29,6.89,SCB-106,Good,0.0,6.894666666666666,0.004131182235954166,6.89,6.9,0.010000000000000675,100.0,Low,0,Thursday,January
2026-01-30,6.89,SCB-106,Good,0.0,6.894666666666666,0.004131182235954166,6.89,6.9,0.010000000000000675,100.0,Low,0,Friday,January
2026-01-31,6.89,SCB-106,Good,0.0,6.893,0.003521363372332677,6.89,6.898000000000001,0.008000000000000895,100.0,Low,0,Saturday,January
2026-02-01,6.89,SCB-106,Good,0.0,6.891666666666667,0.0026583202716527225,6.89,6.896,0.006000000000000227,100.0,Low,0,Sunday,February
2026-02-02,6.89,SCB-106,Good,0.0,6.890666666666667,0.0016329931618614614,6.89,6.894,0.004000000000000448,100.0,Low,0,Monday,February
2026-02-03,6.89,SCB-106,Good,0.0,6.89,4.776930771848412e-09,6.89,6.89,0.0,100.0,Low,0,Tuesday,February
2026-02-04,6.89,SCB-106,Good,0.0,6.89,4.360721232303369e-09,6.89,6.89,0.0,100.0,Low,0,Wednesday,February
2026-02-05,6.89,SCB-106,Good,0.0,6.89,4.360721232303369e-09,6.89,6.89,0.0,100.0,Low,0,Thursday,February
2026-02-06,6.89,SCB-106,Good,0.0,6.89,4.360721232303369e-09,6.89,6.89,0.0,100.0,Low,0,Friday,February
2026-02-07,6.89,SCB-106,Good,0.0,6.89,4.360721232303369e-09,6.89,6.89,0.0,100.0,Low,0,Saturday,February
2026-02-08,6.89,SCB-106,Good,0.0,6.89,4.360721232303369e-09,6.89,6.89,0.0,100.0,Low,0,Sunday,February
2026-02-09,6.89,SCB-106,Good,0.0,6.89,4.360721232303369e-09,6.89,6.89,0.0,100.0,Low,0,Monday,February
2026-02-10,6.89,SCB-106,Good,0.0,6.89,4.360721232303369e-09,6.89,6.89,0.0,100.0,Low,0,Tuesday,February
2026-02-11,6.89,SCB-106,Good,0.0,6.89,4.360721232303369e-09,6.89,6.89,0.0,100.0,Low,0,Wednesday,February
2026-02-12,6.89,SCB-106,Good,0.0,6.89,4.360721232303369e-09,6.89,6.89,0.0,100.0,Low,0,Thursday,February
2026-02-13,6.89,SCB-106,Good,0.0,6.89,4.360721232303369e-09,6.89,6.89,0.0,100.0,Low,0,Friday,February
2026-02-14,6.89,SCB-106,Good,0.0,6.89,4.360721232303369e-09,6.89,6.89,0.0,100.0,Low,0,Saturday,February
2026-02-15,6.89,SCB-106,Good,0.0,6.89,4.360721232303369e-09,6.89,6.89,0.0,100.0,Low,0,Sunday,February
2026-02-16,6.89,SCB-106,Good,0.0,6.89,4.360721232303369e-09,6.89,6.89,0.0,100.0,Low,0,Monday,February
2026-02-17,6.89,SCB-106,Good,0.0,6.89,4.360721232303369e-09,6.89,6.89,0.0,100.0,Low,0,Tuesday,February
2026-02-18,6.89,SCB-106,Good,0.0,6.89,4.360721232303369e-09,6.89,6.89,0.0,100.0,Low,0,Wednesday,February
2026-02-19,6.89,SCB-106,Good,0.0,6.89,4.360721232303369e-09,6.89,6.89,0.0,100.0,Low,0,Thursday,February
2026-02-20,6.89,SCB-106,Good,0.0,6.89,4.360721232303369e-09,6.89,6.89,0.0,100.0,Low,0,Friday,February
2026-02-21,6.89,SCB-106,Good,0.0,6.89,4.360721232303369e-09,6.89,6.89,0.0,100.0,Low,0,Saturday,February
2026-02-22,6.89,SCB-106,Good,0.0,6.89,4.360721232303369e-09,6.89,6.89,0.0,100.0,Low,0,Sunday,February
2026-02-23,6.89,SCB-106,Good,0.0,6.89,4.360721232303369e-09,6.89,6.89,0.0,100.0,Low,0,Monday,February
2026-02-24,6.89,SCB-106,Good,0.0,6.89,4.360721232303369e-09,6.89,6.89,0.0,100.0,Low,0,Tuesday,February
2026-02-25,6.89,SCB-106,Good,0.0,6.89,4.360721232303369e-09,6.89,6.89,0.0,100.0,Low,0,Wednesday,February
2026-02-26,6.89,SCB-106,Good,0.0,6.89,4.360721232303369e-09,6.89,6.89,0.0,100.0,Low,0,Thursday,February
2026-02-27,6.89,SCB-106,Good,0.0,6.89,4.360721232303369e-09,6.89,6.89,0.0,100.0,Low,0,Friday,February
2026-02-28,6.89,SCB-106,Good,0.0,6.89,4.360721232303369e-09,6.89,6.89,0.0,100.0,Low,0,Saturday,February
2026-03-01,6.89,SCB-106,Good,0.0,6.89,4.360721232303369e-09,6.89,6.89,0.0,100.0,Low,0,Sunday,March
2026-03-02,6.88,SCB-106,Good,-0.009999999999999787,6.888571428571429,0.0037796447300957143,6.88,6.89,0.009999999999999787,99.9,Low,0,Monday,March
2026-03-03,6.89,SCB-106,Good,0.009999999999999787,6.888571428571429,0.0037796447300957143,6.88,6.89,0.009999999999999787,99.9,Low,0,Tuesday,March
2026-03-04,6.89,SCB-106,Good,0.0,6.888571428571429,0.0037796447300957143,6.88,6.89,0.009999999999999787,100.0,Low,0,Wednesday,March
2026-03-05,0.91,SCB-106,Good,-5.9799999999999995,6.034285714285714,2.2596006811149714,0.91,6.89,5.9799999999999995,40.2,Low,0,Thursday,March
2026-03-06,3.9,SCB-106,Interpolated,2.9899999999999998,5.607142857142857,2.351614440377181,0.91,6.89,5.9799999999999995,70.1,Low,0,Friday,March
2026-03-07,6.89,SCB-106,Good,2.9899999999999998,5.607142857142857,2.351614440377181,0.91,6.89,5.9799999999999995,70.1,Low,0,Saturday,March
2026-03-08,6.89,SCB-106,Good,0.0,5.607142857142856,2.351614440377181,0.91,6.89,5.9799999999999995,100.0,Low,0,Sunday,March
2026-03-09,6.89,SCB-106,Good,0.0,5.6085714285714285,2.3525194194836363,0.91,6.89,5.9799999999999995,100.0,Low,0,Monday,March
2026-03-10,6.89,SCB-106,Good,0.0,5.6085714285714285,2.3525194194836363,0.91,6.89,5.9799999999999995,100.0,Low,0,Tuesday,March
2026-03-11,6.89,SCB-106,Good,0.0,5.6085714285714285,2.3525194194836363,0.91,6.89,5.9799999999999995,100.0,Low,0,Wednesday,March
2026-03-12,6.89,SCB-106,Good,0.0,6.4628571428571435,1.13011377429759,3.9,6.89,2.9899999999999998,100.0,Low,0,Thursday,March
2026-03-13,6.89,SCB-106,Good,0.0,6.89,0.0,6.89,6.89,0.0,100.0,Low,0,Friday,March
2026-03-14,6.89,SCB-106,Good,0.0,6.89,0.0,6.89,6.89,0.0,100.0,Low,0,Saturday,March
2026-03-15,6.89,SCB-106,Good,0.0,6.89,0.0,6.89,6.89,0.0,100.0,Low,0,Sunday,March
2026-03-16,6.88,SCB-106,Good,-0.009999999999999787,6.888571428571429,0.003779644730092108,6.88,6.89,0.009999999999999787,99.9,Low,0,Monday,March
2026-03-17,6.88,SCB-106,Good,0.0,6.887142857142857,0.004879500364742461,6.88,6.89,0.009999999999999787,100.0,Low,0,Tuesday,March
2026-03-18,6.88,SCB-106,Good,0.0,6.885714285714285,0.005345224838248393,6.88,6.89,0.009999999999999787,100.0,Low,0,Wednesday,March
2026-03-19,1.73,SCB-106,Good,-5.15,6.148571428571429,1.9484132738498492,1.73,6.89,5.16,48.5,Low,0,Thursday,March
2026-03-20,3.963333333333333,SCB-106,Interpolated,2.233333333333333,5.73047619047619,2.0728325838414743,1.73,6.89,5.16,77.66666666666667,Low,0,Friday,March
2026-03-21,6.196666666666665,SCB-106,Interpolated,2.2333333333333325,5.631428571428571,2.024186034071252,1.73,6.89,5.16,77.66666666666667,Low,0,Saturday,March
2026-03-22,8.43,SCB-106,Good,2.2333333333333343,5.851428571428571,2.2543725883703805,1.73,8.43,6.699999999999999,77.66666666666666,Low,0,Sunday,March
2026-03-23,8.43,SCB-106,Good,0.0,6.072857142857143,2.4406635622999384,1.73,8.43,6.699999999999999,100.0,Low,0,Monday,March
2026-03-24,8.63,SCB-106,Good,0.20000000000000107,6.322857142857143,2.620147316024799,1.73,8.63,6.9,97.99999999999999,Low,0,Tuesday,March
2026-03-25,8.58,SCB-106,Interpolated,-0.05000000000000071,6.565714285714286,2.755674760606445,1.73,8.63,6.9,99.5,Low,0,Wednesday,March
2026-03-26,8.530000000000001,SCB-106,Interpolated,-0.049999999999998934,7.5371428571428565,1.7995847551602813,3.963333333333333,8.63,4.666666666666668,99.50000000000001,Low,0,Thursday,March
2026-03-27,8.48,SCB-106,Interpolated,-0.05000000000000071,8.182380952380953,0.8787843334754556,6.196666666666665,8.63,2.4333333333333353,99.5,Low,0,Friday,March
2026-03-28,8.43,SCB-106,Good,-0.05000000000000071,8.501428571428573,0.08091735937123659,8.43,8.63,0.20000000000000107,99.5,Low,0,Saturday,March
2026-03-29,8.64,SCB-106,Good,0.21000000000000085,8.531428571428572,0.0885867882227025,8.43,8.64,0.21000000000000085,97.89999999999999,Low,0,Sunday,March
2026-03-30,8.95,SCB-106,Good,0.3099999999999987,8.605714285714287,0.1699859938207647,8.43,8.95,0.5199999999999996,96.9,Low,0,Monday,March
2026-03-31,9.69,SCB-106,Good,0.7400000000000002,8.757142857142856,0.44496120751192586,8.43,9.69,1.2599999999999998,92.6,Normal,0,Tuesday,March
2026-04-01,10.21,SCB-106,Good,0.5200000000000014,8.99,0.693757882838095,8.43,10.21,1.7800000000000011,94.79999999999998,Normal,0,Wednesday,April
2026-04-02,10.22,SCB-106,Good,0.009999999999999787,9.231428571428571,0.7938393744208899,8.43,10.22,1.790000000000001,99.9,Normal,0,Thursday,April
2026-04-03,10.22,SCB-106,Good,0.0,9.48,0.7917491185133495,8.43,10.22,1.790000000000001,100.0,Normal,0,Friday,April
2026-04-04,10.21,SCB-106,Good,-0.009999999999999787,9.734285714285715,0.675644313300452,8.64,10.22,1.58,99.9,Normal,0,Saturday,April
2026-04-05,9.3,SCB-106,Good,-0.9100000000000001,9.828571428571431,0.5272389898148224,8.95,10.22,1.2700000000000014,90.9,Low,0,Sunday,April
2026-04-06,9.23,SCB-106,Good,-0.07000000000000028,9.868571428571428,0.45517134398043363,9.23,10.22,0.9900000000000002,99.3,Low,0,Monday,April
2026-04-07,10.0,SCB-106,Good,0.7699999999999996,9.912857142857144,0.44995237843259034,9.23,10.22,0.9900000000000002,92.30000000000001,Normal,0,Tuesday,April
2026-04-08,10.64,SCB-106,Good,0.6400000000000006,9.974285714285715,0.5210200617652908,9.23,10.64,1.4100000000000001,93.6,Normal,0,Wednesday,April
2026-04-09,10.47,SCB-106,Good,-0.16999999999999993,10.010000000000002,0.5485131417447257,9.23,10.64,1.4100000000000001,98.3,Normal,0,Thursday,April
2026-04-10,10.16,SCB-106,Good,-0.3100000000000005,10.001428571428573,0.5451430568034001,9.23,10.64,1.4100000000000001,96.89999999999999,Normal,0,Friday,April
2026-04-11,10.15,SCB-106,Good,-0.009999999999999787,9.992857142857144,0.5417783767591802,9.23,10.64,1.4100000000000001,99.9,Normal,0,Saturday,April
2026-04-12,10.14,SCB-106,Good,-0.009999999999999787,10.112857142857143,0.44757547913599227,9.23,10.64,1.4100000000000001,99.9,Normal,0,Sunday,April
2026-04-13,10.12,SCB-106,Good,-0.02000000000000135,10.24,0.22708295107002388,10.0,10.64,0.6400000000000006,99.79999999999998,Normal,0,Monday,April
2026-04-14,10.11,SCB-106,Good,-0.009999999999999787,10.255714285714285,0.21093894399859492,10.11,10.64,0.5300000000000011,99.9,Normal,0,Tuesday,April
2026-04-15,10.13,SCB-106,Good,0.02000000000000135,10.182857142857143,0.12776466461355182,10.11,10.47,0.3600000000000012,99.79999999999998,Normal,0,Wednesday,April
2026-04-16,10.12,SCB-106,Good,-0.010000000000001563,10.132857142857144,0.017994708216949238,10.11,10.16,0.05000000000000071,99.89999999999998,Normal,0,Thursday,April
2026-04-17,10.13,SCB-106,Good,0.010000000000001563,10.12857142857143,0.013451854182824508,10.11,10.15,0.040000000000000924,99.89999999999998,Normal,0,Friday,April
2026-04-18,10.16,SCB-106,Good,0.02999999999999936,10.129999999999999,0.01632993161866484,10.11,10.16,0.05000000000000071,99.7,Normal,0,Saturday,April
2026-04-19,10.16,SCB-106,Good,0.0,10.132857142857143,0.019760470401278582,10.11,10.16,0.05000000000000071,100.0,Normal,0,Sunday,April
2026-04-20,10.16,SCB-106,Good,0.0,10.138571428571428,0.021157009420584193,10.11,10.16,0.05000000000000071,100.0,Normal,0,Monday,April
2026-04-21,9.97,SCB-106,Good,-0.1899999999999995,10.118571428571428,0.06768273325565308,9.97,10.16,0.1899999999999995,98.10000000000001,Normal,0,Tuesday,April
2026-04-22,10.06,SCB-106,Good,0.08999999999999986,10.108571428571429,0.07081162132227418,9.97,10.16,0.1899999999999995,99.1,Normal,0,Wednesday,April
2026-04-23,10.03,SCB-106,Good,-0.030000000000001137,10.095714285714285,0.07634508123366472,9.97,10.16,0.1899999999999995,99.69999999999999,Normal,0,Thursday,April
2026-04-24,9.95,SCB-106,Good,-0.08000000000000007,10.069999999999999,0.09165151389913567,9.95,10.16,0.21000000000000085,99.2,Normal,0,Friday,April
2026-04-25,9.89,SCB-106,Good,-0.05999999999999872,10.031428571428572,0.10350983390136974,9.89,10.16,0.2699999999999996,99.4,Normal,0,Saturday,April
2026-04-26,10.0,SCB-106,Interpolated,0.10999999999999943,10.008571428571429,0.08668497975018047,9.89,10.16,0.2699999999999996,98.9,Normal,0,Sunday,April
2026-04-27,10.11,SCB-106,Good,0.10999999999999943,10.001428571428573,0.07312741652501147,9.89,10.11,0.21999999999999886,98.9,Normal,0,Monday,April
2026-04-28,10.13,SCB-106,Good,0.02000000000000135,10.024285714285714,0.08560707580904038,9.89,10.13,0.2400000000000002,99.79999999999998,Normal,0,Tuesday,April
2026-04-29,10.03,SCB-106,Good,-0.10000000000000142,10.02,0.08426149773178368,9.89,10.13,0.2400000000000002,98.99999999999999,Normal,0,Wednesday,April
2026-04-30,9.99,SCB-106,Good,-0.03999999999999915,10.014285714285714,0.08482474930845084,9.89,10.13,0.2400000000000002,99.60000000000001,Normal,0,Thursday,April
2026-05-01,10.07,SCB-106,Good,0.08000000000000007,10.031428571428572,0.08173709305422883,9.89,10.13,0.2400000000000002,99.2,Normal,0,Friday,May
2026-05-02,10.08,SCB-106,Good,0.009999999999999787,10.058571428571428,0.053674504012197644,9.99,10.13,0.14000000000000057,99.9,Normal,0,Saturday,May
2026-05-03,9.87,SCB-106,Good,-0.21000000000000085,10.040000000000001,0.08850612031569692,9.87,10.13,0.26000000000000156,97.89999999999999,Normal,0,Sunday,May
2026-05-04,10.14,SCB-106,Good,0.27000000000000135,10.044285714285715,0.09306935457984022,9.87,10.14,0.27000000000000135,97.29999999999998,Normal,0,Monday,May
2026-05-05,10.14,SCB-106,Good,0.0,10.045714285714286,0.09466733735511958,9.87,10.14,0.27000000000000135,100.0,Normal,0,Tuesday,May
2026-05-06,10.13,SCB-106,Good,-0.009999999999999787,10.06,0.0993310961716912,9.87,10.14,0.27000000000000135,99.9,Normal,0,Wednesday,May
2026-05-07,10.14,SCB-106,Good,0.009999999999999787,10.081428571428571,0.0978823394742649,9.87,10.14,0.27000000000000135,99.9,Normal,0,Thursday,May
2026-05-08,10.09,SCB-106,Good,-0.05000000000000071,10.084285714285715,0.09778499251882972,9.87,10.14,0.27000000000000135,99.5,Normal,0,Friday,May
2026-05-09,9.79,SCB-106,Good,-0.3000000000000007,10.042857142857143,0.14829186151127646,9.79,10.14,0.3500000000000014,97.0,Normal,0,Saturday,May
2026-05-10,10.13,SCB-106,Good,0.34000000000000163,10.08,0.12909944487359187,9.79,10.14,0.3500000000000014,96.59999999999998,Normal,0,Sunday,May
2026-05-11,10.13,SCB-106,Good,0.0,10.078571428571431,0.12837816162009538,9.79,10.14,0.3500000000000014,100.0,Normal,0,Monday,May
2026-05-12,10.13,SCB-106,Good,0.0,10.077142857142858,0.1276341497816284,9.79,10.14,0.3500000000000014,100.0,Normal,0,Tuesday,May
2026-05-13,10.13,SCB-106,Good,0.0,10.077142857142858,0.1276341497816284,9.79,10.14,0.3500000000000014,100.0,Normal,0,Wednesday,May
2026-05-14,10.11,SCB-106,Good,-0.02000000000000135,10.072857142857144,0.12566016150904463,9.79,10.13,0.34000000000000163,99.79999999999998,Normal,0,Thursday,May
2026-05-15,9.83,SCB-106,Good,-0.27999999999999936,10.035714285714286,0.15479633316686847,9.79,10.13,0.34000000000000163,97.2,Normal,0,Friday,May
2026-05-16,9.7,SCB-106,Good,-0.13000000000000078,10.022857142857145,0.180251147542754,9.7,10.13,0.4300000000000015,98.69999999999999,Normal,0,Saturday,May
2026-05-17,9.53,SCB-106,Good,-0.16999999999999993,9.937142857142858,0.24998095165528217,9.53,10.13,0.6000000000000014,98.3,Normal,0,Sunday,May
2026-05-18,9.69,SCB-106,Good,0.16000000000000014,9.874285714285715,0.24872053546482584,9.53,10.13,0.6000000000000014,98.4,Normal,0,Monday,May
2026-05-19,9.49,SCB-106,Good,-0.1999999999999993,9.782857142857141,0.2565615121638774,9.49,10.13,0.6400000000000006,98.0,Low,0,Tuesday,May
2026-05-20,9.66,SCB-106,Good,0.16999999999999993,9.715714285714286,0.2073529312434352,9.49,10.11,0.6199999999999992,98.3,Normal,0,Wednesday,May
2026-05-21,9.41,SCB-106,Good,-0.25,9.615714285714287,0.14489733639803828,9.41,9.83,0.41999999999999993,97.5,Low,0,Thursday,May
2026-05-22,9.07,SCB-106,Good,-0.33999999999999986,9.507142857142856,0.2218643944480935,9.07,9.7,0.629999999999999,96.6,Low,0,Friday,May
2026-05-23,9.68,SCB-106,Good,0.6099999999999994,9.504285714285714,0.2190781552214823,9.07,9.69,0.6199999999999992,93.9,Normal,0,Saturday,May
2026-05-24,10.13,SCB-106,Good,0.45000000000000107,9.59,0.32336769576857133,9.07,10.13,1.0600000000000005,95.49999999999999,Normal,0,Sunday,May
2026-05-25,10.13,SCB-106,Good,0.0,9.652857142857144,0.38326293349407536,9.07,10.13,1.0600000000000005,100.0,Normal,0,Monday,May
2026-05-26,10.12,SCB-106,Good,-0.010000000000001563,9.742857142857144,0.41157074263178944,9.07,10.13,1.0600000000000005,99.89999999999998,Normal,0,Tuesday,May
2026-05-27,9.69,SCB-106,Good,-0.4299999999999997,9.747142857142858,0.4107194616651159,9.07,10.13,1.0600000000000005,95.7,Normal,0,Wednesday,May
2026-05-28,9.09,SCB-106,Good,-0.5999999999999996,9.70142857142857,0.4682744413065481,9.07,10.13,1.0600000000000005,94.0,Low,0,Thursday,May
2026-05-29,9.6,SCB-106,Good,0.5099999999999998,9.777142857142858,0.3845219666770014,9.09,10.13,1.040000000000001,94.9,Normal,0,Friday,May
2026-05-30,9.72,SCB-106,Good,0.120000000000001,9.782857142857143,0.3831324525415228,9.09,10.13,1.040000000000001,98.79999999999998,Normal,0,Saturday,May
2026-05-31,9.22,SCB-106,Good,-0.5,9.652857142857142,0.399738009439288,9.09,10.13,1.040000000000001,95.0,Low,0,Sunday,May
2026-06-01,9.05,SCB-106,Good,-0.16999999999999993,9.498571428571429,0.39325261480075346,9.05,10.12,1.0699999999999985,98.3,Low,0,Monday,June
2026-06-02,9.54,SCB-106,Good,0.48999999999999844,9.415714285714285,0.28733587447779146,9.05,9.72,0.6699999999999999,95.10000000000002,Normal,0,Tuesday,June
2026-06-03,10.11,SCB-106,Good,0.5700000000000003,9.475714285714286,0.3823112668519148,9.05,10.11,1.0599999999999987,94.3,Normal,0,Wednesday,June
2026-06-04,10.13,SCB-106,Good,0.02000000000000135,9.624285714285715,0.40860972181522276,9.05,10.13,1.08,99.79999999999998,Normal,0,Thursday,June
2026-06-05,10.13,SCB-106,Good,0.0,9.700000000000001,0.4503332099679169,9.05,10.13,1.08,100.0,Normal,0,Friday,June
2026-06-06,10.13,SCB-106,Good,0.0,9.758571428571429,0.4791112804428906,9.05,10.13,1.08,100.0,Normal,0,Saturday,June
2026-06-07,10.12,SCB-106,Good,-0.010000000000001563,9.887142857142857,0.42859126938200826,9.05,10.13,1.08,99.89999999999998,Normal,0,Sunday,June
2026-06-08,9.32,SCB-106,Good,-0.7999999999999989,9.925714285714287,0.3446184916134206,9.32,10.13,0.8100000000000005,92.00000000000001,Low,0,Monday,June
2026-06-09,9.67,SCB-106,Good,0.34999999999999964,9.944285714285714,0.32320566944580176,9.32,10.13,0.8100000000000005,96.5,Normal,0,Tuesday,June
2026-06-10,9.51,SCB-106,Good,-0.16000000000000014,9.858571428571429,0.35035356291555625,9.32,10.13,0.8100000000000005,98.4,Normal,0,Wednesday,June
2026-06-11,9.58,SCB-106,Good,0.07000000000000028,9.780000000000001,0.3408812109811961,9.32,10.13,0.8100000000000005,99.3,Normal,0,Thursday,June
2026-06-12,9.44,SCB-106,Good,-0.14000000000000057,9.68142857142857,0.3220470240730287,9.32,10.13,0.8100000000000005,98.6,Low,0,Friday,June
2026-06-13,9.34,SCB-106,Good,-0.09999999999999964,9.56857142857143,0.2734001079875954,9.32,10.12,0.7999999999999989,99.0,Low,0,Saturday,June
2026-06-14,9.13,SCB-106,Good,-0.20999999999999908,9.427142857142856,0.18108140763338473,9.13,9.67,0.5399999999999991,97.9,Low,0,Sunday,June
2026-06-15,9.14,SCB-106,Good,0.009999999999999787,9.401428571428571,0.20939823076528433,9.13,9.67,0.5399999999999991,99.9,Low,0,Monday,June
2026-06-16,9.74,SCB-106,Good,0.5999999999999996,9.411428571428571,0.2254202424679244,9.13,9.74,0.6099999999999994,94.0,Normal,0,Tuesday,June
2026-06-17,10.15,SCB-106,Good,0.41000000000000014,9.502857142857142,0.36105005588858924,9.13,10.15,1.0199999999999996,95.9,Normal,0,Wednesday,June
2026-06-18,9.82,SCB-106,Good,-0.33000000000000007,9.537142857142857,0.3804696346059076,9.13,10.15,1.0199999999999996,96.7,Normal,0,Thursday,June
2026-06-19,9.78,SCB-106,Good,-0.040000000000000924,9.585714285714287,0.3876363047521657,9.13,10.15,1.0199999999999996,99.6,Normal,0,Friday,June
2026-06-20,10.15,SCB-106,Good,0.370000000000001,9.70142857142857,0.4214826438272714,9.13,10.15,1.0199999999999996,96.29999999999998,Normal,0,Saturday,June
2026-06-21,10.15,SCB-106,Good,0.0,9.847142857142858,0.36330493554379606,9.14,10.15,1.0099999999999998,100.0,Normal,0,Sunday,June
2026-06-22,10.15,SCB-106,Good,0.0,9.991428571428571,0.1991170988328797,9.74,10.15,0.41000000000000014,100.0,Normal,0,Monday,June
2026-06-23,10.15,SCB-106,Interpolated,0.0,10.05,0.171172427686245,9.78,10.15,0.370000000000001,100.0,Normal,0,Tuesday,June
2026-06-24,10.15,SCB-106,Interpolated,0.0,10.049999999999999,0.171172427686245,9.78,10.15,0.370000000000001,100.0,Normal,0,Wednesday,June
2026-06-25,10.15,SCB-106,Interpolated,0.0,10.097142857142858,0.13984685501342112,9.78,10.15,0.370000000000001,100.0,Normal,0,Thursday,June
2026-06-26,,SCB-106,Offline,0.0,10.15,0.0,10.15,10.15,0.0,100.0,Offline,0,Friday,June
2026-06-27,,SCB-106,Offline,0.0,10.15,0.0,10.15,10.15,0.0,100.0,Offline,0,Saturday,June
2026-06-28,,SCB-106,Offline,0.0,10.15,0.0,10.15,10.15,0.0,100.0,Offline,0,Sunday,June
2026-06-29,,SCB-106,Offline,0.0,10.15,0.0,10.15,10.15,0.0,100.0,Offline,0,Monday,June
2026-06-30,,SCB-106,Offline,0.0,10.15,0.0,10.15,10.15,0.0,100.0,Offline,0,Tuesday,June
2026-01-01,9.02,SCB-107,Good,0.0,9.02,0.0,9.02,9.02,0.0,100.0,Low,0,Thursday,January
2026-01-02,8.96,SCB-107,Good,-0.05999999999999872,8.99,0.042426406871191945,8.96,9.02,0.05999999999999872,99.4,Low,0,Friday,January
2026-01-03,8.47,SCB-107,Good,-0.4900000000000002,8.816666666666668,0.3017173069834294,8.47,9.02,0.5499999999999989,95.1,Low,0,Saturday,January
2026-01-04,8.87,SCB-107,Good,0.3999999999999986,8.83,0.24779023386727686,8.47,9.02,0.5499999999999989,96.00000000000001,Low,0,Sunday,January
2026-01-05,8.88,SCB-107,Good,0.010000000000001563,8.84,0.2157544901039138,8.47,9.02,0.5499999999999989,99.89999999999998,Low,0,Monday,January
2026-01-06,8.947500000000002,SCB-107,Interpolated,0.06750000000000078,8.857916666666666,0.1979041224094804,8.47,9.02,0.5499999999999989,99.32499999999999,Low,0,Tuesday,January
2026-01-07,9.015,SCB-107,Interpolated,0.067499999999999,8.880357142857143,0.1901667501356187,8.47,9.02,0.5499999999999989,99.32500000000002,Low,0,Wednesday,January
2026-01-08,9.0825,SCB-107,Interpolated,0.067499999999999,8.889285714285714,0.1990744955083517,8.47,9.0825,0.6124999999999989,99.32500000000002,Low,0,Thursday,January
2026-01-09,9.15,SCB-107,Good,0.06750000000000078,8.916428571428572,0.22196028709573032,8.47,9.15,0.6799999999999997,99.32499999999999,Low,0,Friday,January
2026-01-10,9.17,SCB-107,Good,0.019999999999999574,9.016428571428571,0.122880846273747,8.87,9.17,0.3000000000000007,99.80000000000001,Low,0,Saturday,January
2026-01-11,9.17,SCB-107,Good,0.0,9.059285714285716,0.11538625609333956,8.88,9.17,0.28999999999999915,100.0,Low,0,Sunday,January
2026-01-12,9.17,SCB-107,Good,0.0,9.100714285714286,0.08942774417691045,8.947500000000002,9.17,0.22249999999999837,100.0,Low,0,Monday,January
2026-01-13,9.17,SCB-107,Good,0.0,9.1325,0.06087897830942504,9.015,9.17,0.15499999999999936,100.0,Low,0,Tuesday,January
2026-01-14,9.11,SCB-107,Good,-0.0600000000000005,9.14607142857143,0.03570297439922608,9.0825,9.17,0.08750000000000036,99.39999999999999,Low,0,Wednesday,January
2026-01-15,9.0,SCB-107,Good,-0.10999999999999943,9.134285714285713,0.06320789582985278,9.0,9.17,0.16999999999999993,98.9,Low,0,Thursday,January
2026-01-16,9.13,SCB-107,Good,0.13000000000000078,9.131428571428572,0.06283008075451182,9.0,9.17,0.16999999999999993,98.69999999999999,Low,0,Friday,January
2026-01-17,9.06,SCB-107,Good,-0.07000000000000028,9.115714285714287,0.06528326555790691,9.0,9.17,0.16999999999999993,99.3,Low,0,Saturday,January
2026-01-18,9.07,SCB-107,Good,0.009999999999999787,9.10142857142857,0.062297290317892925,9.0,9.17,0.16999999999999993,99.9,Low,0,Sunday,January
2026-01-19,9.06,SCB-107,Good,-0.009999999999999787,9.085714285714285,0.05563486402641416,9.0,9.17,0.16999999999999993,99.9,Low,0,Monday,January
2026-01-20,8.86,SCB-107,Good,-0.20000000000000107,9.041428571428572,0.09007933011676682,8.86,9.13,0.27000000000000135,97.99999999999999,Low,0,Tuesday,January
2026-01-21,9.06,SCB-107,Good,0.20000000000000107,9.034285714285714,0.08560707580901955,8.86,9.13,0.27000000000000135,97.99999999999999,Low,0,Wednesday,January
2026-01-22,8.9,SCB-107,Good,-0.16000000000000014,9.02,0.09949874371066132,8.86,9.13,0.27000000000000135,98.4,Low,0,Thursday,January
2026-01-23,8.83,SCB-107,Good,-0.07000000000000028,8.977142857142857,0.10843035948083457,8.83,9.07,0.2400000000000002,99.3,Low,0,Friday,January
2026-01-24,8.87,SCB-107,Good,0.03999999999999915,8.95,0.10801234497346593,8.83,9.07,0.2400000000000002,99.60000000000001,Low,0,Saturday,January
2026-01-25,8.899999999999999,SCB-107,Interpolated,0.02999999999999936,8.925714285714285,0.09484322904266071,8.83,9.06,0.23000000000000043,99.7,Low,0,Sunday,January
2026-01-26,8.93,SCB-107,Interpolated,0.030000000000001137,8.907142857142857,0.07476948702831113,8.83,9.06,0.23000000000000043,99.69999999999999,Low,0,Monday,January
2026-01-27,8.959999999999999,SCB-107,Interpolated,0.02999999999999936,8.921428571428573,0.0738079876952321,8.83,9.06,0.23000000000000043,99.7,Low,0,Tuesday,January
2026-01-28,,SCB-107,Offline,0.0,8.898333333333333,0.045350486950719894,8.83,8.959999999999999,0.129999999999999,100.0,Offline,0,Wednesday,January
2026-01-29,9.02,SCB-107,Good,0.0,8.918333333333333,0.06735478206235411,8.83,9.02,0.1899999999999995,100.0,Low,0,Thursday,January
2026-01-30,9.05,SCB-107,Good,0.030000000000001137,8.954999999999998,0.06949820141557841,8.87,9.05,0.1800000000000015,99.69999999999999,Low,0,Friday,January
2026-01-31,8.98,SCB-107,Good,-0.07000000000000028,8.973333333333333,0.05573747990954358,8.899999999999999,9.05,0.15000000000000213,99.3,Low,0,Saturday,January
2026-02-01,9.05,SCB-107,Good,0.07000000000000028,8.998333333333333,0.04956477243634265,8.93,9.05,0.120000000000001,99.3,Low,0,Sunday,February
2026-02-02,9.05,SCB-107,Good,0.0,9.018333333333333,0.03970726214014509,8.959999999999999,9.05,0.09000000000000163,100.0,Low,0,Monday,February
2026-02-03,9.14,SCB-107,Good,0.08999999999999986,9.048333333333334,0.052694085689627565,8.98,9.14,0.16000000000000014,99.1,Low,0,Tuesday,February
2026-02-04,9.16,SCB-107,Good,0.019999999999999574,9.064285714285715,0.06399404734221159,8.98,9.16,0.17999999999999972,99.80000000000001,Low,0,Wednesday,February
2026-02-05,9.22,SCB-107,Good,0.0600000000000005,9.092857142857143,0.08280786712107524,8.98,9.22,0.2400000000000002,99.39999999999999,Low,0,Thursday,February
2026-02-06,9.26,SCB-107,Good,0.03999999999999915,9.122857142857145,0.10078265156831935,8.98,9.26,0.27999999999999936,99.60000000000001,Low,0,Friday,February
2026-02-07,9.27,SCB-107,Good,0.009999999999999787,9.164285714285715,0.09144345117012335,9.05,9.27,0.21999999999999886,99.9,Low,0,Saturday,February
2026-02-08,9.27,SCB-107,Good,0.0,9.195714285714287,0.08303757038374762,9.05,9.27,0.21999999999999886,100.0,Low,0,Sunday,February
2026-02-09,9.27,SCB-107,Good,0.0,9.227142857142857,0.05589105048044039,9.14,9.27,0.129999999999999,100.0,Low,0,Monday,February
2026-02-10,9.24,SCB-107,Good,-0.02999999999999936,9.241428571428571,0.040590873944972156,9.16,9.27,0.10999999999999943,99.7,Low,0,Tuesday,February
2026-02-11,9.2,SCB-107,Good,-0.040000000000000924,9.247142857142858,0.02811540841733883,9.2,9.27,0.07000000000000028,99.6,Low,0,Wednesday,February
2026-02-12,9.22,SCB-107,Good,0.02000000000000135,9.247142857142856,0.02811540841733883,9.2,9.27,0.07000000000000028,99.79999999999998,Low,0,Thursday,February
2026-02-13,9.26,SCB-107,Good,0.03999999999999915,9.247142857142858,0.02811540841733883,9.2,9.27,0.07000000000000028,99.60000000000001,Low,0,Friday,February
2026-02-14,9.19,SCB-107,Good,-0.07000000000000028,9.235714285714286,0.0330943816264293,9.19,9.27,0.08000000000000007,99.3,Low,0,Saturday,February
2026-02-15,9.17,SCB-107,Good,-0.019999999999999574,9.221428571428572,0.037161167647829584,9.17,9.27,0.09999999999999964,99.80000000000001,Low,0,Sunday,February
2026-02-16,9.1,SCB-107,Good,-0.07000000000000028,9.197142857142856,0.052508502712805,9.1,9.26,0.16000000000000014,99.3,Low,0,Monday,February
2026-02-17,9.09,SCB-107,Good,-0.009999999999999787,9.175714285714287,0.061875450936290356,9.09,9.26,0.16999999999999993,99.9,Low,0,Tuesday,February
2026-02-18,9.12,SCB-107,Good,0.02999999999999936,9.164285714285713,0.06399404734220213,9.09,9.26,0.16999999999999993,99.7,Low,0,Wednesday,February
2026-02-19,9.17,SCB-107,Good,0.05000000000000071,9.157142857142857,0.05936168397044897,9.09,9.26,0.16999999999999993,99.5,Low,0,Thursday,February
2026-02-20,9.22,SCB-107,Good,0.05000000000000071,9.151428571428571,0.04879500364740613,9.09,9.22,0.13000000000000078,99.5,Low,0,Friday,February
2026-02-21,9.23,SCB-107,Good,0.009999999999999787,9.157142857142858,0.05589105048044368,9.09,9.23,0.14000000000000057,99.9,Low,0,Saturday,February
2026-02-22,9.23,SCB-107,Good,0.0,9.165714285714285,0.06241184258805396,9.09,9.23,0.14000000000000057,100.0,Low,0,Sunday,February
2026-02-23,9.23,SCB-107,Good,0.0,9.184285714285716,0.05883795341361335,9.09,9.23,0.14000000000000057,100.0,Low,0,Monday,February
2026-02-24,9.25,SCB-107,Good,0.019999999999999574,9.207142857142857,0.04572172558504063,9.12,9.25,0.13000000000000078,99.80000000000001,Low,0,Tuesday,February
2026-02-25,9.26,SCB-107,Good,0.009999999999999787,9.227142857142857,0.028702082220753468,9.17,9.26,0.08999999999999986,99.9,Low,0,Wednesday,February
2026-02-26,9.24,SCB-107,Good,-0.019999999999999574,9.237142857142857,0.01380131118674915,9.22,9.26,0.03999999999999915,99.80000000000001,Low,0,Thursday,February
2026-02-27,9.19,SCB-107,Good,-0.05000000000000071,9.232857142857142,0.022146697055622742,9.19,9.26,0.07000000000000028,99.5,Low,0,Friday,February
2026-02-28,9.19,SCB-107,Good,0.0,9.227142857142857,0.027516228977463964,9.19,9.26,0.07000000000000028,100.0,Low,0,Saturday,February
2026-03-01,9.18,SCB-107,Good,-0.009999999999999787,9.219999999999999,0.03265986323706912,9.18,9.26,0.08000000000000007,99.9,Low,0,Sunday,March
2026-03-02,9.2,SCB-107,Good,0.019999999999999574,9.215714285714286,0.03309438162642557,9.18,9.26,0.08000000000000007,99.80000000000001,Low,0,Monday,March
2026-03-03,9.2,SCB-107,Good,0.0,9.208571428571428,0.029680841985189603,9.18,9.26,0.08000000000000007,100.0,Low,0,Tuesday,March
2026-03-04,9.15,SCB-107,Good,-0.049999999999998934,9.192857142857141,0.026903708365334462,9.15,9.24,0.08999999999999986,99.50000000000001,Low,0,Wednesday,March
2026-03-05,1.88,SCB-107,Good,-7.2700000000000005,8.141428571428571,2.7610832932711307,1.88,9.2,7.319999999999999,27.299999999999997,Low,0,Thursday,March
2026-03-06,0.17,SCB-107,Good,-1.71,6.852857142857141,4.01170667873294,0.17,9.2,9.03,82.9,Low,0,Friday,March
2026-03-07,8.89,SCB-107,Good,8.72,6.8100000000000005,3.9840850057865653,0.17,9.2,9.03,12.799999999999997,Low,0,Saturday,March
2026-03-08,9.01,SCB-107,Good,0.11999999999999922,6.785714285714286,3.967714947518522,0.17,9.2,9.03,98.80000000000001,Low,0,Sunday,March
2026-03-09,9.01,SCB-107,Good,0.0,6.758571428571429,3.9490523275482547,0.17,9.2,9.03,100.0,Low,0,Monday,March
2026-03-10,8.99,SCB-107,Good,-0.019999999999999574,6.728571428571429,3.9281566014753393,0.17,9.15,8.98,99.80000000000001,Low,0,Tuesday,March
2026-03-11,9.06,SCB-107,Good,0.07000000000000028,6.715714285714286,3.9190468957934876,0.17,9.06,8.89,99.3,Low,0,Wednesday,March
2026-03-12,9.04,SCB-107,Good,-0.02000000000000135,7.738571428571428,3.337865728133416,0.17,9.06,8.89,99.79999999999998,Low,0,Thursday,March
2026-03-13,8.91,SCB-107,Good,-0.129999999999999,8.987142857142858,0.06395683067876144,8.89,9.06,0.16999999999999993,98.70000000000002,Low,0,Friday,March
2026-03-14,8.94,SCB-107,Good,0.02999999999999936,8.994285714285713,0.053184315625633506,8.91,9.06,0.15000000000000036,99.7,Low,0,Saturday,March
2026-03-15,8.84,SCB-107,Good,-0.09999999999999964,8.97,0.07788880963695799,8.84,9.06,0.22000000000000064,99.0,Low,0,Sunday,March
2026-03-16,9.05,SCB-107,Good,0.21000000000000085,8.975714285714286,0.08263517065128523,8.84,9.06,0.22000000000000064,97.89999999999999,Low,0,Monday,March
2026-03-17,8.99,SCB-107,Good,-0.0600000000000005,8.975714285714286,0.08263517065128523,8.84,9.06,0.22000000000000064,99.39999999999999,Low,0,Tuesday,March
2026-03-18,9.0,SCB-107,Good,0.009999999999999787,8.967142857142857,0.07521398046333203,8.84,9.05,0.21000000000000085,99.9,Low,0,Wednesday,March
2026-03-19,2.87,SCB-107,Good,-6.13,8.085714285714285,2.300919071029785,2.87,9.05,6.180000000000001,38.7,Low,0,Thursday,March
2026-03-20,4.693333333333333,SCB-107,Interpolated,1.8233333333333333,7.483333333333333,2.583735452574216,2.87,9.05,6.180000000000001,81.76666666666667,Low,0,Friday,March
2026-03-21,6.516666666666667,SCB-107,Interpolated,1.8233333333333333,7.137142857142857,2.5175307041942605,2.87,9.05,6.180000000000001,81.76666666666667,Low,0,Saturday,March
2026-03-22,8.34,SCB-107,Good,1.8233333333333333,7.065714285714286,2.467765306601422,2.87,9.05,6.180000000000001,81.76666666666667,Low,0,Sunday,March
2026-03-23,8.34,SCB-107,Good,0.0,6.964285714285714,2.385846937350678,2.87,9.0,6.13,100.0,Low,0,Monday,March
2026-03-24,8.63,SCB-107,Good,0.2900000000000009,6.912857142857143,2.338310112002722,2.87,9.0,6.13,97.1,Low,0,Tuesday,March
2026-03-25,8.557500000000001,SCB-107,Interpolated,-0.07249999999999979,6.849642857142858,2.277677090786616,2.87,8.63,5.760000000000001,99.275,Low,0,Wednesday,March
2026-03-26,8.485,SCB-107,Interpolated,-0.07250000000000156,7.651785714285714,1.4977583889930113,4.693333333333333,8.63,3.9366666666666674,99.27499999999998,Low,0,Thursday,March
2026-03-27,8.4125,SCB-107,Interpolated,-0.07249999999999979,8.183095238095238,0.7427312450549988,6.516666666666667,8.63,2.113333333333334,99.275,Low,0,Friday,March
2026-03-28,8.34,SCB-107,Good,-0.07249999999999979,8.44357142857143,0.11733017108831519,8.34,8.63,0.2900000000000009,99.275,Low,0,Saturday,March
2026-03-29,8.82,SCB-107,Good,0.4800000000000004,8.512142857142857,0.17352010313064586,8.34,8.82,0.4800000000000004,95.19999999999999,Low,0,Sunday,March
2026-03-30,9.76,SCB-107,Good,0.9399999999999995,8.715,0.4865032545283318,8.34,9.76,1.42,90.60000000000001,Normal,0,Monday,March
2026-03-31,9.71,SCB-107,Good,-0.049999999999998934,8.869285714285715,0.6105030614953778,8.34,9.76,1.42,99.50000000000001,Normal,0,Tuesday,March
2026-04-01,9.73,SCB-107,Good,0.019999999999999574,9.036785714285715,0.6687686356993933,8.34,9.76,1.42,99.80000000000001,Normal,0,Wednesday,April
2026-04-02,9.69,SCB-107,Good,-0.040000000000000924,9.208928571428572,0.6580651201674041,8.34,9.76,1.42,99.6,Normal,0,Thursday,April
2026-04-03,9.69,SCB-107,Good,0.0,9.391428571428573,0.571880773455101,8.34,9.76,1.42,100.0,Normal,0,Friday,April
2026-04-04,9.71,SCB-107,Good,0.02000000000000135,9.587142857142856,0.3391516025670414,8.82,9.76,0.9399999999999995,99.79999999999998,Normal,0,Saturday,April
2026-04-05,9.72,SCB-107,Good,0.009999999999999787,9.715714285714286,0.024397501823326534,9.69,9.76,0.07000000000000028,99.9,Normal,0,Sunday,April
2026-04-06,9.72,SCB-107,Good,0.0,9.709999999999999,0.015275252315904328,9.69,9.73,0.040000000000000924,100.0,Normal,0,Monday,April
2026-04-07,9.61,SCB-107,Good,-0.11000000000000121,9.695714285714287,0.04076646614419901,9.61,9.73,0.120000000000001,98.89999999999999,Normal,0,Tuesday,April
2026-04-08,9.58,SCB-107,Good,-0.02999999999999936,9.674285714285714,0.05623081683459983,9.58,9.72,0.14000000000000057,99.7,Normal,0,Wednesday,April
2026-04-09,9.73,SCB-107,Good,0.15000000000000036,9.680000000000001,0.059999999999846024,9.58,9.73,0.15000000000000036,98.5,Normal,0,Thursday,April
2026-04-10,9.73,SCB-107,Good,0.0,9.685714285714285,0.06294366339740826,9.58,9.73,0.15000000000000036,100.0,Normal,0,Friday,April
2026-04-11,9.72,SCB-107,Good,-0.009999999999999787,9.687142857142858,0.06369570517016289,9.58,9.73,0.15000000000000036,99.9,Normal,0,Saturday,April
2026-04-12,9.71,SCB-107,Good,-0.009999999999999787,9.685714285714287,0.06294366339740826,9.58,9.73,0.15000000000000036,99.9,Normal,0,Sunday,April
2026-04-13,9.73,SCB-107,Good,0.019999999999999574,9.687142857142858,0.06395683067865111,9.58,9.73,0.15000000000000036,99.80000000000001,Normal,0,Monday,April
2026-04-14,9.73,SCB-107,Good,0.0,9.704285714285716,0.05533448076819771,9.58,9.73,0.15000000000000036,100.0,Normal,0,Tuesday,April
2026-04-15,9.72,SCB-107,Good,-0.009999999999999787,9.724285714285715,0.007867957923491554,9.71,9.73,0.019999999999999574,99.9,Normal,0,Wednesday,April
2026-04-16,9.72,SCB-107,Good,0.0,9.722857142857142,0.0075592894589333924,9.71,9.73,0.019999999999999574,100.0,Normal,0,Thursday,April
2026-04-17,9.71,SCB-107,Good,-0.009999999999999787,9.72,0.00816496580812088,9.71,9.73,0.019999999999999574,99.9,Normal,0,Friday,April
2026-04-18,9.71,SCB-107,Good,0.0,9.718571428571428,0.008997354107375741,9.71,9.73,0.019999999999999574,100.0,Normal,0,Saturday,April
2026-04-19,9.7,SCB-107,Good,-0.010000000000001563,9.717142857142859,0.011126972804436938,9.7,9.73,0.030000000000001137,99.89999999999998,Normal,0,Sunday,April
2026-04-20,9.69,SCB-107,Good,-0.009999999999999787,9.711428571428572,0.01345185418199345,9.69,9.73,0.040000000000000924,99.9,Normal,0,Monday,April
2026-04-21,9.69,SCB-107,Good,0.0,9.705714285714285,0.012724180204872248,9.69,9.72,0.030000000000001137,100.0,Normal,0,Tuesday,April
2026-04-22,9.68,SCB-107,Good,-0.009999999999999787,9.700000000000001,0.014142135623071882,9.68,9.72,0.040000000000000924,99.9,Normal,0,Wednesday,April
2026-04-23,9.69,SCB-107,Good,0.009999999999999787,9.695714285714287,0.011338934189456777,9.68,9.71,0.030000000000001137,99.9,Normal,0,Thursday,April
2026-04-24,9.68,SCB-107,Good,-0.009999999999999787,9.69142857142857,0.010690449675629139,9.68,9.71,0.030000000000001137,99.9,Normal,0,Friday,April
2026-04-25,9.66,SCB-107,Good,-0.019999999999999574,9.684285714285716,0.012724180204880163,9.66,9.7,0.03999999999999915,99.80000000000001,Normal,0,Saturday,April
2026-04-26,9.63,SCB-107,Good,-0.02999999999999936,9.674285714285714,0.022253945610153408,9.63,9.69,0.05999999999999872,99.7,Normal,0,Sunday,April
2026-04-27,9.7,SCB-107,Good,0.06999999999999851,9.675714285714287,0.023704530408475095,9.63,9.7,0.06999999999999851,99.30000000000001,Normal,0,Monday,April
2026-04-28,9.67,SCB-107,Good,-0.02999999999999936,9.672857142857143,0.02288688541045084,9.63,9.7,0.06999999999999851,99.7,Normal,0,Tuesday,April
2026-04-29,9.65,SCB-107,Good,-0.019999999999999574,9.668571428571427,0.024102953780273634,9.63,9.7,0.06999999999999851,99.80000000000001,Normal,0,Wednesday,April
2026-04-30,9.68,SCB-107,Good,0.02999999999999936,9.667142857142858,0.022886885410452078,9.63,9.7,0.06999999999999851,99.7,Normal,0,Thursday,April
2026-05-01,9.68,SCB-107,Good,0.0,9.667142857142858,0.022886885410452078,9.63,9.7,0.06999999999999851,100.0,Normal,0,Friday,May
2026-05-02,9.65,SCB-107,Good,-0.02999999999999936,9.665714285714285,0.023704530408477132,9.63,9.7,0.06999999999999851,99.7,Normal,0,Saturday,May
2026-05-03,9.66,SCB-107,Good,0.009999999999999787,9.67,0.018257418583002064,9.65,9.7,0.049999999999998934,99.9,Normal,0,Sunday,May
2026-05-04,9.67,SCB-107,Good,0.009999999999999787,9.665714285714285,0.012724180204887015,9.65,9.68,0.02999999999999936,99.9,Normal,0,Monday,May
2026-05-05,9.67,SCB-107,Good,0.0,9.665714285714285,0.012724180204887015,9.65,9.68,0.02999999999999936,100.0,Normal,0,Tuesday,May
2026-05-06,9.69,SCB-107,Good,0.019999999999999574,9.671428571428569,0.013451854182006975,9.65,9.69,0.03999999999999915,99.80000000000001,Normal,0,Wednesday,May
2026-05-07,9.68,SCB-107,Good,-0.009999999999999787,9.671428571428573,0.013451854182006975,9.65,9.69,0.03999999999999915,99.9,Normal,0,Thursday,May
2026-05-08,9.68,SCB-107,Good,0.0,9.671428571428569,0.013451854182006975,9.65,9.69,0.03999999999999915,100.0,Normal,0,Friday,May
2026-05-09,9.68,SCB-107,Good,0.0,9.675714285714283,0.00975900072853922,9.66,9.69,0.02999999999999936,100.0,Normal,0,Saturday,May
2026-05-10,9.69,SCB-107,Good,0.009999999999999787,9.680000000000001,0.008164965808142135,9.67,9.69,0.019999999999999574,99.9,Normal,0,Sunday,May
2026-05-11,9.69,SCB-107,Good,0.0,9.682857142857143,0.007559289458955125,9.67,9.69,0.019999999999999574,100.0,Normal,0,Monday,May
2026-05-12,9.68,SCB-107,Good,-0.009999999999999787,9.684285714285712,0.0053452248365075065,9.68,9.69,0.009999999999999787,99.9,Normal,0,Tuesday,May
2026-05-13,9.68,SCB-107,Good,0.0,9.682857142857143,0.004879500362838773,9.68,9.69,0.009999999999999787,100.0,Normal,0,Wednesday,May
2026-05-14,9.68,SCB-107,Good,0.0,9.682857142857143,0.004879500362838773,9.68,9.69,0.009999999999999787,100.0,Normal,0,Thursday,May
2026-05-15,9.68,SCB-107,Good,0.0,9.682857142857143,0.004879500362838773,9.68,9.69,0.009999999999999787,100.0,Normal,0,Friday,May
2026-05-16,9.68,SCB-107,Good,0.0,9.682857142857143,0.004879500362838773,9.68,9.69,0.009999999999999787,100.0,Normal,0,Saturday,May
2026-05-17,9.68,SCB-107,Good,0.0,9.68142857142857,0.0037796447276386255,9.68,9.69,0.009999999999999787,100.0,Normal,0,Sunday,May
2026-05-18,9.69,SCB-107,Good,0.009999999999999787,9.68142857142857,0.0037796447300923034,9.68,9.69,0.009999999999999787,99.9,Normal,0,Monday,May
2026-05-19,9.68,SCB-107,Good,-0.009999999999999787,9.68142857142857,0.0037796447300923034,9.68,9.69,0.009999999999999787,99.9,Normal,0,Tuesday,May
2026-05-20,9.68,SCB-107,Good,0.0,9.68142857142857,0.0037796447300923034,9.68,9.69,0.009999999999999787,100.0,Normal,0,Wednesday,May
2026-05-21,9.68,SCB-107,Good,0.0,9.68142857142857,0.0037796447300923034,9.68,9.69,0.009999999999999787,100.0,Normal,0,Thursday,May
2026-05-22,9.63,SCB-107,Good,-0.049999999999998934,9.674285714285714,0.019880595947759105,9.63,9.69,0.05999999999999872,99.50000000000001,Normal,0,Friday,May
2026-05-23,9.43,SCB-107,Good,-0.20000000000000107,9.638571428571428,0.09406178314075783,9.43,9.69,0.2599999999999998,97.99999999999999,Low,0,Saturday,May
2026-05-24,9.43,SCB-107,Good,0.0,9.602857142857143,0.11968211864689467,9.43,9.69,0.2599999999999998,100.0,Low,0,Sunday,May
2026-05-25,9.47,SCB-107,Good,0.040000000000000924,9.571428571428571,0.12185080651197494,9.43,9.68,0.25,99.6,Low,0,Monday,May
2026-05-26,9.53,SCB-107,Good,0.05999999999999872,9.549999999999999,0.11239810200058076,9.43,9.68,0.25,99.4,Normal,0,Tuesday,May
2026-05-27,9.37,SCB-107,Good,-0.16000000000000014,9.505714285714285,0.11370387604901978,9.37,9.68,0.3100000000000005,98.4,Low,0,Wednesday,May
2026-05-28,9.25,SCB-107,Good,-0.11999999999999922,9.444285714285714,0.11984116472190988,9.25,9.63,0.3800000000000008,98.80000000000001,Low,0,Thursday,May
2026-05-29,9.4,SCB-107,Good,0.15000000000000036,9.411428571428571,0.08764104278790462,9.25,9.53,0.27999999999999936,98.5,Low,0,Friday,May
2026-05-30,9.54,SCB-107,Good,0.1399999999999988,9.427142857142856,0.10045136231268917,9.25,9.54,0.28999999999999915,98.60000000000001,Normal,0,Saturday,May
2026-05-31,9.57,SCB-107,Good,0.030000000000001137,9.447142857142856,0.11412190641506365,9.25,9.57,0.3200000000000003,99.69999999999999,Normal,0,Sunday,May
2026-06-01,9.48,SCB-107,Good,-0.08999999999999986,9.448571428571428,0.11451762185045908,9.25,9.57,0.3200000000000003,99.1,Low,0,Monday,June
2026-06-02,9.46,SCB-107,Good,-0.019999999999999574,9.438571428571427,0.10915257997081303,9.25,9.57,0.3200000000000003,99.80000000000001,Low,0,Tuesday,June
2026-06-03,9.54,SCB-107,Good,0.0799999999999983,9.462857142857143,0.11025943432260998,9.25,9.57,0.3200000000000003,99.20000000000002,Normal,0,Wednesday,June
2026-06-04,9.54,SCB-107,Good,0.0,9.504285714285714,0.05996030432909219,9.4,9.57,0.16999999999999993,100.0,Normal,0,Thursday,June
2026-06-05,9.66,SCB-107,Good,0.120000000000001,9.54142857142857,0.06491753010000555,9.46,9.66,0.1999999999999993,98.79999999999998,Normal,0,Friday,June
2026-06-06,9.65,SCB-107,Good,-0.009999999999999787,9.557142857142859,0.07674943772090899,9.46,9.66,0.1999999999999993,99.9,Normal,0,Saturday,June
2026-06-07,9.66,SCB-107,Good,0.009999999999999787,9.569999999999999,0.08621678104251447,9.46,9.66,0.1999999999999993,99.9,Normal,0,Sunday,June
2026-06-08,9.63,SCB-107,Good,-0.02999999999999936,9.59142857142857,0.07840675383931363,9.46,9.66,0.1999999999999993,99.7,Normal,0,Monday,June
2026-06-09,9.67,SCB-107,Good,0.03999999999999915,9.621428571428572,0.05698788509515826,9.54,9.67,0.13000000000000078,99.60000000000001,Normal,0,Tuesday,June
2026-06-10,9.57,SCB-107,Good,-0.09999999999999964,9.625714285714285,0.05061526214398852,9.54,9.67,0.13000000000000078,99.0,Normal,0,Wednesday,June
2026-06-11,9.55,SCB-107,Good,-0.019999999999999574,9.627142857142857,0.047858919654293154,9.55,9.67,0.11999999999999922,99.80000000000001,Normal,0,Thursday,June
2026-06-12,9.42,SCB-107,Good,-0.13000000000000078,9.592857142857143,0.08882835240212418,9.42,9.67,0.25,98.69999999999999,Low,0,Friday,June
2026-06-13,9.5,SCB-107,Good,0.08000000000000007,9.571428571428571,0.09081640296564694,9.42,9.67,0.25,99.2,Normal,0,Saturday,June
2026-06-14,9.52,SCB-107,Good,0.019999999999999574,9.551428571428572,0.08315218406202828,9.42,9.67,0.25,99.80000000000001,Normal,0,Sunday,June
2026-06-15,9.67,SCB-107,Good,0.15000000000000036,9.557142857142859,0.09050124966250955,9.42,9.67,0.25,98.5,Normal,0,Monday,June
2026-06-16,9.58,SCB-107,Good,-0.08999999999999986,9.544285714285715,0.07721337165222392,9.42,9.67,0.25,99.1,Normal,0,Tuesday,June
2026-06-17,9.38,SCB-107,Good,-0.1999999999999993,9.517142857142858,0.09741907508530294,9.38,9.67,0.28999999999999915,98.0,Low,0,Wednesday,June
2026-06-18,9.04,SCB-107,Good,-0.34000000000000163,9.444285714285714,0.2026373725695844,9.04,9.67,0.6300000000000008,96.59999999999998,Low,0,Thursday,June
2026-06-19,9.16,SCB-107,Good,0.120000000000001,9.407142857142857,0.22983430884837286,9.04,9.67,0.6300000000000008,98.79999999999998,Low,0,Friday,June
2026-06-20,9.23,SCB-107,Good,0.07000000000000028,9.368571428571428,0.23426684012243823,9.04,9.67,0.6300000000000008,99.3,Low,0,Saturday,June
2026-06-21,9.01,SCB-107,Good,-0.22000000000000064,9.295714285714284,0.25747861677280665,9.01,9.67,0.6600000000000001,97.8,Low,0,Sunday,June
2026-06-22,8.74,SCB-107,Good,-0.2699999999999996,9.162857142857144,0.27170537264435807,8.74,9.58,0.8399999999999999,97.30000000000001,Low,0,Monday,June
2026-06-23,8.74,SCB-107,Interpolated,0.0,9.042857142857143,0.24046581778666495,8.74,9.38,0.6400000000000006,100.0,Low,0,Tuesday,June
2026-06-24,8.74,SCB-107,Interpolated,0.0,8.95142857142857,0.21074697083062813,8.74,9.23,0.4900000000000002,100.0,Low,0,Wednesday,June
2026-06-25,8.74,SCB-107,Interpolated,0.0,8.90857142857143,0.22003246513704675,8.74,9.23,0.4900000000000002,100.0,Low,0,Thursday,June
2026-06-26,,SCB-107,Offline,0.0,8.866666666666667,0.20819862311424323,8.74,9.23,0.4900000000000002,100.0,Offline,0,Friday,June
2026-06-27,,SCB-107,Offline,0.0,8.794,0.12074767078498883,8.74,9.01,0.2699999999999996,100.0,Offline,0,Saturday,June
2026-06-28,,SCB-107,Offline,0.0,8.74,0.0,8.74,8.74,0.0,100.0,Offline,0,Sunday,June
2026-06-29,,SCB-107,Offline,0.0,8.74,0.0,8.74,8.74,0.0,100.0,Offline,0,Monday,June
2026-06-30,,SCB-107,Offline,0.0,8.74,0.0,8.74,8.74,0.0,100.0,Offline,0,Tuesday,June
2026-01-01,11.13,SCB-301,Good,0.0,11.13,0.0,11.13,11.13,0.0,100.0,Normal,0,Thursday,January
2026-01-02,11.2,SCB-301,Good,0.06999999999999851,11.165,0.0494974746830579,11.13,11.2,0.06999999999999851,99.30000000000001,Normal,0,Friday,January
2026-01-03,11.15,SCB-301,Good,-0.049999999999998934,11.160000000000002,0.036055512754639495,11.13,11.2,0.06999999999999851,99.50000000000001,Normal,0,Saturday,January
2026-01-04,11.1,SCB-301,Good,-0.05000000000000071,11.145,0.042031734043061486,11.1,11.2,0.09999999999999964,99.5,Normal,0,Sunday,January
2026-01-05,11.12,SCB-301,Good,0.019999999999999574,11.14,0.0380788655293194,11.1,11.2,0.09999999999999964,99.80000000000001,Normal,0,Monday,January
2026-01-06,11.135,SCB-301,Interpolated,0.015000000000000568,11.139166666666666,0.03411988667429388,11.1,11.2,0.09999999999999964,99.85,Normal,0,Tuesday,January
2026-01-07,11.15,SCB-301,Interpolated,0.015000000000000568,11.140714285714285,0.0314150403772581,11.1,11.2,0.09999999999999964,99.85,Normal,0,Wednesday,January
2026-01-08,11.165,SCB-301,Interpolated,0.014999999999998792,11.145714285714288,0.0322010056039368,11.1,11.2,0.09999999999999964,99.85000000000001,Normal,0,Thursday,January
2026-01-09,11.18,SCB-301,Good,0.015000000000000568,11.142857142857142,0.027058138464108535,11.1,11.18,0.08000000000000007,99.85,Normal,0,Friday,January
2026-01-10,11.2,SCB-301,Good,0.019999999999999574,11.15,0.03476108935769102,11.1,11.2,0.09999999999999964,99.80000000000001,Normal,0,Saturday,January
2026-01-11,11.18,SCB-301,Good,-0.019999999999999574,11.161428571428571,0.028094229198998136,11.12,11.2,0.08000000000000007,99.80000000000001,Normal,0,Sunday,January
2026-01-12,11.2,SCB-301,Good,0.019999999999999574,11.172857142857142,0.02447058486856663,11.135,11.2,0.0649999999999995,99.80000000000001,Normal,0,Monday,January
2026-01-13,11.19,SCB-301,Good,-0.009999999999999787,11.180714285714286,0.01835496559258576,11.15,11.2,0.049999999999998934,99.9,Normal,0,Tuesday,January
2026-01-14,11.22,SCB-301,Good,0.030000000000001137,11.190714285714284,0.01789519754678411,11.165,11.22,0.05500000000000149,99.69999999999999,Normal,0,Wednesday,January
2026-01-15,11.18,SCB-301,Good,-0.040000000000000924,11.192857142857141,0.01496026483087334,11.18,11.22,0.040000000000000924,99.6,Normal,0,Thursday,January
2026-01-16,11.01,SCB-301,Good,-0.16999999999999993,11.168571428571427,0.07128079952520572,11.01,11.22,0.21000000000000085,98.3,Normal,0,Friday,January
2026-01-17,11.17,SCB-301,Good,0.16000000000000014,11.164285714285713,0.0699659781267886,11.01,11.22,0.21000000000000085,98.4,Normal,0,Saturday,January
2026-01-18,11.17,SCB-301,Good,0.0,11.162857142857144,0.0696932052437181,11.01,11.22,0.21000000000000085,100.0,Normal,0,Sunday,January
2026-01-19,11.14,SCB-301,Good,-0.02999999999999936,11.154285714285715,0.06803360514166165,11.01,11.22,0.21000000000000085,99.7,Normal,0,Monday,January
2026-01-20,11.23,SCB-301,Good,0.08999999999999986,11.16,0.07302967433402327,11.01,11.23,0.22000000000000064,99.1,Normal,0,Tuesday,January
2026-01-21,11.2,SCB-301,Good,-0.030000000000001137,11.157142857142858,0.07064330251677302,11.01,11.23,0.22000000000000064,99.69999999999999,Normal,0,Wednesday,January
2026-01-22,11.25,SCB-301,Good,0.05000000000000071,11.167142857142858,0.07889112449325172,11.01,11.25,0.2400000000000002,99.5,Normal,0,Thursday,January
2026-01-23,11.27,SCB-301,Good,0.019999999999999574,11.204285714285716,0.04755948656057316,11.14,11.27,0.129999999999999,99.80000000000001,Normal,0,Friday,January
2026-01-24,11.24,SCB-301,Good,-0.02999999999999936,11.214285714285714,0.04649628761423253,11.14,11.27,0.129999999999999,99.7,Normal,0,Saturday,January
2026-01-25,11.246,SCB-301,Interpolated,0.006000000000000227,11.225142857142858,0.04318729972044599,11.14,11.27,0.129999999999999,99.94,Normal,0,Sunday,January
2026-01-26,11.252,SCB-301,Interpolated,0.006000000000000227,11.241142857142858,0.021874098620907025,11.2,11.27,0.07000000000000028,99.94,Normal,0,Monday,January
2026-01-27,11.258,SCB-301,Interpolated,0.005999999999998451,11.245142857142856,0.022056205260134985,11.2,11.27,0.07000000000000028,99.94000000000001,Normal,0,Tuesday,January
2026-01-28,,SCB-301,Offline,0.0,11.252666666666665,0.010405126941463724,11.24,11.27,0.02999999999999936,100.0,Offline,0,Wednesday,January
2026-01-29,11.27,SCB-301,Good,0.0,11.256,0.01239354670791846,11.24,11.27,0.02999999999999936,100.0,Normal,0,Thursday,January
2026-01-30,11.19,SCB-301,Good,-0.08000000000000007,11.242666666666667,0.02778968633626235,11.19,11.27,0.08000000000000007,99.2,Normal,0,Friday,January
2026-01-31,11.23,SCB-301,Good,0.040000000000000924,11.241,0.02827719929556593,11.19,11.27,0.08000000000000007,99.6,Normal,0,Saturday,January
2026-02-01,11.26,SCB-301,Good,0.02999999999999936,11.243333333333334,0.02933030287378317,11.19,11.27,0.08000000000000007,99.7,Normal,0,Sunday,February
2026-02-02,11.31,SCB-301,Good,0.05000000000000071,11.253,0.04027406113122096,11.19,11.31,0.120000000000001,99.5,Normal,0,Monday,February
2026-02-03,11.35,SCB-301,Good,0.03999999999999915,11.268333333333333,0.056715665090591935,11.19,11.35,0.16000000000000014,99.60000000000001,Normal,0,Tuesday,February
2026-02-04,11.52,SCB-301,Good,0.16999999999999993,11.304285714285713,0.10829852920780166,11.19,11.52,0.33000000000000007,98.3,High,0,Wednesday,February
2026-02-05,11.79,SCB-301,Good,0.2699999999999996,11.378571428571428,0.2107469708306336,11.19,11.79,0.5999999999999996,97.30000000000001,High,0,Thursday,February
2026-02-06,12.09,SCB-301,Good,0.3000000000000007,11.507142857142856,0.321802956569927,11.23,12.09,0.8599999999999994,97.0,High,0,Friday,February
2026-02-07,11.86,SCB-301,Good,-0.23000000000000043,11.597142857142858,0.31946383654045624,11.26,12.09,0.8300000000000001,97.69999999999999,High,0,Saturday,February
2026-02-08,11.89,SCB-301,Good,0.030000000000001137,11.687142857142858,0.29657569498721265,11.31,12.09,0.7799999999999994,99.69999999999999,High,0,Sunday,February
2026-02-09,12.01,SCB-301,Good,0.11999999999999922,11.787142857142856,0.26449412631880687,11.35,12.09,0.7400000000000002,98.80000000000001,High,0,Monday,February
2026-02-10,12.02,SCB-301,Good,0.009999999999999787,11.882857142857144,0.1909375365326306,11.52,12.09,0.5700000000000003,99.9,High,0,Tuesday,February
2026-02-11,12.06,SCB-301,Good,0.040000000000000924,11.959999999999999,0.11313708498988084,11.79,12.09,0.3000000000000007,99.6,High,0,Wednesday,February
2026-02-12,12.13,SCB-301,Good,0.07000000000000028,12.008571428571429,0.10023781246429453,11.86,12.13,0.27000000000000135,99.3,High,0,Thursday,February
2026-02-13,12.17,SCB-301,Good,0.03999999999999915,12.02,0.1146007562511763,11.86,12.17,0.3100000000000005,99.60000000000001,High,0,Friday,February
2026-02-14,11.9,SCB-301,Good,-0.2699999999999996,12.025714285714285,0.105964953775197,11.89,12.17,0.27999999999999936,97.30000000000001,High,0,Saturday,February
2026-02-15,11.96,SCB-301,Good,0.0600000000000005,12.035714285714286,0.09360504666903975,11.9,12.17,0.2699999999999996,99.39999999999999,High,0,Sunday,February
2026-02-16,11.89,SCB-301,Good,-0.07000000000000028,12.01857142857143,0.10884676865955685,11.89,12.17,0.27999999999999936,99.3,High,0,Monday,February
2026-02-17,11.95,SCB-301,Good,0.05999999999999872,12.008571428571429,0.11186726828833182,11.89,12.17,0.27999999999999936,99.4,High,0,Tuesday,February
2026-02-18,11.98,SCB-301,Good,0.030000000000001137,11.997142857142856,0.10980502200332448,11.89,12.17,0.27999999999999936,99.69999999999999,High,0,Wednesday,February
2026-02-19,12.08,SCB-301,Good,0.09999999999999964,11.99,0.10099504938365836,11.89,12.17,0.27999999999999936,99.0,High,0,Thursday,February
2026-02-20,12.11,SCB-301,Good,0.02999999999999936,11.981428571428571,0.08434622525218989,11.89,12.11,0.21999999999999886,99.7,High,0,Friday,February
2026-02-21,11.9,SCB-301,Good,-0.20999999999999908,11.981428571428571,0.08434622525218989,11.89,12.11,0.21999999999999886,97.9,High,0,Saturday,February
2026-02-22,11.87,SCB-301,Good,-0.030000000000001137,11.968571428571428,0.09441549509637179,11.87,12.11,0.2400000000000002,99.69999999999999,High,0,Sunday,February
2026-02-23,11.84,SCB-301,Good,-0.02999999999999936,11.96142857142857,0.10286375640117185,11.84,12.11,0.2699999999999996,99.7,High,0,Monday,February
2026-02-24,11.78,SCB-301,Good,-0.0600000000000005,11.937142857142856,0.12392393980643877,11.78,12.11,0.33000000000000007,99.39999999999999,High,0,Tuesday,February
2026-02-25,11.68,SCB-301,Good,-0.09999999999999964,11.894285714285715,0.15468862734079056,11.68,12.11,0.4299999999999997,99.0,High,0,Wednesday,February
2026-02-26,11.59,SCB-301,Good,-0.08999999999999986,11.824285714285717,0.16701867588759015,11.59,12.11,0.5199999999999996,99.1,High,0,Thursday,February
2026-02-27,11.58,SCB-301,Good,-0.009999999999999787,11.748571428571427,0.13246742636446127,11.58,11.9,0.3200000000000003,99.9,High,0,Friday,February
2026-02-28,11.52,SCB-301,Good,-0.0600000000000005,11.694285714285714,0.13782321319444837,11.52,11.87,0.34999999999999964,99.39999999999999,High,0,Saturday,February
2026-03-01,11.5,SCB-301,Good,-0.019999999999999574,11.641428571428571,0.12992671927265784,11.5,11.84,0.33999999999999986,99.80000000000001,Normal,0,Sunday,March
2026-03-02,10.87,SCB-301,Good,-0.6300000000000008,11.502857142857144,0.29511095572763546,10.87,11.78,0.9100000000000001,93.69999999999999,Normal,0,Monday,March
2026-03-03,10.53,SCB-301,Good,-0.33999999999999986,11.324285714285717,0.4413938960028469,10.53,11.68,1.1500000000000004,96.6,Normal,0,Tuesday,March
2026-03-04,10.59,SCB-301,Good,0.0600000000000005,11.168571428571427,0.48509203839507037,10.53,11.59,1.0600000000000005,99.39999999999999,Normal,0,Wednesday,March
2026-03-05,10.66,SCB-301,Good,0.07000000000000028,11.035714285714286,0.4777327405867936,10.53,11.58,1.0500000000000007,99.3,Normal,0,Thursday,March
2026-03-06,10.71,SCB-301,Good,0.05000000000000071,10.911428571428571,0.4225095096140223,10.53,11.52,0.9900000000000002,99.5,Normal,0,Friday,March
2026-03-07,10.72,SCB-301,Good,0.009999999999999787,10.797142857142857,0.3281114793132629,10.53,11.5,0.9700000000000006,99.9,Normal,0,Saturday,March
2026-03-08,10.86,SCB-301,Good,0.1399999999999988,10.705714285714285,0.12739141034059373,10.53,10.87,0.33999999999999986,98.60000000000001,Normal,0,Sunday,March
2026-03-09,10.81,SCB-301,Good,-0.049999999999998934,10.697142857142856,0.11600492600375617,10.53,10.86,0.33000000000000007,99.50000000000001,Normal,0,Monday,March
2026-03-10,10.77,SCB-301,Good,-0.040000000000000924,10.73142857142857,0.09118270512701349,10.59,10.86,0.2699999999999996,99.6,Normal,0,Tuesday,March
2026-03-11,10.87,SCB-301,Good,0.09999999999999964,10.771428571428572,0.07946247991524094,10.66,10.87,0.20999999999999908,99.0,Normal,0,Wednesday,March
2026-03-12,10.85,SCB-301,Good,-0.019999999999999574,10.79857142857143,0.06644009116700716,10.71,10.87,0.15999999999999837,99.80000000000001,Normal,0,Thursday,March
2026-03-13,10.74,SCB-301,Good,-0.10999999999999943,10.802857142857144,0.06047431568143134,10.72,10.87,0.14999999999999858,98.9,Normal,0,Friday,March
2026-03-14,10.66,SCB-301,Good,-0.08000000000000007,10.794285714285715,0.07634508123360632,10.66,10.87,0.20999999999999908,99.2,Normal,0,Saturday,March
2026-03-15,10.52,SCB-301,Good,-0.14000000000000057,10.745714285714286,0.12204604907670077,10.52,10.87,0.34999999999999964,98.6,Normal,0,Sunday,March
2026-03-16,10.65,SCB-301,Good,0.13000000000000078,10.722857142857142,0.12297889869324637,10.52,10.87,0.34999999999999964,98.69999999999999,Normal,0,Monday,March
2026-03-17,10.67,SCB-301,Good,0.019999999999999574,10.70857142857143,0.12239670085809728,10.52,10.87,0.34999999999999964,99.80000000000001,Normal,0,Tuesday,March
2026-03-18,10.68,SCB-301,Good,0.009999999999999787,10.68142857142857,0.09957050624697966,10.52,10.85,0.33000000000000007,99.9,Normal,0,Wednesday,March
2026-03-19,10.73,SCB-301,Good,0.05000000000000071,10.664285714285715,0.07230886134192363,10.52,10.74,0.22000000000000064,99.5,Normal,0,Thursday,March
2026-03-20,10.53,SCB-301,Good,-0.20000000000000107,10.634285714285713,0.07892129895386595,10.52,10.73,0.21000000000000085,97.99999999999999,Normal,0,Friday,March
2026-03-21,10.06,SCB-301,Good,-0.46999999999999886,10.54857142857143,0.22915995661170724,10.06,10.73,0.6699999999999999,95.30000000000001,Normal,0,Saturday,March
2026-03-22,10.41,SCB-301,Good,0.34999999999999964,10.532857142857143,0.2351392697753185,10.06,10.73,0.6699999999999999,96.5,Normal,0,Sunday,March
2026-03-23,10.68,SCB-301,Good,0.2699999999999996,10.537142857142856,0.23788752844667999,10.06,10.73,0.6699999999999999,97.30000000000001,Normal,0,Monday,March
2026-03-24,10.59,SCB-301,Good,-0.08999999999999986,10.525714285714287,0.23229701840940306,10.06,10.73,0.6699999999999999,99.1,Normal,0,Tuesday,March
2026-03-25,10.6325,SCB-301,Interpolated,0.042500000000000426,10.518928571428573,0.22768699797663647,10.06,10.73,0.6699999999999999,99.57499999999999,Normal,0,Wednesday,March
2026-03-26,10.675,SCB-301,Interpolated,0.042500000000000426,10.511071428571428,0.2200087931143047,10.06,10.68,0.6199999999999992,99.57499999999999,Normal,0,Thursday,March
2026-03-27,10.7175,SCB-301,Interpolated,0.04249999999999865,10.537857142857144,0.2336861703021171,10.06,10.7175,0.6574999999999989,99.57500000000002,Normal,0,Friday,March
2026-03-28,10.76,SCB-301,Good,0.042500000000000426,10.637857142857143,0.11449552912874048,10.41,10.76,0.34999999999999964,99.57499999999999,Normal,0,Saturday,March
2026-03-29,10.79,SCB-301,Good,0.02999999999999936,10.692142857142857,0.06982759380887255,10.59,10.79,0.1999999999999993,99.7,Normal,0,Sunday,March
2026-03-30,10.75,SCB-301,Good,-0.03999999999999915,10.702142857142857,0.07274997954503888,10.59,10.79,0.1999999999999993,99.60000000000001,Normal,0,Monday,March
2026-03-31,10.8,SCB-301,Good,0.05000000000000071,10.732142857142858,0.06117646217135802,10.6325,10.8,0.16750000000000043,99.5,Normal,0,Tuesday,March
2026-04-01,10.62,SCB-301,Good,-0.1800000000000015,10.730357142857143,0.06465337983279502,10.62,10.8,0.1800000000000015,98.19999999999999,Normal,0,Wednesday,April
2026-04-02,10.64,SCB-301,Good,0.02000000000000135,10.725357142857144,0.0707169912901916,10.62,10.8,0.1800000000000015,99.79999999999998,Normal,0,Thursday,April
2026-04-03,10.7,SCB-301,Good,0.05999999999999872,10.722857142857142,0.07134757312249934,10.62,10.8,0.1800000000000015,99.4,Normal,0,Friday,April
2026-04-04,10.76,SCB-301,Good,0.0600000000000005,10.722857142857142,0.07134757312249934,10.62,10.8,0.1800000000000015,99.39999999999999,Normal,0,Saturday,April
2026-04-05,10.75,SCB-301,Good,-0.009999999999999787,10.717142857142859,0.06651172470928558,10.62,10.8,0.1800000000000015,99.9,Normal,0,Sunday,April
2026-04-06,10.78,SCB-301,Good,0.02999999999999936,10.721428571428573,0.0698638131005359,10.62,10.8,0.1800000000000015,99.7,Normal,0,Monday,April
2026-04-07,10.56,SCB-301,Good,-0.21999999999999886,10.687142857142856,0.08260635280536165,10.56,10.78,0.21999999999999886,97.80000000000001,Normal,0,Tuesday,April
2026-04-08,10.55,SCB-301,Good,-0.009999999999999787,10.677142857142858,0.09534398874848143,10.55,10.78,0.22999999999999865,99.9,Normal,0,Wednesday,April
2026-04-09,10.7,SCB-301,Good,0.14999999999999858,10.685714285714285,0.09413769044277148,10.55,10.78,0.22999999999999865,98.50000000000001,Normal,0,Thursday,April
2026-04-10,10.5,SCB-301,Good,-0.1999999999999993,10.657142857142857,0.11672107574814432,10.5,10.78,0.27999999999999936,98.0,Normal,0,Friday,April
2026-04-11,10.43,SCB-301,Good,-0.07000000000000028,10.61,0.13366625103840377,10.43,10.78,0.34999999999999964,99.3,Normal,0,Saturday,April
2026-04-12,10.66,SCB-301,Good,0.23000000000000043,10.597142857142858,0.1217530678209158,10.43,10.78,0.34999999999999964,97.69999999999999,Normal,0,Sunday,April
2026-04-13,10.83,SCB-301,Good,0.16999999999999993,10.604285714285714,0.13501322686524603,10.43,10.83,0.40000000000000036,98.3,Normal,0,Monday,April
2026-04-14,10.72,SCB-301,Good,-0.10999999999999943,10.627142857142857,0.13972762620113585,10.43,10.83,0.40000000000000036,98.9,Normal,0,Tuesday,April
2026-04-15,10.74,SCB-301,Good,0.019999999999999574,10.654285714285715,0.14069555108542953,10.43,10.83,0.40000000000000036,99.80000000000001,Normal,0,Wednesday,April
2026-04-16,10.57,SCB-301,Good,-0.16999999999999993,10.635714285714286,0.1422271824531662,10.43,10.83,0.40000000000000036,98.3,Normal,0,Thursday,April
2026-04-17,10.21,SCB-301,Good,-0.35999999999999943,10.594285714285714,0.21298334386026518,10.21,10.83,0.6199999999999992,96.4,Normal,0,Friday,April
2026-04-18,10.77,SCB-301,Good,0.5599999999999987,10.642857142857142,0.20798351583031144,10.21,10.83,0.6199999999999992,94.4,Normal,0,Saturday,April
2026-04-19,10.71,SCB-301,Good,-0.05999999999999872,10.650000000000002,0.20952326839755644,10.21,10.83,0.6199999999999992,99.4,Normal,0,Sunday,April
2026-04-20,10.77,SCB-301,Good,0.05999999999999872,10.641428571428573,0.20202545808456981,10.21,10.77,0.5599999999999987,99.4,Normal,0,Monday,April
2026-04-21,10.63,SCB-301,Good,-0.1399999999999988,10.62857142857143,0.1990333783923702,10.21,10.77,0.5599999999999987,98.60000000000001,Normal,0,Tuesday,April
2026-04-22,10.57,SCB-301,Good,-0.0600000000000005,10.604285714285714,0.19346465162547502,10.21,10.77,0.5599999999999987,99.39999999999999,Normal,0,Wednesday,April
2026-04-23,10.5,SCB-301,Good,-0.07000000000000028,10.594285714285714,0.19730324738474672,10.21,10.77,0.5599999999999987,99.3,Normal,0,Thursday,April
2026-04-24,10.56,SCB-301,Good,0.0600000000000005,10.644285714285715,0.1076811872855827,10.5,10.77,0.2699999999999996,99.39999999999999,Normal,0,Friday,April
2026-04-25,10.58,SCB-301,Good,0.019999999999999574,10.617142857142857,0.09375753937935404,10.5,10.77,0.2699999999999996,99.80000000000001,Normal,0,Saturday,April
2026-04-26,10.37,SCB-301,Good,-0.21000000000000085,10.56857142857143,0.12157694016937454,10.37,10.77,0.40000000000000036,97.89999999999999,Normal,0,Sunday,April
2026-04-27,10.65,SCB-301,Good,0.28000000000000114,10.551428571428572,0.09370673604895122,10.37,10.65,0.28000000000000114,97.19999999999999,Normal,0,Monday,April
2026-04-28,10.7,SCB-301,Good,0.049999999999998934,10.561428571428573,0.10636863125132809,10.37,10.7,0.33000000000000007,99.50000000000001,Normal,0,Tuesday,April
2026-04-29,10.75,SCB-301,Good,0.05000000000000071,10.587142857142856,0.12828539611794465,10.37,10.75,0.3800000000000008,99.5,Normal,0,Wednesday,April
2026-04-30,10.74,SCB-301,Good,-0.009999999999999787,10.62142857142857,0.13309502512971932,10.37,10.75,0.3800000000000008,99.9,Normal,0,Thursday,April
2026-05-01,10.84,SCB-301,Good,0.09999999999999964,10.661428571428571,0.15225292240527616,10.37,10.84,0.47000000000000064,99.0,Normal,0,Friday,May
2026-05-02,10.68,SCB-301,Good,-0.16000000000000014,10.675714285714287,0.1479703960095824,10.37,10.84,0.47000000000000064,98.4,Normal,0,Saturday,May
2026-05-03,10.73,SCB-301,Good,0.05000000000000071,10.727142857142857,0.06102302453831355,10.65,10.84,0.1899999999999995,99.5,Normal,0,Sunday,May
2026-05-04,10.69,SCB-301,Good,-0.040000000000000924,10.732857142857144,0.05407226205554553,10.68,10.84,0.16000000000000014,99.6,Normal,0,Monday,May
2026-05-05,10.64,SCB-301,Good,-0.049999999999998934,10.724285714285715,0.06399404734217229,10.64,10.84,0.1999999999999993,99.50000000000001,Normal,0,Tuesday,May
2026-05-06,10.57,SCB-301,Good,-0.07000000000000028,10.698571428571428,0.08474050024012471,10.57,10.84,0.2699999999999996,99.3,Normal,0,Wednesday,May
2026-05-07,10.61,SCB-301,Good,0.03999999999999915,10.680000000000001,0.088317608663246,10.57,10.84,0.2699999999999996,99.60000000000001,Normal,0,Thursday,May
2026-05-08,10.63,SCB-301,Good,0.02000000000000135,10.650000000000002,0.05385164807129308,10.57,10.73,0.16000000000000014,99.79999999999998,Normal,0,Friday,May
2026-05-09,10.66,SCB-301,Good,0.02999999999999936,10.647142857142857,0.05250850271277288,10.57,10.73,0.16000000000000014,99.7,Normal,0,Saturday,May
2026-05-10,10.63,SCB-301,Good,-0.02999999999999936,10.632857142857144,0.03773340063927485,10.57,10.69,0.11999999999999922,99.7,Normal,0,Sunday,May
2026-05-11,10.64,SCB-301,Good,0.009999999999999787,10.625714285714286,0.02878491668506266,10.57,10.66,0.08999999999999986,99.9,Normal,0,Monday,May
2026-05-12,10.66,SCB-301,Good,0.019999999999999574,10.62857142857143,0.0313201593378279,10.57,10.66,0.08999999999999986,99.80000000000001,Normal,0,Tuesday,May
2026-05-13,10.67,SCB-301,Good,0.009999999999999787,10.642857142857142,0.02138089935286407,10.61,10.67,0.0600000000000005,99.9,Normal,0,Wednesday,May
2026-05-14,10.73,SCB-301,Good,0.0600000000000005,10.66,0.03464101615129553,10.63,10.73,0.09999999999999964,99.39999999999999,Normal,0,Thursday,May
2026-05-15,10.71,SCB-301,Good,-0.019999999999999574,10.671428571428573,0.03625307868691905,10.63,10.73,0.09999999999999964,99.80000000000001,Normal,0,Friday,May
2026-05-16,10.5,SCB-301,Good,-0.21000000000000085,10.64857142857143,0.07470577207249023,10.5,10.73,0.23000000000000043,97.89999999999999,Normal,0,Saturday,May
2026-05-17,10.11,SCB-301,Good,-0.39000000000000057,10.574285714285717,0.2177810171446691,10.11,10.73,0.620000000000001,96.1,Normal,0,Sunday,May
2026-05-18,9.96,SCB-301,Good,-0.14999999999999858,10.477142857142857,0.31399120400175556,9.96,10.73,0.7699999999999996,98.50000000000001,Normal,0,Monday,May
2026-05-19,11.71,SCB-301,Good,1.75,10.627142857142857,0.5657653897071392,9.96,11.71,1.75,82.5,High,0,Tuesday,May
2026-05-20,12.6,SCB-301,Good,0.8899999999999988,10.902857142857142,0.9379714687507655,9.96,12.6,2.639999999999999,91.10000000000001,High,0,Wednesday,May
2026-05-21,11.77,SCB-301,Good,-0.8300000000000001,11.051428571428573,0.9871073661871554,9.96,12.6,2.639999999999999,91.7,High,0,Thursday,May
2026-05-22,11.35,SCB-301,Good,-0.41999999999999993,11.142857142857142,0.9798250572715176,9.96,12.6,2.639999999999999,95.8,Normal,0,Friday,May
2026-05-23,11.13,SCB-301,Good,-0.21999999999999886,11.232857142857142,0.9390192452006145,9.96,12.6,2.639999999999999,97.80000000000001,Normal,0,Saturday,May
2026-05-24,11.0,SCB-301,Good,-0.13000000000000078,11.36,0.8135109095765023,9.96,12.6,2.639999999999999,98.69999999999999,Normal,0,Sunday,May
2026-05-25,10.94,SCB-301,Good,-0.0600000000000005,11.5,0.5845225972249953,10.94,12.6,1.6600000000000001,99.39999999999999,Normal,0,Monday,May
2026-05-26,10.86,SCB-301,Good,-0.08000000000000007,11.37857142857143,0.620790586575651,10.86,12.6,1.7400000000000002,99.2,Normal,0,Tuesday,May
2026-05-27,10.84,SCB-301,Good,-0.019999999999999574,11.127142857142857,0.3336522284112608,10.84,11.77,0.9299999999999997,99.80000000000001,Normal,0,Wednesday,May
2026-05-28,10.83,SCB-301,Good,-0.009999999999999787,10.992857142857142,0.1900626463137918,10.83,11.35,0.5199999999999996,99.9,Normal,0,Thursday,May
2026-05-29,10.82,SCB-301,Good,-0.009999999999999787,10.917142857142858,0.11470458952080212,10.82,11.13,0.3100000000000005,99.9,Normal,0,Friday,May
2026-05-30,10.84,SCB-301,Good,0.019999999999999574,10.875714285714286,0.06778818551363722,10.82,11.0,0.17999999999999972,99.80000000000001,Normal,0,Saturday,May
2026-05-31,10.85,SCB-301,Good,0.009999999999999787,10.854285714285714,0.03994043183581625,10.82,10.94,0.11999999999999922,99.9,Normal,0,Sunday,May
2026-06-01,10.89,SCB-301,Good,0.040000000000000924,10.847142857142856,0.02288688541071057,10.82,10.89,0.07000000000000028,99.6,Normal,0,Monday,June
2026-06-02,10.89,SCB-301,Good,0.0,10.85142857142857,0.027945525240113844,10.82,10.89,0.07000000000000028,100.0,Normal,0,Tuesday,June
2026-06-03,10.9,SCB-301,Good,0.009999999999999787,10.860000000000001,0.032659863237008036,10.82,10.9,0.08000000000000007,99.9,Normal,0,Wednesday,June
2026-06-04,10.91,SCB-301,Good,0.009999999999999787,10.871428571428572,0.03436498771927171,10.82,10.91,0.08999999999999986,99.9,Normal,0,Thursday,June
2026-06-05,10.96,SCB-301,Good,0.05000000000000071,10.891428571428571,0.03976119189543426,10.84,10.96,0.120000000000001,99.5,Normal,0,Friday,June
2026-06-06,11.0,SCB-301,Good,0.03999999999999915,10.914285714285713,0.049952358254951985,10.85,11.0,0.15000000000000036,99.60000000000001,Normal,0,Saturday,June
2026-06-07,11.03,SCB-301,Good,0.02999999999999936,10.94,0.057154760664877256,10.89,11.03,0.1399999999999988,99.7,Normal,0,Sunday,June
2026-06-08,11.09,SCB-301,Good,0.0600000000000005,10.968571428571428,0.07515064236326634,10.89,11.09,0.1999999999999993,99.39999999999999,Normal,0,Monday,June
2026-06-09,11.12,SCB-301,Good,0.02999999999999936,11.001428571428573,0.08474050024011377,10.9,11.12,0.21999999999999886,99.7,Normal,0,Tuesday,June
2026-06-10,11.13,SCB-301,Good,0.010000000000001563,11.034285714285714,0.08343802947036236,10.91,11.13,0.22000000000000064,99.89999999999998,Normal,0,Wednesday,June
2026-06-11,11.15,SCB-301,Good,0.019999999999999574,11.06857142857143,0.07244045173527885,10.96,11.15,0.1899999999999995,99.80000000000001,Normal,0,Thursday,June
2026-06-12,11.19,SCB-301,Good,0.03999999999999915,11.101428571428572,0.06693991620060895,11.0,11.19,0.1899999999999995,99.60000000000001,Normal,0,Friday,June
2026-06-13,11.24,SCB-301,Good,0.05000000000000071,11.135714285714286,0.06778818551362928,11.03,11.24,0.21000000000000085,99.5,Normal,0,Saturday,June
2026-06-14,11.28,SCB-301,Good,0.03999999999999915,11.171428571428573,0.06866065623250134,11.09,11.28,0.1899999999999995,99.60000000000001,Normal,0,Sunday,June
2026-06-15,11.33,SCB-301,Good,0.05000000000000071,11.205714285714285,0.08017837257367652,11.12,11.33,0.21000000000000085,99.5,Normal,0,Monday,June
2026-06-16,11.38,SCB-301,Good,0.05000000000000071,11.242857142857142,0.09304376850243397,11.13,11.38,0.25,99.5,Normal,0,Tuesday,June
2026-06-17,11.42,SCB-301,Good,0.03999999999999915,11.284285714285714,0.09880235200589188,11.15,11.42,0.2699999999999996,99.60000000000001,Normal,0,Wednesday,June
2026-06-18,11.48,SCB-301,Good,0.0600000000000005,11.331428571428571,0.10270160197197585,11.19,11.48,0.2900000000000009,99.39999999999999,Normal,0,Thursday,June
2026-06-19,11.51,SCB-301,Good,0.02999999999999936,11.377142857142857,0.10045136231264812,11.24,11.51,0.2699999999999996,99.7,High,0,Friday,June
2026-06-20,11.43,SCB-301,Good,-0.08000000000000007,11.404285714285715,0.08100558475744285,11.28,11.51,0.23000000000000043,99.2,Normal,0,Saturday,June
2026-06-21,11.53,SCB-301,Good,0.09999999999999964,11.44,0.07164728420061345,11.33,11.53,0.1999999999999993,99.0,High,0,Sunday,June
2026-06-22,11.52,SCB-301,Good,-0.009999999999999787,11.467142857142857,0.05765248931138573,11.38,11.53,0.14999999999999858,99.9,High,0,Monday,June
2026-06-23,11.56,SCB-301,Good,0.040000000000000924,11.492857142857142,0.052190128604931184,11.42,11.56,0.14000000000000057,99.6,High,0,Tuesday,June
2026-06-24,11.57,SCB-301,Good,0.009999999999999787,11.514285714285716,0.0479086432204835,11.43,11.57,0.14000000000000057,99.9,High,0,Wednesday,June
2026-06-25,11.72,SCB-301,Good,0.15000000000000036,11.54857142857143,0.08820970684080877,11.43,11.72,0.2900000000000009,98.5,High,0,Thursday,June
2026-06-26,11.8,SCB-301,Good,0.08000000000000007,11.59,0.12675435561216514,11.43,11.8,0.370000000000001,99.2,High,0,Friday,June
2026-06-27,11.68,SCB-301,Good,-0.120000000000001,11.625714285714286,0.10799029938792133,11.52,11.8,0.28000000000000114,98.79999999999998,High,0,Saturday,June
2026-06-28,11.58,SCB-301,Good,-0.09999999999999964,11.632857142857144,0.10209705932982371,11.52,11.8,0.28000000000000114,99.0,High,0,Sunday,June
2026-06-29,11.51,SCB-301,Good,-0.07000000000000028,11.631428571428572,0.10399175791510475,11.51,11.8,0.2900000000000009,99.3,High,0,Monday,June
2026-06-30,11.5,SCB-301,Good,-0.009999999999999787,11.622857142857143,0.1129475225807586,11.5,11.8,0.3000000000000007,99.9,Normal,0,Tuesday,June
2026-01-01,8.15,SCB-302,Good,0.0,8.15,0.0,8.15,8.15,0.0,100.0,Low,0,Thursday,January
2026-01-02,8.15,SCB-302,Good,0.0,8.15,0.0,8.15,8.15,0.0,100.0,Low,0,Friday,January
2026-01-03,8.15,SCB-302,Good,0.0,8.15,0.0,8.15,8.15,0.0,100.0,Low,0,Saturday,January
2026-01-04,8.12,SCB-302,Good,-0.030000000000001137,8.1425,0.015000000000000568,8.12,8.15,0.030000000000001137,99.69999999999999,Low,0,Sunday,January
2026-01-05,8.08,SCB-302,Good,-0.03999999999999915,8.129999999999999,0.03082207001484527,8.08,8.15,0.07000000000000028,99.60000000000001,Low,0,Monday,January
2026-01-06,8.0175,SCB-302,Interpolated,-0.0625,8.11125,0.053566547396673166,8.0175,8.15,0.13250000000000028,99.375,Low,0,Tuesday,January
2026-01-07,7.955,SCB-302,Interpolated,-0.0625,8.088928571428571,0.07667378331358814,7.955,8.15,0.19500000000000028,99.375,Low,0,Wednesday,January
2026-01-08,7.8925,SCB-302,Interpolated,-0.0625,8.052142857142858,0.10054464774654166,7.8925,8.15,0.2575000000000003,99.375,Low,0,Thursday,January
2026-01-09,7.83,SCB-302,Good,-0.0625,8.006428571428572,0.1195813630167857,7.83,8.15,0.3200000000000003,99.375,Low,0,Friday,January
2026-01-10,7.84,SCB-302,Good,0.009999999999999787,7.962142857142857,0.11485886785011168,7.83,8.12,0.28999999999999915,99.9,Low,0,Saturday,January
2026-01-11,7.83,SCB-302,Good,-0.009999999999999787,7.920714285714285,0.09973625934719704,7.83,8.08,0.25,99.9,Low,0,Sunday,January
2026-01-12,7.77,SCB-302,Good,-0.0600000000000005,7.876428571428572,0.08494921452031758,7.77,8.0175,0.2475000000000005,99.39999999999999,Low,0,Monday,January
2026-01-13,8.27,SCB-302,Good,0.5,7.9125000000000005,0.16792235308816547,7.77,8.27,0.5,95.0,Low,0,Tuesday,January
2026-01-14,8.34,SCB-302,Good,0.07000000000000028,7.967499999999999,0.23415183820190938,7.77,8.34,0.5700000000000003,99.3,Low,0,Wednesday,January
2026-01-15,8.62,SCB-302,Good,0.27999999999999936,8.071428571428571,0.33503375807165864,7.77,8.62,0.8499999999999996,97.2,Low,0,Thursday,January
2026-01-16,8.69,SCB-302,Good,0.07000000000000028,8.194285714285714,0.38561021523714556,7.77,8.69,0.9199999999999999,99.3,Low,0,Friday,January
2026-01-17,8.36,SCB-302,Good,-0.33000000000000007,8.268571428571429,0.3548440301234971,7.77,8.69,0.9199999999999999,96.7,Low,0,Saturday,January
2026-01-18,8.35,SCB-302,Good,-0.009999999999999787,8.342857142857143,0.29752951034109054,7.77,8.69,0.9199999999999999,99.9,Low,0,Sunday,January
2026-01-19,7.99,SCB-302,Good,-0.35999999999999943,8.374285714285714,0.23114621223063742,7.99,8.69,0.6999999999999993,96.4,Low,0,Monday,January
2026-01-20,9.01,SCB-302,Good,1.0199999999999996,8.48,0.325474013299576,7.99,9.01,1.0199999999999996,89.80000000000001,Low,0,Tuesday,January
2026-01-21,8.52,SCB-302,Good,-0.4900000000000002,8.505714285714285,0.3196277596860197,7.99,9.01,1.0199999999999996,95.1,Low,0,Wednesday,January
2026-01-22,8.81,SCB-302,Good,0.2900000000000009,8.532857142857143,0.33846291208512364,7.99,9.01,1.0199999999999996,97.1,Low,0,Thursday,January
2026-01-23,8.53,SCB-302,Good,-0.28000000000000114,8.51,0.3314111243355187,7.99,9.01,1.0199999999999996,97.19999999999999,Low,0,Friday,January
2026-01-24,8.38,SCB-302,Good,-0.14999999999999858,8.512857142857143,0.32998556967006215,7.99,9.01,1.0199999999999996,98.50000000000001,Low,0,Saturday,January
2026-01-25,8.190000000000001,SCB-302,Interpolated,-0.1899999999999995,8.49,0.3481857741685213,7.99,9.01,1.0199999999999996,98.10000000000001,Low,0,Sunday,January
2026-01-26,8.0,SCB-302,Interpolated,-0.19000000000000128,8.491428571428571,0.3458047894129744,8.0,9.01,1.0099999999999998,98.1,Low,0,Monday,January
2026-01-27,7.81,SCB-302,Interpolated,-0.1900000000000004,8.32,0.3433171517222323,7.81,8.81,1.0000000000000009,98.1,Low,0,Tuesday,January
2026-01-28,,SCB-302,Offline,0.0,8.286666666666667,0.3634648080167684,7.81,8.81,1.0000000000000009,100.0,Offline,0,Wednesday,January
2026-01-29,7.43,SCB-302,Good,0.0,8.056666666666667,0.4007825678178461,7.43,8.53,1.0999999999999996,100.0,Low,0,Thursday,January
2026-01-30,7.46,SCB-302,Good,0.03000000000000025,7.878333333333333,0.3858194741931341,7.43,8.38,0.9500000000000011,99.7,Low,0,Friday,January
2026-01-31,7.43,SCB-302,Good,-0.03000000000000025,7.7200000000000015,0.32960582519124193,7.43,8.190000000000001,0.7600000000000016,99.7,Low,0,Saturday,January
2026-02-01,7.44,SCB-302,Good,0.010000000000000675,7.595,0.24777005468780755,7.43,8.0,0.5700000000000003,99.89999999999999,Low,0,Sunday,February
2026-02-02,7.48,SCB-302,Good,0.040000000000000036,7.508333333333333,0.149052563435406,7.43,7.81,0.3799999999999999,99.6,Low,0,Monday,February
2026-02-03,7.9,SCB-302,Good,0.41999999999999993,7.523333333333333,0.18554424449889517,7.43,7.9,0.47000000000000064,95.8,Low,0,Tuesday,February
2026-02-04,8.15,SCB-302,Good,0.25,7.612857142857143,0.2911880426639726,7.43,8.15,0.7200000000000006,97.5,Low,0,Wednesday,February
2026-02-05,8.36,SCB-302,Good,0.20999999999999908,7.7457142857142856,0.3894379344156189,7.43,8.36,0.9299999999999997,97.9,Low,0,Thursday,February
2026-02-06,8.1,SCB-302,Good,-0.2599999999999998,7.837142857142858,0.3862949773473746,7.43,8.36,0.9299999999999997,97.4,Low,0,Friday,February
2026-02-07,7.7,SCB-302,Good,-0.39999999999999947,7.875714285714286,0.35070676938895434,7.44,8.36,0.919999999999999,96.0,Low,0,Saturday,February
2026-02-08,7.78,SCB-302,Good,0.08000000000000007,7.924285714285714,0.3002142092382879,7.48,8.36,0.879999999999999,99.2,Low,0,Sunday,February
2026-02-09,7.87,SCB-302,Good,0.08999999999999986,7.980000000000001,0.23259406699225804,7.7,8.36,0.6599999999999993,99.1,Low,0,Monday,February
2026-02-10,7.64,SCB-302,Good,-0.23000000000000043,7.942857142857142,0.2658768064169482,7.64,8.36,0.7199999999999998,97.69999999999999,Low,0,Tuesday,February
2026-02-11,7.3,SCB-302,Good,-0.33999999999999986,7.821428571428571,0.3394322991618289,7.3,8.36,1.0599999999999996,96.6,Low,0,Wednesday,February
2026-02-12,6.64,SCB-302,Good,-0.6600000000000001,7.575714285714286,0.4786041211292537,6.64,8.1,1.46,93.4,Low,0,Thursday,February
2026-02-13,6.08,SCB-302,Good,-0.5599999999999996,7.2871428571428565,0.6774637575967769,6.08,7.87,1.79,94.4,Low,0,Friday,February
2026-02-14,6.93,SCB-302,Good,0.8499999999999996,7.177142857142857,0.6615817985634718,6.08,7.87,1.79,91.5,Low,0,Saturday,February
2026-02-15,6.94,SCB-302,Good,0.010000000000000675,7.057142857142857,0.6080217727931116,6.08,7.87,1.79,99.89999999999999,Low,0,Sunday,February
2026-02-16,6.69,SCB-302,Good,-0.25,6.888571428571429,0.49887969730282183,6.08,7.64,1.5599999999999996,97.5,Low,0,Monday,February
2026-02-17,6.46,SCB-302,Good,-0.23000000000000043,6.72,0.39017090272512234,6.08,7.3,1.2199999999999998,97.69999999999999,Low,0,Tuesday,February
2026-02-18,6.9,SCB-302,Good,0.4400000000000004,6.662857142857143,0.31266138689826517,6.08,6.94,0.8600000000000003,95.6,Low,0,Wednesday,February
2026-02-19,7.3,SCB-302,Good,0.39999999999999947,6.757142857142857,0.39364596131186996,6.08,7.3,1.2199999999999998,96.0,Low,0,Thursday,February
2026-02-20,7.51,SCB-302,Good,0.20999999999999996,6.961428571428572,0.35258231055214373,6.46,7.51,1.0499999999999998,97.9,Low,0,Friday,February
2026-02-21,7.05,SCB-302,Good,-0.45999999999999996,6.978571428571429,0.3537149780745625,6.46,7.51,1.0499999999999998,95.4,Low,0,Saturday,February
2026-02-22,6.7,SCB-302,Good,-0.34999999999999964,6.944285714285714,0.3693623849670863,6.46,7.51,1.0499999999999998,96.5,Low,0,Sunday,February
2026-02-23,6.65,SCB-302,Good,-0.04999999999999982,6.938571428571429,0.3742293668963215,6.46,7.51,1.0499999999999998,99.5,Low,0,Monday,February
2026-02-24,7.36,SCB-302,Good,0.71,7.067142857142857,0.33494846796257854,6.65,7.51,0.8599999999999994,92.9,Low,0,Tuesday,February
2026-02-25,7.4,SCB-302,Good,0.040000000000000036,7.138571428571429,0.3464788868713666,6.65,7.51,0.8599999999999994,99.6,Low,0,Wednesday,February
2026-02-26,7.38,SCB-302,Good,-0.020000000000000462,7.15,0.3539303132915699,6.65,7.51,0.8599999999999994,99.8,Low,0,Thursday,February
2026-02-27,7.55,SCB-302,Good,0.16999999999999993,7.155714285714287,0.3609643169279204,6.65,7.55,0.8999999999999995,98.3,Low,0,Friday,February
2026-02-28,7.47,SCB-302,Good,-0.08000000000000007,7.215714285714285,0.37509363910261107,6.65,7.55,0.8999999999999995,99.2,Low,0,Saturday,February
2026-03-01,7.12,SCB-302,Good,-0.34999999999999964,7.275714285714287,0.3060967789690698,6.65,7.55,0.8999999999999995,96.5,Low,0,Sunday,March
2026-03-02,7.46,SCB-302,Good,0.33999999999999986,7.391428571428571,0.1359446666145942,7.12,7.55,0.4299999999999997,96.6,Low,0,Monday,March
2026-03-03,7.26,SCB-302,Good,-0.20000000000000018,7.377142857142857,0.14476582074904196,7.12,7.55,0.4299999999999997,98.0,Low,0,Tuesday,March
2026-03-04,7.06,SCB-302,Good,-0.20000000000000018,7.328571428571428,0.1867644301813212,7.06,7.55,0.4900000000000002,98.0,Low,0,Wednesday,March
2026-03-05,7.09,SCB-302,Good,0.03000000000000025,7.2871428571428565,0.20475304521254628,7.06,7.55,0.4900000000000002,99.7,Low,0,Thursday,March
2026-03-06,7.05,SCB-302,Good,-0.040000000000000036,7.215714285714285,0.1839254507363607,7.05,7.47,0.41999999999999993,99.6,Low,0,Friday,March
2026-03-07,7.06,SCB-302,Good,0.009999999999999787,7.1571428571428575,0.15195550727261808,7.05,7.46,0.41000000000000014,99.9,Low,0,Saturday,March
2026-03-08,7.06,SCB-302,Good,0.0,7.148571428571428,0.15603723609325312,7.05,7.46,0.41000000000000014,100.0,Low,0,Sunday,March
2026-03-09,7.07,SCB-302,Good,0.010000000000000675,7.092857142857143,0.07476948702832648,7.05,7.26,0.20999999999999996,99.89999999999999,Low,0,Monday,March
2026-03-10,7.06,SCB-302,Good,-0.010000000000000675,7.064285714285714,0.01272418020572765,7.05,7.09,0.040000000000000036,99.89999999999999,Low,0,Tuesday,March
2026-03-11,7.06,SCB-302,Good,0.0,7.064285714285715,0.01272418020572765,7.05,7.09,0.040000000000000036,100.0,Low,0,Wednesday,March
2026-03-12,7.06,SCB-302,Good,0.0,7.06,0.005773502692164419,7.05,7.07,0.020000000000000462,100.0,Low,0,Thursday,March
2026-03-13,7.06,SCB-302,Good,0.0,7.061428571428571,0.0037796447305008377,7.06,7.07,0.010000000000000675,100.0,Low,0,Friday,March
2026-03-14,7.06,SCB-302,Good,0.0,7.061428571428571,0.0037796447305008377,7.06,7.07,0.010000000000000675,100.0,Low,0,Saturday,March
2026-03-15,7.07,SCB-302,Good,0.010000000000000675,7.062857142857143,0.004879500365058476,7.06,7.07,0.010000000000000675,99.89999999999999,Low,0,Sunday,March
2026-03-16,7.05,SCB-302,Good,-0.020000000000000462,7.0600000000000005,0.005773502692164419,7.05,7.07,0.020000000000000462,99.8,Low,0,Monday,March
2026-03-17,7.09,SCB-302,Good,0.040000000000000036,7.064285714285715,0.012724180205727973,7.05,7.09,0.040000000000000036,99.6,Low,0,Tuesday,March
2026-03-18,7.04,SCB-302,Good,-0.04999999999999982,7.061428571428571,0.01573591584948701,7.04,7.09,0.04999999999999982,99.5,Low,0,Wednesday,March
2026-03-19,6.99,SCB-302,Good,-0.04999999999999982,7.051428571428572,0.03132015933796495,6.99,7.09,0.09999999999999964,99.5,Low,0,Thursday,March
2026-03-20,6.97,SCB-302,Good,-0.020000000000000462,7.038571428571428,0.04336994790123211,6.97,7.09,0.1200000000000001,99.8,Low,0,Friday,March
2026-03-21,6.99,SCB-302,Good,0.020000000000000462,7.028571428571428,0.04561745697598283,6.97,7.09,0.1200000000000001,99.8,Low,0,Saturday,March
2026-03-22,6.97,SCB-302,Good,-0.020000000000000462,7.014285714285713,0.046136443605622475,6.97,7.09,0.1200000000000001,99.8,Low,0,Sunday,March
2026-03-23,6.92,SCB-302,Good,-0.04999999999999982,6.9957142857142856,0.05472876844258023,6.92,7.09,0.16999999999999993,99.5,Low,0,Monday,March
2026-03-24,6.87,SCB-302,Good,-0.04999999999999982,6.964285714285714,0.05472876844258202,6.87,7.04,0.16999999999999993,99.5,Low,0,Tuesday,March
2026-03-25,6.835,SCB-302,Interpolated,-0.03500000000000014,6.935,0.06184658438429597,6.835,6.99,0.15500000000000025,99.65,Low,0,Wednesday,March
2026-03-26,6.800000000000001,SCB-302,Interpolated,-0.034999999999999254,6.907857142857144,0.07415395824777991,6.800000000000001,6.99,0.1899999999999995,99.65,Low,0,Thursday,March
2026-03-27,6.765000000000001,SCB-302,Interpolated,-0.03500000000000014,6.878571428571429,0.08518187824271387,6.765000000000001,6.99,0.22499999999999964,99.65,Low,0,Friday,March
2026-03-28,6.73,SCB-302,Good,-0.03500000000000014,6.841428571428572,0.08518187824271543,6.73,6.97,0.23999999999999932,99.65,Low,0,Saturday,March
2026-03-29,6.83,SCB-302,Good,0.09999999999999964,6.821428571428572,0.06368635945755566,6.73,6.92,0.1899999999999995,99.0,Low,0,Sunday,March
2026-03-30,8.52,SCB-302,Good,1.6899999999999995,7.05,0.649878193715306,6.73,8.52,1.7899999999999991,83.10000000000001,Low,0,Monday,March
2026-03-31,8.63,SCB-302,Good,0.11000000000000121,7.3014285714285725,0.8713529436347548,6.73,8.63,1.9000000000000004,98.89999999999999,Low,0,Tuesday,March
2026-04-01,8.41,SCB-302,Good,-0.22000000000000064,7.526428571428572,0.9320707872157297,6.73,8.63,1.9000000000000004,97.8,Low,0,Wednesday,April
2026-04-02,8.36,SCB-302,Good,-0.05000000000000071,7.749285714285714,0.9157894070665121,6.73,8.63,1.9000000000000004,99.5,Low,0,Thursday,April
2026-04-03,8.24,SCB-302,Good,-0.11999999999999922,7.96,0.8158022636235618,6.73,8.63,1.9000000000000004,98.80000000000001,Low,0,Friday,April
2026-04-04,8.12,SCB-302,Good,-0.120000000000001,8.15857142857143,0.609629083170752,6.83,8.63,1.8000000000000007,98.79999999999998,Low,0,Saturday,April
2026-04-05,8.25,SCB-302,Good,0.13000000000000078,8.36142857142857,0.17563490270333457,8.12,8.63,0.5100000000000016,98.69999999999999,Low,0,Sunday,April
2026-04-06,8.21,SCB-302,Good,-0.03999999999999915,8.317142857142857,0.16790019711265178,8.12,8.63,0.5100000000000016,99.60000000000001,Low,0,Monday,April
2026-04-07,8.14,SCB-302,Good,-0.07000000000000028,8.247142857142856,0.10672617387720666,8.12,8.41,0.2900000000000009,99.3,Low,0,Tuesday,April
2026-04-08,8.1,SCB-302,Good,-0.040000000000000924,8.202857142857143,0.09105205209366776,8.1,8.36,0.2599999999999998,99.6,Low,0,Wednesday,April
2026-04-09,8.09,SCB-302,Good,-0.009999999999999787,8.164285714285715,0.06754187413669231,8.09,8.25,0.16000000000000014,99.9,Low,0,Thursday,April
2026-04-10,8.07,SCB-302,Good,-0.019999999999999574,8.14,0.06633249580704868,8.07,8.25,0.17999999999999972,99.80000000000001,Low,0,Friday,April
2026-04-11,8.04,SCB-302,Good,-0.030000000000001137,8.12857142857143,0.07646972634717138,8.04,8.25,0.21000000000000085,99.69999999999999,Low,0,Saturday,April
2026-04-12,8.04,SCB-302,Good,0.0,8.098571428571429,0.060395521751298295,8.04,8.21,0.1700000000000017,100.0,Low,0,Sunday,April
2026-04-13,7.96,SCB-302,Good,-0.07999999999999918,8.062857142857142,0.05736267244880529,7.96,8.14,0.1800000000000006,99.2,Low,0,Monday,April
2026-04-14,7.97,SCB-302,Good,0.009999999999999787,8.038571428571428,0.05520524474732418,7.96,8.1,0.13999999999999968,99.9,Low,0,Tuesday,April
2026-04-15,7.96,SCB-302,Good,-0.009999999999999787,8.018571428571429,0.05459809869350283,7.96,8.09,0.1299999999999999,99.9,Low,0,Wednesday,April
2026-04-16,8.05,SCB-302,Good,0.09000000000000075,8.012857142857142,0.04750939756654479,7.96,8.07,0.11000000000000032,99.1,Low,0,Thursday,April
2026-04-17,8.09,SCB-302,Good,0.03999999999999915,8.015714285714285,0.05191568255576759,7.96,8.09,0.1299999999999999,99.60000000000001,Low,0,Friday,April
2026-04-18,8.09,SCB-302,Good,0.0,8.022857142857143,0.0587974732206745,7.96,8.09,0.1299999999999999,100.0,Low,0,Saturday,April
2026-04-19,8.11,SCB-302,Good,0.019999999999999574,8.032857142857143,0.06750661343258033,7.96,8.11,0.14999999999999947,99.80000000000001,Low,0,Sunday,April
2026-04-20,8.08,SCB-302,Good,-0.02999999999999936,8.05,0.06082762530292343,7.96,8.11,0.14999999999999947,99.7,Low,0,Monday,April
2026-04-21,8.08,SCB-302,Good,0.0,8.065714285714284,0.0499523582549498,7.96,8.11,0.14999999999999947,100.0,Low,0,Tuesday,April
2026-04-22,7.93,SCB-302,Good,-0.15000000000000036,8.061428571428573,0.06067085281208074,7.93,8.11,0.17999999999999972,98.5,Low,0,Wednesday,April
2026-04-23,7.81,SCB-302,Good,-0.1200000000000001,8.027142857142858,0.11324226032626922,7.81,8.11,0.2999999999999998,98.8,Low,0,Thursday,April
2026-04-24,7.05,SCB-302,Good,-0.7599999999999998,7.878571428571427,0.38150703669475466,7.05,8.11,1.0599999999999996,92.4,Low,0,Friday,April
2026-04-25,7.83,SCB-302,Good,0.7800000000000002,7.841428571428572,0.36997425907885323,7.05,8.11,1.0599999999999996,92.2,Low,0,Saturday,April
2026-04-26,7.88,SCB-302,Interpolated,0.04999999999999982,7.808571428571428,0.35191990430723474,7.05,8.08,1.0300000000000002,99.5,Low,0,Sunday,April
2026-04-27,7.93,SCB-302,Good,0.04999999999999982,7.7871428571428565,0.3368834756862831,7.05,8.08,1.0300000000000002,99.5,Low,0,Monday,April
2026-04-28,8.05,SCB-302,Good,0.120000000000001,7.782857142857142,0.33270178266800815,7.05,8.05,1.0000000000000009,98.79999999999998,Low,0,Tuesday,April
2026-04-29,8.26,SCB-302,Good,0.20999999999999908,7.829999999999999,0.37740340927623767,7.05,8.26,1.21,97.9,Low,0,Wednesday,April
2026-04-30,8.35,SCB-302,Good,0.08999999999999986,7.9071428571428575,0.4248417072163109,7.05,8.35,1.2999999999999998,99.1,Low,0,Thursday,April
2026-05-01,8.28,SCB-302,Good,-0.07000000000000028,8.082857142857142,0.2125805169587941,7.83,8.35,0.5199999999999996,99.3,Low,0,Friday,May
2026-05-02,8.1,SCB-302,Good,-0.17999999999999972,8.12142857142857,0.18123912118417096,7.88,8.35,0.46999999999999975,98.2,Low,0,Saturday,May
2026-05-03,8.3,SCB-302,Good,0.20000000000000107,8.181428571428572,0.15571647005891873,7.93,8.35,0.41999999999999993,97.99999999999999,Low,0,Sunday,May
2026-05-04,8.24,SCB-302,Good,-0.0600000000000005,8.225714285714286,0.10952277432218784,8.05,8.35,0.29999999999999893,99.39999999999999,Low,0,Monday,May
2026-05-05,8.03,SCB-302,Good,-0.21000000000000085,8.222857142857142,0.11499482390003646,8.03,8.35,0.3200000000000003,97.89999999999999,Low,0,Tuesday,May
2026-05-06,8.04,SCB-302,Good,0.009999999999999787,8.191428571428572,0.1319631983330077,8.03,8.35,0.3200000000000003,99.9,Low,0,Wednesday,May
2026-05-07,7.88,SCB-302,Good,-0.15999999999999925,8.124285714285714,0.155333742079957,7.88,8.3,0.4200000000000008,98.4,Low,0,Thursday,May
2026-05-08,7.62,SCB-302,Good,-0.2599999999999998,8.03,0.2282542442102478,7.62,8.3,0.6800000000000006,97.4,Low,0,Friday,May
2026-05-09,7.58,SCB-302,Good,-0.040000000000000036,7.955714285714286,0.28034842267298327,7.58,8.3,0.7200000000000006,99.6,Low,0,Saturday,May
2026-05-10,8.09,SCB-302,Good,0.5099999999999998,7.925714285714285,0.2465669038926953,7.58,8.24,0.6600000000000001,94.9,Low,0,Sunday,May
2026-05-11,8.19,SCB-302,Good,0.09999999999999964,7.918571428571427,0.236462017487539,7.58,8.19,0.6099999999999994,99.0,Low,0,Monday,May
2026-05-12,8.0,SCB-302,Good,-0.1899999999999995,7.914285714285713,0.23436845228947292,7.58,8.19,0.6099999999999994,98.10000000000001,Low,0,Tuesday,May
2026-05-13,7.82,SCB-302,Good,-0.17999999999999972,7.8828571428571435,0.2293988001795151,7.58,8.19,0.6099999999999994,98.2,Low,0,Wednesday,May
2026-05-14,7.94,SCB-302,Good,0.1200000000000001,7.8914285714285715,0.230393038915988,7.58,8.19,0.6099999999999994,98.8,Low,0,Thursday,May
2026-05-15,7.82,SCB-302,Good,-0.1200000000000001,7.920000000000001,0.20174241001829926,7.58,8.19,0.6099999999999994,98.8,Low,0,Friday,May
2026-05-16,7.86,SCB-302,Good,0.040000000000000036,7.96,0.14200938936090898,7.82,8.19,0.3699999999999992,99.6,Low,0,Saturday,May
2026-05-17,7.81,SCB-302,Good,-0.05000000000000071,7.920000000000001,0.1386842937514012,7.81,8.19,0.3799999999999999,99.5,Low,0,Sunday,May
2026-05-18,7.68,SCB-302,Good,-0.1299999999999999,7.847142857142857,0.10242302568498869,7.68,8.0,0.3200000000000003,98.7,Low,0,Monday,May
2026-05-19,7.86,SCB-302,Good,0.1800000000000006,7.827142857142858,0.07846746368485805,7.68,7.94,0.2600000000000007,98.19999999999999,Low,0,Tuesday,May
2026-05-20,8.04,SCB-302,Good,0.17999999999999883,7.8585714285714285,0.1120161552973977,7.68,8.04,0.35999999999999943,98.20000000000002,Low,0,Wednesday,May
2026-05-21,7.86,SCB-302,Good,-0.17999999999999883,7.847142857142857,0.10625665245276564,7.68,8.04,0.35999999999999943,98.20000000000002,Low,0,Thursday,May
2026-05-22,7.66,SCB-302,Good,-0.20000000000000018,7.824285714285714,0.12804389128431584,7.66,8.04,0.379999999999999,98.0,Low,0,Friday,May
2026-05-23,7.63,SCB-302,Good,-0.03000000000000025,7.791428571428571,0.14565124686825467,7.63,8.04,0.40999999999999925,99.7,Low,0,Saturday,May
2026-05-24,7.54,SCB-302,Good,-0.08999999999999986,7.752857142857143,0.17308131862547843,7.54,8.04,0.4999999999999991,99.1,Low,0,Sunday,May
2026-05-25,7.37,SCB-302,Good,-0.16999999999999993,7.708571428571427,0.22630573504504298,7.37,8.04,0.669999999999999,98.3,Low,0,Monday,May
2026-05-26,7.21,SCB-302,Good,-0.16000000000000014,7.615714285714285,0.2806455144161333,7.21,8.04,0.8299999999999992,98.4,Low,0,Tuesday,May
2026-05-27,7.25,SCB-302,Good,0.040000000000000036,7.502857142857143,0.23704530408862223,7.21,7.86,0.6500000000000004,99.6,Low,0,Wednesday,May
2026-05-28,7.57,SCB-302,Good,0.3200000000000003,7.461428571428571,0.18352371067778528,7.21,7.66,0.4500000000000002,96.8,Low,0,Thursday,May
2026-05-29,7.51,SCB-302,Good,-0.0600000000000005,7.44,0.16421530582335386,7.21,7.63,0.41999999999999993,99.39999999999999,Low,0,Friday,May
2026-05-30,7.53,SCB-302,Good,0.020000000000000462,7.425714285714286,0.14853250405852483,7.21,7.57,0.3600000000000003,99.8,Low,0,Saturday,May
2026-05-31,7.44,SCB-302,Good,-0.08999999999999986,7.411428571428572,0.14028881773307264,7.21,7.57,0.3600000000000003,99.1,Low,0,Sunday,May
2026-06-01,7.4,SCB-302,Good,-0.040000000000000036,7.415714285714286,0.13926678748082402,7.21,7.57,0.3600000000000003,99.6,Low,0,Monday,June
2026-06-02,7.45,SCB-302,Good,0.04999999999999982,7.450000000000001,0.10567244989427317,7.25,7.57,0.3200000000000003,99.5,Low,0,Tuesday,June
2026-06-03,7.34,SCB-302,Good,-0.11000000000000032,7.4628571428571435,0.07952238379098427,7.34,7.57,0.23000000000000043,98.89999999999999,Low,0,Wednesday,June
2026-06-04,7.36,SCB-302,Good,0.020000000000000462,7.432857142857143,0.07158079018703614,7.34,7.53,0.1900000000000004,99.8,Low,0,Thursday,June
2026-06-05,7.47,SCB-302,Good,0.10999999999999943,7.427142857142856,0.0657556805439688,7.34,7.53,0.1900000000000004,98.9,Low,0,Friday,June
2026-06-06,7.24,SCB-302,Good,-0.22999999999999954,7.385714285714285,0.07997023255705102,7.24,7.47,0.22999999999999954,97.7,Low,0,Saturday,June
2026-06-07,7.22,SCB-302,Good,-0.020000000000000462,7.354285714285714,0.09658452996501048,7.22,7.47,0.25,99.8,Low,0,Sunday,June
2026-06-08,7.48,SCB-302,Good,0.2600000000000007,7.365714285714286,0.10706028564269483,7.22,7.48,0.2600000000000007,97.39999999999999,Low,0,Monday,June
2026-06-09,7.59,SCB-302,Good,0.10999999999999943,7.385714285714285,0.1348897256844597,7.22,7.59,0.3700000000000001,98.9,Low,0,Tuesday,June
2026-06-10,7.95,SCB-302,Good,0.3600000000000003,7.472857142857143,0.24911271115126551,7.22,7.95,0.7300000000000004,96.39999999999999,Low,0,Wednesday,June
2026-06-11,8.0,SCB-302,Good,0.04999999999999982,7.564285714285715,0.3106368266887063,7.22,8.0,0.7800000000000002,99.5,Low,0,Thursday,June
2026-06-12,7.75,SCB-302,Good,-0.25,7.604285714285715,0.3144761327910744,7.22,8.0,0.7800000000000002,97.5,Low,0,Friday,June
2026-06-13,7.54,SCB-302,Good,-0.20999999999999996,7.647142857142858,0.2744518346154768,7.22,8.0,0.7800000000000002,97.9,Low,0,Saturday,June
2026-06-14,7.78,SCB-302,Good,0.2400000000000002,7.727142857142858,0.20097381966432273,7.48,8.0,0.5199999999999996,97.6,Low,0,Sunday,June
2026-06-15,7.86,SCB-302,Good,0.08000000000000007,7.781428571428571,0.17237832147424265,7.54,8.0,0.45999999999999996,99.2,Low,0,Monday,June
2026-06-16,7.73,SCB-302,Good,-0.1299999999999999,7.8014285714285725,0.1535609077237563,7.54,8.0,0.45999999999999996,98.7,Low,0,Tuesday,June
2026-06-17,7.72,SCB-302,Good,-0.010000000000000675,7.768571428571429,0.1405262219217844,7.54,8.0,0.45999999999999996,99.89999999999999,Low,0,Wednesday,June
2026-06-18,7.62,SCB-302,Good,-0.09999999999999964,7.714285714285714,0.10517559014284723,7.54,7.86,0.3200000000000003,99.0,Low,0,Thursday,June
2026-06-19,7.41,SCB-302,Good,-0.20999999999999996,7.665714285714286,0.15339025858431402,7.41,7.86,0.4500000000000002,97.9,Low,0,Friday,June
2026-06-20,7.31,SCB-302,Good,-0.10000000000000053,7.632857142857143,0.20180141110458266,7.31,7.86,0.5500000000000007,99.0,Low,0,Saturday,June
2026-06-21,7.28,SCB-302,Good,-0.02999999999999936,7.561428571428571,0.22784706650355777,7.28,7.86,0.5800000000000001,99.7,Low,0,Sunday,June
2026-06-22,7.12,SCB-302,Good,-0.16000000000000014,7.4557142857142855,0.23768726952705874,7.12,7.73,0.6100000000000003,98.4,Low,0,Monday,June
2026-06-23,6.97,SCB-302,Good,-0.15000000000000036,7.347142857142857,0.2636736799982125,6.97,7.72,0.75,98.5,Low,0,Tuesday,June
2026-06-24,6.82,SCB-302,Good,-0.14999999999999947,7.218571428571429,0.2708891883795701,6.82,7.62,0.7999999999999998,98.5,Low,0,Wednesday,June
2026-06-25,6.73,SCB-302,Good,-0.08999999999999986,7.091428571428572,0.25970679438091016,6.73,7.41,0.6799999999999997,99.1,Low,0,Thursday,June
2026-06-26,6.86,SCB-302,Good,0.1299999999999999,7.0128571428571425,0.2285982127163986,6.73,7.31,0.5799999999999992,98.7,Low,0,Friday,June
2026-06-27,6.8,SCB-302,Good,-0.0600000000000005,6.94,0.19723082923313184,6.73,7.28,0.5499999999999998,99.39999999999999,Low,0,Saturday,June
2026-06-28,6.69,SCB-302,Good,-0.10999999999999943,6.855714285714286,0.1475191674389918,6.69,7.12,0.4299999999999997,98.9,Low,0,Sunday,June
2026-06-29,6.57,SCB-302,Good,-0.1200000000000001,6.777142857142858,0.1285449708226576,6.57,6.97,0.39999999999999947,98.8,Low,0,Monday,June
2026-06-30,6.54,SCB-302,Good,-0.03000000000000025,6.715714285714285,0.12367391841138695,6.54,6.86,0.3200000000000003,99.7,Low,0,Tuesday,June
2026-01-01,12.34,SCB-303,Good,0.0,12.34,0.0,12.34,12.34,0.0,100.0,High,0,Thursday,January
2026-01-02,11.76,SCB-303,Good,-0.5800000000000001,12.05,0.4101219330881982,11.76,12.34,0.5800000000000001,94.2,High,0,Friday,January
2026-01-03,11.27,SCB-303,Good,-0.4900000000000002,11.79,0.5356304696336842,11.27,12.34,1.0700000000000003,95.1,Normal,0,Saturday,January
2026-01-04,12.52,SCB-303,Good,1.25,11.9725,0.5696417002525948,11.27,12.52,1.25,87.5,High,0,Sunday,January
2026-01-05,11.94,SCB-303,Good,-0.5800000000000001,11.966,0.49353824573177735,11.27,12.52,1.25,94.2,High,0,Monday,January
2026-01-06,12.1775,SCB-303,Interpolated,0.2375000000000007,12.001249999999999,0.4497992607819629,11.27,12.52,1.25,97.625,High,0,Tuesday,January
2026-01-07,12.415,SCB-303,Interpolated,0.23749999999999893,12.060357142857143,0.43938031308174225,11.27,12.52,1.25,97.62500000000001,High,0,Wednesday,January
2026-01-08,12.6525,SCB-303,Interpolated,0.2375000000000007,12.105,0.4859376674704968,11.27,12.6525,1.3825000000000003,97.625,High,0,Thursday,January
2026-01-09,12.89,SCB-303,Good,0.2375000000000007,12.266428571428573,0.537214763740679,11.27,12.89,1.620000000000001,97.625,High,0,Friday,January
2026-01-10,12.85,SCB-303,Good,-0.040000000000000924,12.492142857142856,0.34704835329361744,11.94,12.89,0.9500000000000011,99.6,High,0,Saturday,January
2026-01-11,12.54,SCB-303,Good,-0.3100000000000005,12.495000000000001,0.3473980665845287,11.94,12.89,0.9500000000000011,96.89999999999999,High,0,Sunday,January
2026-01-12,11.17,SCB-303,Good,-1.3699999999999992,12.385,0.5897757342131567,11.17,12.89,1.7200000000000006,86.30000000000001,Normal,0,Monday,January
2026-01-13,7.76,SCB-303,Good,-3.41,11.753928571428572,1.8550302429828343,7.76,12.89,5.130000000000001,65.9,Low,0,Tuesday,January
2026-01-14,12.47,SCB-303,Good,4.710000000000001,11.761785714285713,1.8584103389981554,7.76,12.89,5.130000000000001,52.89999999999999,High,0,Wednesday,January
2026-01-15,11.84,SCB-303,Good,-0.6300000000000008,11.645714285714286,1.8184504130610506,7.76,12.89,5.130000000000001,93.69999999999999,High,0,Thursday,January
2026-01-16,12.82,SCB-303,Good,0.9800000000000004,11.635714285714284,1.8106431375145606,7.76,12.85,5.09,90.19999999999999,High,0,Friday,January
2026-01-17,11.5,SCB-303,Good,-1.3200000000000003,11.442857142857141,1.729843097756887,7.76,12.82,5.0600000000000005,86.8,Normal,0,Saturday,January
2026-01-18,11.54,SCB-303,Good,0.03999999999999915,11.3,1.6641814804882307,7.76,12.82,5.0600000000000005,99.60000000000001,High,0,Sunday,January
2026-01-19,11.62,SCB-303,Good,0.08000000000000007,11.364285714285716,1.6670118690125066,7.76,12.82,5.0600000000000005,99.2,High,0,Monday,January
2026-01-20,11.39,SCB-303,Good,-0.22999999999999865,11.882857142857144,0.5478659898708279,11.39,12.82,1.4299999999999997,97.70000000000002,Normal,0,Tuesday,January
2026-01-21,11.05,SCB-303,Good,-0.33999999999999986,11.680000000000001,0.5570457790882172,11.05,12.82,1.7699999999999996,96.6,Normal,0,Wednesday,January
2026-01-22,10.84,SCB-303,Good,-0.21000000000000085,11.537142857142856,0.6323162258900275,10.84,12.82,1.9800000000000004,97.89999999999999,Normal,0,Thursday,January
2026-01-23,11.24,SCB-303,Good,0.40000000000000036,11.311428571428573,0.2842785354441717,10.84,11.62,0.7799999999999994,96.0,Normal,0,Friday,January
2026-01-24,11.44,SCB-303,Good,0.1999999999999993,11.302857142857144,0.2784908308313584,10.84,11.62,0.7799999999999994,98.0,Normal,0,Saturday,January
2026-01-25,11.704,SCB-303,Interpolated,0.2640000000000011,11.326285714285714,0.30718599918491674,10.84,11.704,0.8640000000000008,97.35999999999999,High,0,Sunday,January
2026-01-26,11.968,SCB-303,Interpolated,0.26399999999999935,11.376,0.38175210106385055,10.84,11.968,1.1280000000000001,97.36000000000001,High,0,Monday,January
2026-01-27,12.232,SCB-303,Interpolated,0.26399999999999935,11.496285714285714,0.5009436808949378,10.84,12.232,1.3919999999999995,97.36000000000001,High,0,Tuesday,January
2026-01-28,,SCB-303,Offline,0.0,11.570666666666666,0.5046387486773725,10.84,12.232,1.3919999999999995,100.0,Offline,0,Wednesday,January
2026-01-29,12.76,SCB-303,Good,0.0,11.890666666666666,0.55489482486924,11.24,12.76,1.5199999999999996,100.0,High,0,Thursday,January
2026-01-30,11.87,SCB-303,Good,-0.8900000000000006,11.995666666666665,0.45835604792198914,11.44,12.76,1.3200000000000003,91.1,High,0,Friday,January
2026-01-31,12.14,SCB-303,Good,0.27000000000000135,12.112333333333334,0.3690125562452648,11.704,12.76,1.0559999999999992,97.29999999999998,High,0,Saturday,January
2026-02-01,11.63,SCB-303,Good,-0.5099999999999998,12.1,0.3862248050035084,11.63,12.76,1.129999999999999,94.9,High,0,Sunday,February
2026-02-02,9.91,SCB-303,Good,-1.7200000000000006,11.757,0.9816954721297227,9.91,12.76,2.8499999999999996,82.8,Normal,0,Monday,February
2026-02-03,11.58,SCB-303,Good,1.67,11.648333333333333,0.954304284107887,9.91,12.76,2.8499999999999996,83.3,High,0,Tuesday,February
2026-02-04,11.16,SCB-303,Good,-0.41999999999999993,11.578571428571427,0.8904947795360468,9.91,12.76,2.8499999999999996,95.8,Normal,0,Wednesday,February
2026-02-05,11.12,SCB-303,Good,-0.040000000000000924,11.344285714285716,0.7289457488468578,9.91,12.14,2.2300000000000004,99.6,Normal,0,Thursday,February
2026-02-06,11.26,SCB-303,Good,0.14000000000000057,11.257142857142856,0.6911033276752556,9.91,12.14,2.2300000000000004,98.6,Normal,0,Friday,February
2026-02-07,12.28,SCB-303,Good,1.0199999999999996,11.277142857142858,0.7222352868171226,9.91,12.28,2.369999999999999,89.80000000000001,High,0,Saturday,February
2026-02-08,12.17,SCB-303,Good,-0.10999999999999943,11.354285714285714,0.7917040091443516,9.91,12.28,2.369999999999999,98.9,High,0,Sunday,February
2026-02-09,11.53,SCB-303,Good,-0.6400000000000006,11.585714285714285,0.4709514179777343,11.12,12.28,1.1600000000000001,93.6,High,0,Monday,February
2026-02-10,12.05,SCB-303,Good,0.5200000000000014,11.652857142857142,0.5024511347953583,11.12,12.28,1.1600000000000001,94.79999999999998,High,0,Tuesday,February
2026-02-11,12.13,SCB-303,Good,0.08000000000000007,11.79142857142857,0.4769845759710538,11.12,12.28,1.1600000000000001,99.2,High,0,Wednesday,February
2026-02-12,12.16,SCB-303,Good,0.02999999999999936,11.94,0.38635044540762026,11.26,12.28,1.0199999999999996,99.7,High,0,Thursday,February
2026-02-13,12.39,SCB-303,Good,0.23000000000000043,12.101428571428572,0.2748592713510289,11.53,12.39,0.8600000000000012,97.69999999999999,High,0,Friday,February
2026-02-14,12.0,SCB-303,Good,-0.39000000000000057,12.061428571428573,0.2647280725215064,11.53,12.39,0.8600000000000012,96.1,High,0,Saturday,February
2026-02-15,11.77,SCB-303,Good,-0.23000000000000043,12.004285714285714,0.28011052240482565,11.53,12.39,0.8600000000000012,97.69999999999999,High,0,Sunday,February
2026-02-16,11.28,SCB-303,Good,-0.4900000000000002,11.968571428571428,0.35625031328307,11.28,12.39,1.1100000000000012,95.1,Normal,0,Monday,February
2026-02-17,11.2,SCB-303,Good,-0.08000000000000007,11.847142857142858,0.4550353204501197,11.2,12.39,1.1900000000000013,99.2,Normal,0,Tuesday,February
2026-02-18,11.89,SCB-303,Good,0.6900000000000013,11.812857142857144,0.43892726374325747,11.2,12.39,1.1900000000000013,93.1,High,0,Wednesday,February
2026-02-19,12.1,SCB-303,Good,0.20999999999999908,11.804285714285713,0.4315420853503997,11.2,12.39,1.1900000000000013,97.9,High,0,Thursday,February
2026-02-20,12.24,SCB-303,Good,0.14000000000000057,11.782857142857141,0.40019638036486926,11.2,12.24,1.040000000000001,98.6,High,0,Friday,February
2026-02-21,12.37,SCB-303,Good,0.129999999999999,11.835714285714285,0.45441747115976766,11.2,12.37,1.17,98.70000000000002,High,0,Saturday,February
2026-02-22,11.89,SCB-303,Good,-0.47999999999999865,11.852857142857143,0.4537882871161503,11.2,12.37,1.17,95.20000000000002,High,0,Sunday,February
2026-02-23,11.89,SCB-303,Good,0.0,11.94,0.37762415176998443,11.2,12.37,1.17,100.0,High,0,Monday,February
2026-02-24,11.79,SCB-303,Good,-0.10000000000000142,12.024285714285712,0.21632207029158715,11.79,12.37,0.5800000000000001,98.99999999999999,High,0,Tuesday,February
2026-02-25,11.76,SCB-303,Good,-0.02999999999999936,12.005714285714285,0.2345816945726408,11.76,12.37,0.6099999999999994,99.7,High,0,Wednesday,February
2026-02-26,11.23,SCB-303,Good,-0.5299999999999994,11.881428571428572,0.36852989799239627,11.23,12.37,1.1399999999999988,94.7,Normal,0,Thursday,February
2026-02-27,11.54,SCB-303,Good,0.3099999999999987,11.781428571428572,0.3494962360993598,11.23,12.37,1.1399999999999988,96.9,High,0,Friday,February
2026-02-28,11.79,SCB-303,Good,0.25,11.698571428571428,0.23751691669076197,11.23,11.89,0.6600000000000001,97.5,High,0,Saturday,February
2026-03-01,11.84,SCB-303,Good,0.05000000000000071,11.691428571428572,0.2314755978088252,11.23,11.89,0.6600000000000001,99.5,High,0,Sunday,March
2026-03-02,11.39,SCB-303,Good,-0.4499999999999993,11.620000000000001,0.23706539182259467,11.23,11.84,0.6099999999999994,95.5,Normal,0,Monday,March
2026-03-03,10.75,SCB-303,Good,-0.6400000000000006,11.471428571428573,0.38959074986574344,10.75,11.84,1.0899999999999999,93.6,Normal,0,Tuesday,March
2026-03-04,10.13,SCB-303,Good,-0.6199999999999992,11.23857142857143,0.6120029567311076,10.13,11.84,1.709999999999999,93.80000000000001,Normal,0,Wednesday,March
2026-03-05,10.35,SCB-303,Good,0.21999999999999886,11.112857142857141,0.6983483917003567,10.13,11.84,1.709999999999999,97.80000000000001,Normal,0,Thursday,March
2026-03-06,10.59,SCB-303,Good,0.2400000000000002,10.977142857142857,0.6937990651890077,10.13,11.84,1.709999999999999,97.6,Normal,0,Friday,March
2026-03-07,10.78,SCB-303,Good,0.1899999999999995,10.832857142857142,0.5944945832585923,10.13,11.84,1.709999999999999,98.10000000000001,Normal,0,Saturday,March
2026-03-08,10.94,SCB-303,Good,0.16000000000000014,10.704285714285716,0.4086505084974636,10.13,11.39,1.2599999999999998,98.4,Normal,0,Sunday,March
2026-03-09,10.98,SCB-303,Good,0.040000000000000924,10.645714285714286,0.311921846133347,10.13,10.98,0.8499999999999996,99.6,Normal,0,Monday,March
2026-03-10,10.92,SCB-303,Good,-0.0600000000000005,10.67,0.32761766334147896,10.13,10.98,0.8499999999999996,99.39999999999999,Normal,0,Tuesday,March
2026-03-11,10.71,SCB-303,Good,-0.20999999999999908,10.752857142857144,0.22581070875951315,10.35,10.98,0.6300000000000008,97.9,Normal,0,Wednesday,March
2026-03-12,10.62,SCB-303,Good,-0.09000000000000163,10.79142857142857,0.15858000834788874,10.59,10.98,0.39000000000000057,99.09999999999998,Normal,0,Thursday,March
2026-03-13,10.76,SCB-303,Good,0.14000000000000057,10.815714285714284,0.13364843718466046,10.62,10.98,0.3600000000000012,98.6,Normal,0,Friday,March
2026-03-14,10.81,SCB-303,Good,0.05000000000000071,10.820000000000002,0.13279056191360397,10.62,10.98,0.3600000000000012,99.5,Normal,0,Saturday,March
2026-03-15,10.8,SCB-303,Good,-0.009999999999999787,10.799999999999999,0.12179217270962339,10.62,10.98,0.3600000000000012,99.9,Normal,0,Sunday,March
2026-03-16,10.86,SCB-303,Good,0.05999999999999872,10.782857142857143,0.09844021632683243,10.62,10.92,0.3000000000000007,99.4,Normal,0,Monday,March
2026-03-17,10.83,SCB-303,Good,-0.02999999999999936,10.77,0.0820568908339255,10.62,10.86,0.2400000000000002,99.7,Normal,0,Tuesday,March
2026-03-18,10.81,SCB-303,Good,-0.019999999999999574,10.784285714285714,0.0784978010004241,10.62,10.86,0.2400000000000002,99.80000000000001,Normal,0,Wednesday,March
2026-03-19,10.79,SCB-303,Good,-0.02000000000000135,10.80857142857143,0.03132015933787221,10.76,10.86,0.09999999999999964,99.79999999999998,Normal,0,Thursday,March
2026-03-20,10.8,SCB-303,Good,0.010000000000001563,10.814285714285715,0.023704530408807104,10.79,10.86,0.07000000000000028,99.89999999999998,Normal,0,Friday,March
2026-03-21,10.79,SCB-303,Good,-0.010000000000001563,10.81142857142857,0.025448360411161348,10.79,10.86,0.07000000000000028,99.89999999999998,Normal,0,Saturday,March
2026-03-22,10.78,SCB-303,Good,-0.009999999999999787,10.808571428571428,0.027945525240183386,10.78,10.86,0.08000000000000007,99.9,Normal,0,Sunday,March
2026-03-23,10.78,SCB-303,Good,0.0,10.797142857142857,0.017994708216777865,10.78,10.83,0.05000000000000071,100.0,Normal,0,Monday,March
2026-03-24,10.77,SCB-303,Good,-0.009999999999999787,10.788571428571428,0.01345185418259903,10.77,10.81,0.040000000000000924,99.9,Normal,0,Tuesday,March
2026-03-25,10.8175,SCB-303,Interpolated,0.04750000000000121,10.789642857142857,0.015574322579394766,10.77,10.8175,0.04750000000000121,99.52499999999999,Normal,0,Wednesday,March
2026-03-26,10.865,SCB-303,Interpolated,0.04749999999999943,10.800357142857141,0.032481679818122,10.77,10.865,0.09500000000000064,99.525,Normal,0,Thursday,March
2026-03-27,10.9125,SCB-303,Interpolated,0.04749999999999943,10.816428571428572,0.05338260372958365,10.77,10.9125,0.14250000000000007,99.525,Normal,0,Friday,March
2026-03-28,10.96,SCB-303,Good,0.04750000000000121,10.840714285714286,0.07403144441318181,10.77,10.96,0.19000000000000128,99.52499999999999,Normal,0,Saturday,March
2026-03-29,10.95,SCB-303,Good,-0.010000000000001563,10.865,0.07854139036200665,10.77,10.96,0.19000000000000128,99.89999999999998,Normal,0,Sunday,March
2026-03-30,11.15,SCB-303,Good,0.20000000000000107,10.917857142857143,0.12346076106928178,10.77,11.15,0.3800000000000008,97.99999999999999,Normal,0,Monday,March
2026-03-31,11.3,SCB-303,Good,0.15000000000000036,10.99357142857143,0.17102544366540487,10.8175,11.3,0.48249999999999993,98.5,Normal,0,Tuesday,March
2026-04-01,11.54,SCB-303,Good,0.23999999999999844,11.096785714285714,0.24782686448789218,10.865,11.54,0.6749999999999989,97.60000000000002,High,0,Wednesday,April
2026-04-02,12.25,SCB-303,Good,0.7100000000000009,11.294642857142858,0.47795665025586126,10.9125,12.25,1.3375000000000004,92.89999999999999,High,0,Thursday,April
2026-04-03,12.34,SCB-303,Good,0.08999999999999986,11.498571428571429,0.5811319004445366,10.95,12.34,1.3900000000000006,99.1,High,0,Friday,April
2026-04-04,12.31,SCB-303,Good,-0.02999999999999936,11.691428571428572,0.5964178784327964,10.95,12.34,1.3900000000000006,99.7,High,0,Saturday,April
2026-04-05,12.8,SCB-303,Good,0.4900000000000002,11.955714285714285,0.6224376044460698,11.15,12.8,1.6500000000000004,95.1,High,0,Sunday,April
2026-04-06,11.78,SCB-303,Good,-1.0200000000000014,12.045714285714286,0.5243363151914633,11.3,12.8,1.5,89.79999999999998,High,0,Monday,April
2026-04-07,11.15,SCB-303,Good,-0.629999999999999,12.024285714285712,0.5616302800139622,11.15,12.8,1.6500000000000004,93.70000000000002,Normal,0,Tuesday,April
2026-04-08,10.01,SCB-303,Good,-1.1400000000000006,11.805714285714286,0.947010333327236,10.01,12.8,2.790000000000001,88.6,Normal,0,Wednesday,April
2026-04-09,10.61,SCB-303,Good,0.5999999999999996,11.571428571428571,1.0189116509202087,10.01,12.8,2.790000000000001,94.0,Normal,0,Thursday,April
2026-04-10,10.48,SCB-303,Good,-0.129999999999999,11.305714285714286,1.027567631883776,10.01,12.8,2.790000000000001,98.70000000000002,Normal,0,Friday,April
2026-04-11,10.66,SCB-303,Good,0.17999999999999972,11.069999999999999,0.9447045393490291,10.01,12.8,2.790000000000001,98.2,Normal,0,Saturday,April
2026-04-12,10.83,SCB-303,Good,0.16999999999999993,10.788571428571428,0.5575371010503379,10.01,11.78,1.7699999999999996,98.3,Normal,0,Sunday,April
2026-04-13,11.11,SCB-303,Good,0.27999999999999936,10.692857142857141,0.3918636789205392,10.01,11.15,1.1400000000000006,97.2,Normal,0,Monday,April
2026-04-14,11.01,SCB-303,Good,-0.09999999999999964,10.672857142857142,0.3674558606469709,10.01,11.11,1.0999999999999996,99.0,Normal,0,Tuesday,April
2026-04-15,10.88,SCB-303,Good,-0.129999999999999,10.797142857142857,0.22566304421372427,10.48,11.11,0.629999999999999,98.70000000000002,Normal,0,Wednesday,April
2026-04-16,10.96,SCB-303,Good,0.08000000000000007,10.847142857142856,0.2158482712241902,10.48,11.11,0.629999999999999,99.2,Normal,0,Thursday,April
2026-04-17,10.93,SCB-303,Good,-0.030000000000001137,10.911428571428573,0.1429951714136323,10.66,11.11,0.4499999999999993,99.69999999999999,Normal,0,Friday,April
2026-04-18,10.82,SCB-303,Good,-0.10999999999999943,10.934285714285712,0.1034177842309193,10.82,11.11,0.28999999999999915,98.9,Normal,0,Saturday,April
2026-04-19,11.02,SCB-303,Good,0.1999999999999993,10.96142857142857,0.09616454152968067,10.82,11.11,0.28999999999999915,98.0,Normal,0,Sunday,April
2026-04-20,11.23,SCB-303,Good,0.21000000000000085,10.978571428571428,0.1313301909220175,10.82,11.23,0.41000000000000014,97.89999999999999,Normal,0,Monday,April
2026-04-21,11.12,SCB-303,Good,-0.11000000000000121,10.994285714285715,0.14187519666441267,10.82,11.23,0.41000000000000014,98.89999999999999,Normal,0,Tuesday,April
2026-04-22,11.02,SCB-303,Good,-0.09999999999999964,11.014285714285714,0.13264704329623145,10.82,11.23,0.41000000000000014,99.0,Normal,0,Wednesday,April
2026-04-23,10.99,SCB-303,Good,-0.02999999999999936,11.018571428571429,0.13107613200330015,10.82,11.23,0.41000000000000014,99.7,Normal,0,Thursday,April
2026-04-24,10.94,SCB-303,Good,-0.05000000000000071,11.02,0.1299999999999777,10.82,11.23,0.41000000000000014,99.5,Normal,0,Friday,April
2026-04-25,10.91,SCB-303,Good,-0.02999999999999936,11.032857142857143,0.10980502200326223,10.91,11.23,0.3200000000000003,99.7,Normal,0,Saturday,April
2026-04-26,10.9,SCB-303,Good,-0.009999999999999787,11.015714285714287,0.12094863136292854,10.9,11.23,0.33000000000000007,99.9,Normal,0,Sunday,April
2026-04-27,11.26,SCB-303,Good,0.35999999999999943,11.02,0.12999999999997716,10.9,11.26,0.35999999999999943,96.4,Normal,0,Monday,April
2026-04-28,11.4,SCB-303,Good,0.14000000000000057,11.06,0.19347695814573657,10.9,11.4,0.5,98.6,Normal,0,Tuesday,April
2026-04-29,11.36,SCB-303,Good,-0.040000000000000924,11.108571428571429,0.22229324261947092,10.9,11.4,0.5,99.6,Normal,0,Wednesday,April
2026-04-30,11.37,SCB-303,Good,0.009999999999999787,11.162857142857144,0.23457154457393659,10.9,11.4,0.5,99.9,Normal,0,Thursday,April
2026-05-01,11.29,SCB-303,Good,-0.08000000000000007,11.212857142857143,0.2156937864747197,10.9,11.4,0.5,99.2,Normal,0,Friday,May
2026-05-02,11.11,SCB-303,Good,-0.17999999999999972,11.241428571428571,0.17901848800504216,10.9,11.4,0.5,98.2,Normal,0,Saturday,May
2026-05-03,11.09,SCB-303,Good,-0.019999999999999574,11.268571428571429,0.1248236851761104,11.09,11.4,0.3100000000000005,99.80000000000001,Normal,0,Sunday,May
2026-05-04,11.15,SCB-303,Good,0.0600000000000005,11.252857142857142,0.13275469680505447,11.09,11.4,0.3100000000000005,99.39999999999999,Normal,0,Monday,May
2026-05-05,11.21,SCB-303,Good,0.0600000000000005,11.225714285714286,0.11602544876835119,11.09,11.37,0.27999999999999936,99.39999999999999,Normal,0,Tuesday,May
2026-05-06,11.28,SCB-303,Good,0.06999999999999851,11.214285714285714,0.1039001352031396,11.09,11.37,0.27999999999999936,99.30000000000001,Normal,0,Wednesday,May
2026-05-07,11.43,SCB-303,Good,0.15000000000000036,11.222857142857142,0.12009916537512688,11.09,11.43,0.33999999999999986,98.5,Normal,0,Thursday,May
2026-05-08,11.7,SCB-303,Good,0.2699999999999996,11.281428571428572,0.2182069790686766,11.09,11.7,0.6099999999999994,97.30000000000001,High,0,Friday,May
2026-05-09,11.34,SCB-303,Good,-0.35999999999999943,11.314285714285715,0.20500871061631348,11.09,11.7,0.6099999999999994,96.4,Normal,0,Saturday,May
2026-05-10,10.89,SCB-303,Good,-0.4499999999999993,11.285714285714286,0.25039017172251415,10.89,11.7,0.8099999999999987,95.5,Normal,0,Sunday,May
2026-05-11,10.71,SCB-303,Good,-0.17999999999999972,11.222857142857142,0.33204991018992197,10.71,11.7,0.9899999999999984,98.2,Normal,0,Monday,May
2026-05-12,10.85,SCB-303,Good,0.1399999999999988,11.171428571428569,0.3609907003155046,10.71,11.7,0.9899999999999984,98.60000000000001,Normal,0,Tuesday,May
2026-05-13,11.0,SCB-303,Good,0.15000000000000036,11.13142857142857,0.3624651050528111,10.71,11.7,0.9899999999999984,98.5,Normal,0,Wednesday,May
2026-05-14,11.0,SCB-303,Good,0.0,11.070000000000002,0.3391164991562535,10.71,11.7,0.9899999999999984,100.0,Normal,0,Thursday,May
2026-05-15,11.09,SCB-303,Good,0.08999999999999986,10.982857142857142,0.20014280615884453,10.71,11.34,0.629999999999999,99.1,Normal,0,Friday,May
2026-05-16,11.08,SCB-303,Good,-0.009999999999999787,10.945714285714285,0.1369741025226996,10.71,11.09,0.379999999999999,99.9,Normal,0,Saturday,May
2026-05-17,11.2,SCB-303,Good,0.11999999999999922,10.989999999999998,0.1635033129123909,10.71,11.2,0.48999999999999844,98.80000000000001,Normal,0,Sunday,May
2026-05-18,10.74,SCB-303,Good,-0.4599999999999991,10.994285714285715,0.15511900193689576,10.74,11.2,0.4599999999999991,95.4,Normal,0,Monday,May
2026-05-19,10.11,SCB-303,Good,-0.6300000000000008,10.888571428571428,0.37132324513952464,10.11,11.2,1.0899999999999999,93.69999999999999,Normal,0,Tuesday,May
2026-05-20,10.15,SCB-303,Good,0.040000000000000924,10.767142857142858,0.45773770821705934,10.11,11.2,1.0899999999999999,99.6,Normal,0,Wednesday,May
2026-05-21,11.3,SCB-303,Good,1.1500000000000004,10.81,0.495647724363446,10.11,11.3,1.1900000000000013,88.5,Normal,0,Thursday,May
2026-05-22,11.59,SCB-303,Good,0.28999999999999915,10.881428571428572,0.5727544142541495,10.11,11.59,1.4800000000000004,97.10000000000001,High,0,Friday,May
2026-05-23,10.41,SCB-303,Good,-1.1799999999999997,10.785714285714286,0.5897699309294834,10.11,11.59,1.4800000000000004,88.2,Normal,0,Saturday,May
2026-05-24,8.09,SCB-303,Good,-2.3200000000000003,10.34142857142857,1.1402109245139493,8.09,11.59,3.5,76.8,Low,0,Sunday,May
2026-05-25,9.06,SCB-303,Good,0.9700000000000006,10.101428571428572,1.2165857768283168,8.09,11.59,3.5,90.3,Low,0,Monday,May
2026-05-26,8.49,SCB-303,Good,-0.5700000000000003,9.870000000000001,1.360281833542842,8.09,11.59,3.5,94.3,Low,0,Tuesday,May
2026-05-27,7.33,SCB-303,Good,-1.1600000000000001,9.467142857142859,1.6502193216429826,7.33,11.59,4.26,88.4,Low,0,Wednesday,May
2026-05-28,8.53,SCB-303,Good,1.1999999999999993,9.071428571428571,1.458428704364498,7.33,11.59,4.26,88.0,Low,0,Thursday,May
2026-05-29,11.0,SCB-303,Good,2.4700000000000006,8.987142857142858,1.2966972698065777,7.33,11.0,3.67,75.3,Normal,0,Friday,May
2026-05-30,11.35,SCB-303,Good,0.34999999999999964,9.12142857142857,1.5011598690282704,7.33,11.35,4.02,96.5,Normal,0,Saturday,May
2026-05-31,10.8,SCB-303,Good,-0.5499999999999989,9.508571428571429,1.5397773493964322,7.33,11.35,4.02,94.50000000000001,Normal,0,Sunday,May
2026-06-01,10.51,SCB-303,Good,-0.2900000000000009,9.715714285714286,1.5666722390985035,7.33,11.35,4.02,97.1,Normal,0,Monday,June
2026-06-02,10.87,SCB-303,Good,0.35999999999999943,10.055714285714286,1.5136914826879069,7.33,11.35,4.02,96.4,Normal,0,Tuesday,June
2026-06-03,10.73,SCB-303,Good,-0.1399999999999988,10.54142857142857,0.9238764089680079,8.53,11.35,2.8200000000000003,98.60000000000001,Normal,0,Wednesday,June
2026-06-04,10.56,SCB-303,Good,-0.16999999999999993,10.831428571428571,0.2849227129959113,10.51,11.35,0.8399999999999999,98.3,Normal,0,Thursday,June
2026-06-05,10.38,SCB-303,Good,-0.17999999999999972,10.742857142857144,0.3182092752531616,10.38,11.35,0.9699999999999989,98.2,Normal,0,Friday,June
2026-06-06,10.31,SCB-303,Good,-0.07000000000000028,10.594285714285716,0.21282677955379697,10.31,10.87,0.5599999999999987,99.3,Normal,0,Saturday,June
2026-06-07,10.34,SCB-303,Good,0.02999999999999936,10.528571428571428,0.2097163617387924,10.31,10.87,0.5599999999999987,99.7,Normal,0,Sunday,June
2026-06-08,10.39,SCB-303,Good,0.05000000000000071,10.51142857142857,0.2162890482224108,10.31,10.87,0.5599999999999987,99.5,Normal,0,Monday,June
2026-06-09,10.46,SCB-303,Good,0.07000000000000028,10.452857142857143,0.1476159753904753,10.31,10.73,0.41999999999999993,99.3,Normal,0,Tuesday,June
2026-06-10,10.64,SCB-303,Good,0.17999999999999972,10.44,0.12096831541084978,10.31,10.64,0.33000000000000007,98.2,Normal,0,Wednesday,June
2026-06-11,10.71,SCB-303,Good,0.07000000000000028,10.461428571428572,0.15442674330446865,10.31,10.71,0.40000000000000036,99.3,Normal,0,Thursday,June
2026-06-12,10.94,SCB-303,Good,0.22999999999999865,10.541428571428572,0.23118741109243562,10.31,10.94,0.629999999999999,97.70000000000002,Normal,0,Friday,June
2026-06-13,11.14,SCB-303,Good,0.20000000000000107,10.66,0.2963668897386062,10.34,11.14,0.8000000000000007,97.99999999999999,Normal,0,Saturday,June
2026-06-14,10.86,SCB-303,Good,-0.28000000000000114,10.734285714285715,0.26644931618459566,10.39,11.14,0.75,97.19999999999999,Normal,0,Sunday,June
2026-06-15,10.48,SCB-303,Good,-0.379999999999999,10.747142857142858,0.2486439412569906,10.46,11.14,0.6799999999999997,96.20000000000002,Normal,0,Monday,June
2026-06-16,10.36,SCB-303,Good,-0.120000000000001,10.732857142857144,0.26985886964079975,10.36,11.14,0.7800000000000011,98.79999999999998,Normal,0,Tuesday,June
2026-06-17,10.29,SCB-303,Good,-0.07000000000000028,10.682857142857143,0.31805210714149384,10.29,11.14,0.8500000000000014,99.3,Normal,0,Wednesday,June
2026-06-18,10.64,SCB-303,Good,0.3500000000000014,10.672857142857142,0.3181568945093145,10.29,11.14,0.8500000000000014,96.49999999999999,Normal,0,Thursday,June
2026-06-19,10.83,SCB-303,Good,0.1899999999999995,10.657142857142857,0.3052165507588746,10.29,11.14,0.8500000000000014,98.10000000000001,Normal,0,Friday,June
2026-06-20,10.68,SCB-303,Good,-0.15000000000000036,10.59142857142857,0.22214323993230542,10.29,10.86,0.5700000000000003,98.5,Normal,0,Saturday,June
2026-06-21,10.49,SCB-303,Good,-0.1899999999999995,10.538571428571428,0.18915853768983304,10.29,10.83,0.5400000000000009,98.10000000000001,Normal,0,Sunday,June
2026-06-22,10.74,SCB-303,Good,0.25,10.575714285714286,0.20090272462539627,10.29,10.83,0.5400000000000009,97.5,Normal,0,Monday,June
2026-06-23,10.83,SCB-303,Good,0.08999999999999986,10.642857142857142,0.1952531933767318,10.29,10.83,0.5400000000000009,99.1,Normal,0,Tuesday,June
2026-06-24,10.76,SCB-303,Good,-0.07000000000000028,10.709999999999999,0.12000000000000287,10.49,10.83,0.33999999999999986,99.3,Normal,0,Wednesday,June
2026-06-25,11.2,SCB-303,Good,0.4399999999999995,10.790000000000001,0.21478671591449133,10.49,11.2,0.7099999999999991,95.60000000000001,Normal,0,Thursday,June
2026-06-26,11.38,SCB-303,Good,0.1800000000000015,10.86857142857143,0.31093560809426485,10.49,11.38,0.8900000000000006,98.19999999999999,Normal,0,Friday,June
2026-06-27,11.16,SCB-303,Good,-0.22000000000000064,10.937142857142858,0.31531541275967845,10.49,11.38,0.8900000000000006,97.8,Normal,0,Saturday,June
2026-06-28,11.08,SCB-303,Good,-0.08000000000000007,11.021428571428572,0.24741520914099324,10.74,11.38,0.6400000000000006,99.2,Normal,0,Sunday,June
2026-06-29,11.02,SCB-303,Good,-0.0600000000000005,11.06142857142857,0.21481996892191893,10.76,11.38,0.620000000000001,99.39999999999999,Normal,0,Monday,June
2026-06-30,10.55,SCB-303,Good,-0.46999999999999886,11.02142857142857,0.28097618946739006,10.55,11.38,0.8300000000000001,95.30000000000001,Normal,0,Tuesday,June
2026-01-01,0.95,SCB-304,Good,0.0,0.95,0.0,0.95,0.95,0.0,100.0,Low,0,Thursday,January
2026-01-02,0.95,SCB-304,Good,0.0,0.95,0.0,0.95,0.95,0.0,100.0,Low,0,Friday,January
2026-01-03,0.95,SCB-304,Good,0.0,0.95,0.0,0.95,0.95,0.0,100.0,Low,0,Saturday,January
2026-01-04,0.95,SCB-304,Good,0.0,0.95,0.0,0.95,0.95,0.0,100.0,Low,0,Sunday,January
2026-01-05,0.95,SCB-304,Good,0.0,0.95,0.0,0.95,0.95,0.0,100.0,Low,0,Monday,January
2026-01-06,0.95,SCB-304,Interpolated,0.0,0.95,0.0,0.95,0.95,0.0,100.0,Low,0,Tuesday,January
2026-01-07,0.95,SCB-304,Interpolated,0.0,0.95,0.0,0.95,0.95,0.0,100.0,Low,0,Wednesday,January
2026-01-08,0.95,SCB-304,Interpolated,0.0,0.95,0.0,0.95,0.95,0.0,100.0,Low,0,Thursday,January
2026-01-09,0.95,SCB-304,Good,0.0,0.95,0.0,0.95,0.95,0.0,100.0,Low,0,Friday,January
2026-01-10,0.95,SCB-304,Good,0.0,0.95,0.0,0.95,0.95,0.0,100.0,Low,0,Saturday,January
2026-01-11,0.95,SCB-304,Good,0.0,0.95,0.0,0.95,0.95,0.0,100.0,Low,0,Sunday,January
2026-01-12,5.23,SCB-304,Good,4.28,1.5614285714285714,1.6176879444794927,0.95,5.23,4.28,57.199999999999996,Low,0,Monday,January
2026-01-13,9.5,SCB-304,Good,4.27,2.782857142857143,3.3641577167037133,0.95,9.5,8.55,57.300000000000004,Normal,0,Tuesday,January
2026-01-14,9.5,SCB-304,Good,0.0,4.0042857142857144,4.066586845430523,0.95,9.5,8.55,100.0,Normal,0,Wednesday,January
2026-01-15,9.5,SCB-304,Good,0.0,5.225714285714285,4.275000417710924,0.95,9.5,8.55,100.0,Normal,0,Thursday,January
2026-01-16,9.5,SCB-304,Good,0.0,6.4471428571428575,4.066086219309318,0.95,9.5,8.55,100.0,Normal,0,Friday,January
2026-01-17,9.5,SCB-304,Good,0.0,7.668571428571428,3.3629472618098375,0.95,9.5,8.55,100.0,Normal,0,Saturday,January
2026-01-18,9.5,SCB-304,Good,0.0,8.889999999999999,1.613908299749401,5.23,9.5,4.27,100.0,Normal,0,Sunday,January
2026-01-19,9.5,SCB-304,Good,0.0,9.5,0.0,9.5,9.5,0.0,100.0,Normal,0,Monday,January
2026-01-20,9.5,SCB-304,Good,0.0,9.5,0.0,9.5,9.5,0.0,100.0,Normal,0,Tuesday,January
2026-01-21,9.5,SCB-304,Good,0.0,9.5,0.0,9.5,9.5,0.0,100.0,Normal,0,Wednesday,January
2026-01-22,9.5,SCB-304,Good,0.0,9.5,0.0,9.5,9.5,0.0,100.0,Normal,0,Thursday,January
2026-01-23,9.5,SCB-304,Good,0.0,9.5,0.0,9.5,9.5,0.0,100.0,Normal,0,Friday,January
2026-01-24,9.5,SCB-304,Good,0.0,9.5,0.0,9.5,9.5,0.0,100.0,Normal,0,Saturday,January
2026-01-25,9.5,SCB-304,Interpolated,0.0,9.5,0.0,9.5,9.5,0.0,100.0,Normal,0,Sunday,January
2026-01-26,9.5,SCB-304,Interpolated,0.0,9.5,0.0,9.5,9.5,0.0,100.0,Normal,0,Monday,January
2026-01-27,9.5,SCB-304,Interpolated,0.0,9.5,0.0,9.5,9.5,0.0,100.0,Normal,0,Tuesday,January
2026-01-28,,SCB-304,Offline,0.0,9.5,0.0,9.5,9.5,0.0,100.0,Offline,0,Wednesday,January
2026-01-29,9.5,SCB-304,Good,0.0,9.5,0.0,9.5,9.5,0.0,100.0,Normal,0,Thursday,January
2026-01-30,9.5,SCB-304,Good,0.0,9.5,0.0,9.5,9.5,0.0,100.0,Normal,0,Friday,January
2026-01-31,9.5,SCB-304,Good,0.0,9.5,0.0,9.5,9.5,0.0,100.0,Normal,0,Saturday,January
2026-02-01,9.5,SCB-304,Good,0.0,9.5,0.0,9.5,9.5,0.0,100.0,Normal,0,Sunday,February
2026-02-02,9.5,SCB-304,Good,0.0,9.5,0.0,9.5,9.5,0.0,100.0,Normal,0,Monday,February
2026-02-03,9.5,SCB-304,Good,0.0,9.5,0.0,9.5,9.5,0.0,100.0,Normal,0,Tuesday,February
2026-02-04,9.5,SCB-304,Good,0.0,9.5,0.0,9.5,9.5,0.0,100.0,Normal,0,Wednesday,February
2026-02-05,9.5,SCB-304,Good,0.0,9.5,0.0,9.5,9.5,0.0,100.0,Normal,0,Thursday,February
2026-02-06,9.5,SCB-304,Good,0.0,9.5,0.0,9.5,9.5,0.0,100.0,Normal,0,Friday,February
2026-02-07,9.5,SCB-304,Good,0.0,9.5,0.0,9.5,9.5,0.0,100.0,Normal,0,Saturday,February
2026-02-08,9.5,SCB-304,Good,0.0,9.5,0.0,9.5,9.5,0.0,100.0,Normal,0,Sunday,February
2026-02-09,9.5,SCB-304,Good,0.0,9.5,0.0,9.5,9.5,0.0,100.0,Normal,0,Monday,February
2026-02-10,9.5,SCB-304,Good,0.0,9.5,0.0,9.5,9.5,0.0,100.0,Normal,0,Tuesday,February
2026-02-11,9.5,SCB-304,Good,0.0,9.5,0.0,9.5,9.5,0.0,100.0,Normal,0,Wednesday,February
2026-02-12,9.5,SCB-304,Good,0.0,9.5,0.0,9.5,9.5,0.0,100.0,Normal,0,Thursday,February
2026-02-13,9.5,SCB-304,Good,0.0,9.5,0.0,9.5,9.5,0.0,100.0,Normal,0,Friday,February
2026-02-14,9.5,SCB-304,Good,0.0,9.5,0.0,9.5,9.5,0.0,100.0,Normal,0,Saturday,February
2026-02-15,9.5,SCB-304,Good,0.0,9.5,0.0,9.5,9.5,0.0,100.0,Normal,0,Sunday,February
2026-02-16,9.5,SCB-304,Good,0.0,9.5,0.0,9.5,9.5,0.0,100.0,Normal,0,Monday,February
2026-02-17,9.5,SCB-304,Good,0.0,9.5,0.0,9.5,9.5,0.0,100.0,Normal,0,Tuesday,February
2026-02-18,9.5,SCB-304,Good,0.0,9.5,0.0,9.5,9.5,0.0,100.0,Normal,0,Wednesday,February
2026-02-19,9.5,SCB-304,Good,0.0,9.5,0.0,9.5,9.5,0.0,100.0,Normal,0,Thursday,February
2026-02-20,9.5,SCB-304,Good,0.0,9.5,0.0,9.5,9.5,0.0,100.0,Normal,0,Friday,February
2026-02-21,9.5,SCB-304,Good,0.0,9.5,0.0,9.5,9.5,0.0,100.0,Normal,0,Saturday,February
2026-02-22,9.5,SCB-304,Good,0.0,9.5,0.0,9.5,9.5,0.0,100.0,Normal,0,Sunday,February
2026-02-23,9.5,SCB-304,Good,0.0,9.5,0.0,9.5,9.5,0.0,100.0,Normal,0,Monday,February
2026-02-24,9.5,SCB-304,Good,0.0,9.5,0.0,9.5,9.5,0.0,100.0,Normal,0,Tuesday,February
2026-02-25,9.5,SCB-304,Good,0.0,9.5,0.0,9.5,9.5,0.0,100.0,Normal,0,Wednesday,February
2026-02-26,9.5,SCB-304,Good,0.0,9.5,0.0,9.5,9.5,0.0,100.0,Normal,0,Thursday,February
2026-02-27,9.5,SCB-304,Good,0.0,9.5,0.0,9.5,9.5,0.0,100.0,Normal,0,Friday,February
2026-02-28,9.5,SCB-304,Good,0.0,9.5,0.0,9.5,9.5,0.0,100.0,Normal,0,Saturday,February
2026-03-01,9.5,SCB-304,Good,0.0,9.5,0.0,9.5,9.5,0.0,100.0,Normal,0,Sunday,March
2026-03-02,9.5,SCB-304,Good,0.0,9.5,0.0,9.5,9.5,0.0,100.0,Normal,0,Monday,March
2026-03-03,9.5,SCB-304,Good,0.0,9.5,0.0,9.5,9.5,0.0,100.0,Normal,0,Tuesday,March
2026-03-04,9.5,SCB-304,Good,0.0,9.5,0.0,9.5,9.5,0.0,100.0,Normal,0,Wednesday,March
2026-03-05,9.5,SCB-304,Good,0.0,9.5,0.0,9.5,9.5,0.0,100.0,Normal,0,Thursday,March
2026-03-06,9.5,SCB-304,Good,0.0,9.5,0.0,9.5,9.5,0.0,100.0,Normal,0,Friday,March
2026-03-07,9.5,SCB-304,Good,0.0,9.5,0.0,9.5,9.5,0.0,100.0,Normal,0,Saturday,March
2026-03-08,9.5,SCB-304,Good,0.0,9.5,0.0,9.5,9.5,0.0,100.0,Normal,0,Sunday,March
2026-03-09,9.5,SCB-304,Good,0.0,9.5,0.0,9.5,9.5,0.0,100.0,Normal,0,Monday,March
2026-03-10,9.5,SCB-304,Good,0.0,9.5,0.0,9.5,9.5,0.0,100.0,Normal,0,Tuesday,March
2026-03-11,9.51,SCB-304,Good,0.009999999999999787,9.501428571428573,0.0037796447300923034,9.5,9.51,0.009999999999999787,99.9,Normal,0,Wednesday,March
2026-03-12,9.51,SCB-304,Good,0.0,9.502857142857142,0.004879500364743024,9.5,9.51,0.009999999999999787,100.0,Normal,0,Thursday,March
2026-03-13,9.51,SCB-304,Good,0.0,9.504285714285714,0.0053452248382491645,9.5,9.51,0.009999999999999787,100.0,Normal,0,Friday,March
2026-03-14,9.51,SCB-304,Good,0.0,9.505714285714285,0.005345224838249422,9.5,9.51,0.009999999999999787,100.0,Normal,0,Saturday,March
2026-03-15,9.51,SCB-304,Good,0.0,9.507142857142856,0.004879500364743869,9.5,9.51,0.009999999999999787,100.0,Normal,0,Sunday,March
2026-03-16,9.51,SCB-304,Good,0.0,9.508571428571429,0.003779644730094057,9.5,9.51,0.009999999999999787,100.0,Normal,0,Monday,March
2026-03-17,9.51,SCB-304,Good,0.0,9.51,3.6403451490359097e-09,9.51,9.51,0.0,100.0,Normal,0,Tuesday,March
2026-03-18,9.51,SCB-304,Good,0.0,9.51,3.6403451490359097e-09,9.51,9.51,0.0,100.0,Normal,0,Wednesday,March
2026-03-19,9.51,SCB-304,Good,0.0,9.51,3.6403451490359097e-09,9.51,9.51,0.0,100.0,Normal,0,Thursday,March
2026-03-20,9.51,SCB-304,Good,0.0,9.51,3.6403451490359097e-09,9.51,9.51,0.0,100.0,Normal,0,Friday,March
2026-03-21,9.51,SCB-304,Good,0.0,9.51,3.6403451490359097e-09,9.51,9.51,0.0,100.0,Normal,0,Saturday,March
2026-03-22,9.51,SCB-304,Good,0.0,9.51,3.6403451490359097e-09,9.51,9.51,0.0,100.0,Normal,0,Sunday,March
2026-03-23,9.51,SCB-304,Good,0.0,9.51,3.6403451490359097e-09,9.51,9.51,0.0,100.0,Normal,0,Monday,March
2026-03-24,9.51,SCB-304,Good,0.0,9.51,3.6403451490359097e-09,9.51,9.51,0.0,100.0,Normal,0,Tuesday,March
2026-03-25,9.51,SCB-304,Interpolated,0.0,9.51,3.6403451490359097e-09,9.51,9.51,0.0,100.0,Normal,0,Wednesday,March
2026-03-26,9.51,SCB-304,Interpolated,0.0,9.51,3.6403451490359097e-09,9.51,9.51,0.0,100.0,Normal,0,Thursday,March
2026-03-27,9.51,SCB-304,Interpolated,0.0,9.51,3.6403451490359097e-09,9.51,9.51,0.0,100.0,Normal,0,Friday,March
2026-03-28,9.51,SCB-304,Good,0.0,9.51,3.6403451490359097e-09,9.51,9.51,0.0,100.0,Normal,0,Saturday,March
2026-03-29,9.51,SCB-304,Good,0.0,9.51,3.6403451490359097e-09,9.51,9.51,0.0,100.0,Normal,0,Sunday,March
2026-03-30,9.51,SCB-304,Good,0.0,9.51,3.6403451490359097e-09,9.51,9.51,0.0,100.0,Normal,0,Monday,March
2026-03-31,9.51,SCB-304,Good,0.0,9.51,3.6403451490359097e-09,9.51,9.51,0.0,100.0,Normal,0,Tuesday,March
2026-04-01,9.51,SCB-304,Good,0.0,9.51,3.6403451490359097e-09,9.51,9.51,0.0,100.0,Normal,0,Wednesday,April
2026-04-02,9.51,SCB-304,Good,0.0,9.51,3.6403451490359097e-09,9.51,9.51,0.0,100.0,Normal,0,Thursday,April
2026-04-03,9.51,SCB-304,Good,0.0,9.51,3.6403451490359097e-09,9.51,9.51,0.0,100.0,Normal,0,Friday,April
2026-04-04,9.51,SCB-304,Good,0.0,9.51,3.6403451490359097e-09,9.51,9.51,0.0,100.0,Normal,0,Saturday,April
2026-04-05,9.51,SCB-304,Good,0.0,9.51,3.6403451490359097e-09,9.51,9.51,0.0,100.0,Normal,0,Sunday,April
2026-04-06,9.51,SCB-304,Good,0.0,9.51,3.6403451490359097e-09,9.51,9.51,0.0,100.0,Normal,0,Monday,April
2026-04-07,9.51,SCB-304,Good,0.0,9.51,3.6403451490359097e-09,9.51,9.51,0.0,100.0,Normal,0,Tuesday,April
2026-04-08,9.51,SCB-304,Good,0.0,9.51,3.6403451490359097e-09,9.51,9.51,0.0,100.0,Normal,0,Wednesday,April
2026-04-09,9.51,SCB-304,Good,0.0,9.51,3.6403451490359097e-09,9.51,9.51,0.0,100.0,Normal,0,Thursday,April
2026-04-10,9.51,SCB-304,Good,0.0,9.51,3.6403451490359097e-09,9.51,9.51,0.0,100.0,Normal,0,Friday,April
2026-04-11,9.51,SCB-304,Good,0.0,9.51,3.6403451490359097e-09,9.51,9.51,0.0,100.0,Normal,0,Saturday,April
2026-04-12,9.51,SCB-304,Good,0.0,9.51,3.6403451490359097e-09,9.51,9.51,0.0,100.0,Normal,0,Sunday,April
2026-04-13,9.51,SCB-304,Good,0.0,9.51,3.6403451490359097e-09,9.51,9.51,0.0,100.0,Normal,0,Monday,April
2026-04-14,9.51,SCB-304,Good,0.0,9.51,3.6403451490359097e-09,9.51,9.51,0.0,100.0,Normal,0,Tuesday,April
2026-04-15,9.51,SCB-304,Good,0.0,9.51,3.6403451490359097e-09,9.51,9.51,0.0,100.0,Normal,0,Wednesday,April
2026-04-16,9.51,SCB-304,Good,0.0,9.51,3.6403451490359097e-09,9.51,9.51,0.0,100.0,Normal,0,Thursday,April
2026-04-17,9.51,SCB-304,Good,0.0,9.51,3.6403451490359097e-09,9.51,9.51,0.0,100.0,Normal,0,Friday,April
2026-04-18,9.51,SCB-304,Good,0.0,9.51,3.6403451490359097e-09,9.51,9.51,0.0,100.0,Normal,0,Saturday,April
2026-04-19,9.51,SCB-304,Good,0.0,9.51,3.6403451490359097e-09,9.51,9.51,0.0,100.0,Normal,0,Sunday,April
2026-04-20,9.51,SCB-304,Good,0.0,9.51,3.6403451490359097e-09,9.51,9.51,0.0,100.0,Normal,0,Monday,April
2026-04-21,9.51,SCB-304,Good,0.0,9.51,3.6403451490359097e-09,9.51,9.51,0.0,100.0,Normal,0,Tuesday,April
2026-04-22,9.51,SCB-304,Good,0.0,9.51,3.6403451490359097e-09,9.51,9.51,0.0,100.0,Normal,0,Wednesday,April
2026-04-23,9.51,SCB-304,Good,0.0,9.51,3.6403451490359097e-09,9.51,9.51,0.0,100.0,Normal,0,Thursday,April
2026-04-24,9.51,SCB-304,Good,0.0,9.51,3.6403451490359097e-09,9.51,9.51,0.0,100.0,Normal,0,Friday,April
2026-04-25,9.51,SCB-304,Good,0.0,9.51,3.6403451490359097e-09,9.51,9.51,0.0,100.0,Normal,0,Saturday,April
2026-04-26,9.51,SCB-304,Good,0.0,9.51,3.6403451490359097e-09,9.51,9.51,0.0,100.0,Normal,0,Sunday,April
2026-04-27,9.51,SCB-304,Good,0.0,9.51,3.6403451490359097e-09,9.51,9.51,0.0,100.0,Normal,0,Monday,April
2026-04-28,9.51,SCB-304,Good,0.0,9.51,3.6403451490359097e-09,9.51,9.51,0.0,100.0,Normal,0,Tuesday,April
2026-04-29,9.51,SCB-304,Good,0.0,9.51,3.6403451490359097e-09,9.51,9.51,0.0,100.0,Normal,0,Wednesday,April
2026-04-30,9.51,SCB-304,Good,0.0,9.51,3.6403451490359097e-09,9.51,9.51,0.0,100.0,Normal,0,Thursday,April
2026-05-01,9.51,SCB-304,Good,0.0,9.51,3.6403451490359097e-09,9.51,9.51,0.0,100.0,Normal,0,Friday,May
2026-05-02,9.51,SCB-304,Good,0.0,9.51,3.6403451490359097e-09,9.51,9.51,0.0,100.0,Normal,0,Saturday,May
2026-05-03,9.51,SCB-304,Good,0.0,9.51,3.6403451490359097e-09,9.51,9.51,0.0,100.0,Normal,0,Sunday,May
2026-05-04,9.51,SCB-304,Good,0.0,9.51,3.6403451490359097e-09,9.51,9.51,0.0,100.0,Normal,0,Monday,May
2026-05-05,9.51,SCB-304,Good,0.0,9.51,3.6403451490359097e-09,9.51,9.51,0.0,100.0,Normal,0,Tuesday,May
2026-05-06,9.51,SCB-304,Good,0.0,9.51,3.6403451490359097e-09,9.51,9.51,0.0,100.0,Normal,0,Wednesday,May
2026-05-07,9.51,SCB-304,Good,0.0,9.51,3.6403451490359097e-09,9.51,9.51,0.0,100.0,Normal,0,Thursday,May
2026-05-08,9.51,SCB-304,Good,0.0,9.51,3.6403451490359097e-09,9.51,9.51,0.0,100.0,Normal,0,Friday,May
2026-05-09,9.51,SCB-304,Good,0.0,9.51,3.6403451490359097e-09,9.51,9.51,0.0,100.0,Normal,0,Saturday,May
2026-05-10,9.51,SCB-304,Good,0.0,9.51,3.6403451490359097e-09,9.51,9.51,0.0,100.0,Normal,0,Sunday,May
2026-05-11,9.51,SCB-304,Good,0.0,9.51,3.6403451490359097e-09,9.51,9.51,0.0,100.0,Normal,0,Monday,May
2026-05-12,9.51,SCB-304,Good,0.0,9.51,3.6403451490359097e-09,9.51,9.51,0.0,100.0,Normal,0,Tuesday,May
2026-05-13,9.51,SCB-304,Good,0.0,9.51,3.6403451490359097e-09,9.51,9.51,0.0,100.0,Normal,0,Wednesday,May
2026-05-14,9.51,SCB-304,Good,0.0,9.51,3.6403451490359097e-09,9.51,9.51,0.0,100.0,Normal,0,Thursday,May
2026-05-15,9.51,SCB-304,Good,0.0,9.51,3.6403451490359097e-09,9.51,9.51,0.0,100.0,Normal,0,Friday,May
2026-05-16,9.51,SCB-304,Good,0.0,9.51,3.6403451490359097e-09,9.51,9.51,0.0,100.0,Normal,0,Saturday,May
2026-05-17,9.51,SCB-304,Good,0.0,9.51,3.6403451490359097e-09,9.51,9.51,0.0,100.0,Normal,0,Sunday,May
2026-05-18,9.51,SCB-304,Good,0.0,9.51,3.6403451490359097e-09,9.51,9.51,0.0,100.0,Normal,0,Monday,May
2026-05-19,9.51,SCB-304,Good,0.0,9.51,3.6403451490359097e-09,9.51,9.51,0.0,100.0,Normal,0,Tuesday,May
2026-05-20,9.51,SCB-304,Good,0.0,9.51,3.6403451490359097e-09,9.51,9.51,0.0,100.0,Normal,0,Wednesday,May
2026-05-21,9.51,SCB-304,Good,0.0,9.51,3.6403451490359097e-09,9.51,9.51,0.0,100.0,Normal,0,Thursday,May
2026-05-22,9.51,SCB-304,Good,0.0,9.51,3.6403451490359097e-09,9.51,9.51,0.0,100.0,Normal,0,Friday,May
2026-05-23,9.51,SCB-304,Good,0.0,9.51,3.6403451490359097e-09,9.51,9.51,0.0,100.0,Normal,0,Saturday,May
2026-05-24,9.51,SCB-304,Good,0.0,9.51,3.6403451490359097e-09,9.51,9.51,0.0,100.0,Normal,0,Sunday,May
2026-05-25,9.51,SCB-304,Good,0.0,9.51,3.6403451490359097e-09,9.51,9.51,0.0,100.0,Normal,0,Monday,May
2026-05-26,9.51,SCB-304,Good,0.0,9.51,3.6403451490359097e-09,9.51,9.51,0.0,100.0,Normal,0,Tuesday,May
2026-05-27,9.51,SCB-304,Good,0.0,9.51,3.6403451490359097e-09,9.51,9.51,0.0,100.0,Normal,0,Wednesday,May
2026-05-28,9.51,SCB-304,Good,0.0,9.51,3.6403451490359097e-09,9.51,9.51,0.0,100.0,Normal,0,Thursday,May
2026-05-29,9.51,SCB-304,Good,0.0,9.51,3.6403451490359097e-09,9.51,9.51,0.0,100.0,Normal,0,Friday,May
2026-05-30,9.51,SCB-304,Good,0.0,9.51,3.6403451490359097e-09,9.51,9.51,0.0,100.0,Normal,0,Saturday,May
2026-05-31,9.51,SCB-304,Good,0.0,9.51,3.6403451490359097e-09,9.51,9.51,0.0,100.0,Normal,0,Sunday,May
2026-06-01,9.51,SCB-304,Good,0.0,9.51,3.6403451490359097e-09,9.51,9.51,0.0,100.0,Normal,0,Monday,June
2026-06-02,9.51,SCB-304,Good,0.0,9.51,3.6403451490359097e-09,9.51,9.51,0.0,100.0,Normal,0,Tuesday,June
2026-06-03,9.51,SCB-304,Good,0.0,9.51,3.6403451490359097e-09,9.51,9.51,0.0,100.0,Normal,0,Wednesday,June
2026-06-04,9.51,SCB-304,Good,0.0,9.51,3.6403451490359097e-09,9.51,9.51,0.0,100.0,Normal,0,Thursday,June
2026-06-05,9.51,SCB-304,Good,0.0,9.51,3.6403451490359097e-09,9.51,9.51,0.0,100.0,Normal,0,Friday,June
2026-06-06,9.51,SCB-304,Good,0.0,9.51,3.6403451490359097e-09,9.51,9.51,0.0,100.0,Normal,0,Saturday,June
2026-06-07,9.51,SCB-304,Good,0.0,9.51,3.6403451490359097e-09,9.51,9.51,0.0,100.0,Normal,0,Sunday,June
2026-06-08,9.51,SCB-304,Good,0.0,9.51,3.6403451490359097e-09,9.51,9.51,0.0,100.0,Normal,0,Monday,June
2026-06-09,9.51,SCB-304,Good,0.0,9.51,3.6403451490359097e-09,9.51,9.51,0.0,100.0,Normal,0,Tuesday,June
2026-06-10,9.51,SCB-304,Good,0.0,9.51,3.6403451490359097e-09,9.51,9.51,0.0,100.0,Normal,0,Wednesday,June
2026-06-11,9.51,SCB-304,Good,0.0,9.51,3.6403451490359097e-09,9.51,9.51,0.0,100.0,Normal,0,Thursday,June
2026-06-12,9.51,SCB-304,Good,0.0,9.51,3.6403451490359097e-09,9.51,9.51,0.0,100.0,Normal,0,Friday,June
2026-06-13,9.51,SCB-304,Good,0.0,9.51,3.6403451490359097e-09,9.51,9.51,0.0,100.0,Normal,0,Saturday,June
2026-06-14,9.51,SCB-304,Good,0.0,9.51,3.6403451490359097e-09,9.51,9.51,0.0,100.0,Normal,0,Sunday,June
2026-06-15,9.51,SCB-304,Good,0.0,9.51,3.6403451490359097e-09,9.51,9.51,0.0,100.0,Normal,0,Monday,June
2026-06-16,9.51,SCB-304,Good,0.0,9.51,3.6403451490359097e-09,9.51,9.51,0.0,100.0,Normal,0,Tuesday,June
2026-06-17,9.51,SCB-304,Good,0.0,9.51,3.6403451490359097e-09,9.51,9.51,0.0,100.0,Normal,0,Wednesday,June
2026-06-18,9.51,SCB-304,Good,0.0,9.51,3.6403451490359097e-09,9.51,9.51,0.0,100.0,Normal,0,Thursday,June
2026-06-19,9.51,SCB-304,Good,0.0,9.51,3.6403451490359097e-09,9.51,9.51,0.0,100.0,Normal,0,Friday,June
2026-06-20,9.51,SCB-304,Good,0.0,9.51,3.6403451490359097e-09,9.51,9.51,0.0,100.0,Normal,0,Saturday,June
2026-06-21,9.51,SCB-304,Good,0.0,9.51,3.6403451490359097e-09,9.51,9.51,0.0,100.0,Normal,0,Sunday,June
2026-06-22,9.51,SCB-304,Good,0.0,9.51,3.6403451490359097e-09,9.51,9.51,0.0,100.0,Normal,0,Monday,June
2026-06-23,9.51,SCB-304,Good,0.0,9.51,3.6403451490359097e-09,9.51,9.51,0.0,100.0,Normal,0,Tuesday,June
2026-06-24,9.51,SCB-304,Good,0.0,9.51,3.6403451490359097e-09,9.51,9.51,0.0,100.0,Normal,0,Wednesday,June
2026-06-25,9.51,SCB-304,Good,0.0,9.51,3.6403451490359097e-09,9.51,9.51,0.0,100.0,Normal,0,Thursday,June
2026-06-26,9.51,SCB-304,Good,0.0,9.51,3.6403451490359097e-09,9.51,9.51,0.0,100.0,Normal,0,Friday,June
2026-06-27,9.51,SCB-304,Good,0.0,9.51,3.6403451490359097e-09,9.51,9.51,0.0,100.0,Normal,0,Saturday,June
2026-06-28,9.51,SCB-304,Good,0.0,9.51,3.6403451490359097e-09,9.51,9.51,0.0,100.0,Normal,0,Sunday,June
2026-06-29,9.51,SCB-304,Good,0.0,9.51,3.6403451490359097e-09,9.51,9.51,0.0,100.0,Normal,0,Monday,June
2026-06-30,9.51,SCB-304,Good,0.0,9.51,3.6403451490359097e-09,9.51,9.51,0.0,100.0,Normal,0,Tuesday,June
2026-01-01,1.5,SCB-501,Good,0.0,1.5,0.0,1.5,1.5,0.0,100.0,Low,0,Thursday,January
2026-01-02,1.53,SCB-501,Good,0.030000000000000027,1.5150000000000001,0.021213203435596368,1.5,1.53,0.030000000000000027,99.7,Low,0,Friday,January
2026-01-03,1.67,SCB-501,Interpolated,0.1399999999999999,1.5666666666666667,0.09073771725877458,1.5,1.67,0.16999999999999993,98.6,Low,0,Saturday,January
2026-01-04,1.81,SCB-501,Interpolated,0.14000000000000012,1.6275,0.142448821218944,1.5,1.81,0.31000000000000005,98.6,Low,0,Sunday,January
2026-01-05,1.95,SCB-501,Interpolated,0.1399999999999999,1.6920000000000002,0.1897893569197177,1.5,1.95,0.44999999999999996,98.6,Low,0,Monday,January
2026-01-06,,SCB-501,Offline,0.0,1.6920000000000002,0.1897893569197177,1.5,1.95,0.44999999999999996,100.0,Offline,0,Tuesday,January
2026-01-07,,SCB-501,Offline,0.0,1.6920000000000002,0.1897893569197177,1.5,1.95,0.44999999999999996,100.0,Offline,0,Wednesday,January
2026-01-08,,SCB-501,Offline,0.0,1.7400000000000002,0.18073922282301283,1.53,1.95,0.41999999999999993,100.0,Offline,0,Thursday,January
2026-01-09,,SCB-501,Offline,0.0,1.8100000000000003,0.14000000000000007,1.67,1.95,0.28,100.0,Offline,0,Friday,January
2026-01-10,,SCB-501,Offline,0.0,1.8800000000000003,0.09899494936611657,1.81,1.95,0.1399999999999999,100.0,Offline,0,Saturday,January
2026-01-11,,SCB-501,Offline,0.0,1.95,0.0,1.95,1.95,0.0,100.0,Offline,0,Sunday,January
2026-01-12,2.93,SCB-501,Good,0.0,2.93,0.0,2.93,2.93,0.0,100.0,Low,0,Monday,January
2026-01-13,7.3,SCB-501,Good,4.369999999999999,5.115,3.0900566337852124,2.93,7.3,4.369999999999999,56.30000000000001,Low,0,Tuesday,January
2026-01-14,7.3,SCB-501,Good,0.0,5.843333333333334,2.523020676358664,2.93,7.3,4.369999999999999,100.0,Low,0,Wednesday,January
2026-01-15,7.3,SCB-501,Good,0.0,6.2075,2.1849999999999996,2.93,7.3,4.369999999999999,100.0,Low,0,Thursday,January
2026-01-16,7.3,SCB-501,Good,0.0,6.425999999999999,1.9543234123348157,2.93,7.3,4.369999999999999,100.0,Low,0,Friday,January
2026-01-17,7.3,SCB-501,Good,0.0,6.571666666666666,1.7840450293270809,2.93,7.3,4.369999999999999,100.0,Low,0,Saturday,January
2026-01-18,7.3,SCB-501,Good,0.0,6.675714285714285,1.6517047470503226,2.93,7.3,4.369999999999999,100.0,Low,0,Sunday,January
2026-01-19,7.3,SCB-501,Good,0.0,7.3,0.0,7.3,7.3,0.0,100.0,Low,0,Monday,January
2026-01-20,7.3,SCB-501,Good,0.0,7.3,0.0,7.3,7.3,0.0,100.0,Low,0,Tuesday,January
2026-01-21,7.3,SCB-501,Good,0.0,7.3,0.0,7.3,7.3,0.0,100.0,Low,0,Wednesday,January
2026-01-22,7.3,SCB-501,Good,0.0,7.3,0.0,7.3,7.3,0.0,100.0,Low,0,Thursday,January
2026-01-23,7.3,SCB-501,Good,0.0,7.3,0.0,7.3,7.3,0.0,100.0,Low,0,Friday,January
2026-01-24,7.3,SCB-501,Good,0.0,7.3,0.0,7.3,7.3,0.0,100.0,Low,0,Saturday,January
2026-01-25,7.3,SCB-501,Interpolated,0.0,7.3,0.0,7.3,7.3,0.0,100.0,Low,0,Sunday,January
2026-01-26,7.3,SCB-501,Interpolated,0.0,7.3,0.0,7.3,7.3,0.0,100.0,Low,0,Monday,January
2026-01-27,7.3,SCB-501,Interpolated,0.0,7.3,0.0,7.3,7.3,0.0,100.0,Low,0,Tuesday,January
2026-01-28,,SCB-501,Offline,0.0,7.3,0.0,7.3,7.3,0.0,100.0,Offline,0,Wednesday,January
2026-01-29,7.3,SCB-501,Good,0.0,7.3,0.0,7.3,7.3,0.0,100.0,Low,0,Thursday,January
2026-01-30,7.3,SCB-501,Good,0.0,7.3,0.0,7.3,7.3,0.0,100.0,Low,0,Friday,January
2026-01-31,7.3,SCB-501,Good,0.0,7.3,0.0,7.3,7.3,0.0,100.0,Low,0,Saturday,January
2026-02-01,7.3,SCB-501,Good,0.0,7.3,0.0,7.3,7.3,0.0,100.0,Low,0,Sunday,February
2026-02-02,7.3,SCB-501,Good,0.0,7.3,0.0,7.3,7.3,0.0,100.0,Low,0,Monday,February
2026-02-03,7.3,SCB-501,Good,0.0,7.3,0.0,7.3,7.3,0.0,100.0,Low,0,Tuesday,February
2026-02-04,7.3,SCB-501,Good,0.0,7.3,0.0,7.3,7.3,0.0,100.0,Low,0,Wednesday,February
2026-02-05,7.3,SCB-501,Good,0.0,7.3,0.0,7.3,7.3,0.0,100.0,Low,0,Thursday,February
2026-02-06,7.3,SCB-501,Good,0.0,7.3,0.0,7.3,7.3,0.0,100.0,Low,0,Friday,February
2026-02-07,7.3,SCB-501,Good,0.0,7.3,0.0,7.3,7.3,0.0,100.0,Low,0,Saturday,February
2026-02-08,7.3,SCB-501,Good,0.0,7.3,0.0,7.3,7.3,0.0,100.0,Low,0,Sunday,February
2026-02-09,7.3,SCB-501,Good,0.0,7.3,0.0,7.3,7.3,0.0,100.0,Low,0,Monday,February
2026-02-10,7.3,SCB-501,Good,0.0,7.3,0.0,7.3,7.3,0.0,100.0,Low,0,Tuesday,February
2026-02-11,7.3,SCB-501,Good,0.0,7.3,0.0,7.3,7.3,0.0,100.0,Low,0,Wednesday,February
2026-02-12,7.3,SCB-501,Good,0.0,7.3,0.0,7.3,7.3,0.0,100.0,Low,0,Thursday,February
2026-02-13,7.3,SCB-501,Good,0.0,7.3,0.0,7.3,7.3,0.0,100.0,Low,0,Friday,February
2026-02-14,7.3,SCB-501,Good,0.0,7.3,0.0,7.3,7.3,0.0,100.0,Low,0,Saturday,February
2026-02-15,7.3,SCB-501,Good,0.0,7.3,0.0,7.3,7.3,0.0,100.0,Low,0,Sunday,February
2026-02-16,7.3,SCB-501,Good,0.0,7.3,0.0,7.3,7.3,0.0,100.0,Low,0,Monday,February
2026-02-17,7.3,SCB-501,Good,0.0,7.3,0.0,7.3,7.3,0.0,100.0,Low,0,Tuesday,February
2026-02-18,7.3,SCB-501,Good,0.0,7.3,0.0,7.3,7.3,0.0,100.0,Low,0,Wednesday,February
2026-02-19,7.3,SCB-501,Good,0.0,7.3,0.0,7.3,7.3,0.0,100.0,Low,0,Thursday,February
2026-02-20,7.3,SCB-501,Good,0.0,7.3,0.0,7.3,7.3,0.0,100.0,Low,0,Friday,February
2026-02-21,8.234285714285715,SCB-501,Interpolated,0.934285714285715,7.433469387755102,0.35312680764004967,7.3,8.234285714285715,0.934285714285715,90.65714285714284,Low,0,Saturday,February
2026-02-22,9.168571428571427,SCB-501,Interpolated,0.9342857142857124,7.7004081632653065,0.7350920689643077,7.3,9.168571428571427,1.8685714285714274,90.65714285714287,Low,0,Sunday,February
2026-02-23,10.102857142857143,SCB-501,Interpolated,0.9342857142857159,8.10081632653061,1.1351438690749913,7.3,10.102857142857143,2.8028571428571434,90.65714285714284,Normal,0,Monday,February
2026-02-24,,SCB-501,Offline,0.0,8.234285714285713,1.1817883370000681,7.3,10.102857142857143,2.8028571428571434,100.0,Offline,0,Tuesday,February
2026-02-25,,SCB-501,Offline,0.0,8.421142857142856,1.2181595351435797,7.3,10.102857142857143,2.8028571428571434,100.0,Offline,0,Wednesday,February
2026-02-26,,SCB-501,Offline,0.0,8.70142857142857,1.2061576706760226,7.3,10.102857142857143,2.8028571428571434,100.0,Offline,0,Thursday,February
2026-02-27,13.84,SCB-501,Good,0.0,10.33642857142857,2.4571299833549785,8.234285714285715,13.84,5.605714285714285,100.0,High,0,Friday,February
2026-02-28,13.46,SCB-501,Good,-0.379999999999999,11.642857142857142,2.3539424160244833,9.168571428571427,13.84,4.671428571428573,96.20000000000002,High,0,Saturday,February
2026-03-01,10.5,SCB-501,Good,-2.960000000000001,11.975714285714286,1.9462778010632398,10.102857142857143,13.84,3.7371428571428567,70.39999999999999,Normal,0,Sunday,March
2026-03-02,13.63,SCB-501,Good,3.130000000000001,12.8575,1.579332664978048,10.5,13.84,3.34,68.69999999999999,High,0,Monday,March
2026-03-03,7.06,SCB-501,Good,-6.570000000000001,11.698,2.93136828119566,7.06,13.84,6.78,34.29999999999998,Low,0,Tuesday,March
2026-03-04,13.57,SCB-501,Good,6.510000000000001,12.01,2.7310071402323355,7.06,13.84,6.78,34.89999999999999,High,0,Wednesday,March
2026-03-05,12.18,SCB-501,Good,-1.3900000000000006,12.034285714285716,2.493884902067837,7.06,13.84,6.78,86.1,High,0,Thursday,March
2026-03-06,8.82,SCB-501,Good,-3.3599999999999994,11.317142857142857,2.607289232681549,7.06,13.63,6.570000000000001,66.4,Low,0,Friday,March
2026-03-07,10.98,SCB-501,Good,2.16,10.962857142857144,2.4300529094768986,7.06,13.63,6.570000000000001,78.4,Normal,0,Saturday,March
2026-03-08,13.05,SCB-501,Good,2.0700000000000003,11.327142857142858,2.537844980068156,7.06,13.63,6.570000000000001,79.3,High,0,Sunday,March
2026-03-09,10.71,SCB-501,Good,-2.34,10.91,2.3275022377361236,7.06,13.57,6.510000000000001,76.6,Normal,0,Monday,March
2026-03-10,11.08,SCB-501,Good,0.3699999999999992,11.484285714285715,1.6021533129183474,8.82,13.57,4.75,96.30000000000001,Normal,0,Tuesday,March
2026-03-11,12.04,SCB-501,Good,0.9599999999999991,11.265714285714285,1.3555792998180647,8.82,13.05,4.23,90.4,High,0,Wednesday,March
2026-03-12,12.74,SCB-501,Good,0.7000000000000011,11.345714285714289,1.4328509708835393,8.82,13.05,4.23,92.99999999999999,High,0,Thursday,March
2026-03-13,12.59,SCB-501,Good,-0.15000000000000036,11.884285714285713,0.9536745975935597,10.71,13.05,2.34,98.5,High,0,Friday,March
2026-03-14,9.67,SCB-501,Good,-2.92,11.697142857142856,1.2447987024108789,9.67,13.05,3.380000000000001,70.8,Normal,0,Saturday,March
2026-03-15,6.43,SCB-501,Good,-3.24,10.751428571428573,2.1965535775499783,6.43,12.74,6.3100000000000005,67.6,Low,0,Sunday,March
2026-03-16,13.34,SCB-501,Good,6.91,11.127142857142857,2.4034677328512517,6.43,13.34,6.91,30.900000000000006,High,0,Monday,March
2026-03-17,13.25,SCB-501,Good,-0.08999999999999986,11.437142857142856,2.532835790740714,6.43,13.34,6.91,99.1,High,0,Tuesday,March
2026-03-18,13.04,SCB-501,Good,-0.21000000000000085,11.58,2.5998205066247677,6.43,13.34,6.91,97.89999999999999,High,0,Wednesday,March
2026-03-19,10.28,SCB-501,Good,-2.76,11.228571428571428,2.583095227122095,6.43,13.34,6.91,72.4,Normal,0,Thursday,March
2026-03-20,13.16,SCB-501,Good,2.880000000000001,11.31,2.641489478810518,6.43,13.34,6.91,71.19999999999999,High,0,Friday,March
2026-03-21,13.1,SCB-501,Good,-0.0600000000000005,11.799999999999999,2.6044385191438093,6.43,13.34,6.91,99.39999999999999,High,0,Saturday,March
2026-03-22,12.99,SCB-501,Good,-0.10999999999999943,12.737142857142857,1.0901179490574162,10.28,13.34,3.0600000000000005,98.9,High,0,Sunday,March
2026-03-23,9.7,SCB-501,Good,-3.290000000000001,12.217142857142859,1.532870012815985,9.7,13.25,3.5500000000000007,67.1,Normal,0,Monday,March
2026-03-24,3.37,SCB-501,Good,-6.329999999999999,10.805714285714286,3.590691006583816,3.37,13.16,9.79,36.70000000000001,Low,0,Tuesday,March
2026-03-25,5.865,SCB-501,Interpolated,2.495,9.780714285714286,3.8605401484889676,3.37,13.16,9.79,75.05,Low,0,Wednesday,March
2026-03-26,8.36,SCB-501,Interpolated,2.494999999999999,9.50642857142857,3.8872684435707465,3.37,13.16,9.79,75.05000000000001,Low,0,Thursday,March
2026-03-27,10.855,SCB-501,Interpolated,2.495000000000001,9.177142857142856,3.6142355774802213,3.37,13.1,9.73,75.04999999999998,Normal,0,Friday,March
2026-03-28,13.35,SCB-501,Good,2.494999999999999,9.212857142857143,3.660400544046665,3.37,13.35,9.98,75.05000000000001,High,0,Saturday,March
2026-03-29,13.3,SCB-501,Good,-0.049999999999998934,9.257142857142856,3.7151804096423713,3.37,13.35,9.98,99.50000000000001,High,0,Sunday,March
2026-03-30,13.28,SCB-501,Good,-0.02000000000000135,9.768571428571429,4.020193521757496,3.37,13.35,9.98,99.79999999999998,High,0,Monday,March
2026-03-31,13.25,SCB-501,Good,-0.02999999999999936,11.179999999999998,3.0057015265436235,5.865,13.35,7.484999999999999,99.7,High,0,Tuesday,March
2026-04-01,13.2,SCB-501,Good,-0.05000000000000071,12.227857142857143,1.9300515043707582,8.36,13.35,4.99,99.5,High,0,Wednesday,April
2026-04-02,13.2,SCB-501,Good,0.0,12.919285714285715,0.9118498988842749,10.855,13.35,2.494999999999999,100.0,High,0,Thursday,April
2026-04-03,13.2,SCB-501,Good,0.0,13.254285714285714,0.05883795341387037,13.2,13.35,0.15000000000000036,100.0,High,0,Friday,April
2026-04-04,13.2,SCB-501,Good,0.0,13.232857142857142,0.04347960660475197,13.2,13.3,0.10000000000000142,100.0,High,0,Saturday,April
2026-04-05,13.2,SCB-501,Good,0.0,13.218571428571428,0.03287784027243936,13.2,13.28,0.08000000000000007,100.0,High,0,Sunday,April
2026-04-06,13.2,SCB-501,Good,0.0,13.207142857142857,0.01889822365119059,13.2,13.25,0.05000000000000071,100.0,High,0,Monday,April
2026-04-07,13.2,SCB-501,Good,0.0,13.2,1.658416789303992e-07,13.2,13.2,0.0,100.0,High,0,Tuesday,April
2026-04-08,13.2,SCB-501,Good,0.0,13.2,1.658416789303992e-07,13.2,13.2,0.0,100.0,High,0,Wednesday,April
2026-04-09,13.2,SCB-501,Good,0.0,13.2,1.658416789303992e-07,13.2,13.2,0.0,100.0,High,0,Thursday,April
2026-04-10,13.17,SCB-501,Good,-0.02999999999999936,13.195714285714285,0.011338934191487854,13.17,13.2,0.02999999999999936,99.7,High,0,Friday,April
2026-04-11,13.1,SCB-501,Good,-0.07000000000000028,13.18142857142857,0.03760699023204389,13.1,13.2,0.09999999999999964,99.3,High,0,Saturday,April
2026-04-12,13.1,SCB-501,Interpolated,0.0,13.167142857142858,0.04715728494980082,13.1,13.2,0.09999999999999964,100.0,High,0,Sunday,April
2026-04-13,13.1,SCB-501,Good,0.0,13.152857142857142,0.05056820005863288,13.1,13.2,0.09999999999999964,100.0,High,0,Monday,April
2026-04-14,13.2,SCB-501,Good,0.09999999999999964,13.152857142857144,0.05056820005863288,13.1,13.2,0.09999999999999964,99.0,High,0,Tuesday,April
2026-04-15,13.2,SCB-501,Good,0.0,13.152857142857142,0.05056820005863288,13.1,13.2,0.09999999999999964,100.0,High,0,Wednesday,April
2026-04-16,13.2,SCB-501,Good,0.0,13.152857142857142,0.05056820005863288,13.1,13.2,0.09999999999999964,100.0,High,0,Thursday,April
2026-04-17,13.2,SCB-501,Good,0.0,13.157142857142857,0.05345224838273829,13.1,13.2,0.09999999999999964,100.0,High,0,Friday,April
2026-04-18,13.14,SCB-501,Good,-0.05999999999999872,13.162857142857144,0.048205907561591044,13.1,13.2,0.09999999999999964,99.4,High,0,Saturday,April
2026-04-19,13.18,SCB-501,Good,0.03999999999999915,13.174285714285714,0.03952094080271827,13.1,13.2,0.09999999999999964,99.60000000000001,High,0,Sunday,April
2026-04-20,13.2,SCB-501,Good,0.019999999999999574,13.188571428571427,0.022677868381155777,13.14,13.2,0.05999999999999872,99.80000000000001,High,0,Monday,April
2026-04-21,13.2,SCB-501,Good,0.0,13.188571428571427,0.022677868381155777,13.14,13.2,0.05999999999999872,100.0,High,0,Tuesday,April
2026-04-22,13.2,SCB-501,Good,0.0,13.18857142857143,0.022677868381155777,13.14,13.2,0.05999999999999872,100.0,High,0,Wednesday,April
2026-04-23,13.2,SCB-501,Good,0.0,13.188571428571427,0.022677868381155777,13.14,13.2,0.05999999999999872,100.0,High,0,Thursday,April
2026-04-24,13.25,SCB-501,Good,0.05000000000000071,13.195714285714287,0.03258688021170709,13.14,13.25,0.10999999999999943,99.5,High,0,Friday,April
2026-04-25,13.3,SCB-501,Good,0.05000000000000071,13.218571428571428,0.04180453381688042,13.18,13.3,0.120000000000001,99.5,High,0,Saturday,April
2026-04-26,13.2,SCB-501,Good,-0.10000000000000142,13.22142857142857,0.039339789623823944,13.2,13.3,0.10000000000000142,98.99999999999999,High,0,Sunday,April
2026-04-27,13.2,SCB-501,Good,0.0,13.221428571428572,0.039339789623823944,13.2,13.3,0.10000000000000142,100.0,High,0,Monday,April
2026-04-28,12.89,SCB-501,Good,-0.3099999999999987,13.177142857142856,0.1322515640380231,12.89,13.3,0.41000000000000014,96.9,High,0,Tuesday,April
2026-04-29,12.78,SCB-501,Good,-0.11000000000000121,13.117142857142856,0.19872210795606704,12.78,13.3,0.5200000000000014,98.89999999999999,High,0,Wednesday,April
2026-04-30,12.16,SCB-501,Good,-0.6199999999999992,12.968571428571428,0.4065476016175442,12.16,13.3,1.1400000000000006,93.80000000000001,High,0,Thursday,April
2026-05-01,11.43,SCB-501,Good,-0.7300000000000004,12.70857142857143,0.6839207695688454,11.43,13.3,1.870000000000001,92.69999999999999,Normal,0,Friday,May
2026-05-02,12.45,SCB-501,Good,1.0199999999999996,12.587142857142856,0.6351302828479348,11.43,13.2,1.7699999999999996,89.80000000000001,High,0,Saturday,May
2026-05-03,12.49,SCB-501,Good,0.040000000000000924,12.485714285714284,0.574771176001307,11.43,13.2,1.7699999999999996,99.6,High,0,Sunday,May
2026-05-04,11.38,SCB-501,Good,-1.1099999999999994,12.225714285714286,0.6084641085787972,11.38,12.89,1.5099999999999998,88.9,Normal,0,Monday,May
2026-05-05,7.43,SCB-501,Good,-3.950000000000001,11.445714285714287,1.8493319257041407,7.43,12.78,5.35,60.499999999999986,Low,0,Tuesday,May
2026-05-06,6.75,SCB-501,Good,-0.6799999999999997,10.584285714285715,2.43567825696018,6.75,12.49,5.74,93.2,Low,0,Wednesday,May
2026-05-07,10.45,SCB-501,Good,3.6999999999999993,10.34,2.334973233251296,6.75,12.49,5.74,63.00000000000001,Normal,0,Thursday,May
2026-05-08,10.38,SCB-501,Good,-0.06999999999999851,10.19,2.286503881474949,6.75,12.49,5.74,99.30000000000001,Normal,0,Friday,May
2026-05-09,12.97,SCB-501,Good,2.59,10.264285714285716,2.378752173884853,6.75,12.97,6.220000000000001,74.1,High,0,Saturday,May
2026-05-10,12.78,SCB-501,Good,-0.19000000000000128,10.305714285714286,2.426031444855689,6.75,12.97,6.220000000000001,98.1,High,0,Sunday,May
2026-05-11,12.68,SCB-501,Good,-0.09999999999999964,10.491428571428571,2.567602179540468,6.75,12.97,6.220000000000001,99.0,High,0,Monday,May
2026-05-12,10.14,SCB-501,Good,-2.539999999999999,10.87857142857143,2.2082227285868674,6.75,12.97,6.220000000000001,74.60000000000001,Normal,0,Tuesday,May
2026-05-13,7.62,SCB-501,Good,-2.5200000000000005,11.002857142857144,1.9460448289262215,7.62,12.97,5.3500000000000005,74.8,Low,0,Wednesday,May
2026-05-14,12.44,SCB-501,Good,4.819999999999999,11.287142857142857,1.9965195907354596,7.62,12.97,5.3500000000000005,51.800000000000004,High,0,Thursday,May
2026-05-15,12.14,SCB-501,Good,-0.29999999999999893,11.538571428571428,1.9739337085409676,7.62,12.97,5.3500000000000005,97.00000000000001,High,0,Friday,May
2026-05-16,11.7,SCB-501,Good,-0.4400000000000013,11.357142857142858,1.8763947193640131,7.62,12.78,5.159999999999999,95.6,High,0,Saturday,May
2026-05-17,12.95,SCB-501,Good,1.25,11.38142857142857,1.8988455139147828,7.62,12.95,5.329999999999999,87.5,High,0,Sunday,May
2026-05-18,12.59,SCB-501,Good,-0.35999999999999943,11.368571428571428,1.888865872875651,7.62,12.95,5.329999999999999,96.4,High,0,Monday,May
2026-05-19,11.79,SCB-501,Good,-0.8000000000000007,11.604285714285712,1.8113609721501074,7.62,12.95,5.329999999999999,92.0,High,0,Tuesday,May
2026-05-20,11.7,SCB-501,Good,-0.08999999999999986,12.187142857142856,0.49036429606686704,11.7,12.95,1.25,99.1,High,0,Wednesday,May
2026-05-21,11.7,SCB-501,Good,0.0,12.081428571428571,0.5062749112036828,11.7,12.95,1.25,100.0,High,0,Thursday,May
2026-05-22,11.7,SCB-501,Good,0.0,12.018571428571429,0.5247675222238544,11.7,12.95,1.25,100.0,High,0,Friday,May
2026-05-23,11.7,SCB-501,Good,0.0,12.018571428571429,0.5247675222238544,11.7,12.95,1.25,100.0,High,0,Saturday,May
2026-05-24,11.68,SCB-501,Good,-0.019999999999999574,11.837142857142856,0.33390189605704085,11.68,12.59,0.9100000000000001,99.80000000000001,High,0,Sunday,May
2026-05-25,11.64,SCB-501,Good,-0.03999999999999915,11.70142857142857,0.04488079449270273,11.64,11.79,0.14999999999999858,99.60000000000001,High,0,Monday,May
2026-05-26,11.62,SCB-501,Good,-0.02000000000000135,11.677142857142858,0.033523268394057455,11.62,11.7,0.08000000000000007,99.79999999999998,High,0,Tuesday,May
2026-05-27,11.64,SCB-501,Good,0.02000000000000135,11.668571428571429,0.03436498771952124,11.62,11.7,0.08000000000000007,99.79999999999998,High,0,Wednesday,May
2026-05-28,11.67,SCB-501,Good,0.02999999999999936,11.664285714285715,0.03154739442883606,11.62,11.7,0.08000000000000007,99.7,High,0,Thursday,May
2026-05-29,11.61,SCB-501,Good,-0.0600000000000005,11.651428571428571,0.0328778402721774,11.61,11.7,0.08999999999999986,99.39999999999999,High,0,Friday,May
2026-05-30,11.07,SCB-501,Good,-0.5399999999999991,11.561428571428573,0.21813058561550316,11.07,11.68,0.6099999999999994,94.60000000000001,Normal,0,Saturday,May
2026-05-31,10.17,SCB-501,Good,-0.9000000000000004,11.345714285714285,0.5600255096230711,10.17,11.67,1.5,91.0,Normal,0,Sunday,May
2026-06-01,10.54,SCB-501,Good,0.3699999999999992,11.188571428571427,0.6152893241239933,10.17,11.67,1.5,96.30000000000001,Normal,0,Monday,June
2026-06-02,10.68,SCB-501,Good,0.14000000000000057,11.054285714285713,0.6079708639635445,10.17,11.67,1.5,98.6,Normal,0,Tuesday,June
2026-06-03,10.55,SCB-501,Good,-0.129999999999999,10.898571428571428,0.5714434521872003,10.17,11.67,1.5,98.70000000000002,Normal,0,Wednesday,June
2026-06-04,10.3,SCB-501,Good,-0.25,10.702857142857143,0.49233167295074637,10.17,11.61,1.4399999999999995,97.5,Normal,0,Thursday,June
2026-06-05,10.35,SCB-501,Good,0.049999999999998934,10.522857142857143,0.29696881349811693,10.17,11.07,0.9000000000000004,99.50000000000001,Normal,0,Friday,June
2026-06-06,10.48,SCB-501,Good,0.13000000000000078,10.438571428571427,0.1741099816618456,10.17,10.68,0.5099999999999998,98.69999999999999,Normal,0,Saturday,June
2026-06-07,10.68,SCB-501,Good,0.1999999999999993,10.51142857142857,0.14769660021235706,10.3,10.68,0.379999999999999,98.0,Normal,0,Sunday,June
2026-06-08,10.37,SCB-501,Good,-0.3100000000000005,10.487142857142857,0.15596092306668508,10.3,10.68,0.379999999999999,96.89999999999999,Normal,0,Monday,June
2026-06-09,11.9,SCB-501,Good,1.5300000000000011,10.661428571428571,0.5615878848238779,10.3,11.9,1.5999999999999996,84.69999999999999,High,0,Tuesday,June
2026-06-10,13.89,SCB-501,Good,1.9900000000000002,11.138571428571428,1.3360317931774532,10.3,13.89,3.59,80.1,High,0,Wednesday,June
2026-06-11,13.825,SCB-501,Interpolated,-0.06500000000000128,11.642142857142858,1.6046023836215066,10.35,13.89,3.540000000000001,99.35,High,0,Thursday,June
2026-06-12,13.76,SCB-501,Good,-0.0649999999999995,12.129285714285714,1.6634813609100803,10.37,13.89,3.5200000000000014,99.35000000000001,High,0,Friday,June
2026-06-13,13.72,SCB-501,Good,-0.03999999999999915,12.592142857142859,1.5765781964507273,10.37,13.89,3.5200000000000014,99.60000000000001,High,0,Saturday,June
2026-06-14,13.72,SCB-501,Good,0.0,13.026428571428571,1.366817210059307,10.37,13.89,3.5200000000000014,100.0,High,0,Sunday,June
2026-06-15,13.67,SCB-501,Good,-0.05000000000000071,13.497857142857143,0.7084011172049124,11.9,13.89,1.9900000000000002,99.5,High,0,Monday,June
2026-06-16,13.6,SCB-501,Good,-0.07000000000000028,13.740714285714287,0.09610881729546059,13.6,13.89,0.2900000000000009,99.3,High,0,Tuesday,June
2026-06-17,13.51,SCB-501,Good,-0.08999999999999986,13.686428571428573,0.10467068539462011,13.51,13.825,0.3149999999999995,99.1,High,0,Wednesday,June
2026-06-18,13.08,SCB-501,Good,-0.4299999999999997,13.58,0.23629078131268683,13.08,13.76,0.6799999999999997,95.7,High,0,Thursday,June
2026-06-19,12.77,SCB-501,Good,-0.3100000000000005,13.438571428571427,0.3693881685268833,12.77,13.72,0.9500000000000011,96.89999999999999,High,0,Friday,June
2026-06-20,12.62,SCB-501,Good,-0.15000000000000036,13.281428571428572,0.4539981120162407,12.62,13.72,1.1000000000000014,98.5,High,0,Saturday,June
2026-06-21,11.62,SCB-501,Good,-1.0,12.98142857142857,0.7274024235004374,11.62,13.67,2.0500000000000007,90.0,High,0,Sunday,June
2026-06-22,11.32,SCB-501,Good,-0.29999999999999893,12.645714285714286,0.8824182142056715,11.32,13.6,2.2799999999999994,97.00000000000001,Normal,0,Monday,June
2026-06-23,11.22,SCB-501,Good,-0.09999999999999964,12.305714285714286,0.9114796970285498,11.22,13.51,2.289999999999999,99.0,Normal,0,Tuesday,June
2026-06-24,11.19,SCB-501,Good,-0.030000000000001137,11.974285714285713,0.8175544251578942,11.19,13.08,1.8900000000000006,99.69999999999999,Normal,0,Wednesday,June
2026-06-25,11.11,SCB-501,Good,-0.08000000000000007,11.692857142857141,0.7047863573621619,11.11,12.77,1.6600000000000001,99.2,Normal,0,Thursday,June
2026-06-26,11.14,SCB-501,Good,0.030000000000001137,11.459999999999999,0.5394750534856529,11.11,12.62,1.5099999999999998,99.69999999999999,Normal,0,Friday,June
2026-06-27,11.19,SCB-501,Good,0.049999999999998934,11.255714285714285,0.17386365758428673,11.11,11.62,0.5099999999999998,99.50000000000001,Normal,0,Saturday,June
2026-06-28,11.09,SCB-501,Good,-0.09999999999999964,11.180000000000001,0.07745966692424369,11.09,11.32,0.23000000000000043,99.0,Normal,0,Sunday,June
2026-06-29,11.1,SCB-501,Good,0.009999999999999787,11.148571428571428,0.05145501965439119,11.09,11.22,0.13000000000000078,99.9,Normal,0,Monday,June
2026-06-30,11.1,SCB-501,Good,0.0,11.131428571428572,0.042983939415015465,11.09,11.19,0.09999999999999964,100.0,Normal,0,Tuesday,June
2026-01-01,1.41,SCB-502,Good,0.0,1.41,0.0,1.41,1.41,0.0,100.0,Low,0,Thursday,January
2026-01-02,1.4,SCB-502,Good,-0.010000000000000009,1.4049999999999998,0.007071067811865403,1.4,1.41,0.010000000000000009,99.9,Low,0,Friday,January
2026-01-03,1.4,SCB-502,Good,0.0,1.4033333333333333,0.005773502691896167,1.4,1.41,0.010000000000000009,100.0,Low,0,Saturday,January
2026-01-04,1.41,SCB-502,Good,0.010000000000000009,1.4049999999999998,0.005773502691896242,1.4,1.41,0.010000000000000009,99.9,Low,0,Sunday,January
2026-01-05,1.4,SCB-502,Good,-0.010000000000000009,1.404,0.00547722557505164,1.4,1.41,0.010000000000000009,99.9,Low,0,Monday,January
2026-01-06,1.395,SCB-502,Interpolated,-0.004999999999999893,1.4024999999999999,0.0061237243569578935,1.395,1.41,0.014999999999999902,99.95,Low,0,Tuesday,January
2026-01-07,1.39,SCB-502,Interpolated,-0.0050000000000001155,1.4007142857142856,0.0073192505471139525,1.39,1.41,0.020000000000000018,99.95,Low,0,Wednesday,January
2026-01-08,1.3849999999999998,SCB-502,Interpolated,-0.0050000000000001155,1.397142857142857,0.008091735937126822,1.3849999999999998,1.41,0.025000000000000133,99.95,Low,0,Thursday,January
2026-01-09,1.38,SCB-502,Good,-0.004999999999999893,1.394285714285714,0.010177004891982092,1.38,1.41,0.030000000000000027,99.95,Low,0,Friday,January
2026-01-10,1.37,SCB-502,Good,-0.009999999999999787,1.3900000000000001,0.013228756555322827,1.37,1.41,0.039999999999999813,99.9,Low,0,Saturday,January
2026-01-11,1.37,SCB-502,Good,0.0,1.3842857142857141,0.011700630833624177,1.37,1.4,0.029999999999999805,100.0,Low,0,Sunday,January
2026-01-12,5.77,SCB-502,Good,4.3999999999999995,2.0085714285714285,1.658660891315929,1.37,5.77,4.3999999999999995,56.00000000000001,Low,0,Monday,January
2026-01-13,13.69,SCB-502,Good,7.92,3.765,4.672453852099558,1.37,13.69,12.32,20.799999999999997,High,0,Tuesday,January
2026-01-14,13.63,SCB-502,Good,-0.05999999999999872,5.513571428571429,5.791747515708389,1.37,13.69,12.32,99.4,High,0,Wednesday,January
2026-01-15,13.7,SCB-502,Good,0.06999999999999851,7.272857142857143,6.185641207090591,1.37,13.7,12.329999999999998,99.30000000000001,High,0,Thursday,January
2026-01-16,13.8,SCB-502,Good,0.10000000000000142,9.047142857142857,5.991857570307989,1.37,13.8,12.43,98.99999999999999,High,0,Friday,January
2026-01-17,13.65,SCB-502,Good,-0.15000000000000036,10.801428571428572,5.100968628837171,1.37,13.8,12.43,98.5,High,0,Saturday,January
2026-01-18,13.73,SCB-502,Good,0.08000000000000007,12.567142857142857,2.997769805959727,5.77,13.8,8.030000000000001,99.2,High,0,Sunday,January
2026-01-19,13.7,SCB-502,Good,-0.030000000000001137,13.700000000000001,0.0553774924195283,13.63,13.8,0.16999999999999993,99.69999999999999,High,0,Monday,January
2026-01-20,13.64,SCB-502,Good,-0.05999999999999872,13.692857142857145,0.05992058236102538,13.63,13.8,0.16999999999999993,99.4,High,0,Tuesday,January
2026-01-21,13.77,SCB-502,Good,0.129999999999999,13.712857142857143,0.05879747322080351,13.64,13.8,0.16000000000000014,98.70000000000002,High,0,Wednesday,January
2026-01-22,13.69,SCB-502,Good,-0.08000000000000007,13.711428571428572,0.05928141120363081,13.64,13.8,0.16000000000000014,99.2,High,0,Thursday,January
2026-01-23,13.62,SCB-502,Good,-0.07000000000000028,13.685714285714285,0.053184315625752945,13.62,13.77,0.15000000000000036,99.3,High,0,Friday,January
2026-01-24,13.7,SCB-502,Good,0.08000000000000007,13.692857142857141,0.0508967208225093,13.62,13.77,0.15000000000000036,99.2,High,0,Saturday,January
2026-01-25,13.68,SCB-502,Interpolated,-0.019999999999999574,13.685714285714285,0.048255273583098876,13.62,13.77,0.15000000000000036,99.80000000000001,High,0,Sunday,January
2026-01-26,13.66,SCB-502,Interpolated,-0.019999999999999574,13.679999999999998,0.04864839839784044,13.62,13.77,0.15000000000000036,99.80000000000001,High,0,Monday,January
2026-01-27,13.64,SCB-502,Interpolated,-0.019999999999999574,13.679999999999998,0.04864839839784044,13.62,13.77,0.15000000000000036,99.80000000000001,High,0,Tuesday,January
2026-01-28,,SCB-502,Offline,0.0,13.665,0.03082207001500987,13.62,13.7,0.08000000000000007,100.0,Offline,0,Wednesday,January
2026-01-29,13.6,SCB-502,Good,0.0,13.65,0.037416573867877584,13.6,13.7,0.09999999999999964,100.0,High,0,Thursday,January
2026-01-30,13.61,SCB-502,Good,0.009999999999999787,13.648333333333333,0.03920034013471079,13.6,13.7,0.09999999999999964,99.9,High,0,Friday,January
2026-01-31,13.59,SCB-502,Good,-0.019999999999999574,13.629999999999997,0.03577708764014411,13.59,13.68,0.08999999999999986,99.80000000000001,High,0,Saturday,January
2026-02-01,13.58,SCB-502,Good,-0.009999999999999787,13.613333333333335,0.030767948691412306,13.58,13.66,0.08000000000000007,99.9,High,0,Sunday,February
2026-02-02,13.6,SCB-502,Good,0.019999999999999574,13.603333333333333,0.020655911180034285,13.58,13.64,0.0600000000000005,99.80000000000001,High,0,Monday,February
2026-02-03,13.62,SCB-502,Good,0.019999999999999574,13.6,0.014142135624113216,13.58,13.62,0.03999999999999915,99.80000000000001,High,0,Tuesday,February
2026-02-04,13.65,SCB-502,Good,0.030000000000001137,13.607142857142858,0.022886885411049218,13.58,13.65,0.07000000000000028,99.69999999999999,High,0,Wednesday,February
2026-02-05,13.69,SCB-502,Good,0.03999999999999915,13.62,0.03829708431036952,13.58,13.69,0.10999999999999943,99.60000000000001,High,0,Thursday,February
2026-02-06,13.7,SCB-502,Good,0.009999999999999787,13.632857142857143,0.04820590756140063,13.58,13.7,0.11999999999999922,99.9,High,0,Friday,February
2026-02-07,13.67,SCB-502,Good,-0.02999999999999936,13.644285714285715,0.04577377082180116,13.58,13.7,0.11999999999999922,99.7,High,0,Saturday,February
2026-02-08,13.66,SCB-502,Good,-0.009999999999999787,13.655714285714286,0.035989416433816576,13.6,13.7,0.09999999999999964,99.9,High,0,Sunday,February
2026-02-09,13.64,SCB-502,Good,-0.019999999999999574,13.661428571428571,0.02794552524038313,13.62,13.7,0.08000000000000007,99.80000000000001,High,0,Monday,February
2026-02-10,13.59,SCB-502,Good,-0.05000000000000071,13.657142857142857,0.036384193323723044,13.59,13.7,0.10999999999999943,99.5,High,0,Tuesday,February
2026-02-11,13.57,SCB-502,Good,-0.019999999999999574,13.645714285714286,0.049280538030545495,13.57,13.7,0.129999999999999,99.80000000000001,High,0,Wednesday,February
2026-02-12,13.56,SCB-502,Good,-0.009999999999999787,13.627142857142857,0.05407226205568141,13.56,13.7,0.1399999999999988,99.9,High,0,Thursday,February
2026-02-13,13.56,SCB-502,Good,0.0,13.607142857142858,0.048205907561402236,13.56,13.67,0.10999999999999943,100.0,High,0,Friday,February
2026-02-14,13.54,SCB-502,Good,-0.02000000000000135,13.588571428571429,0.044880794492687344,13.54,13.66,0.120000000000001,99.79999999999998,High,0,Saturday,February
2026-02-15,13.55,SCB-502,Good,0.010000000000001563,13.572857142857144,0.03352326839403918,13.54,13.64,0.10000000000000142,99.89999999999998,High,0,Sunday,February
2026-02-16,13.57,SCB-502,Good,0.019999999999999574,13.562857142857142,0.01603567451503692,13.54,13.59,0.05000000000000071,99.80000000000001,High,0,Monday,February
2026-02-17,13.54,SCB-502,Good,-0.030000000000001137,13.555714285714286,0.012724180205976734,13.54,13.57,0.030000000000001137,99.69999999999999,High,0,Tuesday,February
2026-02-18,13.53,SCB-502,Good,-0.009999999999999787,13.55,0.014142135624065627,13.53,13.57,0.040000000000000924,99.9,High,0,Wednesday,February
2026-02-19,13.53,SCB-502,Good,0.0,13.545714285714286,0.015118578920683719,13.53,13.57,0.040000000000000924,100.0,High,0,Thursday,February
2026-02-20,13.58,SCB-502,Good,0.05000000000000071,13.54857142857143,0.019518001459213504,13.53,13.58,0.05000000000000071,99.5,High,0,Friday,February
2026-02-21,13.59,SCB-502,Good,0.009999999999999787,13.555714285714284,0.02439750182390569,13.53,13.59,0.0600000000000005,99.9,High,0,Saturday,February
2026-02-22,13.66,SCB-502,Good,0.07000000000000028,13.571428571428571,0.04598136268418837,13.53,13.66,0.13000000000000078,99.3,High,0,Sunday,February
2026-02-23,13.66,SCB-502,Good,0.0,13.584285714285715,0.05682051943251118,13.53,13.66,0.13000000000000078,100.0,High,0,Monday,February
2026-02-24,13.63,SCB-502,Good,-0.02999999999999936,13.597142857142856,0.05529143565826064,13.53,13.66,0.13000000000000078,99.7,High,0,Tuesday,February
2026-02-25,13.59,SCB-502,Good,-0.040000000000000924,13.605714285714285,0.04720774754825707,13.53,13.66,0.13000000000000078,99.6,High,0,Wednesday,February
2026-02-26,13.51,SCB-502,Good,-0.08000000000000007,13.602857142857143,0.052824958026341726,13.51,13.66,0.15000000000000036,99.2,High,0,Thursday,February
2026-02-27,13.47,SCB-502,Good,-0.03999999999999915,13.587142857142856,0.07319250547120044,13.47,13.66,0.1899999999999995,99.60000000000001,High,0,Friday,February
2026-02-28,13.47,SCB-502,Good,0.0,13.570000000000002,0.08544003745322903,13.47,13.66,0.1899999999999995,100.0,High,0,Saturday,February
2026-03-01,13.48,SCB-502,Good,0.009999999999999787,13.544285714285715,0.08079957567079869,13.47,13.66,0.1899999999999995,99.9,High,0,Sunday,March
2026-03-02,13.48,SCB-502,Good,0.0,13.518571428571429,0.06491753010008833,13.47,13.63,0.16000000000000014,100.0,High,0,Monday,March
2026-03-03,13.52,SCB-502,Good,0.03999999999999915,13.502857142857144,0.04309458036868733,13.47,13.59,0.11999999999999922,99.60000000000001,High,0,Tuesday,March
2026-03-04,13.56,SCB-502,Good,0.040000000000000924,13.498571428571429,0.033380918416008314,13.47,13.56,0.08999999999999986,99.6,High,0,Wednesday,March
2026-03-05,13.58,SCB-502,Good,0.019999999999999574,13.508571428571429,0.04561745697606019,13.47,13.58,0.10999999999999943,99.80000000000001,High,0,Thursday,March
2026-03-06,13.56,SCB-502,Good,-0.019999999999999574,13.521428571428572,0.04561745697605817,13.47,13.58,0.10999999999999943,99.80000000000001,High,0,Friday,March
2026-03-07,13.54,SCB-502,Good,-0.02000000000000135,13.531428571428572,0.03976119189564608,13.48,13.58,0.09999999999999964,99.79999999999998,High,0,Saturday,March
2026-03-08,13.52,SCB-502,Good,-0.019999999999999574,13.537142857142856,0.03352326839404936,13.48,13.58,0.09999999999999964,99.80000000000001,High,0,Sunday,March
2026-03-09,13.5,SCB-502,Good,-0.019999999999999574,13.540000000000001,0.028284271247637258,13.5,13.58,0.08000000000000007,99.80000000000001,High,0,Monday,March
2026-03-10,13.47,SCB-502,Good,-0.02999999999999936,13.532857142857141,0.038606685826242354,13.47,13.58,0.10999999999999943,99.7,High,0,Tuesday,March
2026-03-11,13.49,SCB-502,Good,0.019999999999999574,13.522857142857143,0.039460649477079925,13.47,13.58,0.10999999999999943,99.80000000000001,High,0,Wednesday,March
2026-03-12,13.57,SCB-502,Good,0.08000000000000007,13.52142857142857,0.03716116764799681,13.47,13.57,0.09999999999999964,99.2,High,0,Thursday,March
2026-03-13,13.53,SCB-502,Good,-0.040000000000000924,13.517142857142856,0.03352326839405277,13.47,13.57,0.09999999999999964,99.6,High,0,Friday,March
2026-03-14,13.46,SCB-502,Good,-0.06999999999999851,13.505714285714287,0.0377964473010589,13.46,13.57,0.10999999999999943,99.30000000000001,High,0,Saturday,March
2026-03-15,13.4,SCB-502,Good,-0.0600000000000005,13.48857142857143,0.05398412465064324,13.4,13.57,0.16999999999999993,99.39999999999999,High,0,Sunday,March
2026-03-16,13.48,SCB-502,Good,0.08000000000000007,13.485714285714286,0.05380741673086151,13.4,13.57,0.16999999999999993,99.2,High,0,Monday,March
2026-03-17,13.49,SCB-502,Good,0.009999999999999787,13.488571428571431,0.05336308693872132,13.4,13.57,0.16999999999999993,99.9,High,0,Tuesday,March
2026-03-18,13.44,SCB-502,Good,-0.05000000000000071,13.481428571428571,0.05639993245530462,13.4,13.57,0.16999999999999993,99.5,High,0,Wednesday,March
2026-03-19,13.41,SCB-502,Good,-0.02999999999999936,13.45857142857143,0.0459813626842052,13.4,13.53,0.129999999999999,99.7,High,0,Thursday,March
2026-03-20,13.38,SCB-502,Good,-0.02999999999999936,13.437142857142858,0.04191828786047612,13.38,13.49,0.10999999999999943,99.7,High,0,Friday,March
2026-03-21,12.35,SCB-502,Good,-1.0300000000000011,13.278571428571428,0.41147817161338945,12.35,13.49,1.1400000000000006,89.69999999999999,High,0,Saturday,March
2026-03-22,9.69,SCB-502,Good,-2.66,12.748571428571429,1.409059125461964,9.69,13.49,3.8000000000000007,73.4,Normal,0,Sunday,March
2026-03-23,9.69,SCB-502,Good,0.0,12.207142857142857,1.7644896739635028,9.69,13.49,3.8000000000000007,100.0,Normal,0,Monday,March
2026-03-24,9.69,SCB-502,Good,0.0,11.664285714285715,1.8844969014112474,9.69,13.44,3.75,100.0,Normal,0,Tuesday,March
2026-03-25,9.69,SCB-502,Interpolated,0.0,11.128571428571428,1.8277347416171499,9.69,13.41,3.7200000000000006,100.0,Normal,0,Wednesday,March
2026-03-26,9.69,SCB-502,Interpolated,0.0,10.597142857142856,1.5775161307755836,9.69,13.38,3.6900000000000013,100.0,Normal,0,Thursday,March
2026-03-27,9.69,SCB-502,Interpolated,0.0,10.069999999999999,1.0053854982045574,9.69,12.35,2.66,100.0,Normal,0,Friday,March
2026-03-28,9.69,SCB-502,Good,0.0,9.69,0.0,9.69,9.69,0.0,100.0,Normal,0,Saturday,March
2026-03-29,9.69,SCB-502,Good,0.0,9.69,0.0,9.69,9.69,0.0,100.0,Normal,0,Sunday,March
2026-03-30,9.69,SCB-502,Good,0.0,9.69,0.0,9.69,9.69,0.0,100.0,Normal,0,Monday,March
2026-03-31,9.69,SCB-502,Good,0.0,9.69,0.0,9.69,9.69,0.0,100.0,Normal,0,Tuesday,March
2026-04-01,9.69,SCB-502,Good,0.0,9.69,0.0,9.69,9.69,0.0,100.0,Normal,0,Wednesday,April
2026-04-02,9.69,SCB-502,Good,0.0,9.69,0.0,9.69,9.69,0.0,100.0,Normal,0,Thursday,April
2026-04-03,9.69,SCB-502,Good,0.0,9.69,0.0,9.69,9.69,0.0,100.0,Normal,0,Friday,April
2026-04-04,9.69,SCB-502,Good,0.0,9.69,0.0,9.69,9.69,0.0,100.0,Normal,0,Saturday,April
2026-04-05,9.69,SCB-502,Good,0.0,9.69,0.0,9.69,9.69,0.0,100.0,Normal,0,Sunday,April
2026-04-06,9.69,SCB-502,Good,0.0,9.69,0.0,9.69,9.69,0.0,100.0,Normal,0,Monday,April
2026-04-07,9.73,SCB-502,Good,0.040000000000000924,9.695714285714285,0.01511857892036955,9.69,9.73,0.040000000000000924,99.6,Normal,0,Tuesday,April
2026-04-08,9.69,SCB-502,Good,-0.040000000000000924,9.695714285714287,0.01511857892036955,9.69,9.73,0.040000000000000924,99.6,Normal,0,Wednesday,April
2026-04-09,9.69,SCB-502,Good,0.0,9.695714285714287,0.01511857892036955,9.69,9.73,0.040000000000000924,100.0,Normal,0,Thursday,April
2026-04-10,9.69,SCB-502,Good,0.0,9.695714285714287,0.01511857892036955,9.69,9.73,0.040000000000000924,100.0,Normal,0,Friday,April
2026-04-11,9.69,SCB-502,Good,0.0,9.695714285714285,0.01511857892036955,9.69,9.73,0.040000000000000924,100.0,Normal,0,Saturday,April
2026-04-12,9.69,SCB-502,Interpolated,0.0,9.695714285714287,0.01511857892036955,9.69,9.73,0.040000000000000924,100.0,Normal,0,Sunday,April
2026-04-13,9.69,SCB-502,Good,0.0,9.695714285714287,0.01511857892036955,9.69,9.73,0.040000000000000924,100.0,Normal,0,Monday,April
2026-04-14,9.69,SCB-502,Good,0.0,9.69,0.0,9.69,9.69,0.0,100.0,Normal,0,Tuesday,April
2026-04-15,9.69,SCB-502,Good,0.0,9.69,0.0,9.69,9.69,0.0,100.0,Normal,0,Wednesday,April
2026-04-16,9.69,SCB-502,Good,0.0,9.69,0.0,9.69,9.69,0.0,100.0,Normal,0,Thursday,April
2026-04-17,9.69,SCB-502,Good,0.0,9.69,0.0,9.69,9.69,0.0,100.0,Normal,0,Friday,April
2026-04-18,9.69,SCB-502,Good,0.0,9.69,0.0,9.69,9.69,0.0,100.0,Normal,0,Saturday,April
2026-04-19,9.69,SCB-502,Good,0.0,9.69,0.0,9.69,9.69,0.0,100.0,Normal,0,Sunday,April
2026-04-20,9.69,SCB-502,Good,0.0,9.69,0.0,9.69,9.69,0.0,100.0,Normal,0,Monday,April
2026-04-21,9.69,SCB-502,Good,0.0,9.69,0.0,9.69,9.69,0.0,100.0,Normal,0,Tuesday,April
2026-04-22,9.69,SCB-502,Good,0.0,9.69,0.0,9.69,9.69,0.0,100.0,Normal,0,Wednesday,April
2026-04-23,9.69,SCB-502,Good,0.0,9.69,0.0,9.69,9.69,0.0,100.0,Normal,0,Thursday,April
2026-04-24,9.69,SCB-502,Good,0.0,9.69,0.0,9.69,9.69,0.0,100.0,Normal,0,Friday,April
2026-04-25,9.69,SCB-502,Good,0.0,9.69,0.0,9.69,9.69,0.0,100.0,Normal,0,Saturday,April
2026-04-26,9.69,SCB-502,Good,0.0,9.69,0.0,9.69,9.69,0.0,100.0,Normal,0,Sunday,April
2026-04-27,9.69,SCB-502,Good,0.0,9.69,0.0,9.69,9.69,0.0,100.0,Normal,0,Monday,April
2026-04-28,9.69,SCB-502,Good,0.0,9.69,0.0,9.69,9.69,0.0,100.0,Normal,0,Tuesday,April
2026-04-29,9.69,SCB-502,Good,0.0,9.69,0.0,9.69,9.69,0.0,100.0,Normal,0,Wednesday,April
2026-04-30,9.69,SCB-502,Good,0.0,9.69,0.0,9.69,9.69,0.0,100.0,Normal,0,Thursday,April
2026-05-01,9.69,SCB-502,Good,0.0,9.69,0.0,9.69,9.69,0.0,100.0,Normal,0,Friday,May
2026-05-02,9.69,SCB-502,Good,0.0,9.69,0.0,9.69,9.69,0.0,100.0,Normal,0,Saturday,May
2026-05-03,9.69,SCB-502,Good,0.0,9.69,0.0,9.69,9.69,0.0,100.0,Normal,0,Sunday,May
2026-05-04,9.69,SCB-502,Good,0.0,9.69,0.0,9.69,9.69,0.0,100.0,Normal,0,Monday,May
2026-05-05,9.69,SCB-502,Good,0.0,9.69,0.0,9.69,9.69,0.0,100.0,Normal,0,Tuesday,May
2026-05-06,9.69,SCB-502,Good,0.0,9.69,0.0,9.69,9.69,0.0,100.0,Normal,0,Wednesday,May
2026-05-07,9.69,SCB-502,Good,0.0,9.69,0.0,9.69,9.69,0.0,100.0,Normal,0,Thursday,May
2026-05-08,9.69,SCB-502,Good,0.0,9.69,0.0,9.69,9.69,0.0,100.0,Normal,0,Friday,May
2026-05-09,9.69,SCB-502,Good,0.0,9.69,0.0,9.69,9.69,0.0,100.0,Normal,0,Saturday,May
2026-05-10,9.69,SCB-502,Good,0.0,9.69,0.0,9.69,9.69,0.0,100.0,Normal,0,Sunday,May
2026-05-11,9.69,SCB-502,Good,0.0,9.69,0.0,9.69,9.69,0.0,100.0,Normal,0,Monday,May
2026-05-12,9.69,SCB-502,Good,0.0,9.69,0.0,9.69,9.69,0.0,100.0,Normal,0,Tuesday,May
2026-05-13,9.69,SCB-502,Good,0.0,9.69,0.0,9.69,9.69,0.0,100.0,Normal,0,Wednesday,May
2026-05-14,9.69,SCB-502,Good,0.0,9.69,0.0,9.69,9.69,0.0,100.0,Normal,0,Thursday,May
2026-05-15,9.69,SCB-502,Good,0.0,9.69,0.0,9.69,9.69,0.0,100.0,Normal,0,Friday,May
2026-05-16,9.69,SCB-502,Good,0.0,9.69,0.0,9.69,9.69,0.0,100.0,Normal,0,Saturday,May
2026-05-17,9.69,SCB-502,Good,0.0,9.69,0.0,9.69,9.69,0.0,100.0,Normal,0,Sunday,May
2026-05-18,9.69,SCB-502,Good,0.0,9.69,0.0,9.69,9.69,0.0,100.0,Normal,0,Monday,May
2026-05-19,9.69,SCB-502,Good,0.0,9.69,0.0,9.69,9.69,0.0,100.0,Normal,0,Tuesday,May
2026-05-20,9.69,SCB-502,Good,0.0,9.69,0.0,9.69,9.69,0.0,100.0,Normal,0,Wednesday,May
2026-05-21,9.69,SCB-502,Good,0.0,9.69,0.0,9.69,9.69,0.0,100.0,Normal,0,Thursday,May
2026-05-22,9.69,SCB-502,Good,0.0,9.69,0.0,9.69,9.69,0.0,100.0,Normal,0,Friday,May
2026-05-23,9.69,SCB-502,Good,0.0,9.69,0.0,9.69,9.69,0.0,100.0,Normal,0,Saturday,May
2026-05-24,9.69,SCB-502,Good,0.0,9.69,0.0,9.69,9.69,0.0,100.0,Normal,0,Sunday,May
2026-05-25,9.69,SCB-502,Good,0.0,9.69,0.0,9.69,9.69,0.0,100.0,Normal,0,Monday,May
2026-05-26,9.69,SCB-502,Good,0.0,9.69,0.0,9.69,9.69,0.0,100.0,Normal,0,Tuesday,May
2026-05-27,9.69,SCB-502,Good,0.0,9.69,0.0,9.69,9.69,0.0,100.0,Normal,0,Wednesday,May
2026-05-28,9.69,SCB-502,Good,0.0,9.69,0.0,9.69,9.69,0.0,100.0,Normal,0,Thursday,May
2026-05-29,9.69,SCB-502,Good,0.0,9.69,0.0,9.69,9.69,0.0,100.0,Normal,0,Friday,May
2026-05-30,9.69,SCB-502,Good,0.0,9.69,0.0,9.69,9.69,0.0,100.0,Normal,0,Saturday,May
2026-05-31,9.69,SCB-502,Good,0.0,9.69,0.0,9.69,9.69,0.0,100.0,Normal,0,Sunday,May
2026-06-01,9.69,SCB-502,Good,0.0,9.69,0.0,9.69,9.69,0.0,100.0,Normal,0,Monday,June
2026-06-02,9.69,SCB-502,Good,0.0,9.69,0.0,9.69,9.69,0.0,100.0,Normal,0,Tuesday,June
2026-06-03,9.69,SCB-502,Good,0.0,9.69,0.0,9.69,9.69,0.0,100.0,Normal,0,Wednesday,June
2026-06-04,9.69,SCB-502,Good,0.0,9.69,0.0,9.69,9.69,0.0,100.0,Normal,0,Thursday,June
2026-06-05,9.69,SCB-502,Good,0.0,9.69,0.0,9.69,9.69,0.0,100.0,Normal,0,Friday,June
2026-06-06,9.69,SCB-502,Good,0.0,9.69,0.0,9.69,9.69,0.0,100.0,Normal,0,Saturday,June
2026-06-07,9.69,SCB-502,Good,0.0,9.69,0.0,9.69,9.69,0.0,100.0,Normal,0,Sunday,June
2026-06-08,9.69,SCB-502,Good,0.0,9.69,0.0,9.69,9.69,0.0,100.0,Normal,0,Monday,June
2026-06-09,9.69,SCB-502,Good,0.0,9.69,0.0,9.69,9.69,0.0,100.0,Normal,0,Tuesday,June
2026-06-10,9.69,SCB-502,Good,0.0,9.69,0.0,9.69,9.69,0.0,100.0,Normal,0,Wednesday,June
2026-06-11,9.69,SCB-502,Good,0.0,9.69,0.0,9.69,9.69,0.0,100.0,Normal,0,Thursday,June
2026-06-12,9.69,SCB-502,Good,0.0,9.69,0.0,9.69,9.69,0.0,100.0,Normal,0,Friday,June
2026-06-13,9.69,SCB-502,Good,0.0,9.69,0.0,9.69,9.69,0.0,100.0,Normal,0,Saturday,June
2026-06-14,9.69,SCB-502,Good,0.0,9.69,0.0,9.69,9.69,0.0,100.0,Normal,0,Sunday,June
2026-06-15,9.69,SCB-502,Good,0.0,9.69,0.0,9.69,9.69,0.0,100.0,Normal,0,Monday,June
2026-06-16,9.69,SCB-502,Good,0.0,9.69,0.0,9.69,9.69,0.0,100.0,Normal,0,Tuesday,June
2026-06-17,9.69,SCB-502,Good,0.0,9.69,0.0,9.69,9.69,0.0,100.0,Normal,0,Wednesday,June
2026-06-18,9.69,SCB-502,Good,0.0,9.69,0.0,9.69,9.69,0.0,100.0,Normal,0,Thursday,June
2026-06-19,9.69,SCB-502,Good,0.0,9.69,0.0,9.69,9.69,0.0,100.0,Normal,0,Friday,June
2026-06-20,9.69,SCB-502,Good,0.0,9.69,0.0,9.69,9.69,0.0,100.0,Normal,0,Saturday,June
2026-06-21,9.69,SCB-502,Good,0.0,9.69,0.0,9.69,9.69,0.0,100.0,Normal,0,Sunday,June
2026-06-22,9.69,SCB-502,Good,0.0,9.69,0.0,9.69,9.69,0.0,100.0,Normal,0,Monday,June
2026-06-23,9.69,SCB-502,Good,0.0,9.69,0.0,9.69,9.69,0.0,100.0,Normal,0,Tuesday,June
2026-06-24,9.69,SCB-502,Good,0.0,9.69,0.0,9.69,9.69,0.0,100.0,Normal,0,Wednesday,June
2026-06-25,9.69,SCB-502,Good,0.0,9.69,0.0,9.69,9.69,0.0,100.0,Normal,0,Thursday,June
2026-06-26,9.69,SCB-502,Good,0.0,9.69,0.0,9.69,9.69,0.0,100.0,Normal,0,Friday,June
2026-06-27,9.69,SCB-502,Good,0.0,9.69,0.0,9.69,9.69,0.0,100.0,Normal,0,Saturday,June
2026-06-28,9.69,SCB-502,Good,0.0,9.69,0.0,9.69,9.69,0.0,100.0,Normal,0,Sunday,June
2026-06-29,9.69,SCB-502,Good,0.0,9.69,0.0,9.69,9.69,0.0,100.0,Normal,0,Monday,June
2026-06-30,9.69,SCB-502,Good,0.0,9.69,0.0,9.69,9.69,0.0,100.0,Normal,0,Tuesday,June
2026-01-01,,SCB-601,Offline,0.0,,0.0,,,,100.0,Offline,0,Thursday,January
2026-01-02,,SCB-601,Offline,0.0,,0.0,,,,100.0,Offline,0,Friday,January
2026-01-03,,SCB-601,Offline,0.0,,0.0,,,,100.0,Offline,0,Saturday,January
2026-01-04,,SCB-601,Offline,0.0,,0.0,,,,100.0,Offline,0,Sunday,January
2026-01-05,,SCB-601,Offline,0.0,,0.0,,,,100.0,Offline,0,Monday,January
2026-01-06,,SCB-601,Offline,0.0,,0.0,,,,100.0,Offline,0,Tuesday,January
2026-01-07,,SCB-601,Offline,0.0,,0.0,,,,100.0,Offline,0,Wednesday,January
2026-01-08,,SCB-601,Offline,0.0,,0.0,,,,100.0,Offline,0,Thursday,January
2026-01-09,,SCB-601,Offline,0.0,,0.0,,,,100.0,Offline,0,Friday,January
2026-01-10,,SCB-601,Offline,0.0,,0.0,,,,100.0,Offline,0,Saturday,January
2026-01-11,,SCB-601,Offline,0.0,,0.0,,,,100.0,Offline,0,Sunday,January
2026-01-12,,SCB-601,Offline,0.0,,0.0,,,,100.0,Offline,0,Monday,January
2026-01-13,,SCB-601,Offline,0.0,,0.0,,,,100.0,Offline,0,Tuesday,January
2026-01-14,,SCB-601,Offline,0.0,,0.0,,,,100.0,Offline,0,Wednesday,January
2026-01-15,,SCB-601,Offline,0.0,,0.0,,,,100.0,Offline,0,Thursday,January
2026-01-16,,SCB-601,Offline,0.0,,0.0,,,,100.0,Offline,0,Friday,January
2026-01-17,,SCB-601,Offline,0.0,,0.0,,,,100.0,Offline,0,Saturday,January
2026-01-18,,SCB-601,Offline,0.0,,0.0,,,,100.0,Offline,0,Sunday,January
2026-01-19,,SCB-601,Offline,0.0,,0.0,,,,100.0,Offline,0,Monday,January
2026-01-20,,SCB-601,Offline,0.0,,0.0,,,,100.0,Offline,0,Tuesday,January
2026-01-21,,SCB-601,Offline,0.0,,0.0,,,,100.0,Offline,0,Wednesday,January
2026-01-22,,SCB-601,Offline,0.0,,0.0,,,,100.0,Offline,0,Thursday,January
2026-01-23,,SCB-601,Offline,0.0,,0.0,,,,100.0,Offline,0,Friday,January
2026-01-24,,SCB-601,Offline,0.0,,0.0,,,,100.0,Offline,0,Saturday,January
2026-01-25,,SCB-601,Offline,0.0,,0.0,,,,100.0,Offline,0,Sunday,January
2026-01-26,,SCB-601,Offline,0.0,,0.0,,,,100.0,Offline,0,Monday,January
2026-01-27,,SCB-601,Offline,0.0,,0.0,,,,100.0,Offline,0,Tuesday,January
2026-01-28,,SCB-601,Offline,0.0,,0.0,,,,100.0,Offline,0,Wednesday,January
2026-01-29,,SCB-601,Offline,0.0,,0.0,,,,100.0,Offline,0,Thursday,January
2026-01-30,,SCB-601,Offline,0.0,,0.0,,,,100.0,Offline,0,Friday,January
2026-01-31,,SCB-601,Offline,0.0,,0.0,,,,100.0,Offline,0,Saturday,January
2026-02-01,,SCB-601,Offline,0.0,,0.0,,,,100.0,Offline,0,Sunday,February
2026-02-02,,SCB-601,Offline,0.0,,0.0,,,,100.0,Offline,0,Monday,February
2026-02-03,,SCB-601,Offline,0.0,,0.0,,,,100.0,Offline,0,Tuesday,February
2026-02-04,,SCB-601,Offline,0.0,,0.0,,,,100.0,Offline,0,Wednesday,February
2026-02-05,,SCB-601,Offline,0.0,,0.0,,,,100.0,Offline,0,Thursday,February
2026-02-06,,SCB-601,Offline,0.0,,0.0,,,,100.0,Offline,0,Friday,February
2026-02-07,,SCB-601,Offline,0.0,,0.0,,,,100.0,Offline,0,Saturday,February
2026-02-08,,SCB-601,Offline,0.0,,0.0,,,,100.0,Offline,0,Sunday,February
2026-02-09,,SCB-601,Offline,0.0,,0.0,,,,100.0,Offline,0,Monday,February
2026-02-10,,SCB-601,Offline,0.0,,0.0,,,,100.0,Offline,0,Tuesday,February
2026-02-11,,SCB-601,Offline,0.0,,0.0,,,,100.0,Offline,0,Wednesday,February
2026-02-12,,SCB-601,Offline,0.0,,0.0,,,,100.0,Offline,0,Thursday,February
2026-02-13,,SCB-601,Offline,0.0,,0.0,,,,100.0,Offline,0,Friday,February
2026-02-14,,SCB-601,Offline,0.0,,0.0,,,,100.0,Offline,0,Saturday,February
2026-02-15,,SCB-601,Offline,0.0,,0.0,,,,100.0,Offline,0,Sunday,February
2026-02-16,,SCB-601,Offline,0.0,,0.0,,,,100.0,Offline,0,Monday,February
2026-02-17,,SCB-601,Offline,0.0,,0.0,,,,100.0,Offline,0,Tuesday,February
2026-02-18,,SCB-601,Offline,0.0,,0.0,,,,100.0,Offline,0,Wednesday,February
2026-02-19,,SCB-601,Offline,0.0,,0.0,,,,100.0,Offline,0,Thursday,February
2026-02-20,,SCB-601,Offline,0.0,,0.0,,,,100.0,Offline,0,Friday,February
2026-02-21,,SCB-601,Offline,0.0,,0.0,,,,100.0,Offline,0,Saturday,February
2026-02-22,,SCB-601,Offline,0.0,,0.0,,,,100.0,Offline,0,Sunday,February
2026-02-23,,SCB-601,Offline,0.0,,0.0,,,,100.0,Offline,0,Monday,February
2026-02-24,,SCB-601,Offline,0.0,,0.0,,,,100.0,Offline,0,Tuesday,February
2026-02-25,,SCB-601,Offline,0.0,,0.0,,,,100.0,Offline,0,Wednesday,February
2026-02-26,13.97,SCB-601,Good,0.0,13.97,0.0,13.97,13.97,0.0,100.0,High,0,Thursday,February
2026-02-27,13.9,SCB-601,Good,-0.07000000000000028,13.935,0.049497474683058526,13.9,13.97,0.07000000000000028,99.3,High,0,Friday,February
2026-02-28,14.0,SCB-601,Good,0.09999999999999964,13.956666666666669,0.05131601439446873,13.9,14.0,0.09999999999999964,99.0,High,0,Saturday,February
2026-03-01,13.986666666666666,SCB-601,Interpolated,-0.013333333333333641,13.964166666666667,0.04450343307606205,13.9,14.0,0.09999999999999964,99.86666666666666,High,0,Sunday,March
2026-03-02,13.973333333333334,SCB-601,Interpolated,-0.013333333333331865,13.966,0.03875851160999616,13.9,14.0,0.09999999999999964,99.86666666666667,High,0,Monday,March
2026-03-03,13.96,SCB-601,Good,-0.013333333333333641,13.965000000000002,0.03475309738394215,13.9,14.0,0.09999999999999964,99.86666666666666,High,0,Tuesday,March
2026-03-04,13.65,SCB-601,Interpolated,-0.3100000000000005,13.92,0.12321315466086241,13.65,14.0,0.34999999999999964,96.89999999999999,High,0,Wednesday,March
2026-03-05,13.34,SCB-601,Interpolated,-0.3100000000000005,13.83,0.2477528637200426,13.34,14.0,0.6600000000000001,96.89999999999999,High,0,Thursday,March
2026-03-06,13.03,SCB-601,Interpolated,-0.3100000000000005,13.705714285714285,0.3862771710961624,13.03,14.0,0.9700000000000006,96.89999999999999,High,0,Friday,March
2026-03-07,,SCB-601,Offline,0.0,13.656666666666666,0.39855293807027165,13.03,13.986666666666666,0.956666666666667,100.0,Offline,0,Saturday,March
2026-03-08,,SCB-601,Offline,0.0,13.590666666666667,0.40729050511343573,13.03,13.973333333333334,0.9433333333333351,100.0,Offline,0,Sunday,March
2026-03-09,12.1,SCB-601,Good,0.0,13.216,0.7136735948597259,12.1,13.96,1.8600000000000012,100.0,High,0,Monday,March
2026-03-10,8.25,SCB-601,Good,-3.8499999999999996,12.074,2.2149559815039237,8.25,13.65,5.4,61.5,Low,0,Tuesday,March
2026-03-11,8.25,SCB-601,Good,0.0,10.994,2.546140216091803,8.25,13.34,5.09,100.0,Low,0,Wednesday,March
2026-03-12,8.25,SCB-601,Good,0.0,9.976,2.3861852400851067,8.25,13.03,4.779999999999999,100.0,Low,0,Thursday,March
2026-03-13,8.24,SCB-601,Good,-0.009999999999999787,9.018,1.7228958180923262,8.24,12.1,3.8599999999999994,99.9,Low,0,Friday,March
2026-03-14,8.25,SCB-601,Good,0.009999999999999787,8.89,1.5725775020646904,8.24,12.1,3.8599999999999994,99.9,Low,0,Saturday,March
2026-03-15,8.24,SCB-601,Good,-0.009999999999999787,8.797142857142857,1.4564307316829368,8.24,12.1,3.8599999999999994,99.9,Low,0,Sunday,March
2026-03-16,8.24,SCB-601,Good,0.0,8.245714285714286,0.005345224840256643,8.24,8.25,0.009999999999999787,100.0,Low,0,Monday,March
2026-03-17,8.24,SCB-601,Good,0.0,8.244285714285715,0.00534522484025779,8.24,8.25,0.009999999999999787,100.0,Low,0,Tuesday,March
2026-03-18,8.24,SCB-601,Good,0.0,8.242857142857144,0.004879500366945052,8.24,8.25,0.009999999999999787,100.0,Low,0,Wednesday,March
2026-03-19,8.24,SCB-601,Good,0.0,8.241428571428571,0.0037796447329376272,8.24,8.25,0.009999999999999787,100.0,Low,0,Thursday,March
2026-03-20,8.24,SCB-601,Good,0.0,8.241428571428573,0.0037796447329376272,8.24,8.25,0.009999999999999787,100.0,Low,0,Friday,March
2026-03-21,8.24,SCB-601,Good,0.0,8.24,1.4671441558352216e-07,8.24,8.24,0.0,100.0,Low,0,Saturday,March
2026-03-22,8.24,SCB-601,Good,0.0,8.24,1.4671441558352216e-07,8.24,8.24,0.0,100.0,Low,0,Sunday,March
2026-03-23,8.24,SCB-601,Good,0.0,8.24,1.4671441558352216e-07,8.24,8.24,0.0,100.0,Low,0,Monday,March
2026-03-24,8.25,SCB-601,Good,0.009999999999999787,8.241428571428571,0.0037796447329376272,8.24,8.25,0.009999999999999787,99.9,Low,0,Tuesday,March
2026-03-25,8.25,SCB-601,Interpolated,0.0,8.242857142857144,0.004879500366945052,8.24,8.25,0.009999999999999787,100.0,Low,0,Wednesday,March
2026-03-26,8.25,SCB-601,Interpolated,0.0,8.244285714285715,0.005345224840257367,8.24,8.25,0.009999999999999787,100.0,Low,0,Thursday,March
2026-03-27,8.25,SCB-601,Interpolated,0.0,8.245714285714286,0.005345224840255706,8.24,8.25,0.009999999999999787,100.0,Low,0,Friday,March
2026-03-28,8.25,SCB-601,Good,0.0,8.247142857142856,0.004879500366939592,8.24,8.25,0.009999999999999787,100.0,Low,0,Saturday,March
2026-03-29,8.26,SCB-601,Good,0.009999999999999787,8.25,0.005773502693749618,8.24,8.26,0.019999999999999574,99.9,Low,0,Sunday,March
2026-03-30,8.25,SCB-601,Good,-0.009999999999999787,8.251428571428573,0.003779644732921178,8.25,8.26,0.009999999999999787,99.9,Low,0,Monday,March
2026-03-31,8.25,SCB-601,Good,0.0,8.251428571428573,0.003779644732921178,8.25,8.26,0.009999999999999787,100.0,Low,0,Tuesday,March
2026-04-01,7.7,SCB-601,Good,-0.5499999999999998,8.172857142857143,0.20854370331059716,7.7,8.26,0.5599999999999996,94.5,Low,0,Wednesday,April
2026-04-02,7.73,SCB-601,Good,0.03000000000000025,8.098571428571429,0.26219767170522706,7.7,8.26,0.5599999999999996,99.7,Low,0,Thursday,April
2026-04-03,8.29,SCB-601,Good,0.5599999999999987,8.104285714285714,0.2664493161846376,7.7,8.29,0.589999999999999,94.4,Low,0,Friday,April
2026-04-04,8.28,SCB-601,Good,-0.009999999999999787,8.108571428571429,0.26940852321516323,7.7,8.29,0.589999999999999,99.9,Low,0,Saturday,April
2026-04-05,8.27,SCB-601,Good,-0.009999999999999787,8.110000000000001,0.2703701166919576,7.7,8.29,0.589999999999999,99.9,Low,0,Sunday,April
2026-04-06,8.25,SCB-601,Good,-0.019999999999999574,8.11,0.2703701166919576,7.7,8.29,0.589999999999999,99.80000000000001,Low,0,Monday,April
2026-04-07,8.24,SCB-601,Good,-0.009999999999999787,8.108571428571427,0.2695322226518414,7.7,8.29,0.589999999999999,99.9,Low,0,Tuesday,April
2026-04-08,8.25,SCB-601,Good,0.009999999999999787,8.187142857142858,0.20237871147224124,7.73,8.29,0.5599999999999987,99.9,Low,0,Wednesday,April
2026-04-09,8.24,SCB-601,Good,-0.009999999999999787,8.26,0.020000000000521125,8.24,8.29,0.049999999999998934,99.9,Low,0,Thursday,April
2026-04-10,8.22,SCB-601,Good,-0.019999999999999574,8.25,0.0200000000005252,8.22,8.28,0.05999999999999872,99.80000000000001,Low,0,Friday,April
2026-04-11,8.23,SCB-601,Good,0.009999999999999787,8.242857142857144,0.016035674515404236,8.22,8.27,0.049999999999998934,99.9,Low,0,Saturday,April
2026-04-12,8.225000000000001,SCB-601,Interpolated,-0.004999999999999005,8.236428571428572,0.011801936887940555,8.22,8.25,0.02999999999999936,99.95000000000002,Low,0,Sunday,April
2026-04-13,8.22,SCB-601,Good,-0.005000000000000782,8.232142857142858,0.011495340671947608,8.22,8.25,0.02999999999999936,99.94999999999999,Low,0,Monday,April
2026-04-14,8.14,SCB-601,Good,-0.08000000000000007,8.217857142857143,0.036039000039276584,8.14,8.25,0.10999999999999943,99.2,Low,0,Tuesday,April
2026-04-15,8.22,SCB-601,Good,0.08000000000000007,8.213571428571429,0.03325586235498785,8.14,8.24,0.09999999999999964,99.2,Low,0,Wednesday,April
2026-04-16,8.22,SCB-601,Good,0.0,8.210714285714287,0.03141504037760124,8.14,8.23,0.08999999999999986,100.0,Low,0,Thursday,April
2026-04-17,8.22,SCB-601,Good,0.0,8.210714285714287,0.03141504037760123,8.14,8.23,0.08999999999999986,100.0,Low,0,Friday,April
2026-04-18,8.21,SCB-601,Good,-0.009999999999999787,8.207857142857144,0.030256837086810456,8.14,8.225000000000001,0.08500000000000085,99.9,Low,0,Saturday,April
2026-04-19,8.21,SCB-601,Good,0.0,8.205714285714286,0.02935821455617476,8.14,8.22,0.08000000000000007,100.0,Low,0,Sunday,April
2026-04-20,8.21,SCB-601,Good,0.0,8.204285714285716,0.028784916685533096,8.14,8.22,0.08000000000000007,100.0,Low,0,Monday,April
2026-04-21,8.19,SCB-601,Good,-0.02000000000000135,8.211428571428572,0.010690449677503908,8.19,8.22,0.030000000000001137,99.79999999999998,Low,0,Tuesday,April
2026-04-22,8.21,SCB-601,Good,0.02000000000000135,8.21,0.010000000001077947,8.19,8.22,0.030000000000001137,99.79999999999998,Low,0,Wednesday,April
2026-04-23,8.19,SCB-601,Good,-0.02000000000000135,8.205714285714285,0.01133893419123175,8.19,8.22,0.030000000000001137,99.79999999999998,Low,0,Thursday,April
2026-04-24,8.21,SCB-601,Good,0.02000000000000135,8.204285714285716,0.009759000730596438,8.19,8.21,0.02000000000000135,99.79999999999998,Low,0,Friday,April
2026-04-25,8.21,SCB-601,Good,0.0,8.204285714285716,0.009759000730596438,8.19,8.21,0.02000000000000135,100.0,Low,0,Saturday,April
2026-04-26,8.21,SCB-601,Good,0.0,8.204285714285716,0.009759000730596438,8.19,8.21,0.02000000000000135,100.0,Low,0,Sunday,April
2026-04-27,8.21,SCB-601,Good,0.0,8.204285714285716,0.009759000730596438,8.19,8.21,0.02000000000000135,100.0,Low,0,Monday,April
2026-04-28,8.21,SCB-601,Good,0.0,8.207142857142857,0.007559289461615326,8.19,8.21,0.02000000000000135,100.0,Low,0,Tuesday,April
2026-04-29,8.21,SCB-601,Good,0.0,8.207142857142857,0.007559289461615326,8.19,8.21,0.02000000000000135,100.0,Low,0,Wednesday,April
2026-04-30,8.21,SCB-601,Good,0.0,8.21,1.4690601941034894e-07,8.21,8.21,0.0,100.0,Low,0,Thursday,April
2026-05-01,8.21,SCB-601,Good,0.0,8.21,1.4690601941034894e-07,8.21,8.21,0.0,100.0,Low,0,Friday,May
2026-05-02,8.21,SCB-601,Good,0.0,8.21,1.4690601941034894e-07,8.21,8.21,0.0,100.0,Low,0,Saturday,May
2026-05-03,8.22,SCB-601,Good,0.009999999999999787,8.211428571428572,0.0037796447329443423,8.21,8.22,0.009999999999999787,99.9,Low,0,Sunday,May
2026-05-04,8.17,SCB-601,Good,-0.05000000000000071,8.205714285714288,0.016183471874922944,8.17,8.22,0.05000000000000071,99.5,Low,0,Monday,May
2026-05-05,8.22,SCB-601,Good,0.05000000000000071,8.207142857142857,0.017043362065561705,8.17,8.22,0.05000000000000071,99.5,Low,0,Tuesday,May
2026-05-06,8.22,SCB-601,Good,0.0,8.20857142857143,0.017728105209168062,8.17,8.22,0.05000000000000071,100.0,Low,0,Wednesday,May
2026-05-07,8.23,SCB-601,Good,0.009999999999999787,8.211428571428572,0.01951800145952331,8.17,8.23,0.0600000000000005,99.9,Low,0,Thursday,May
2026-05-08,8.23,SCB-601,Good,0.0,8.214285714285715,0.02070196678079065,8.17,8.23,0.0600000000000005,100.0,Low,0,Friday,May
2026-05-09,8.24,SCB-601,Good,0.009999999999999787,8.21857142857143,0.02267786838102704,8.17,8.24,0.07000000000000028,99.9,Low,0,Saturday,May
2026-05-10,8.24,SCB-601,Good,0.0,8.221428571428572,0.02410295378109928,8.17,8.24,0.07000000000000028,100.0,Low,0,Sunday,May
2026-05-11,8.23,SCB-601,Good,-0.009999999999999787,8.23,0.008164965810580953,8.22,8.24,0.019999999999999574,99.9,Low,0,Monday,May
2026-05-12,8.25,SCB-601,Good,0.019999999999999574,8.234285714285715,0.009759000730573376,8.22,8.25,0.02999999999999936,99.80000000000001,Low,0,Tuesday,May
2026-05-13,8.25,SCB-601,Good,0.0,8.23857142857143,0.008997354109601424,8.23,8.25,0.019999999999999574,100.0,Low,0,Wednesday,May
2026-05-14,8.25,SCB-601,Good,0.0,8.241428571428571,0.008997354109599143,8.23,8.25,0.019999999999999574,100.0,Low,0,Thursday,May
2026-05-15,8.26,SCB-601,Good,0.009999999999999787,8.245714285714286,0.009759000730564968,8.23,8.26,0.02999999999999936,99.9,Low,0,Friday,May
2026-05-16,8.26,SCB-601,Good,0.0,8.248571428571427,0.01069044967748025,8.23,8.26,0.02999999999999936,100.0,Low,0,Saturday,May
2026-05-17,8.26,SCB-601,Good,0.0,8.251428571428573,0.010690449677477818,8.23,8.26,0.02999999999999936,100.0,Low,0,Sunday,May
2026-05-18,8.27,SCB-601,Good,0.009999999999999787,8.257142857142856,0.007559289461564482,8.25,8.27,0.019999999999999574,99.9,Low,0,Monday,May
2026-05-19,8.27,SCB-601,Good,0.0,8.26,0.008164965810551247,8.25,8.27,0.019999999999999574,100.0,Low,0,Tuesday,May
2026-05-20,8.27,SCB-601,Good,0.0,8.262857142857142,0.007559289461556537,8.25,8.27,0.019999999999999574,100.0,Low,0,Wednesday,May
2026-05-21,8.27,SCB-601,Good,0.0,8.265714285714285,0.00534522484018274,8.26,8.27,0.009999999999999787,100.0,Low,0,Thursday,May
2026-05-22,8.27,SCB-601,Good,0.0,8.267142857142856,0.004879500366858072,8.26,8.27,0.009999999999999787,100.0,Low,0,Friday,May
2026-05-23,8.28,SCB-601,Good,0.009999999999999787,8.27,0.005773502693678078,8.26,8.28,0.019999999999999574,99.9,Low,0,Saturday,May
2026-05-24,8.28,SCB-601,Good,0.0,8.272857142857143,0.004879500366843511,8.27,8.28,0.009999999999999787,100.0,Low,0,Sunday,May
2026-05-25,8.28,SCB-601,Good,0.0,8.274285714285714,0.0053452248401628,8.27,8.28,0.009999999999999787,100.0,Low,0,Monday,May
2026-05-26,8.28,SCB-601,Good,0.0,8.275714285714285,0.00534522484015922,8.27,8.28,0.009999999999999787,100.0,Low,0,Tuesday,May
2026-05-27,8.28,SCB-601,Good,0.0,8.277142857142858,0.004879500366831745,8.27,8.28,0.009999999999999787,100.0,Low,0,Wednesday,May
2026-05-28,8.29,SCB-601,Good,0.009999999999999787,8.28,0.0057735026936548755,8.27,8.29,0.019999999999999574,99.9,Low,0,Thursday,May
2026-05-29,8.28,SCB-601,Good,-0.009999999999999787,8.281428571428572,0.0037796447327732106,8.28,8.29,0.009999999999999787,99.9,Low,0,Friday,May
2026-05-30,8.27,SCB-601,Good,-0.009999999999999787,8.28,0.0057735026936548755,8.27,8.29,0.019999999999999574,99.9,Low,0,Saturday,May
2026-05-31,8.28,SCB-601,Good,0.009999999999999787,8.28,0.0057735026936548755,8.27,8.29,0.019999999999999574,99.9,Low,0,Sunday,May
2026-06-01,8.28,SCB-601,Good,0.0,8.28,0.0057735026936548755,8.27,8.29,0.019999999999999574,100.0,Low,0,Monday,June
2026-06-02,8.27,SCB-601,Good,-0.009999999999999787,8.278571428571428,0.006900655594897897,8.27,8.29,0.019999999999999574,99.9,Low,0,Tuesday,June
2026-06-03,8.25,SCB-601,Good,-0.019999999999999574,8.274285714285714,0.012724180206411563,8.25,8.29,0.03999999999999915,99.80000000000001,Low,0,Wednesday,June
2026-06-04,8.26,SCB-601,Good,0.009999999999999787,8.27,0.011547005384684533,8.25,8.28,0.02999999999999936,99.9,Low,0,Thursday,June
2026-06-05,8.26,SCB-601,Good,0.0,8.267142857142856,0.011126972806213045,8.25,8.28,0.02999999999999936,100.0,Low,0,Friday,June
2026-06-06,8.26,SCB-601,Good,0.0,8.265714285714285,0.011338934191190487,8.25,8.28,0.02999999999999936,100.0,Low,0,Saturday,June
2026-06-07,8.26,SCB-601,Good,0.0,8.262857142857142,0.009511897313207058,8.25,8.28,0.02999999999999936,100.0,Low,0,Sunday,June
2026-06-08,8.25,SCB-601,Good,-0.009999999999999787,8.258571428571427,0.006900655594940866,8.25,8.27,0.019999999999999574,99.9,Low,0,Monday,June
2026-06-09,8.25,SCB-601,Good,0.0,8.255714285714285,0.0053452248402156765,8.25,8.26,0.009999999999999787,100.0,Low,0,Tuesday,June
2026-06-10,8.23,SCB-601,Good,-0.019999999999999574,8.252857142857144,0.011126972806232475,8.23,8.26,0.02999999999999936,99.80000000000001,Low,0,Wednesday,June
2026-06-11,8.27,SCB-601,Good,0.03999999999999915,8.254285714285714,0.01272418020643469,8.23,8.27,0.03999999999999915,99.60000000000001,Low,0,Thursday,June
2026-06-12,8.28,SCB-601,Good,0.009999999999999787,8.257142857142856,0.016035674515399233,8.23,8.28,0.049999999999998934,99.9,Low,0,Friday,June
2026-06-13,8.29,SCB-601,Good,0.009999999999999787,8.26142857142857,0.02035400978447589,8.23,8.29,0.05999999999999872,99.9,Low,0,Saturday,June
2026-06-14,8.28,SCB-601,Good,-0.009999999999999787,8.264285714285714,0.021491969707904655,8.23,8.29,0.05999999999999872,99.9,Low,0,Sunday,June
2026-06-15,8.29,SCB-601,Good,0.009999999999999787,8.27,0.022360679775457054,8.23,8.29,0.05999999999999872,99.9,Low,0,Monday,June
2026-06-16,8.29,SCB-601,Good,0.0,8.275714285714285,0.02149196970789576,8.23,8.29,0.05999999999999872,100.0,Low,0,Tuesday,June
2026-06-17,8.3,SCB-601,Good,0.010000000000001563,8.285714285714285,0.009759000730512238,8.27,8.3,0.030000000000001137,99.89999999999998,Low,0,Wednesday,June
2026-06-18,8.3,SCB-601,Good,0.0,8.290000000000001,0.008164965810496692,8.28,8.3,0.02000000000000135,100.0,Low,0,Thursday,June
2026-06-19,7.92,SCB-601,Good,-0.3800000000000008,8.23857142857143,0.14064477374212625,7.92,8.3,0.3800000000000008,96.19999999999999,Low,0,Friday,June
2026-06-20,8.32,SCB-601,Good,0.40000000000000036,8.242857142857144,0.14291189426996942,7.92,8.32,0.40000000000000036,96.0,Low,0,Saturday,June
2026-06-21,8.31,SCB-601,Good,-0.009999999999999787,8.247142857142856,0.1446506464687621,7.92,8.32,0.40000000000000036,99.9,Low,0,Sunday,June
2026-06-22,8.3,SCB-601,Good,-0.009999999999999787,8.248571428571429,0.1451928110512832,7.92,8.32,0.40000000000000036,99.9,Low,0,Monday,June
2026-06-23,8.3,SCB-601,Good,0.0,8.25,0.14571661996270205,7.92,8.32,0.40000000000000036,100.0,Low,0,Tuesday,June
2026-06-24,8.3,SCB-601,Good,0.0,8.250000000000002,0.14571661996270205,7.92,8.32,0.40000000000000036,100.0,Low,0,Wednesday,June
2026-06-25,8.3,SCB-601,Good,0.0,8.25,0.14571661996270205,7.92,8.32,0.40000000000000036,100.0,Low,0,Thursday,June
2026-06-26,8.28,SCB-601,Good,-0.02000000000000135,8.301428571428572,0.012149857926671266,8.28,8.32,0.040000000000000924,99.79999999999998,Low,0,Friday,June
2026-06-27,8.3,SCB-601,Good,0.02000000000000135,8.29857142857143,0.008997354109499886,8.28,8.31,0.030000000000001137,99.79999999999998,Low,0,Saturday,June
2026-06-28,8.29,SCB-601,Good,-0.010000000000001563,8.295714285714286,0.007867957925930794,8.28,8.3,0.02000000000000135,99.89999999999998,Low,0,Sunday,June
2026-06-29,8.3,SCB-601,Good,0.010000000000001563,8.295714285714286,0.007867957925930794,8.28,8.3,0.02000000000000135,99.89999999999998,Low,0,Monday,June
2026-06-30,8.3,SCB-601,Good,0.0,8.295714285714286,0.007867957925930794,8.28,8.3,0.02000000000000135,100.0,Low,0,Tuesday,June
2026-01-01,,SCB-604,Offline,0.0,,0.0,,,,100.0,Offline,0,Thursday,January
2026-01-02,,SCB-604,Offline,0.0,,0.0,,,,100.0,Offline,0,Friday,January
2026-01-03,,SCB-604,Offline,0.0,,0.0,,,,100.0,Offline,0,Saturday,January
2026-01-04,,SCB-604,Offline,0.0,,0.0,,,,100.0,Offline,0,Sunday,January
2026-01-05,,SCB-604,Offline,0.0,,0.0,,,,100.0,Offline,0,Monday,January
2026-01-06,,SCB-604,Offline,0.0,,0.0,,,,100.0,Offline,0,Tuesday,January
2026-01-07,,SCB-604,Offline,0.0,,0.0,,,,100.0,Offline,0,Wednesday,January
2026-01-08,,SCB-604,Offline,0.0,,0.0,,,,100.0,Offline,0,Thursday,January
2026-01-09,,SCB-604,Offline,0.0,,0.0,,,,100.0,Offline,0,Friday,January
2026-01-10,,SCB-604,Offline,0.0,,0.0,,,,100.0,Offline,0,Saturday,January
2026-01-11,,SCB-604,Offline,0.0,,0.0,,,,100.0,Offline,0,Sunday,January
2026-01-12,,SCB-604,Offline,0.0,,0.0,,,,100.0,Offline,0,Monday,January
2026-01-13,,SCB-604,Offline,0.0,,0.0,,,,100.0,Offline,0,Tuesday,January
2026-01-14,,SCB-604,Offline,0.0,,0.0,,,,100.0,Offline,0,Wednesday,January
2026-01-15,,SCB-604,Offline,0.0,,0.0,,,,100.0,Offline,0,Thursday,January
2026-01-16,,SCB-604,Offline,0.0,,0.0,,,,100.0,Offline,0,Friday,January
2026-01-17,,SCB-604,Offline,0.0,,0.0,,,,100.0,Offline,0,Saturday,January
2026-01-18,,SCB-604,Offline,0.0,,0.0,,,,100.0,Offline,0,Sunday,January
2026-01-19,,SCB-604,Offline,0.0,,0.0,,,,100.0,Offline,0,Monday,January
2026-01-20,10.94,SCB-604,Good,0.0,10.94,0.0,10.94,10.94,0.0,100.0,Normal,0,Tuesday,January
2026-01-21,11.16,SCB-604,Good,0.22000000000000064,11.05,0.15556349186104027,10.94,11.16,0.22000000000000064,97.8,Normal,0,Wednesday,January
2026-01-22,10.93,SCB-604,Good,-0.23000000000000043,11.01,0.13000000000000006,10.93,11.16,0.23000000000000043,97.69999999999999,Normal,0,Thursday,January
2026-01-23,11.17,SCB-604,Good,0.2400000000000002,11.05,0.13291601358251248,10.93,11.17,0.2400000000000002,97.6,Normal,0,Friday,January
2026-01-24,11.25,SCB-604,Good,0.08000000000000007,11.09,0.14577379737113239,10.93,11.25,0.3200000000000003,99.2,Normal,0,Saturday,January
2026-01-25,11.236,SCB-604,Interpolated,-0.013999999999999346,11.114333333333335,0.1433620126346819,10.93,11.25,0.3200000000000003,99.86000000000001,Normal,0,Sunday,January
2026-01-26,11.222,SCB-604,Interpolated,-0.014000000000001123,11.129714285714286,0.13705195400007292,10.93,11.25,0.3200000000000003,99.85999999999999,Normal,0,Monday,January
2026-01-27,11.208,SCB-604,Interpolated,-0.013999999999999346,11.168000000000001,0.10998181667894007,10.93,11.25,0.3200000000000003,99.86000000000001,Normal,0,Tuesday,January
2026-01-28,,SCB-604,Offline,0.0,11.169333333333334,0.12041705305589671,10.93,11.25,0.3200000000000003,100.0,Offline,0,Wednesday,January
2026-01-29,11.18,SCB-604,Good,0.0,11.210999999999999,0.03136239786751106,11.17,11.25,0.08000000000000007,100.0,Normal,0,Thursday,January
2026-01-30,11.05,SCB-604,Good,-0.129999999999999,11.191,0.0731546307488458,11.05,11.25,0.1999999999999993,98.70000000000002,Normal,0,Friday,January
2026-01-31,11.02,SCB-604,Good,-0.030000000000001137,11.152666666666667,0.09348939333778201,11.02,11.236,0.21600000000000108,99.69999999999999,Normal,0,Saturday,January
2026-02-01,10.95,SCB-604,Good,-0.07000000000000028,11.104999999999999,0.11331195876870018,10.95,11.222,0.27200000000000024,99.3,Normal,0,Sunday,February
2026-02-02,11.16,SCB-604,Good,0.21000000000000085,11.094666666666667,0.10285264540431728,10.95,11.208,0.2580000000000009,97.89999999999999,Normal,0,Monday,February
2026-02-03,10.97,SCB-604,Good,-0.1899999999999995,11.055,0.09607288899579937,10.95,11.18,0.23000000000000043,98.10000000000001,Normal,0,Tuesday,February
2026-02-04,11.2,SCB-604,Good,0.22999999999999865,11.075714285714286,0.1034177842309414,10.95,11.2,0.25,97.70000000000002,Normal,0,Wednesday,February
2026-02-05,11.03,SCB-604,Good,-0.16999999999999993,11.054285714285713,0.0932482605480521,10.95,11.2,0.25,98.3,Normal,0,Thursday,February
2026-02-06,11.1,SCB-604,Good,0.07000000000000028,11.06142857142857,0.09476788686549757,10.95,11.2,0.25,99.3,Normal,0,Friday,February
2026-02-07,11.15,SCB-604,Good,0.05000000000000071,11.08,0.09797958971132463,10.95,11.2,0.25,99.5,Normal,0,Saturday,February
2026-02-08,11.17,SCB-604,Good,0.019999999999999574,11.111428571428572,0.08355209381548791,10.97,11.2,0.22999999999999865,99.80000000000001,Normal,0,Sunday,February
2026-02-09,11.14,SCB-604,Good,-0.02999999999999936,11.108571428571429,0.08194074514114096,10.97,11.2,0.22999999999999865,99.7,Normal,0,Monday,February
2026-02-10,11.04,SCB-604,Good,-0.10000000000000142,11.118571428571428,0.06466028441750174,11.03,11.2,0.16999999999999993,98.99999999999999,Normal,0,Tuesday,February
2026-02-11,11.09,SCB-604,Good,0.05000000000000071,11.102857142857143,0.054072262055597724,11.03,11.17,0.14000000000000057,99.5,Normal,0,Wednesday,February
2026-02-12,10.94,SCB-604,Good,-0.15000000000000036,11.09,0.07916228058025036,10.94,11.17,0.23000000000000043,98.5,Normal,0,Thursday,February
2026-02-13,11.29,SCB-604,Good,0.34999999999999964,11.117142857142856,0.10980502200328832,10.94,11.29,0.34999999999999964,96.5,Normal,0,Friday,February
2026-02-14,11.11,SCB-604,Good,-0.17999999999999972,11.111428571428572,0.10884676865951867,10.94,11.29,0.34999999999999964,98.2,Normal,0,Saturday,February
2026-02-15,11.12,SCB-604,Good,0.009999999999999787,11.104285714285712,0.10596495377515674,10.94,11.29,0.34999999999999964,99.9,Normal,0,Sunday,February
2026-02-16,11.24,SCB-604,Good,0.120000000000001,11.118571428571427,0.11767590682726371,10.94,11.29,0.34999999999999964,98.79999999999998,Normal,0,Monday,February
2026-02-17,11.13,SCB-604,Good,-0.10999999999999943,11.131428571428572,0.1124616336695272,10.94,11.29,0.34999999999999964,98.9,Normal,0,Tuesday,February
2026-02-18,11.15,SCB-604,Good,0.019999999999999574,11.139999999999999,0.11105554165971764,10.94,11.29,0.34999999999999964,99.80000000000001,Normal,0,Wednesday,February
2026-02-19,11.1,SCB-604,Good,-0.05000000000000071,11.162857142857144,0.07296444013222878,11.1,11.29,0.1899999999999995,99.5,Normal,0,Thursday,February
2026-02-20,9.68,SCB-604,Good,-1.42,10.932857142857141,0.5544280622321304,9.68,11.24,1.5600000000000005,85.8,Normal,0,Friday,February
2026-02-21,7.21,SCB-604,Good,-2.4699999999999998,10.375714285714285,1.499987301533549,7.21,11.24,4.03,75.30000000000001,Low,0,Saturday,February
2026-02-22,7.21,SCB-604,Good,0.0,9.817142857142857,1.8611619514496307,7.21,11.24,4.03,100.0,Low,0,Sunday,February
2026-02-23,7.21,SCB-604,Good,0.0,9.241428571428571,1.9679128416626928,7.21,11.15,3.9400000000000004,100.0,Low,0,Monday,February
2026-02-24,7.21,SCB-604,Good,0.0,8.68142857142857,1.897405496736951,7.21,11.15,3.9400000000000004,100.0,Low,0,Tuesday,February
2026-02-25,7.21,SCB-604,Good,0.0,8.118571428571428,1.604913586162068,7.21,11.1,3.8899999999999997,100.0,Low,0,Wednesday,February
2026-02-26,7.21,SCB-604,Good,0.0,7.562857142857142,0.9335722483327715,7.21,9.68,2.4699999999999998,100.0,Low,0,Thursday,February
2026-02-27,7.21,SCB-604,Good,0.0,7.21,0.0,7.21,7.21,0.0,100.0,Low,0,Friday,February
2026-02-28,7.21,SCB-604,Good,0.0,7.21,0.0,7.21,7.21,0.0,100.0,Low,0,Saturday,February
2026-03-01,7.21,SCB-604,Good,0.0,7.21,0.0,7.21,7.21,0.0,100.0,Low,0,Sunday,March
2026-03-02,7.21,SCB-604,Good,0.0,7.21,0.0,7.21,7.21,0.0,100.0,Low,0,Monday,March
2026-03-03,7.21,SCB-604,Good,0.0,7.21,0.0,7.21,7.21,0.0,100.0,Low,0,Tuesday,March
2026-03-04,7.21,SCB-604,Good,0.0,7.21,0.0,7.21,7.21,0.0,100.0,Low,0,Wednesday,March
2026-03-05,7.21,SCB-604,Good,0.0,7.21,0.0,7.21,7.21,0.0,100.0,Low,0,Thursday,March
2026-03-06,7.21,SCB-604,Good,0.0,7.21,0.0,7.21,7.21,0.0,100.0,Low,0,Friday,March
2026-03-07,7.21,SCB-604,Good,0.0,7.21,0.0,7.21,7.21,0.0,100.0,Low,0,Saturday,March
2026-03-08,7.21,SCB-604,Good,0.0,7.21,0.0,7.21,7.21,0.0,100.0,Low,0,Sunday,March
2026-03-09,7.21,SCB-604,Good,0.0,7.21,0.0,7.21,7.21,0.0,100.0,Low,0,Monday,March
2026-03-10,7.21,SCB-604,Good,0.0,7.21,0.0,7.21,7.21,0.0,100.0,Low,0,Tuesday,March
2026-03-11,7.21,SCB-604,Good,0.0,7.21,0.0,7.21,7.21,0.0,100.0,Low,0,Wednesday,March
2026-03-12,7.21,SCB-604,Good,0.0,7.21,0.0,7.21,7.21,0.0,100.0,Low,0,Thursday,March
2026-03-13,7.21,SCB-604,Good,0.0,7.21,0.0,7.21,7.21,0.0,100.0,Low,0,Friday,March
2026-03-14,7.21,SCB-604,Good,0.0,7.21,0.0,7.21,7.21,0.0,100.0,Low,0,Saturday,March
2026-03-15,7.2,SCB-604,Good,-0.009999999999999787,7.208571428571429,0.003779644730092108,7.2,7.21,0.009999999999999787,99.9,Low,0,Sunday,March
2026-03-16,7.21,SCB-604,Good,0.009999999999999787,7.208571428571427,0.003779644730092108,7.2,7.21,0.009999999999999787,99.9,Low,0,Monday,March
2026-03-17,7.21,SCB-604,Good,0.0,7.208571428571429,0.003779644730092108,7.2,7.21,0.009999999999999787,100.0,Low,0,Tuesday,March
2026-03-18,7.21,SCB-604,Good,0.0,7.208571428571429,0.003779644730092108,7.2,7.21,0.009999999999999787,100.0,Low,0,Wednesday,March
2026-03-19,7.21,SCB-604,Good,0.0,7.208571428571429,0.003779644730092108,7.2,7.21,0.009999999999999787,100.0,Low,0,Thursday,March
2026-03-20,7.21,SCB-604,Good,0.0,7.208571428571429,0.003779644730092108,7.2,7.21,0.009999999999999787,100.0,Low,0,Friday,March
2026-03-21,7.21,SCB-604,Good,0.0,7.208571428571429,0.003779644730092108,7.2,7.21,0.009999999999999787,100.0,Low,0,Saturday,March
2026-03-22,7.21,SCB-604,Good,0.0,7.21,0.0,7.21,7.21,0.0,100.0,Low,0,Sunday,March
2026-03-23,7.21,SCB-604,Good,0.0,7.21,0.0,7.21,7.21,0.0,100.0,Low,0,Monday,March
2026-03-24,7.21,SCB-604,Good,0.0,7.21,0.0,7.21,7.21,0.0,100.0,Low,0,Tuesday,March
2026-03-25,7.21,SCB-604,Interpolated,0.0,7.21,0.0,7.21,7.21,0.0,100.0,Low,0,Wednesday,March
2026-03-26,7.21,SCB-604,Interpolated,0.0,7.21,0.0,7.21,7.21,0.0,100.0,Low,0,Thursday,March
2026-03-27,7.21,SCB-604,Interpolated,0.0,7.21,0.0,7.21,7.21,0.0,100.0,Low,0,Friday,March
2026-03-28,7.21,SCB-604,Good,0.0,7.21,0.0,7.21,7.21,0.0,100.0,Low,0,Saturday,March
2026-03-29,7.21,SCB-604,Good,0.0,7.21,0.0,7.21,7.21,0.0,100.0,Low,0,Sunday,March
2026-03-30,7.21,SCB-604,Good,0.0,7.21,0.0,7.21,7.21,0.0,100.0,Low,0,Monday,March
2026-03-31,7.21,SCB-604,Good,0.0,7.21,0.0,7.21,7.21,0.0,100.0,Low,0,Tuesday,March
2026-04-01,7.21,SCB-604,Good,0.0,7.21,0.0,7.21,7.21,0.0,100.0,Low,0,Wednesday,April
2026-04-02,7.21,SCB-604,Good,0.0,7.21,0.0,7.21,7.21,0.0,100.0,Low,0,Thursday,April
2026-04-03,7.21,SCB-604,Good,0.0,7.21,0.0,7.21,7.21,0.0,100.0,Low,0,Friday,April
2026-04-04,7.21,SCB-604,Good,0.0,7.21,0.0,7.21,7.21,0.0,100.0,Low,0,Saturday,April
2026-04-05,7.21,SCB-604,Good,0.0,7.21,0.0,7.21,7.21,0.0,100.0,Low,0,Sunday,April
2026-04-06,7.21,SCB-604,Good,0.0,7.21,0.0,7.21,7.21,0.0,100.0,Low,0,Monday,April
2026-04-07,7.21,SCB-604,Good,0.0,7.21,0.0,7.21,7.21,0.0,100.0,Low,0,Tuesday,April
2026-04-08,7.21,SCB-604,Good,0.0,7.21,0.0,7.21,7.21,0.0,100.0,Low,0,Wednesday,April
2026-04-09,7.21,SCB-604,Good,0.0,7.21,0.0,7.21,7.21,0.0,100.0,Low,0,Thursday,April
2026-04-10,7.21,SCB-604,Good,0.0,7.21,0.0,7.21,7.21,0.0,100.0,Low,0,Friday,April
2026-04-11,7.21,SCB-604,Good,0.0,7.21,0.0,7.21,7.21,0.0,100.0,Low,0,Saturday,April
2026-04-12,7.21,SCB-604,Interpolated,0.0,7.21,0.0,7.21,7.21,0.0,100.0,Low,0,Sunday,April
2026-04-13,7.21,SCB-604,Good,0.0,7.21,0.0,7.21,7.21,0.0,100.0,Low,0,Monday,April
2026-04-14,7.21,SCB-604,Good,0.0,7.21,0.0,7.21,7.21,0.0,100.0,Low,0,Tuesday,April
2026-04-15,7.21,SCB-604,Good,0.0,7.21,0.0,7.21,7.21,0.0,100.0,Low,0,Wednesday,April
2026-04-16,7.21,SCB-604,Good,0.0,7.21,0.0,7.21,7.21,0.0,100.0,Low,0,Thursday,April
2026-04-17,7.21,SCB-604,Good,0.0,7.21,0.0,7.21,7.21,0.0,100.0,Low,0,Friday,April
2026-04-18,7.21,SCB-604,Good,0.0,7.21,0.0,7.21,7.21,0.0,100.0,Low,0,Saturday,April
2026-04-19,7.21,SCB-604,Good,0.0,7.21,0.0,7.21,7.21,0.0,100.0,Low,0,Sunday,April
2026-04-20,7.21,SCB-604,Good,0.0,7.21,0.0,7.21,7.21,0.0,100.0,Low,0,Monday,April
2026-04-21,7.21,SCB-604,Good,0.0,7.21,0.0,7.21,7.21,0.0,100.0,Low,0,Tuesday,April
2026-04-22,7.21,SCB-604,Good,0.0,7.21,0.0,7.21,7.21,0.0,100.0,Low,0,Wednesday,April
2026-04-23,7.21,SCB-604,Good,0.0,7.21,0.0,7.21,7.21,0.0,100.0,Low,0,Thursday,April
2026-04-24,7.21,SCB-604,Good,0.0,7.21,0.0,7.21,7.21,0.0,100.0,Low,0,Friday,April
2026-04-25,7.21,SCB-604,Good,0.0,7.21,0.0,7.21,7.21,0.0,100.0,Low,0,Saturday,April
2026-04-26,7.2,SCB-604,Good,-0.009999999999999787,7.208571428571429,0.003779644730092108,7.2,7.21,0.009999999999999787,99.9,Low,0,Sunday,April
2026-04-27,7.22,SCB-604,Good,0.019999999999999574,7.21,0.005773502691896107,7.2,7.22,0.019999999999999574,99.80000000000001,Low,0,Monday,April
2026-04-28,7.21,SCB-604,Good,-0.009999999999999787,7.21,0.005773502691896107,7.2,7.22,0.019999999999999574,99.9,Low,0,Tuesday,April
2026-04-29,7.21,SCB-604,Good,0.0,7.21,0.005773502691896107,7.2,7.22,0.019999999999999574,100.0,Low,0,Wednesday,April
2026-04-30,7.21,SCB-604,Good,0.0,7.21,0.005773502691896107,7.2,7.22,0.019999999999999574,100.0,Low,0,Thursday,April
2026-05-01,7.21,SCB-604,Good,0.0,7.21,0.005773502691896107,7.2,7.22,0.019999999999999574,100.0,Low,0,Friday,May
2026-05-02,7.21,SCB-604,Good,0.0,7.210000000000001,0.005773502691896107,7.2,7.22,0.019999999999999574,100.0,Low,0,Saturday,May
2026-05-03,7.21,SCB-604,Good,0.0,7.211428571428572,0.0037796447300921074,7.21,7.22,0.009999999999999787,100.0,Low,0,Sunday,May
2026-05-04,7.21,SCB-604,Good,0.0,7.21,0.0,7.21,7.21,0.0,100.0,Low,0,Monday,May
2026-05-05,7.21,SCB-604,Good,0.0,7.21,0.0,7.21,7.21,0.0,100.0,Low,0,Tuesday,May
2026-05-06,7.21,SCB-604,Good,0.0,7.21,0.0,7.21,7.21,0.0,100.0,Low,0,Wednesday,May
2026-05-07,7.21,SCB-604,Good,0.0,7.21,0.0,7.21,7.21,0.0,100.0,Low,0,Thursday,May
2026-05-08,7.21,SCB-604,Good,0.0,7.21,0.0,7.21,7.21,0.0,100.0,Low,0,Friday,May
2026-05-09,7.21,SCB-604,Good,0.0,7.21,0.0,7.21,7.21,0.0,100.0,Low,0,Saturday,May
2026-05-10,7.21,SCB-604,Good,0.0,7.21,0.0,7.21,7.21,0.0,100.0,Low,0,Sunday,May
2026-05-11,7.21,SCB-604,Good,0.0,7.21,0.0,7.21,7.21,0.0,100.0,Low,0,Monday,May
2026-05-12,7.21,SCB-604,Good,0.0,7.21,0.0,7.21,7.21,0.0,100.0,Low,0,Tuesday,May
2026-05-13,7.21,SCB-604,Good,0.0,7.21,0.0,7.21,7.21,0.0,100.0,Low,0,Wednesday,May
2026-05-14,7.21,SCB-604,Good,0.0,7.21,0.0,7.21,7.21,0.0,100.0,Low,0,Thursday,May
2026-05-15,7.21,SCB-604,Good,0.0,7.21,0.0,7.21,7.21,0.0,100.0,Low,0,Friday,May
2026-05-16,7.21,SCB-604,Good,0.0,7.21,0.0,7.21,7.21,0.0,100.0,Low,0,Saturday,May
2026-05-17,7.21,SCB-604,Good,0.0,7.21,0.0,7.21,7.21,0.0,100.0,Low,0,Sunday,May
2026-05-18,7.21,SCB-604,Good,0.0,7.21,0.0,7.21,7.21,0.0,100.0,Low,0,Monday,May
2026-05-19,7.21,SCB-604,Good,0.0,7.21,0.0,7.21,7.21,0.0,100.0,Low,0,Tuesday,May
2026-05-20,7.21,SCB-604,Good,0.0,7.21,0.0,7.21,7.21,0.0,100.0,Low,0,Wednesday,May
2026-05-21,7.48,SCB-604,Good,0.27000000000000046,7.248571428571429,0.1020504077124916,7.21,7.48,0.27000000000000046,97.3,Low,0,Thursday,May
2026-05-22,7.21,SCB-604,Good,-0.27000000000000046,7.248571428571429,0.1020504077124916,7.21,7.48,0.27000000000000046,97.3,Low,0,Friday,May
2026-05-23,7.21,SCB-604,Good,0.0,7.248571428571429,0.1020504077124916,7.21,7.48,0.27000000000000046,100.0,Low,0,Saturday,May
2026-05-24,7.21,SCB-604,Good,0.0,7.248571428571428,0.1020504077124916,7.21,7.48,0.27000000000000046,100.0,Low,0,Sunday,May
2026-05-25,7.21,SCB-604,Good,0.0,7.248571428571428,0.1020504077124916,7.21,7.48,0.27000000000000046,100.0,Low,0,Monday,May
2026-05-26,7.21,SCB-604,Good,0.0,7.248571428571429,0.1020504077124916,7.21,7.48,0.27000000000000046,100.0,Low,0,Tuesday,May
2026-05-27,7.21,SCB-604,Good,0.0,7.248571428571429,0.1020504077124916,7.21,7.48,0.27000000000000046,100.0,Low,0,Wednesday,May
2026-05-28,7.21,SCB-604,Good,0.0,7.21,0.0,7.21,7.21,0.0,100.0,Low,0,Thursday,May
2026-05-29,7.21,SCB-604,Good,0.0,7.21,0.0,7.21,7.21,0.0,100.0,Low,0,Friday,May
2026-05-30,7.21,SCB-604,Good,0.0,7.21,0.0,7.21,7.21,0.0,100.0,Low,0,Saturday,May
2026-05-31,7.21,SCB-604,Good,0.0,7.21,0.0,7.21,7.21,0.0,100.0,Low,0,Sunday,May
2026-06-01,7.21,SCB-604,Good,0.0,7.21,0.0,7.21,7.21,0.0,100.0,Low,0,Monday,June
2026-06-02,7.21,SCB-604,Good,0.0,7.21,0.0,7.21,7.21,0.0,100.0,Low,0,Tuesday,June
2026-06-03,7.21,SCB-604,Good,0.0,7.21,0.0,7.21,7.21,0.0,100.0,Low,0,Wednesday,June
2026-06-04,7.21,SCB-604,Good,0.0,7.21,0.0,7.21,7.21,0.0,100.0,Low,0,Thursday,June
2026-06-05,7.21,SCB-604,Good,0.0,7.21,0.0,7.21,7.21,0.0,100.0,Low,0,Friday,June
2026-06-06,7.21,SCB-604,Good,0.0,7.21,0.0,7.21,7.21,0.0,100.0,Low,0,Saturday,June
2026-06-07,7.21,SCB-604,Good,0.0,7.21,0.0,7.21,7.21,0.0,100.0,Low,0,Sunday,June
2026-06-08,7.21,SCB-604,Good,0.0,7.21,0.0,7.21,7.21,0.0,100.0,Low,0,Monday,June
2026-06-09,7.21,SCB-604,Good,0.0,7.21,0.0,7.21,7.21,0.0,100.0,Low,0,Tuesday,June
2026-06-10,7.21,SCB-604,Good,0.0,7.21,0.0,7.21,7.21,0.0,100.0,Low,0,Wednesday,June
2026-06-11,7.21,SCB-604,Good,0.0,7.21,0.0,7.21,7.21,0.0,100.0,Low,0,Thursday,June
2026-06-12,7.21,SCB-604,Good,0.0,7.21,0.0,7.21,7.21,0.0,100.0,Low,0,Friday,June
2026-06-13,7.21,SCB-604,Good,0.0,7.21,0.0,7.21,7.21,0.0,100.0,Low,0,Saturday,June
2026-06-14,7.21,SCB-604,Good,0.0,7.21,0.0,7.21,7.21,0.0,100.0,Low,0,Sunday,June
2026-06-15,7.21,SCB-604,Good,0.0,7.21,0.0,7.21,7.21,0.0,100.0,Low,0,Monday,June
2026-06-16,7.21,SCB-604,Good,0.0,7.21,0.0,7.21,7.21,0.0,100.0,Low,0,Tuesday,June
2026-06-17,7.21,SCB-604,Good,0.0,7.21,0.0,7.21,7.21,0.0,100.0,Low,0,Wednesday,June
2026-06-18,7.21,SCB-604,Good,0.0,7.21,0.0,7.21,7.21,0.0,100.0,Low,0,Thursday,June
2026-06-19,7.21,SCB-604,Good,0.0,7.21,0.0,7.21,7.21,0.0,100.0,Low,0,Friday,June
2026-06-20,7.21,SCB-604,Good,0.0,7.21,0.0,7.21,7.21,0.0,100.0,Low,0,Saturday,June
2026-06-21,7.21,SCB-604,Good,0.0,7.21,0.0,7.21,7.21,0.0,100.0,Low,0,Sunday,June
2026-06-22,7.21,SCB-604,Good,0.0,7.21,0.0,7.21,7.21,0.0,100.0,Low,0,Monday,June
2026-06-23,7.21,SCB-604,Good,0.0,7.21,0.0,7.21,7.21,0.0,100.0,Low,0,Tuesday,June
2026-06-24,7.21,SCB-604,Good,0.0,7.21,0.0,7.21,7.21,0.0,100.0,Low,0,Wednesday,June
2026-06-25,7.21,SCB-604,Good,0.0,7.21,0.0,7.21,7.21,0.0,100.0,Low,0,Thursday,June
2026-06-26,7.21,SCB-604,Good,0.0,7.21,0.0,7.21,7.21,0.0,100.0,Low,0,Friday,June
2026-06-27,7.21,SCB-604,Good,0.0,7.21,0.0,7.21,7.21,0.0,100.0,Low,0,Saturday,June
2026-06-28,7.21,SCB-604,Good,0.0,7.21,0.0,7.21,7.21,0.0,100.0,Low,0,Sunday,June
2026-06-29,7.21,SCB-604,Good,0.0,7.21,0.0,7.21,7.21,0.0,100.0,Low,0,Monday,June
2026-06-30,7.21,SCB-604,Good,0.0,7.21,0.0,7.21,7.21,0.0,100.0,Low,0,Tuesday,June
2026-01-01,,SCB-605,Offline,0.0,,0.0,,,,100.0,Offline,0,Thursday,January
2026-01-02,,SCB-605,Offline,0.0,,0.0,,,,100.0,Offline,0,Friday,January
2026-01-03,,SCB-605,Offline,0.0,,0.0,,,,100.0,Offline,0,Saturday,January
2026-01-04,,SCB-605,Offline,0.0,,0.0,,,,100.0,Offline,0,Sunday,January
2026-01-05,,SCB-605,Offline,0.0,,0.0,,,,100.0,Offline,0,Monday,January
2026-01-06,,SCB-605,Offline,0.0,,0.0,,,,100.0,Offline,0,Tuesday,January
2026-01-07,,SCB-605,Offline,0.0,,0.0,,,,100.0,Offline,0,Wednesday,January
2026-01-08,,SCB-605,Offline,0.0,,0.0,,,,100.0,Offline,0,Thursday,January
2026-01-09,,SCB-605,Offline,0.0,,0.0,,,,100.0,Offline,0,Friday,January
2026-01-10,,SCB-605,Offline,0.0,,0.0,,,,100.0,Offline,0,Saturday,January
2026-01-11,,SCB-605,Offline,0.0,,0.0,,,,100.0,Offline,0,Sunday,January
2026-01-12,,SCB-605,Offline,0.0,,0.0,,,,100.0,Offline,0,Monday,January
2026-01-13,,SCB-605,Offline,0.0,,0.0,,,,100.0,Offline,0,Tuesday,January
2026-01-14,,SCB-605,Offline,0.0,,0.0,,,,100.0,Offline,0,Wednesday,January
2026-01-15,,SCB-605,Offline,0.0,,0.0,,,,100.0,Offline,0,Thursday,January
2026-01-16,,SCB-605,Offline,0.0,,0.0,,,,100.0,Offline,0,Friday,January
2026-01-17,,SCB-605,Offline,0.0,,0.0,,,,100.0,Offline,0,Saturday,January
2026-01-18,,SCB-605,Offline,0.0,,0.0,,,,100.0,Offline,0,Sunday,January
2026-01-19,,SCB-605,Offline,0.0,,0.0,,,,100.0,Offline,0,Monday,January
2026-01-20,11.25,SCB-605,Good,0.0,11.25,0.0,11.25,11.25,0.0,100.0,Normal,0,Tuesday,January
2026-01-21,10.81,SCB-605,Good,-0.4399999999999995,11.030000000000001,0.3111269837220812,10.81,11.25,0.4399999999999995,95.60000000000001,Normal,0,Wednesday,January
2026-01-22,11.15,SCB-605,Good,0.33999999999999986,11.07,0.23065125189341604,10.81,11.25,0.4399999999999995,96.6,Normal,0,Thursday,January
2026-01-23,11.33,SCB-605,Good,0.17999999999999972,11.135,0.22883764259113212,10.81,11.33,0.5199999999999996,98.2,Normal,0,Friday,January
2026-01-24,11.01,SCB-605,Good,-0.3200000000000003,11.11,0.20591260281974008,10.81,11.33,0.5199999999999996,96.8,Normal,0,Saturday,January
2026-01-25,11.002,SCB-605,Interpolated,-0.007999999999999119,11.092,0.18937792902025294,10.81,11.33,0.5199999999999996,99.92000000000002,Normal,0,Sunday,January
2026-01-26,10.994,SCB-605,Interpolated,-0.008000000000000895,11.078000000000001,0.17680120663238305,10.81,11.33,0.5199999999999996,99.91999999999999,Normal,0,Monday,January
2026-01-27,10.986,SCB-605,Interpolated,-0.007999999999999119,11.040285714285714,0.16149067494823965,10.81,11.33,0.5199999999999996,99.92000000000002,Normal,0,Tuesday,January
2026-01-28,,SCB-605,Offline,0.0,11.078666666666665,0.1375538682359264,10.986,11.33,0.3439999999999994,100.0,Offline,0,Wednesday,January
2026-01-29,10.97,SCB-605,Good,0.0,11.048666666666668,0.13851016809847072,10.97,11.33,0.35999999999999943,100.0,Normal,0,Thursday,January
2026-01-30,11.07,SCB-605,Good,0.09999999999999964,11.005333333333335,0.03454079713421117,10.97,11.07,0.09999999999999964,99.0,Normal,0,Friday,January
2026-01-31,11.01,SCB-605,Good,-0.0600000000000005,11.005333333333333,0.03454079713421117,10.97,11.07,0.09999999999999964,99.39999999999999,Normal,0,Saturday,January
2026-02-01,11.1,SCB-605,Good,0.08999999999999986,11.021666666666667,0.0516049093271818,10.97,11.1,0.129999999999999,99.1,Normal,0,Sunday,February
2026-02-02,10.99,SCB-605,Good,-0.10999999999999943,11.021,0.05205766033928141,10.97,11.1,0.129999999999999,98.9,Normal,0,Monday,February
2026-02-03,11.17,SCB-605,Good,0.17999999999999972,11.051666666666668,0.0760043858383613,10.97,11.17,0.1999999999999993,98.2,Normal,0,Tuesday,February
2026-02-04,10.94,SCB-605,Good,-0.23000000000000043,11.035714285714286,0.08121107126025405,10.94,11.17,0.23000000000000043,97.69999999999999,Normal,0,Wednesday,February
2026-02-05,11.14,SCB-605,Good,0.20000000000000107,11.06,0.08366600265340643,10.94,11.17,0.23000000000000043,97.99999999999999,Normal,0,Thursday,February
2026-02-06,11.1,SCB-605,Good,-0.040000000000000924,11.064285714285713,0.08502100580780735,10.94,11.17,0.23000000000000043,99.6,Normal,0,Friday,February
2026-02-07,11.37,SCB-605,Good,0.2699999999999996,11.115714285714287,0.13866712454136648,10.94,11.37,0.4299999999999997,97.30000000000001,Normal,0,Saturday,February
2026-02-08,11.1,SCB-605,Good,-0.2699999999999996,11.115714285714287,0.13866712454136648,10.94,11.37,0.4299999999999997,97.30000000000001,Normal,0,Sunday,February
2026-02-09,10.99,SCB-605,Good,-0.10999999999999943,11.115714285714287,0.13866712454136648,10.94,11.37,0.4299999999999997,98.9,Normal,0,Monday,February
2026-02-10,10.86,SCB-605,Good,-0.13000000000000078,11.071428571428571,0.16537115542808156,10.86,11.37,0.5099999999999998,98.69999999999999,Normal,0,Tuesday,February
2026-02-11,11.15,SCB-605,Good,0.2900000000000009,11.10142857142857,0.15635734407957486,10.86,11.37,0.5099999999999998,97.1,Normal,0,Wednesday,February
2026-02-12,11.0,SCB-605,Good,-0.15000000000000036,11.081428571428571,0.15952309879017096,10.86,11.37,0.5099999999999998,98.5,Normal,0,Thursday,February
2026-02-13,11.13,SCB-605,Good,0.13000000000000078,11.085714285714287,0.16050515493872575,10.86,11.37,0.5099999999999998,98.69999999999999,Normal,0,Friday,February
2026-02-14,10.99,SCB-605,Good,-0.14000000000000057,11.031428571428572,0.10188695883650806,10.86,11.15,0.2900000000000009,98.6,Normal,0,Saturday,February
2026-02-15,11.01,SCB-605,Good,0.019999999999999574,11.01857142857143,0.09737018219636014,10.86,11.15,0.2900000000000009,99.80000000000001,Normal,0,Sunday,February
2026-02-16,11.19,SCB-605,Good,0.17999999999999972,11.047142857142857,0.11528432760126608,10.86,11.19,0.33000000000000007,98.2,Normal,0,Monday,February
2026-02-17,11.26,SCB-605,Good,0.07000000000000028,11.104285714285712,0.1058075521654182,10.99,11.26,0.2699999999999996,99.3,Normal,0,Tuesday,February
2026-02-18,11.18,SCB-605,Good,-0.08000000000000007,11.108571428571429,0.10854009572942147,10.99,11.26,0.2699999999999996,99.2,Normal,0,Wednesday,February
2026-02-19,11.21,SCB-605,Good,0.030000000000001137,11.138571428571428,0.10237652260626935,10.99,11.26,0.2699999999999996,99.69999999999999,Normal,0,Thursday,February
2026-02-20,10.96,SCB-605,Good,-0.25,11.114285714285714,0.12286267983093034,10.96,11.26,0.29999999999999893,97.5,Normal,0,Friday,February
2026-02-21,11.28,SCB-605,Good,0.3199999999999985,11.155714285714286,0.1228626798309297,10.96,11.28,0.3199999999999985,96.80000000000001,Normal,0,Saturday,February
2026-02-22,11.18,SCB-605,Good,-0.09999999999999964,11.179999999999998,0.10472185381603027,10.96,11.28,0.3199999999999985,99.0,Normal,0,Sunday,February
2026-02-23,11.13,SCB-605,Good,-0.049999999999998934,11.171428571428573,0.10621182787689769,10.96,11.28,0.3199999999999985,99.50000000000001,Normal,0,Monday,February
2026-02-24,11.07,SCB-605,Good,-0.0600000000000005,11.144285714285715,0.1040604220084219,10.96,11.28,0.3199999999999985,99.39999999999999,Normal,0,Tuesday,February
2026-02-25,10.91,SCB-605,Good,-0.16000000000000014,11.105714285714285,0.13427051585724584,10.91,11.28,0.3699999999999992,98.4,Normal,0,Wednesday,February
2026-02-26,11.16,SCB-605,Good,0.25,11.09857142857143,0.12902565267270888,10.91,11.28,0.3699999999999992,97.5,Normal,0,Thursday,February
2026-02-27,11.21,SCB-605,Good,0.05000000000000071,11.134285714285713,0.11844227044670644,10.91,11.28,0.3699999999999992,99.5,Normal,0,Friday,February
2026-02-28,10.96,SCB-605,Good,-0.25,11.088571428571429,0.11451762185046149,10.91,11.21,0.3000000000000007,97.5,Normal,0,Saturday,February
2026-03-01,11.25,SCB-605,Good,0.28999999999999915,11.09857142857143,0.12628388277059982,10.91,11.25,0.33999999999999986,97.10000000000001,Normal,0,Sunday,March
2026-03-02,11.04,SCB-605,Good,-0.21000000000000085,11.085714285714285,0.12712948030218785,10.91,11.25,0.33999999999999986,97.89999999999999,Normal,0,Monday,March
2026-03-03,11.14,SCB-605,Good,0.10000000000000142,11.095714285714285,0.12843378875995867,10.91,11.25,0.33999999999999986,98.99999999999999,Normal,0,Tuesday,March
2026-03-04,11.35,SCB-605,Good,0.20999999999999908,11.158571428571431,0.13005493344846641,10.96,11.35,0.3899999999999988,97.9,Normal,0,Wednesday,March
2026-03-05,11.14,SCB-605,Good,-0.20999999999999908,11.155714285714286,0.13023787760058164,10.96,11.35,0.3899999999999988,97.9,Normal,0,Thursday,March
2026-03-06,11.22,SCB-605,Good,0.08000000000000007,11.157142857142858,0.1309852772533699,10.96,11.35,0.3899999999999988,99.2,Normal,0,Friday,March
2026-03-07,11.45,SCB-605,Good,0.22999999999999865,11.227142857142855,0.1387701079380632,11.04,11.45,0.41000000000000014,97.70000000000002,Normal,0,Saturday,March
2026-03-08,11.37,SCB-605,Good,-0.08000000000000007,11.244285714285713,0.1490924928645643,11.04,11.45,0.41000000000000014,99.2,Normal,0,Sunday,March
2026-03-09,11.39,SCB-605,Good,0.02000000000000135,11.294285714285715,0.1260763185345944,11.14,11.45,0.3099999999999987,99.79999999999998,Normal,0,Monday,March
2026-03-10,11.11,SCB-605,Good,-0.28000000000000114,11.290000000000001,0.13253930234713465,11.11,11.45,0.33999999999999986,97.19999999999999,Normal,0,Tuesday,March
2026-03-11,11.45,SCB-605,Good,0.33999999999999986,11.304285714285715,0.14489733639800453,11.11,11.45,0.33999999999999986,96.6,Normal,0,Wednesday,March
2026-03-12,11.23,SCB-605,Good,-0.21999999999999886,11.317142857142857,0.13123951205261264,11.11,11.45,0.33999999999999986,97.80000000000001,Normal,0,Thursday,March
2026-03-13,11.52,SCB-605,Good,0.28999999999999915,11.36,0.14271183085737732,11.11,11.52,0.41000000000000014,97.10000000000001,High,0,Friday,March
2026-03-14,11.27,SCB-605,Good,-0.25,11.334285714285715,0.13998299216417806,11.11,11.52,0.41000000000000014,97.5,Normal,0,Saturday,March
2026-03-15,11.54,SCB-605,Good,0.2699999999999996,11.358571428571427,0.160460646414057,11.11,11.54,0.4299999999999997,97.30000000000001,High,0,Sunday,March
2026-03-16,11.26,SCB-605,Good,-0.27999999999999936,11.34,0.16370705543744324,11.11,11.54,0.4299999999999997,97.2,Normal,0,Monday,March
2026-03-17,11.17,SCB-605,Good,-0.08999999999999986,11.348571428571429,0.15071259308459836,11.17,11.54,0.3699999999999992,99.1,Normal,0,Tuesday,March
2026-03-18,11.38,SCB-605,Good,0.21000000000000085,11.338571428571427,0.14507797574965395,11.17,11.54,0.3699999999999992,97.89999999999999,Normal,0,Wednesday,March
2026-03-19,11.0,SCB-605,Good,-0.3800000000000008,11.305714285714284,0.19216808119084156,11.0,11.54,0.5399999999999991,96.19999999999999,Normal,0,Thursday,March
2026-03-20,11.29,SCB-605,Good,0.28999999999999915,11.272857142857143,0.16750266522399468,11.0,11.54,0.5399999999999991,97.10000000000001,Normal,0,Friday,March
2026-03-21,11.35,SCB-605,Good,0.0600000000000005,11.284285714285714,0.16998599382077564,11.0,11.54,0.5399999999999991,99.39999999999999,Normal,0,Saturday,March
2026-03-22,11.49,SCB-605,Good,0.14000000000000057,11.277142857142858,0.15808376320949277,11.0,11.49,0.4900000000000002,98.6,Normal,0,Sunday,March
2026-03-23,11.34,SCB-605,Good,-0.15000000000000036,11.288571428571428,0.1595230987901681,11.0,11.49,0.4900000000000002,98.5,Normal,0,Monday,March
2026-03-24,11.23,SCB-605,Good,-0.10999999999999943,11.297142857142857,0.1535919144697233,11.0,11.49,0.4900000000000002,98.9,Normal,0,Tuesday,March
2026-03-25,11.265,SCB-605,Interpolated,0.03500000000000014,11.280714285714286,0.14934380277925877,11.0,11.49,0.4900000000000002,99.65,Normal,0,Wednesday,March
2026-03-26,11.3,SCB-605,Interpolated,0.03500000000000014,11.323571428571428,0.08419789613929829,11.23,11.49,0.2599999999999998,99.65,Normal,0,Thursday,March
2026-03-27,11.335,SCB-605,Interpolated,0.03500000000000014,11.33,0.08291561975887465,11.23,11.49,0.2599999999999998,99.65,Normal,0,Friday,March
2026-03-28,11.37,SCB-605,Good,0.034999999999998366,11.332857142857145,0.08405638697014306,11.23,11.49,0.2599999999999998,99.65000000000002,Normal,0,Saturday,March
2026-03-29,11.37,SCB-605,Good,0.0,11.315714285714284,0.0532626019069963,11.23,11.37,0.1399999999999988,100.0,Normal,0,Sunday,March
2026-03-30,11.4,SCB-605,Good,0.030000000000001137,11.324285714285717,0.0619427539095825,11.23,11.4,0.16999999999999993,99.69999999999999,Normal,0,Monday,March
2026-03-31,11.48,SCB-605,Good,0.08000000000000007,11.360000000000001,0.07005949852326473,11.265,11.48,0.21499999999999986,99.2,Normal,0,Tuesday,March
2026-04-01,11.47,SCB-605,Good,-0.009999999999999787,11.389285714285716,0.06648487117559736,11.3,11.48,0.17999999999999972,99.9,Normal,0,Wednesday,April
2026-04-02,11.46,SCB-605,Good,-0.009999999999999787,11.412142857142857,0.05758017185172029,11.335,11.48,0.14499999999999957,99.9,Normal,0,Thursday,April
2026-04-03,11.16,SCB-605,Good,-0.3000000000000007,11.387142857142857,0.11041048949476655,11.16,11.48,0.3200000000000003,97.0,Normal,0,Friday,April
2026-04-04,11.19,SCB-605,Good,0.02999999999999936,11.361428571428572,0.13359498137137155,11.16,11.48,0.3200000000000003,99.7,Normal,0,Saturday,April
2026-04-05,11.23,SCB-605,Good,0.040000000000000924,11.34142857142857,0.14229412864773197,11.16,11.48,0.3200000000000003,99.6,Normal,0,Sunday,April
2026-04-06,11.16,SCB-605,Good,-0.07000000000000028,11.307142857142859,0.15424161627289446,11.16,11.48,0.3200000000000003,99.3,Normal,0,Monday,April
2026-04-07,11.1,SCB-605,Good,-0.0600000000000005,11.252857142857144,0.15007934409441173,11.1,11.47,0.370000000000001,99.39999999999999,Normal,0,Tuesday,April
2026-04-08,11.06,SCB-605,Good,-0.03999999999999915,11.194285714285714,0.12985339719046574,11.06,11.46,0.40000000000000036,99.60000000000001,Normal,0,Wednesday,April
2026-04-09,11.0,SCB-605,Good,-0.0600000000000005,11.12857142857143,0.0796719464279621,11.0,11.23,0.23000000000000043,99.39999999999999,Normal,0,Thursday,April
2026-04-10,10.97,SCB-605,Good,-0.02999999999999936,11.101428571428572,0.09754120008635929,10.97,11.23,0.2599999999999998,99.7,Normal,0,Friday,April
2026-04-11,10.91,SCB-605,Good,-0.0600000000000005,11.061428571428573,0.11156889820922906,10.91,11.23,0.3200000000000003,99.39999999999999,Normal,0,Saturday,April
2026-04-12,10.825,SCB-605,Interpolated,-0.08500000000000085,11.00357142857143,0.11455400057449992,10.825,11.16,0.33500000000000085,99.14999999999999,Normal,0,Sunday,April
2026-04-13,10.74,SCB-605,Good,-0.08499999999999908,10.94357142857143,0.12815076686318996,10.74,11.1,0.35999999999999943,99.15,Normal,0,Monday,April
2026-04-14,10.51,SCB-605,Good,-0.23000000000000043,10.859285714285715,0.1881140738007419,10.51,11.06,0.5500000000000007,97.69999999999999,Normal,0,Tuesday,April
2026-04-15,10.42,SCB-605,Good,-0.08999999999999986,10.767857142857142,0.22601358998332546,10.42,11.0,0.5800000000000001,99.1,Normal,0,Wednesday,April
2026-04-16,10.38,SCB-605,Good,-0.03999999999999915,10.679285714285713,0.24087390496948324,10.38,10.97,0.5899999999999999,99.60000000000001,Normal,0,Thursday,April
2026-04-17,10.36,SCB-605,Good,-0.02000000000000135,10.592142857142857,0.22817860590004327,10.36,10.91,0.5500000000000007,99.79999999999998,Normal,0,Friday,April
2026-04-18,10.35,SCB-605,Good,-0.009999999999999787,10.512142857142859,0.1937321420341893,10.35,10.825,0.47499999999999964,99.9,Normal,0,Saturday,April
2026-04-19,10.36,SCB-605,Good,0.009999999999999787,10.445714285714287,0.1411685922171962,10.35,10.74,0.39000000000000057,99.9,Normal,0,Sunday,April
2026-04-20,10.35,SCB-605,Good,-0.009999999999999787,10.39,0.05830951894857617,10.35,10.51,0.16000000000000014,99.9,Normal,0,Monday,April
2026-04-21,10.35,SCB-605,Good,0.0,10.367142857142856,0.025634797778752466,10.35,10.42,0.07000000000000028,100.0,Normal,0,Tuesday,April
2026-04-22,10.33,SCB-605,Good,-0.019999999999999574,10.354285714285712,0.015118578920859837,10.33,10.38,0.05000000000000071,99.80000000000001,Normal,0,Wednesday,April
2026-04-23,10.31,SCB-605,Good,-0.019999999999999574,10.344285714285714,0.018126539343910994,10.31,10.36,0.049999999999998934,99.80000000000001,Normal,0,Thursday,April
2026-04-24,10.27,SCB-605,Good,-0.040000000000000924,10.331428571428571,0.03184785258539022,10.27,10.36,0.08999999999999986,99.6,Normal,0,Friday,April
2026-04-25,10.23,SCB-605,Good,-0.03999999999999915,10.314285714285715,0.048255273583169736,10.23,10.36,0.129999999999999,99.60000000000001,Normal,0,Saturday,April
2026-04-26,10.22,SCB-605,Good,-0.009999999999999787,10.294285714285715,0.054728768442687904,10.22,10.35,0.129999999999999,99.9,Normal,0,Sunday,April
2026-04-27,10.27,SCB-605,Good,0.049999999999998934,10.282857142857143,0.04923220007093804,10.22,10.35,0.129999999999999,99.50000000000001,Normal,0,Monday,April
2026-04-28,10.2,SCB-605,Good,-0.07000000000000028,10.26142857142857,0.04775931721630833,10.2,10.33,0.13000000000000078,99.3,Normal,0,Tuesday,April
2026-04-29,10.18,SCB-605,Good,-0.019999999999999574,10.239999999999998,0.045460605656793385,10.18,10.31,0.13000000000000078,99.80000000000001,Normal,0,Wednesday,April
2026-04-30,10.17,SCB-605,Good,-0.009999999999999787,10.219999999999999,0.04000000000019932,10.17,10.27,0.09999999999999964,99.9,Normal,0,Thursday,April
2026-05-01,10.16,SCB-605,Good,-0.009999999999999787,10.204285714285716,0.0386683086681347,10.16,10.27,0.10999999999999943,99.9,Normal,0,Friday,May
2026-05-02,10.17,SCB-605,Good,0.009999999999999787,10.195714285714285,0.03866830866813534,10.16,10.27,0.10999999999999943,99.9,Normal,0,Saturday,May
2026-05-03,10.16,SCB-605,Good,-0.009999999999999787,10.187142857142858,0.039036002918148086,10.16,10.27,0.10999999999999943,99.9,Normal,0,Sunday,May
2026-05-04,10.15,SCB-605,Good,-0.009999999999999787,10.17,0.01632993161905161,10.15,10.2,0.049999999999998934,99.9,Normal,0,Monday,May
2026-05-05,10.12,SCB-605,Good,-0.030000000000001137,10.15857142857143,0.01951800145938855,10.12,10.18,0.0600000000000005,99.69999999999999,Normal,0,Tuesday,May
2026-05-06,10.1,SCB-605,Good,-0.019999999999999574,10.147142857142857,0.026903708365686646,10.1,10.17,0.07000000000000028,99.80000000000001,Normal,0,Wednesday,May
2026-05-07,10.11,SCB-605,Good,0.009999999999999787,10.138571428571428,0.02794552524052574,10.1,10.17,0.07000000000000028,99.9,Normal,0,Thursday,May
2026-05-08,10.14,SCB-605,Good,0.030000000000001137,10.135714285714286,0.02636736800013619,10.1,10.17,0.07000000000000028,99.69999999999999,Normal,0,Friday,May
2026-05-09,10.13,SCB-605,Good,-0.009999999999999787,10.129999999999999,0.02160246899507622,10.1,10.16,0.0600000000000005,99.9,Normal,0,Saturday,May
2026-05-10,10.13,SCB-605,Good,0.0,10.125714285714285,0.017182493860167746,10.1,10.15,0.05000000000000071,100.0,Normal,0,Sunday,May
2026-05-11,10.13,SCB-605,Good,0.0,10.122857142857143,0.01380131118744973,10.1,10.14,0.040000000000000924,100.0,Normal,0,Monday,May
2026-05-12,10.11,SCB-605,Good,-0.02000000000000135,10.12142857142857,0.014638501094796717,10.1,10.14,0.040000000000000924,99.79999999999998,Normal,0,Tuesday,May
2026-05-13,10.09,SCB-605,Good,-0.019999999999999574,10.120000000000001,0.017320508076169895,10.09,10.14,0.05000000000000071,99.80000000000001,Normal,0,Wednesday,May
2026-05-14,10.1,SCB-605,Good,0.009999999999999787,10.11857142857143,0.01864454471516332,10.09,10.14,0.05000000000000071,99.9,Normal,0,Thursday,May
2026-05-15,10.09,SCB-605,Good,-0.009999999999999787,10.111428571428572,0.018644544715164597,10.09,10.13,0.040000000000000924,99.9,Normal,0,Friday,May
2026-05-16,10.07,SCB-605,Good,-0.019999999999999574,10.102857142857143,0.022146697056061246,10.07,10.13,0.0600000000000005,99.80000000000001,Normal,0,Saturday,May
2026-05-17,10.07,SCB-605,Good,0.0,10.094285714285714,0.02149196970781315,10.07,10.13,0.0600000000000005,100.0,Normal,0,Sunday,May
2026-05-18,10.08,SCB-605,Good,0.009999999999999787,10.087142857142856,0.014960264831423715,10.07,10.11,0.03999999999999915,99.9,Normal,0,Monday,May
2026-05-19,10.05,SCB-605,Good,-0.02999999999999936,10.078571428571427,0.01676163419745224,10.05,10.1,0.049999999999998934,99.7,Normal,0,Tuesday,May
2026-05-20,10.0,SCB-605,Good,-0.05000000000000071,10.065714285714288,0.033094381626719634,10.0,10.1,0.09999999999999964,99.5,Normal,0,Wednesday,May
2026-05-21,9.8,SCB-605,Good,-0.1999999999999993,10.022857142857143,0.10258562045348525,9.8,10.09,0.28999999999999915,98.0,Normal,0,Thursday,May
2026-05-22,9.38,SCB-605,Good,-0.41999999999999993,9.921428571428573,0.2581620015564573,9.38,10.08,0.6999999999999993,95.8,Low,0,Friday,May
2026-05-23,9.53,SCB-605,Good,0.14999999999999858,9.844285714285716,0.2855904493534794,9.38,10.08,0.6999999999999993,98.50000000000001,Normal,0,Saturday,May
2026-05-24,9.45,SCB-605,Good,-0.08000000000000007,9.755714285714285,0.2997141495301637,9.38,10.08,0.6999999999999993,99.2,Low,0,Sunday,May
2026-05-25,9.37,SCB-605,Good,-0.08000000000000007,9.654285714285715,0.29171088100250275,9.37,10.05,0.6800000000000015,99.2,Low,0,Monday,May
2026-05-26,9.27,SCB-605,Good,-0.09999999999999964,9.542857142857143,0.26291407251006543,9.27,10.0,0.7300000000000004,99.0,Low,0,Tuesday,May
2026-05-27,9.68,SCB-605,Good,0.41000000000000014,9.497142857142858,0.18705741415537314,9.27,9.8,0.5300000000000011,95.9,Normal,0,Wednesday,May
2026-05-28,9.44,SCB-605,Good,-0.2400000000000002,9.445714285714285,0.13100345324426899,9.27,9.68,0.41000000000000014,97.6,Low,0,Thursday,May
2026-05-29,9.24,SCB-605,Good,-0.1999999999999993,9.425714285714287,0.15175167685594126,9.24,9.68,0.4399999999999995,98.0,Low,0,Friday,May
2026-05-30,8.61,SCB-605,Good,-0.6300000000000008,9.294285714285715,0.3346070901250053,8.61,9.68,1.0700000000000003,93.69999999999999,Low,0,Saturday,May
2026-05-31,8.27,SCB-605,Good,-0.33999999999999986,9.125714285714285,0.499628433366827,8.27,9.68,1.4100000000000001,96.6,Low,0,Sunday,May
2026-06-01,8.33,SCB-605,Good,0.0600000000000005,8.977142857142857,0.5652053988216683,8.27,9.68,1.4100000000000001,99.39999999999999,Low,0,Monday,June
2026-06-02,8.23,SCB-605,Good,-0.09999999999999964,8.828571428571427,0.6102848671297996,8.23,9.68,1.4499999999999993,99.0,Low,0,Tuesday,June
2026-06-03,8.19,SCB-605,Good,-0.040000000000000924,8.615714285714287,0.5164577150441158,8.19,9.44,1.25,99.6,Low,0,Wednesday,June
2026-06-04,7.69,SCB-605,Good,-0.4999999999999991,8.365714285714285,0.4726470544658616,7.69,9.24,1.5499999999999998,95.00000000000001,Low,0,Thursday,June
2026-06-05,7.77,SCB-605,Good,0.07999999999999918,8.155714285714286,0.3220174499856407,7.69,8.61,0.919999999999999,99.2,Low,0,Friday,June
2026-06-06,7.83,SCB-605,Good,0.0600000000000005,8.044285714285715,0.2692493975764,7.69,8.33,0.6399999999999997,99.39999999999999,Low,0,Saturday,June
2026-06-07,8.12,SCB-605,Good,0.28999999999999915,8.022857142857143,0.25381845780759466,7.69,8.33,0.6399999999999997,97.10000000000001,Low,0,Sunday,June
2026-06-08,8.1,SCB-605,Good,-0.019999999999999574,7.99,0.220075744536624,7.69,8.23,0.54,99.80000000000001,Low,0,Monday,June
2026-06-09,8.12,SCB-605,Good,0.019999999999999574,7.974285714285713,0.2033762640081696,7.69,8.19,0.4999999999999991,99.80000000000001,Low,0,Tuesday,June
2026-06-10,7.77,SCB-605,Good,-0.34999999999999964,7.914285714285714,0.19068797749706315,7.69,8.12,0.4299999999999988,96.5,Low,0,Wednesday,June
2026-06-11,7.86,SCB-605,Good,0.09000000000000075,7.938571428571429,0.16667619020414476,7.77,8.12,0.34999999999999964,99.1,Low,0,Thursday,June
2026-06-12,8.02,SCB-605,Good,0.15999999999999925,7.974285714285713,0.15053871515965858,7.77,8.12,0.34999999999999964,98.4,Low,0,Friday,June
2026-06-13,7.81,SCB-605,Good,-0.20999999999999996,7.971428571428571,0.1538861669578148,7.77,8.12,0.34999999999999964,97.9,Low,0,Saturday,June
2026-06-14,8.23,SCB-605,Good,0.4200000000000008,7.987142857142857,0.17566201313078217,7.77,8.23,0.46000000000000085,95.8,Low,0,Sunday,June
2026-06-15,8.33,SCB-605,Good,0.09999999999999964,8.02,0.21694853460367755,7.77,8.33,0.5600000000000005,99.0,Low,0,Monday,June
2026-06-16,8.06,SCB-605,Good,-0.2699999999999996,8.01142857142857,0.21349696105792415,7.77,8.33,0.5600000000000005,97.30000000000001,Low,0,Tuesday,June
2026-06-17,7.89,SCB-605,Good,-0.17000000000000082,8.028571428571428,0.19488702466036284,7.81,8.33,0.5200000000000005,98.3,Low,0,Wednesday,June
2026-06-18,8.0,SCB-605,Good,0.11000000000000032,8.04857142857143,0.18142294704447479,7.81,8.33,0.5200000000000005,98.89999999999999,Low,0,Thursday,June
2026-06-19,8.11,SCB-605,Good,0.10999999999999943,8.061428571428573,0.1822478688882324,7.81,8.33,0.5200000000000005,98.9,Low,0,Friday,June
2026-06-20,8.09,SCB-605,Good,-0.019999999999999574,8.101428571428572,0.14473292316413636,7.89,8.33,0.4400000000000004,99.80000000000001,Low,0,Saturday,June
2026-06-21,8.09,SCB-605,Good,0.0,8.081428571428573,0.13322019009007502,7.89,8.33,0.4400000000000004,100.0,Low,0,Sunday,June
2026-06-22,8.13,SCB-605,Good,0.040000000000000924,8.052857142857142,0.08300889223747497,7.89,8.13,0.2400000000000011,99.6,Low,0,Monday,June
2026-06-23,7.86,SCB-605,Good,-0.27000000000000046,8.024285714285714,0.11012979355554885,7.86,8.13,0.27000000000000046,97.3,Low,0,Tuesday,June
2026-06-24,7.92,SCB-605,Good,0.05999999999999961,8.028571428571428,0.10447145885026254,7.86,8.13,0.27000000000000046,99.4,Low,0,Wednesday,June
2026-06-25,7.84,SCB-605,Good,-0.08000000000000007,8.005714285714287,0.12686700948337354,7.84,8.13,0.2900000000000009,99.2,Low,0,Thursday,June
2026-06-26,7.71,SCB-605,Good,-0.1299999999999999,7.948571428571428,0.15826439602018857,7.71,8.13,0.4200000000000008,98.7,Low,0,Friday,June
2026-06-27,7.86,SCB-605,Good,0.15000000000000036,7.915714285714286,0.14751916743908453,7.71,8.13,0.4200000000000008,98.5,Low,0,Saturday,June
2026-06-28,7.67,SCB-605,Good,-0.1900000000000004,7.855714285714286,0.15020620746800165,7.67,8.13,0.46000000000000085,98.1,Low,0,Sunday,June
2026-06-29,8.07,SCB-605,Good,0.40000000000000036,7.847142857142858,0.1326290925494542,7.67,8.07,0.40000000000000036,96.0,Low,0,Monday,June
2026-06-30,8.27,SCB-605,Good,0.1999999999999993,7.905714285714287,0.2082352149899737,7.67,8.27,0.5999999999999996,98.0,Low,0,Tuesday,June
2026-01-01,,SCB-606,Offline,0.0,,0.0,,,,100.0,Offline,0,Thursday,January
2026-01-02,,SCB-606,Offline,0.0,,0.0,,,,100.0,Offline,0,Friday,January
2026-01-03,,SCB-606,Offline,0.0,,0.0,,,,100.0,Offline,0,Saturday,January
2026-01-04,,SCB-606,Offline,0.0,,0.0,,,,100.0,Offline,0,Sunday,January
2026-01-05,,SCB-606,Offline,0.0,,0.0,,,,100.0,Offline,0,Monday,January
2026-01-06,,SCB-606,Offline,0.0,,0.0,,,,100.0,Offline,0,Tuesday,January
2026-01-07,,SCB-606,Offline,0.0,,0.0,,,,100.0,Offline,0,Wednesday,January
2026-01-08,,SCB-606,Offline,0.0,,0.0,,,,100.0,Offline,0,Thursday,January
2026-01-09,,SCB-606,Offline,0.0,,0.0,,,,100.0,Offline,0,Friday,January
2026-01-10,,SCB-606,Offline,0.0,,0.0,,,,100.0,Offline,0,Saturday,January
2026-01-11,,SCB-606,Offline,0.0,,0.0,,,,100.0,Offline,0,Sunday,January
2026-01-12,,SCB-606,Offline,0.0,,0.0,,,,100.0,Offline,0,Monday,January
2026-01-13,,SCB-606,Offline,0.0,,0.0,,,,100.0,Offline,0,Tuesday,January
2026-01-14,,SCB-606,Offline,0.0,,0.0,,,,100.0,Offline,0,Wednesday,January
2026-01-15,,SCB-606,Offline,0.0,,0.0,,,,100.0,Offline,0,Thursday,January
2026-01-16,,SCB-606,Offline,0.0,,0.0,,,,100.0,Offline,0,Friday,January
2026-01-17,,SCB-606,Offline,0.0,,0.0,,,,100.0,Offline,0,Saturday,January
2026-01-18,,SCB-606,Offline,0.0,,0.0,,,,100.0,Offline,0,Sunday,January
2026-01-19,,SCB-606,Offline,0.0,,0.0,,,,100.0,Offline,0,Monday,January
2026-01-20,4.86,SCB-606,Good,0.0,4.86,0.0,4.86,4.86,0.0,100.0,Low,0,Tuesday,January
2026-01-21,5.93,SCB-606,Good,1.0699999999999994,5.395,0.7566042558696057,4.86,5.93,1.0699999999999994,89.30000000000001,Low,0,Wednesday,January
2026-01-22,11.14,SCB-606,Good,5.210000000000001,7.31,3.359747014285451,4.86,11.14,6.28,47.89999999999999,Normal,0,Thursday,January
2026-01-23,7.97,SCB-606,Good,-3.170000000000001,7.475,2.7629995777536176,4.86,11.14,6.28,68.29999999999998,Low,0,Friday,January
2026-01-24,5.76,SCB-606,Good,-2.21,7.132,2.5127415306791905,4.86,11.14,6.28,77.9,Low,0,Saturday,January
2026-01-25,6.942,SCB-606,Interpolated,1.1820000000000004,7.1003333333333325,2.2488024961447075,4.86,11.14,6.28,88.17999999999999,Low,0,Sunday,January
2026-01-26,8.123999999999999,SCB-606,Interpolated,1.1819999999999986,7.246571428571428,2.0890092434088507,4.86,11.14,6.28,88.18,Low,0,Monday,January
2026-01-27,9.306,SCB-606,Interpolated,1.1820000000000004,7.881714285714286,1.9107343888573067,5.76,11.14,5.380000000000001,88.17999999999999,Low,0,Tuesday,January
2026-01-28,,SCB-606,Offline,0.0,8.206999999999999,1.868763334400587,5.76,11.14,5.380000000000001,100.0,Offline,0,Wednesday,January
2026-01-29,11.67,SCB-606,Good,0.0,8.295333333333334,2.0398257441915635,5.76,11.67,5.91,100.0,High,0,Thursday,January
2026-01-30,11.75,SCB-606,Good,0.08000000000000007,8.925333333333333,2.459753049935433,5.76,11.75,5.99,99.2,High,0,Friday,January
2026-01-31,12.15,SCB-606,Good,0.40000000000000036,9.990333333333334,2.1829207650912714,6.942,12.15,5.208,96.0,High,0,Saturday,January
2026-02-01,12.44,SCB-606,Good,0.28999999999999915,10.906666666666666,1.760468422513355,8.123999999999999,12.44,4.316000000000001,97.10000000000001,High,0,Sunday,February
2026-02-02,12.46,SCB-606,Good,0.02000000000000135,11.629333333333333,1.1859488465640733,9.306,12.46,3.1540000000000017,99.79999999999998,High,0,Monday,February
2026-02-03,12.43,SCB-606,Good,-0.030000000000001137,12.15,0.36027767069301675,11.67,12.46,0.7900000000000009,99.69999999999999,High,0,Tuesday,February
2026-02-04,12.38,SCB-606,Good,-0.049999999999998934,12.182857142857143,0.3401820241044456,11.67,12.46,0.7900000000000009,99.50000000000001,High,0,Wednesday,February
2026-02-05,12.29,SCB-606,Good,-0.09000000000000163,12.271428571428572,0.2542589606043544,11.75,12.46,0.7100000000000009,99.09999999999998,High,0,Thursday,February
2026-02-06,11.96,SCB-606,Good,-0.3299999999999983,12.301428571428572,0.18560069786400674,11.96,12.46,0.5,96.70000000000002,High,0,Friday,February
2026-02-07,9.17,SCB-606,Good,-2.790000000000001,11.875714285714285,1.2056099029517078,9.17,12.46,3.290000000000001,72.1,Low,0,Saturday,February
2026-02-08,12.38,SCB-606,Good,3.210000000000001,11.867142857142856,1.2011343844565425,9.17,12.46,3.290000000000001,67.89999999999999,High,0,Sunday,February
2026-02-09,12.2,SCB-606,Good,-0.1800000000000015,11.83,1.1836384583140191,9.17,12.43,3.26,98.19999999999999,High,0,Monday,February
2026-02-10,12.28,SCB-606,Good,0.08000000000000007,11.808571428571428,1.1722688623836572,9.17,12.38,3.210000000000001,99.2,High,0,Tuesday,February
2026-02-11,12.53,SCB-606,Good,0.25,11.83,1.1857487086225258,9.17,12.53,3.3599999999999994,97.5,High,0,Wednesday,February
2026-02-12,12.27,SCB-606,Good,-0.2599999999999998,11.827142857142857,1.184478989341079,9.17,12.53,3.3599999999999994,97.4,High,0,Thursday,February
2026-02-13,11.58,SCB-606,Good,-0.6899999999999995,11.772857142857143,1.18608198544218,9.17,12.53,3.3599999999999994,93.10000000000001,High,0,Friday,February
2026-02-14,11.84,SCB-606,Good,0.2599999999999998,12.154285714285715,0.3296390522403115,11.58,12.53,0.9499999999999993,97.4,High,0,Saturday,February
2026-02-15,12.43,SCB-606,Good,0.5899999999999999,12.161428571428571,0.33582875454751987,11.58,12.53,0.9499999999999993,94.1,High,0,Sunday,February
2026-02-16,12.28,SCB-606,Good,-0.15000000000000036,12.172857142857142,0.33870903372038286,11.58,12.53,0.9499999999999993,98.5,High,0,Monday,February
2026-02-17,11.74,SCB-606,Good,-0.5399999999999991,12.095714285714285,0.37026374126455347,11.58,12.53,0.9499999999999993,94.60000000000001,High,0,Tuesday,February
2026-02-18,12.45,SCB-606,Good,0.7099999999999991,12.084285714285715,0.3555679561329417,11.58,12.45,0.8699999999999992,92.9,High,0,Wednesday,February
2026-02-19,12.36,SCB-606,Good,-0.08999999999999986,12.097142857142858,0.36490703317027046,11.58,12.45,0.8699999999999992,99.1,High,0,Thursday,February
2026-02-20,12.19,SCB-606,Good,-0.16999999999999993,12.184285714285716,0.28488928509491224,11.74,12.45,0.7099999999999991,98.3,High,0,Friday,February
2026-02-21,11.74,SCB-606,Good,-0.4499999999999993,12.17,0.3067028964106015,11.74,12.45,0.7099999999999991,95.5,High,0,Saturday,February
2026-02-22,12.41,SCB-606,Good,0.6699999999999999,12.167142857142855,0.3039580171511549,11.74,12.45,0.7099999999999991,93.3,High,0,Sunday,February
2026-02-23,12.23,SCB-606,Good,-0.17999999999999972,12.16,0.30144098372094713,11.74,12.45,0.7099999999999991,98.2,High,0,Monday,February
2026-02-24,12.21,SCB-606,Good,-0.019999999999999574,12.227142857142857,0.23795757925267821,11.74,12.45,0.7099999999999991,99.80000000000001,High,0,Tuesday,February
2026-02-25,12.22,SCB-606,Good,0.009999999999999787,12.194285714285716,0.21701437301529947,11.74,12.41,0.6699999999999999,99.9,High,0,Wednesday,February
2026-02-26,12.3,SCB-606,Good,0.08000000000000007,12.185714285714285,0.2104643392483004,11.74,12.41,0.6699999999999999,99.2,High,0,Thursday,February
2026-02-27,12.37,SCB-606,Good,0.06999999999999851,12.21142857142857,0.22176778932238458,11.74,12.41,0.6699999999999999,99.30000000000001,High,0,Friday,February
2026-02-28,12.6,SCB-606,Good,0.23000000000000043,12.334285714285715,0.14033972386755542,12.21,12.6,0.3899999999999988,97.69999999999999,High,0,Saturday,February
2026-03-01,12.75,SCB-606,Good,0.15000000000000036,12.382857142857144,0.21163760580402347,12.21,12.75,0.5399999999999991,98.5,High,0,Sunday,March
2026-03-02,12.68,SCB-606,Good,-0.07000000000000028,12.447142857142856,0.22536742486539302,12.21,12.75,0.5399999999999991,99.3,High,0,Monday,March
2026-03-03,11.54,SCB-606,Good,-1.1400000000000006,12.35142857142857,0.4097327816772,11.54,12.75,1.2100000000000009,88.6,High,0,Tuesday,March
2026-03-04,10.33,SCB-606,Good,-1.209999999999999,12.081428571428571,0.8723422220556214,10.33,12.75,2.42,87.9,Normal,0,Wednesday,March
2026-03-05,11.84,SCB-606,Good,1.5099999999999998,12.015714285714285,0.8704569134053823,10.33,12.75,2.42,84.9,High,0,Thursday,March
2026-03-06,12.62,SCB-606,Good,0.7799999999999994,12.051428571428572,0.8922710457297186,10.33,12.75,2.42,92.2,High,0,Friday,March
2026-03-07,12.52,SCB-606,Good,-0.09999999999999964,12.040000000000001,0.884552617617132,10.33,12.75,2.42,99.0,High,0,Saturday,March
2026-03-08,12.49,SCB-606,Good,-0.02999999999999936,12.002857142857142,0.8547263555414272,10.33,12.68,2.3499999999999996,99.7,High,0,Sunday,March
2026-03-09,12.47,SCB-606,Good,-0.019999999999999574,11.972857142857142,0.8303355603953927,10.33,12.62,2.289999999999999,99.80000000000001,High,0,Monday,March
2026-03-10,12.58,SCB-606,Good,0.10999999999999943,12.12142857142857,0.8330151773612967,10.33,12.62,2.289999999999999,98.9,High,0,Tuesday,March
2026-03-11,12.57,SCB-606,Good,-0.009999999999999787,12.441428571428572,0.27039653421275817,11.84,12.62,0.7799999999999994,99.9,High,0,Wednesday,March
2026-03-12,12.09,SCB-606,Good,-0.4800000000000004,12.477142857142857,0.17867235243258844,12.09,12.62,0.5299999999999994,95.19999999999999,High,0,Thursday,March
2026-03-13,11.04,SCB-606,Good,-1.0500000000000007,12.251428571428573,0.5597448398281778,11.04,12.58,1.540000000000001,89.5,Normal,0,Friday,March
2026-03-14,10.47,SCB-606,Good,-0.5699999999999985,11.958571428571428,0.8544867576783192,10.47,12.58,2.1099999999999994,94.30000000000001,Normal,0,Saturday,March
2026-03-15,10.23,SCB-606,Good,-0.2400000000000002,11.635714285714286,1.0293016587773929,10.23,12.58,2.3499999999999996,97.6,Normal,0,Sunday,March
2026-03-16,10.94,SCB-606,Good,0.7099999999999991,11.417142857142858,0.9840683290252074,10.23,12.58,2.3499999999999996,92.9,Normal,0,Monday,March
2026-03-17,12.93,SCB-606,Good,1.9900000000000002,11.467142857142859,1.0590359497472832,10.23,12.93,2.6999999999999993,80.1,High,0,Tuesday,March
2026-03-18,12.75,SCB-606,Good,-0.17999999999999972,11.492857142857142,1.0919510716406347,10.23,12.93,2.6999999999999993,98.2,High,0,Wednesday,March
2026-03-19,12.73,SCB-606,Good,-0.019999999999999574,11.584285714285713,1.1739939969019826,10.23,12.93,2.6999999999999993,99.80000000000001,High,0,Thursday,March
2026-03-20,12.81,SCB-606,Good,0.08000000000000007,11.837142857142856,1.2266582556647403,10.23,12.93,2.6999999999999993,99.2,High,0,Friday,March
2026-03-21,12.86,SCB-606,Good,0.049999999999998934,12.178571428571429,1.10975115185685,10.23,12.93,2.6999999999999993,99.50000000000001,High,0,Saturday,March
2026-03-22,12.4,SCB-606,Good,-0.4599999999999991,12.48857142857143,0.7034066763835405,10.94,12.93,1.9900000000000002,95.4,High,0,Sunday,March
2026-03-23,11.97,SCB-606,Good,-0.4299999999999997,12.635714285714286,0.3386176379958528,11.97,12.93,0.9599999999999991,95.7,High,0,Monday,March
2026-03-24,12.69,SCB-606,Good,0.7199999999999989,12.601428571428572,0.3151945733156026,11.97,12.86,0.8899999999999988,92.80000000000001,High,0,Tuesday,March
2026-03-25,12.22,SCB-606,Interpolated,-0.46999999999999886,12.525714285714287,0.33649453402478513,11.97,12.86,0.8899999999999988,95.30000000000001,High,0,Wednesday,March
2026-03-26,11.75,SCB-606,Interpolated,-0.47000000000000064,12.385714285714286,0.42859682464435506,11.75,12.86,1.1099999999999994,95.3,High,0,Thursday,March
2026-03-27,11.28,SCB-606,Interpolated,-0.47000000000000064,12.167142857142858,0.549293919066829,11.28,12.86,1.58,95.3,Normal,0,Friday,March
2026-03-28,10.81,SCB-606,Good,-0.46999999999999886,11.874285714285715,0.6546973128313256,10.81,12.69,1.879999999999999,95.30000000000001,Normal,0,Saturday,March
2026-03-29,12.0,SCB-606,Good,1.1899999999999995,11.817142857142857,0.6175681955788068,10.81,12.69,1.879999999999999,88.10000000000001,High,0,Sunday,March
2026-03-30,12.47,SCB-606,Good,0.47000000000000064,11.888571428571428,0.6652675795354375,10.81,12.69,1.879999999999999,95.3,High,0,Monday,March
2026-03-31,12.68,SCB-606,Good,0.20999999999999908,11.887142857142859,0.6632675248523758,10.81,12.68,1.8699999999999992,97.9,High,0,Tuesday,March
2026-04-01,12.71,SCB-606,Good,0.030000000000001137,11.957142857142857,0.7270422795068137,10.81,12.71,1.9000000000000004,99.69999999999999,High,0,Wednesday,April
2026-04-02,12.88,SCB-606,Good,0.16999999999999993,12.118571428571428,0.79560100074154,10.81,12.88,2.0700000000000003,98.3,High,0,Thursday,April
2026-04-03,12.87,SCB-606,Good,-0.010000000000001563,12.345714285714285,0.7414143498039579,10.81,12.88,2.0700000000000003,99.89999999999998,High,0,Friday,April
2026-04-04,12.92,SCB-606,Good,0.05000000000000071,12.647142857142857,0.32494688210608236,12.0,12.92,0.9199999999999999,99.5,High,0,Saturday,April
2026-04-05,12.94,SCB-606,Good,0.019999999999999574,12.781428571428572,0.17043362064923467,12.47,12.94,0.46999999999999886,99.80000000000001,High,0,Sunday,April
2026-04-06,12.94,SCB-606,Good,0.0,12.848571428571429,0.1086935403521025,12.68,12.94,0.2599999999999998,100.0,High,0,Monday,April
2026-04-07,12.95,SCB-606,Good,0.009999999999999787,12.887142857142857,0.084006802445584,12.71,12.95,0.23999999999999844,99.9,High,0,Tuesday,April
2026-04-08,12.96,SCB-606,Good,0.010000000000001563,12.922857142857142,0.034982989063232856,12.87,12.96,0.09000000000000163,99.89999999999998,High,0,Wednesday,April
2026-04-09,12.92,SCB-606,Good,-0.040000000000000924,12.928571428571429,0.029680841985044122,12.87,12.96,0.09000000000000163,99.6,High,0,Thursday,April
2026-04-10,12.89,SCB-606,Good,-0.02999999999999936,12.93142857142857,0.023401261667008733,12.89,12.96,0.07000000000000028,99.7,High,0,Friday,April
2026-04-11,12.88,SCB-606,Good,-0.009999999999999787,12.925714285714287,0.030472470010817456,12.88,12.96,0.08000000000000007,99.9,High,0,Saturday,April
2026-04-12,12.88,SCB-606,Good,0.0,12.917142857142858,0.03401680257066457,12.88,12.96,0.08000000000000007,100.0,High,0,Sunday,April
2026-04-13,12.87,SCB-606,Good,-0.010000000000001563,12.907142857142858,0.0363841933234507,12.87,12.96,0.09000000000000163,99.89999999999998,High,0,Monday,April
2026-04-14,12.88,SCB-606,Good,0.010000000000001563,12.897142857142857,0.031997023670932594,12.87,12.96,0.09000000000000163,99.89999999999998,High,0,Tuesday,April
2026-04-15,12.89,SCB-606,Good,0.009999999999999787,12.887142857142859,0.016035674514392324,12.87,12.92,0.05000000000000071,99.9,High,0,Wednesday,April
2026-04-16,12.87,SCB-606,Good,-0.02000000000000135,12.88,0.008164965808583445,12.87,12.89,0.02000000000000135,99.79999999999998,High,0,Thursday,April
2026-04-17,12.83,SCB-606,Good,-0.03999999999999915,12.871428571428572,0.019518001458679744,12.83,12.89,0.0600000000000005,99.60000000000001,High,0,Friday,April
2026-04-18,12.79,SCB-606,Good,-0.040000000000000924,12.858571428571427,0.0357903950933904,12.79,12.89,0.10000000000000142,99.6,High,0,Saturday,April
2026-04-19,12.75,SCB-606,Good,-0.03999999999999915,12.84,0.05259911279342233,12.75,12.89,0.14000000000000057,99.60000000000001,High,0,Sunday,April
2026-04-20,12.7,SCB-606,Good,-0.05000000000000071,12.815714285714284,0.07207800007787757,12.7,12.89,0.19000000000000128,99.5,High,0,Monday,April
2026-04-21,12.65,SCB-606,Good,-0.049999999999998934,12.782857142857143,0.08845230083947946,12.65,12.89,0.2400000000000002,99.50000000000001,High,0,Tuesday,April
2026-04-22,12.56,SCB-606,Good,-0.08999999999999986,12.735714285714286,0.1076811872855517,12.56,12.87,0.3099999999999987,99.1,High,0,Wednesday,April
2026-04-23,12.46,SCB-606,Good,-0.09999999999999964,12.677142857142856,0.1313664449436407,12.46,12.83,0.3699999999999992,99.0,High,0,Thursday,April
2026-04-24,12.28,SCB-606,Good,-0.1800000000000015,12.598571428571429,0.18013222656594965,12.28,12.79,0.5099999999999998,98.19999999999999,High,0,Friday,April
2026-04-25,12.04,SCB-606,Good,-0.2400000000000002,12.491428571428571,0.25484822747589664,12.04,12.75,0.7100000000000009,97.6,High,0,Saturday,April
2026-04-26,11.71,SCB-606,Good,-0.3299999999999983,12.342857142857143,0.3603107124743806,11.71,12.7,0.9899999999999984,96.70000000000002,High,0,Sunday,April
2026-04-27,11.47,SCB-606,Good,-0.2400000000000002,12.167142857142858,0.44668088108155524,11.47,12.65,1.1799999999999997,97.6,Normal,0,Monday,April
2026-04-28,11.23,SCB-606,Good,-0.2400000000000002,11.964285714285714,0.5089484958505675,11.23,12.56,1.33,97.6,Normal,0,Tuesday,April
2026-04-29,11.17,SCB-606,Good,-0.0600000000000005,11.765714285714285,0.5089484958505662,11.17,12.46,1.290000000000001,99.39999999999999,Normal,0,Wednesday,April
2026-04-30,11.11,SCB-606,Good,-0.0600000000000005,11.572857142857144,0.4549254255997613,11.11,12.28,1.17,99.39999999999999,Normal,0,Thursday,April
2026-05-01,11.06,SCB-606,Good,-0.049999999999998934,11.398571428571428,0.3633377020270065,11.06,12.04,0.9799999999999986,99.50000000000001,Normal,0,Friday,May
2026-05-02,11.05,SCB-606,Good,-0.009999999999999787,11.257142857142858,0.2456769074559558,11.05,11.71,0.6600000000000001,99.9,Normal,0,Saturday,May
2026-05-03,11.01,SCB-606,Good,-0.040000000000000924,11.157142857142857,0.15713203425926497,11.01,11.47,0.46000000000000085,99.6,Normal,0,Sunday,May
2026-05-04,11.0,SCB-606,Good,-0.009999999999999787,11.09,0.08504900548102548,11.0,11.23,0.23000000000000043,99.9,Normal,0,Monday,May
2026-05-05,10.98,SCB-606,Good,-0.019999999999999574,11.054285714285713,0.06704653678763799,10.98,11.17,0.1899999999999995,99.80000000000001,Normal,0,Tuesday,May
2026-05-06,10.96,SCB-606,Good,-0.019999999999999574,11.024285714285714,0.05191568255562073,10.96,11.11,0.14999999999999858,99.80000000000001,Normal,0,Wednesday,May
2026-05-07,10.95,SCB-606,Good,-0.010000000000001563,11.001428571428571,0.04220133150660292,10.95,11.06,0.11000000000000121,99.89999999999998,Normal,0,Thursday,May
2026-05-08,10.93,SCB-606,Good,-0.019999999999999574,10.982857142857142,0.04070801956765471,10.93,11.05,0.120000000000001,99.80000000000001,Normal,0,Friday,May
2026-05-09,10.93,SCB-606,Good,0.0,10.965714285714284,0.03207134902914154,10.93,11.01,0.08000000000000007,100.0,Normal,0,Saturday,May
2026-05-10,10.93,SCB-606,Good,0.0,10.954285714285716,0.027602622373287033,10.93,11.0,0.07000000000000028,100.0,Normal,0,Sunday,May
2026-05-11,10.93,SCB-606,Good,0.0,10.944285714285714,0.01988059594719344,10.93,10.98,0.05000000000000071,100.0,Normal,0,Monday,May
2026-05-12,10.93,SCB-606,Good,0.0,10.937142857142858,0.012535663409659836,10.93,10.96,0.030000000000001137,100.0,Normal,0,Tuesday,May
2026-05-13,10.92,SCB-606,Good,-0.009999999999999787,10.93142857142857,0.008997354107167486,10.92,10.95,0.02999999999999936,99.9,Normal,0,Wednesday,May
2026-05-14,10.92,SCB-606,Good,0.0,10.927142857142858,0.004879500362423212,10.92,10.93,0.009999999999999787,100.0,Normal,0,Thursday,May
2026-05-15,10.92,SCB-606,Good,0.0,10.925714285714283,0.005345224836130447,10.92,10.93,0.009999999999999787,100.0,Normal,0,Friday,May
2026-05-16,10.9,SCB-606,Good,-0.019999999999999574,10.921428571428573,0.010690449675436727,10.9,10.93,0.02999999999999936,99.80000000000001,Normal,0,Saturday,May
2026-05-17,10.89,SCB-606,Good,-0.009999999999999787,10.915714285714285,0.01511857891961842,10.89,10.93,0.03999999999999915,99.9,Normal,0,Sunday,May
2026-05-18,10.83,SCB-606,Good,-0.0600000000000005,10.901428571428571,0.03436498771903765,10.83,10.93,0.09999999999999964,99.39999999999999,Normal,0,Monday,May
2026-05-19,10.9,SCB-606,Good,0.07000000000000028,10.897142857142857,0.03199702367075313,10.83,10.92,0.08999999999999986,99.3,Normal,0,Tuesday,May
2026-05-20,10.9,SCB-606,Good,0.0,10.894285714285713,0.030472470010628108,10.83,10.92,0.08999999999999986,100.0,Normal,0,Wednesday,May
2026-05-21,10.82,SCB-606,Good,-0.08000000000000007,10.879999999999999,0.038729833461778614,10.82,10.92,0.09999999999999964,99.2,Normal,0,Thursday,May
2026-05-22,10.89,SCB-606,Good,0.07000000000000028,10.875714285714286,0.035050983275059615,10.82,10.9,0.08000000000000007,99.3,Normal,0,Friday,May
2026-05-23,10.9,SCB-606,Good,0.009999999999999787,10.875714285714286,0.035050983275059615,10.82,10.9,0.08000000000000007,99.9,Normal,0,Saturday,May
2026-05-24,10.89,SCB-606,Good,-0.009999999999999787,10.875714285714286,0.035050983275059615,10.82,10.9,0.08000000000000007,99.9,Normal,0,Sunday,May
2026-05-25,11.0,SCB-606,Good,0.10999999999999943,10.900000000000002,0.052599112793315576,10.82,11.0,0.17999999999999972,98.9,Normal,0,Monday,May
2026-05-26,11.1,SCB-606,Good,0.09999999999999964,10.928571428571429,0.09209208641859423,10.82,11.1,0.27999999999999936,99.0,Normal,0,Tuesday,May
2026-05-27,11.09,SCB-606,Good,-0.009999999999999787,10.955714285714285,0.10875923606089304,10.82,11.1,0.27999999999999936,99.9,Normal,0,Wednesday,May
2026-05-28,11.04,SCB-606,Good,-0.05000000000000071,10.987142857142857,0.09375753937926283,10.89,11.1,0.20999999999999908,99.5,Normal,0,Thursday,May
2026-05-29,11.01,SCB-606,Good,-0.02999999999999936,11.004285714285714,0.08343802947027638,10.89,11.1,0.20999999999999908,99.7,Normal,0,Friday,May
2026-05-30,11.01,SCB-606,Good,0.0,11.019999999999998,0.06976149845469741,10.89,11.1,0.20999999999999908,100.0,Normal,0,Saturday,May
2026-05-31,12.03,SCB-606,Good,1.0199999999999996,11.182857142857141,0.37566449063464696,11.0,12.03,1.0299999999999994,89.80000000000001,High,0,Sunday,May
2026-06-01,13.02,SCB-606,Good,0.9900000000000002,11.471428571428572,0.7751866134772111,11.01,13.02,2.01,90.1,High,0,Monday,June
2026-06-02,13.14,SCB-606,Good,0.120000000000001,11.762857142857143,0.971008312455216,11.01,13.14,2.130000000000001,98.79999999999998,High,0,Tuesday,June
2026-06-03,12.94,SCB-606,Good,-0.20000000000000107,12.027142857142858,1.0083933472892055,11.01,13.14,2.130000000000001,97.99999999999999,High,0,Wednesday,June
2026-06-04,12.79,SCB-606,Good,-0.15000000000000036,12.277142857142858,0.9372960095529034,11.01,13.14,2.130000000000001,98.5,High,0,Thursday,June
2026-06-05,12.49,SCB-606,Good,-0.29999999999999893,12.48857142857143,0.7525385609483901,11.01,13.14,2.130000000000001,97.00000000000001,High,0,Friday,June
2026-06-06,12.08,SCB-606,Good,-0.41000000000000014,12.641428571428571,0.45001587273592336,12.03,13.14,1.1100000000000012,95.9,High,0,Saturday,June
2026-06-07,12.27,SCB-606,Good,0.1899999999999995,12.675714285714287,0.402279220726799,12.08,13.14,1.0600000000000005,98.10000000000001,High,0,Sunday,June
2026-06-08,13.02,SCB-606,Good,0.75,12.675714285714283,0.402279220726799,12.08,13.14,1.0600000000000005,92.5,High,0,Monday,June
2026-06-09,12.94,SCB-606,Good,-0.08000000000000007,12.647142857142855,0.3695814878892949,12.08,13.02,0.9399999999999995,99.2,High,0,Tuesday,June
2026-06-10,12.91,SCB-606,Good,-0.02999999999999936,12.642857142857142,0.36577380468052256,12.08,13.02,0.9399999999999995,99.7,High,0,Wednesday,June
2026-06-11,12.95,SCB-606,Good,0.03999999999999915,12.665714285714285,0.38117612477072477,12.08,13.02,0.9399999999999995,99.60000000000001,High,0,Thursday,June
2026-06-12,12.87,SCB-606,Good,-0.08000000000000007,12.719999999999999,0.379033859525315,12.08,13.02,0.9399999999999995,99.2,High,0,Friday,June
2026-06-13,11.48,SCB-606,Good,-1.3899999999999988,12.634285714285713,0.5684146709007665,11.48,13.02,1.5399999999999991,86.10000000000001,Normal,0,Saturday,June
2026-06-14,10.44,SCB-606,Good,-1.040000000000001,12.372857142857143,1.011792374711233,10.44,13.02,2.58,89.6,Normal,0,Sunday,June
2026-06-15,10.57,SCB-606,Good,0.13000000000000078,12.022857142857143,1.163066554210804,10.44,12.95,2.51,98.69999999999999,Normal,0,Monday,June
2026-06-16,12.9,SCB-606,Good,2.33,12.017142857142858,1.1578962861689268,10.44,12.95,2.51,76.7,High,0,Tuesday,June
2026-06-17,12.72,SCB-606,Good,-0.17999999999999972,11.989999999999998,1.1354881475970222,10.44,12.95,2.51,98.2,High,0,Wednesday,June
2026-06-18,12.32,SCB-606,Good,-0.40000000000000036,11.900000000000002,1.0697819092381946,10.44,12.9,2.460000000000001,96.0,High,0,Thursday,June
2026-06-19,11.21,SCB-606,Good,-1.1099999999999994,11.662857142857144,1.0006783413550657,10.44,12.9,2.460000000000001,88.9,Normal,0,Friday,June
2026-06-20,12.32,SCB-606,Good,1.1099999999999994,11.782857142857143,1.0251620081026833,10.44,12.9,2.460000000000001,88.9,High,0,Saturday,June
2026-06-21,13.09,SCB-606,Good,0.7699999999999996,12.161428571428571,0.9316549534999196,10.57,13.09,2.5199999999999996,92.30000000000001,High,0,Sunday,June
2026-06-22,12.6,SCB-606,Good,-0.4900000000000002,12.451428571428574,0.6162907477110721,11.21,13.09,1.879999999999999,95.1,High,0,Monday,June
2026-06-23,13.39,SCB-606,Good,0.7900000000000009,12.521428571428572,0.6981267452124575,11.21,13.39,2.1799999999999997,92.1,High,0,Tuesday,June
2026-06-24,13.29,SCB-606,Good,-0.10000000000000142,12.602857142857143,0.7559919374727465,11.21,13.39,2.1799999999999997,98.99999999999999,High,0,Wednesday,June
2026-06-25,12.9,SCB-606,Good,-0.3899999999999988,12.685714285714285,0.7515951291055752,11.21,13.39,2.1799999999999997,96.10000000000001,High,0,Thursday,June
2026-06-26,12.85,SCB-606,Good,-0.05000000000000071,12.92,0.377359245282251,12.32,13.39,1.0700000000000003,99.5,High,0,Friday,June
2026-06-27,12.99,SCB-606,Good,0.14000000000000057,13.015714285714285,0.26931129094147227,12.6,13.39,0.7900000000000009,98.6,High,0,Saturday,June
2026-06-28,13.01,SCB-606,Good,0.019999999999999574,13.004285714285714,0.2673235955951056,12.6,13.39,0.7900000000000009,99.80000000000001,High,0,Sunday,June
2026-06-29,13.22,SCB-606,Good,0.21000000000000085,13.092857142857142,0.20693914449374023,12.85,13.39,0.5400000000000009,97.89999999999999,High,0,Monday,June
2026-06-30,13.28,SCB-606,Good,0.05999999999999872,13.077142857142857,0.18345883150487502,12.85,13.29,0.4399999999999995,99.4,High,0,Tuesday,June
2026-01-01,,SCB-701,Offline,0.0,,0.0,,,,100.0,Offline,0,Thursday,January
2026-01-02,,SCB-701,Offline,0.0,,0.0,,,,100.0,Offline,0,Friday,January
2026-01-03,,SCB-701,Offline,0.0,,0.0,,,,100.0,Offline,0,Saturday,January
2026-01-04,,SCB-701,Offline,0.0,,0.0,,,,100.0,Offline,0,Sunday,January
2026-01-05,,SCB-701,Offline,0.0,,0.0,,,,100.0,Offline,0,Monday,January
2026-01-06,,SCB-701,Offline,0.0,,0.0,,,,100.0,Offline,0,Tuesday,January
2026-01-07,,SCB-701,Offline,0.0,,0.0,,,,100.0,Offline,0,Wednesday,January
2026-01-08,,SCB-701,Offline,0.0,,0.0,,,,100.0,Offline,0,Thursday,January
2026-01-09,,SCB-701,Offline,0.0,,0.0,,,,100.0,Offline,0,Friday,January
2026-01-10,,SCB-701,Offline,0.0,,0.0,,,,100.0,Offline,0,Saturday,January
2026-01-11,,SCB-701,Offline,0.0,,0.0,,,,100.0,Offline,0,Sunday,January
2026-01-12,,SCB-701,Offline,0.0,,0.0,,,,100.0,Offline,0,Monday,January
2026-01-13,,SCB-701,Offline,0.0,,0.0,,,,100.0,Offline,0,Tuesday,January
2026-01-14,,SCB-701,Offline,0.0,,0.0,,,,100.0,Offline,0,Wednesday,January
2026-01-15,,SCB-701,Offline,0.0,,0.0,,,,100.0,Offline,0,Thursday,January
2026-01-16,,SCB-701,Offline,0.0,,0.0,,,,100.0,Offline,0,Friday,January
2026-01-17,,SCB-701,Offline,0.0,,0.0,,,,100.0,Offline,0,Saturday,January
2026-01-18,,SCB-701,Offline,0.0,,0.0,,,,100.0,Offline,0,Sunday,January
2026-01-19,,SCB-701,Offline,0.0,,0.0,,,,100.0,Offline,0,Monday,January
2026-01-20,,SCB-701,Offline,0.0,,0.0,,,,100.0,Offline,0,Tuesday,January
2026-01-21,,SCB-701,Offline,0.0,,0.0,,,,100.0,Offline,0,Wednesday,January
2026-01-22,,SCB-701,Offline,0.0,,0.0,,,,100.0,Offline,0,Thursday,January
2026-01-23,,SCB-701,Offline,0.0,,0.0,,,,100.0,Offline,0,Friday,January
2026-01-24,,SCB-701,Offline,0.0,,0.0,,,,100.0,Offline,0,Saturday,January
2026-01-25,,SCB-701,Offline,0.0,,0.0,,,,100.0,Offline,0,Sunday,January
2026-01-26,,SCB-701,Offline,0.0,,0.0,,,,100.0,Offline,0,Monday,January
2026-01-27,,SCB-701,Offline,0.0,,0.0,,,,100.0,Offline,0,Tuesday,January
2026-01-28,,SCB-701,Offline,0.0,,0.0,,,,100.0,Offline,0,Wednesday,January
2026-01-29,,SCB-701,Offline,0.0,,0.0,,,,100.0,Offline,0,Thursday,January
2026-01-30,,SCB-701,Offline,0.0,,0.0,,,,100.0,Offline,0,Friday,January
2026-01-31,,SCB-701,Offline,0.0,,0.0,,,,100.0,Offline,0,Saturday,January
2026-02-01,,SCB-701,Offline,0.0,,0.0,,,,100.0,Offline,0,Sunday,February
2026-02-02,,SCB-701,Offline,0.0,,0.0,,,,100.0,Offline,0,Monday,February
2026-02-03,,SCB-701,Offline,0.0,,0.0,,,,100.0,Offline,0,Tuesday,February
2026-02-04,,SCB-701,Offline,0.0,,0.0,,,,100.0,Offline,0,Wednesday,February
2026-02-05,,SCB-701,Offline,0.0,,0.0,,,,100.0,Offline,0,Thursday,February
2026-02-06,,SCB-701,Offline,0.0,,0.0,,,,100.0,Offline,0,Friday,February
2026-02-07,,SCB-701,Offline,0.0,,0.0,,,,100.0,Offline,0,Saturday,February
2026-02-08,,SCB-701,Offline,0.0,,0.0,,,,100.0,Offline,0,Sunday,February
2026-02-09,,SCB-701,Offline,0.0,,0.0,,,,100.0,Offline,0,Monday,February
2026-02-10,,SCB-701,Offline,0.0,,0.0,,,,100.0,Offline,0,Tuesday,February
2026-02-11,,SCB-701,Offline,0.0,,0.0,,,,100.0,Offline,0,Wednesday,February
2026-02-12,,SCB-701,Offline,0.0,,0.0,,,,100.0,Offline,0,Thursday,February
2026-02-13,,SCB-701,Offline,0.0,,0.0,,,,100.0,Offline,0,Friday,February
2026-02-14,,SCB-701,Offline,0.0,,0.0,,,,100.0,Offline,0,Saturday,February
2026-02-15,,SCB-701,Offline,0.0,,0.0,,,,100.0,Offline,0,Sunday,February
2026-02-16,,SCB-701,Offline,0.0,,0.0,,,,100.0,Offline,0,Monday,February
2026-02-17,,SCB-701,Offline,0.0,,0.0,,,,100.0,Offline,0,Tuesday,February
2026-02-18,,SCB-701,Offline,0.0,,0.0,,,,100.0,Offline,0,Wednesday,February
2026-02-19,,SCB-701,Offline,0.0,,0.0,,,,100.0,Offline,0,Thursday,February
2026-02-20,,SCB-701,Offline,0.0,,0.0,,,,100.0,Offline,0,Friday,February
2026-02-21,,SCB-701,Offline,0.0,,0.0,,,,100.0,Offline,0,Saturday,February
2026-02-22,,SCB-701,Offline,0.0,,0.0,,,,100.0,Offline,0,Sunday,February
2026-02-23,,SCB-701,Offline,0.0,,0.0,,,,100.0,Offline,0,Monday,February
2026-02-24,,SCB-701,Offline,0.0,,0.0,,,,100.0,Offline,0,Tuesday,February
2026-02-25,,SCB-701,Offline,0.0,,0.0,,,,100.0,Offline,0,Wednesday,February
2026-02-26,,SCB-701,Offline,0.0,,0.0,,,,100.0,Offline,0,Thursday,February
2026-02-27,,SCB-701,Offline,0.0,,0.0,,,,100.0,Offline,0,Friday,February
2026-02-28,,SCB-701,Offline,0.0,,0.0,,,,100.0,Offline,0,Saturday,February
2026-03-01,,SCB-701,Offline,0.0,,0.0,,,,100.0,Offline,0,Sunday,March
2026-03-02,,SCB-701,Offline,0.0,,0.0,,,,100.0,Offline,0,Monday,March
2026-03-03,,SCB-701,Offline,0.0,,0.0,,,,100.0,Offline,0,Tuesday,March
2026-03-04,,SCB-701,Offline,0.0,,0.0,,,,100.0,Offline,0,Wednesday,March
2026-03-05,,SCB-701,Offline,0.0,,0.0,,,,100.0,Offline,0,Thursday,March
2026-03-06,,SCB-701,Offline,0.0,,0.0,,,,100.0,Offline,0,Friday,March
2026-03-07,,SCB-701,Offline,0.0,,0.0,,,,100.0,Offline,0,Saturday,March
2026-03-08,,SCB-701,Offline,0.0,,0.0,,,,100.0,Offline,0,Sunday,March
2026-03-09,,SCB-701,Offline,0.0,,0.0,,,,100.0,Offline,0,Monday,March
2026-03-10,,SCB-701,Offline,0.0,,0.0,,,,100.0,Offline,0,Tuesday,March
2026-03-11,,SCB-701,Offline,0.0,,0.0,,,,100.0,Offline,0,Wednesday,March
2026-03-12,,SCB-701,Offline,0.0,,0.0,,,,100.0,Offline,0,Thursday,March
2026-03-13,,SCB-701,Offline,0.0,,0.0,,,,100.0,Offline,0,Friday,March
2026-03-14,,SCB-701,Offline,0.0,,0.0,,,,100.0,Offline,0,Saturday,March
2026-03-15,,SCB-701,Offline,0.0,,0.0,,,,100.0,Offline,0,Sunday,March
2026-03-16,,SCB-701,Offline,0.0,,0.0,,,,100.0,Offline,0,Monday,March
2026-03-17,,SCB-701,Offline,0.0,,0.0,,,,100.0,Offline,0,Tuesday,March
2026-03-18,,SCB-701,Offline,0.0,,0.0,,,,100.0,Offline,0,Wednesday,March
2026-03-19,,SCB-701,Offline,0.0,,0.0,,,,100.0,Offline,0,Thursday,March
2026-03-20,,SCB-701,Offline,0.0,,0.0,,,,100.0,Offline,0,Friday,March
2026-03-21,,SCB-701,Offline,0.0,,0.0,,,,100.0,Offline,0,Saturday,March
2026-03-22,,SCB-701,Offline,0.0,,0.0,,,,100.0,Offline,0,Sunday,March
2026-03-23,,SCB-701,Offline,0.0,,0.0,,,,100.0,Offline,0,Monday,March
2026-03-24,,SCB-701,Offline,0.0,,0.0,,,,100.0,Offline,0,Tuesday,March
2026-03-25,,SCB-701,Offline,0.0,,0.0,,,,100.0,Offline,0,Wednesday,March
2026-03-26,,SCB-701,Offline,0.0,,0.0,,,,100.0,Offline,0,Thursday,March
2026-03-27,,SCB-701,Offline,0.0,,0.0,,,,100.0,Offline,0,Friday,March
2026-03-28,,SCB-701,Offline,0.0,,0.0,,,,100.0,Offline,0,Saturday,March
2026-03-29,,SCB-701,Offline,0.0,,0.0,,,,100.0,Offline,0,Sunday,March
2026-03-30,,SCB-701,Offline,0.0,,0.0,,,,100.0,Offline,0,Monday,March
2026-03-31,,SCB-701,Offline,0.0,,0.0,,,,100.0,Offline,0,Tuesday,March
2026-04-01,,SCB-701,Offline,0.0,,0.0,,,,100.0,Offline,0,Wednesday,April
2026-04-02,,SCB-701,Offline,0.0,,0.0,,,,100.0,Offline,0,Thursday,April
2026-04-03,,SCB-701,Offline,0.0,,0.0,,,,100.0,Offline,0,Friday,April
2026-04-04,,SCB-701,Offline,0.0,,0.0,,,,100.0,Offline,0,Saturday,April
2026-04-05,,SCB-701,Offline,0.0,,0.0,,,,100.0,Offline,0,Sunday,April
2026-04-06,,SCB-701,Offline,0.0,,0.0,,,,100.0,Offline,0,Monday,April
2026-04-07,,SCB-701,Offline,0.0,,0.0,,,,100.0,Offline,0,Tuesday,April
2026-04-08,,SCB-701,Offline,0.0,,0.0,,,,100.0,Offline,0,Wednesday,April
2026-04-09,,SCB-701,Offline,0.0,,0.0,,,,100.0,Offline,0,Thursday,April
2026-04-10,,SCB-701,Offline,0.0,,0.0,,,,100.0,Offline,0,Friday,April
2026-04-11,,SCB-701,Offline,0.0,,0.0,,,,100.0,Offline,0,Saturday,April
2026-04-12,,SCB-701,Offline,0.0,,0.0,,,,100.0,Offline,0,Sunday,April
2026-04-13,,SCB-701,Offline,0.0,,0.0,,,,100.0,Offline,0,Monday,April
2026-04-14,,SCB-701,Offline,0.0,,0.0,,,,100.0,Offline,0,Tuesday,April
2026-04-15,,SCB-701,Offline,0.0,,0.0,,,,100.0,Offline,0,Wednesday,April
2026-04-16,,SCB-701,Offline,0.0,,0.0,,,,100.0,Offline,0,Thursday,April
2026-04-17,,SCB-701,Offline,0.0,,0.0,,,,100.0,Offline,0,Friday,April
2026-04-18,,SCB-701,Offline,0.0,,0.0,,,,100.0,Offline,0,Saturday,April
2026-04-19,,SCB-701,Offline,0.0,,0.0,,,,100.0,Offline,0,Sunday,April
2026-04-20,,SCB-701,Offline,0.0,,0.0,,,,100.0,Offline,0,Monday,April
2026-04-21,,SCB-701,Offline,0.0,,0.0,,,,100.0,Offline,0,Tuesday,April
2026-04-22,,SCB-701,Offline,0.0,,0.0,,,,100.0,Offline,0,Wednesday,April
2026-04-23,,SCB-701,Offline,0.0,,0.0,,,,100.0,Offline,0,Thursday,April
2026-04-24,,SCB-701,Offline,0.0,,0.0,,,,100.0,Offline,0,Friday,April
2026-04-25,,SCB-701,Offline,0.0,,0.0,,,,100.0,Offline,0,Saturday,April
2026-04-26,,SCB-701,Offline,0.0,,0.0,,,,100.0,Offline,0,Sunday,April
2026-04-27,,SCB-701,Offline,0.0,,0.0,,,,100.0,Offline,0,Monday,April
2026-04-28,,SCB-701,Offline,0.0,,0.0,,,,100.0,Offline,0,Tuesday,April
2026-04-29,,SCB-701,Offline,0.0,,0.0,,,,100.0,Offline,0,Wednesday,April
2026-04-30,,SCB-701,Offline,0.0,,0.0,,,,100.0,Offline,0,Thursday,April
2026-05-01,,SCB-701,Offline,0.0,,0.0,,,,100.0,Offline,0,Friday,May
2026-05-02,,SCB-701,Offline,0.0,,0.0,,,,100.0,Offline,0,Saturday,May
2026-05-03,,SCB-701,Offline,0.0,,0.0,,,,100.0,Offline,0,Sunday,May
2026-05-04,,SCB-701,Offline,0.0,,0.0,,,,100.0,Offline,0,Monday,May
2026-05-05,,SCB-701,Offline,0.0,,0.0,,,,100.0,Offline,0,Tuesday,May
2026-05-06,,SCB-701,Offline,0.0,,0.0,,,,100.0,Offline,0,Wednesday,May
2026-05-07,,SCB-701,Offline,0.0,,0.0,,,,100.0,Offline,0,Thursday,May
2026-05-08,,SCB-701,Offline,0.0,,0.0,,,,100.0,Offline,0,Friday,May
2026-05-09,,SCB-701,Offline,0.0,,0.0,,,,100.0,Offline,0,Saturday,May
2026-05-10,,SCB-701,Offline,0.0,,0.0,,,,100.0,Offline,0,Sunday,May
2026-05-11,,SCB-701,Offline,0.0,,0.0,,,,100.0,Offline,0,Monday,May
2026-05-12,,SCB-701,Offline,0.0,,0.0,,,,100.0,Offline,0,Tuesday,May
2026-05-13,,SCB-701,Offline,0.0,,0.0,,,,100.0,Offline,0,Wednesday,May
2026-05-14,,SCB-701,Offline,0.0,,0.0,,,,100.0,Offline,0,Thursday,May
2026-05-15,,SCB-701,Offline,0.0,,0.0,,,,100.0,Offline,0,Friday,May
2026-05-16,,SCB-701,Offline,0.0,,0.0,,,,100.0,Offline,0,Saturday,May
2026-05-17,,SCB-701,Offline,0.0,,0.0,,,,100.0,Offline,0,Sunday,May
2026-05-18,,SCB-701,Offline,0.0,,0.0,,,,100.0,Offline,0,Monday,May
2026-05-19,,SCB-701,Offline,0.0,,0.0,,,,100.0,Offline,0,Tuesday,May
2026-05-20,,SCB-701,Offline,0.0,,0.0,,,,100.0,Offline,0,Wednesday,May
2026-05-21,,SCB-701,Offline,0.0,,0.0,,,,100.0,Offline,0,Thursday,May
2026-05-22,,SCB-701,Offline,0.0,,0.0,,,,100.0,Offline,0,Friday,May
2026-05-23,,SCB-701,Offline,0.0,,0.0,,,,100.0,Offline,0,Saturday,May
2026-05-24,,SCB-701,Offline,0.0,,0.0,,,,100.0,Offline,0,Sunday,May
2026-05-25,,SCB-701,Offline,0.0,,0.0,,,,100.0,Offline,0,Monday,May
2026-05-26,,SCB-701,Offline,0.0,,0.0,,,,100.0,Offline,0,Tuesday,May
2026-05-27,,SCB-701,Offline,0.0,,0.0,,,,100.0,Offline,0,Wednesday,May
2026-05-28,,SCB-701,Offline,0.0,,0.0,,,,100.0,Offline,0,Thursday,May
2026-05-29,,SCB-701,Offline,0.0,,0.0,,,,100.0,Offline,0,Friday,May
2026-05-30,,SCB-701,Offline,0.0,,0.0,,,,100.0,Offline,0,Saturday,May
2026-05-31,,SCB-701,Offline,0.0,,0.0,,,,100.0,Offline,0,Sunday,May
2026-06-01,,SCB-701,Offline,0.0,,0.0,,,,100.0,Offline,0,Monday,June
2026-06-02,,SCB-701,Offline,0.0,,0.0,,,,100.0,Offline,0,Tuesday,June
2026-06-03,,SCB-701,Offline,0.0,,0.0,,,,100.0,Offline,0,Wednesday,June
2026-06-04,,SCB-701,Offline,0.0,,0.0,,,,100.0,Offline,0,Thursday,June
2026-06-05,,SCB-701,Offline,0.0,,0.0,,,,100.0,Offline,0,Friday,June
2026-06-06,,SCB-701,Offline,0.0,,0.0,,,,100.0,Offline,0,Saturday,June
2026-06-07,,SCB-701,Offline,0.0,,0.0,,,,100.0,Offline,0,Sunday,June
2026-06-08,,SCB-701,Offline,0.0,,0.0,,,,100.0,Offline,0,Monday,June
2026-06-09,,SCB-701,Offline,0.0,,0.0,,,,100.0,Offline,0,Tuesday,June
2026-06-10,,SCB-701,Offline,0.0,,0.0,,,,100.0,Offline,0,Wednesday,June
2026-06-11,,SCB-701,Offline,0.0,,0.0,,,,100.0,Offline,0,Thursday,June
2026-06-12,,SCB-701,Offline,0.0,,0.0,,,,100.0,Offline,0,Friday,June
2026-06-13,,SCB-701,Offline,0.0,,0.0,,,,100.0,Offline,0,Saturday,June
2026-06-14,,SCB-701,Offline,0.0,,0.0,,,,100.0,Offline,0,Sunday,June
2026-06-15,,SCB-701,Offline,0.0,,0.0,,,,100.0,Offline,0,Monday,June
2026-06-16,,SCB-701,Offline,0.0,,0.0,,,,100.0,Offline,0,Tuesday,June
2026-06-17,,SCB-701,Offline,0.0,,0.0,,,,100.0,Offline,0,Wednesday,June
2026-06-18,,SCB-701,Offline,0.0,,0.0,,,,100.0,Offline,0,Thursday,June
2026-06-19,,SCB-701,Offline,0.0,,0.0,,,,100.0,Offline,0,Friday,June
2026-06-20,,SCB-701,Offline,0.0,,0.0,,,,100.0,Offline,0,Saturday,June
2026-06-21,,SCB-701,Offline,0.0,,0.0,,,,100.0,Offline,0,Sunday,June
2026-06-22,,SCB-701,Offline,0.0,,0.0,,,,100.0,Offline,0,Monday,June
2026-06-23,,SCB-701,Offline,0.0,,0.0,,,,100.0,Offline,0,Tuesday,June
2026-06-24,,SCB-701,Offline,0.0,,0.0,,,,100.0,Offline,0,Wednesday,June
2026-06-25,,SCB-701,Offline,0.0,,0.0,,,,100.0,Offline,0,Thursday,June
2026-06-26,,SCB-701,Offline,0.0,,0.0,,,,100.0,Offline,0,Friday,June
2026-06-27,,SCB-701,Offline,0.0,,0.0,,,,100.0,Offline,0,Saturday,June
2026-06-28,,SCB-701,Offline,0.0,,0.0,,,,100.0,Offline,0,Sunday,June
2026-06-29,,SCB-701,Offline,0.0,,0.0,,,,100.0,Offline,0,Monday,June
2026-06-30,,SCB-701,Offline,0.0,,0.0,,,,100.0,Offline,0,Tuesday,June
2026-01-01,11.28,SCB-901,Good,0.0,11.28,0.0,11.28,11.28,0.0,100.0,Normal,0,Thursday,January
2026-01-02,11.29,SCB-901,Good,0.009999999999999787,11.285,0.0070710678118646965,11.28,11.29,0.009999999999999787,99.9,Normal,0,Friday,January
2026-01-03,11.3,SCB-901,Good,0.010000000000001563,11.29,0.009999999999999787,11.28,11.3,0.02000000000000135,99.89999999999998,Normal,0,Saturday,January
2026-01-04,11.29,SCB-901,Good,-0.010000000000001563,11.29,0.008164965809277086,11.28,11.3,0.02000000000000135,99.89999999999998,Normal,0,Sunday,January
2026-01-05,11.3,SCB-901,Good,0.010000000000001563,11.292,0.00836660026534047,11.28,11.3,0.02000000000000135,99.89999999999998,Normal,0,Monday,January
2026-01-06,11.2975,SCB-901,Interpolated,-0.002500000000001279,11.292916666666665,0.00781291665555561,11.28,11.3,0.02000000000000135,99.975,Normal,0,Tuesday,January
2026-01-07,11.295,SCB-901,Interpolated,-0.0024999999999995026,11.293214285714285,0.007175520555199272,11.28,11.3,0.02000000000000135,99.97500000000001,Normal,0,Wednesday,January
2026-01-08,11.2925,SCB-901,Interpolated,-0.0024999999999995026,11.295,0.004330127018920388,11.29,11.3,0.010000000000001563,99.97500000000001,Normal,0,Thursday,January
2026-01-09,11.29,SCB-901,Good,-0.002500000000001279,11.295,0.004330127018920388,11.29,11.3,0.010000000000001563,99.975,Normal,0,Friday,January
2026-01-10,11.31,SCB-901,Good,0.02000000000000135,11.296428571428569,0.007049991556899685,11.29,11.31,0.02000000000000135,99.79999999999998,Normal,0,Saturday,January
2026-01-11,11.31,SCB-901,Good,0.0,11.299285714285714,0.007999255917774789,11.29,11.31,0.02000000000000135,100.0,Normal,0,Sunday,January
2026-01-12,11.3,SCB-901,Good,-0.009999999999999787,11.299285714285714,0.007999255917774789,11.29,11.31,0.02000000000000135,99.9,Normal,0,Monday,January
2026-01-13,11.31,SCB-901,Good,0.009999999999999787,11.30107142857143,0.008880824715024976,11.29,11.31,0.02000000000000135,99.9,Normal,0,Tuesday,January
2026-01-14,11.31,SCB-901,Good,0.0,11.303214285714287,0.008980799625016822,11.29,11.31,0.02000000000000135,100.0,Normal,0,Wednesday,January
2026-01-15,11.32,SCB-901,Good,0.009999999999999787,11.307142857142859,0.00951189731210904,11.29,11.32,0.030000000000001137,99.9,Normal,0,Thursday,January
2026-01-16,11.31,SCB-901,Good,-0.009999999999999787,11.310000000000002,0.005773502691886618,11.3,11.32,0.019999999999999574,99.9,Normal,0,Friday,January
2026-01-17,11.32,SCB-901,Good,0.009999999999999787,11.311428571428573,0.006900655593414697,11.3,11.32,0.019999999999999574,99.9,Normal,0,Saturday,January
2026-01-18,11.32,SCB-901,Good,0.0,11.312857142857144,0.00755928946017579,11.3,11.32,0.019999999999999574,100.0,Normal,0,Sunday,January
2026-01-19,11.31,SCB-901,Good,-0.009999999999999787,11.314285714285717,0.00534522483823543,11.31,11.32,0.009999999999999787,99.9,Normal,0,Monday,January
2026-01-20,11.33,SCB-901,Good,0.019999999999999574,11.317142857142859,0.007559289460174153,11.31,11.33,0.019999999999999574,99.80000000000001,Normal,0,Tuesday,January
2026-01-21,11.32,SCB-901,Good,-0.009999999999999787,11.31857142857143,0.006900655593411525,11.31,11.33,0.019999999999999574,99.9,Normal,0,Wednesday,January
2026-01-22,11.32,SCB-901,Good,0.0,11.31857142857143,0.006900655593411525,11.31,11.33,0.019999999999999574,100.0,Normal,0,Thursday,January
2026-01-23,11.33,SCB-901,Good,0.009999999999999787,11.321428571428571,0.006900655593410146,11.31,11.33,0.019999999999999574,99.9,Normal,0,Friday,January
2026-01-24,11.32,SCB-901,Good,-0.009999999999999787,11.321428571428571,0.006900655593410146,11.31,11.33,0.019999999999999574,99.9,Normal,0,Saturday,January
2026-01-25,11.322,SCB-901,Interpolated,0.0019999999999988916,11.321714285714284,0.006872997543860183,11.31,11.33,0.019999999999999574,99.98000000000002,Normal,0,Sunday,January
2026-01-26,11.324,SCB-901,Interpolated,0.002000000000000668,11.323714285714287,0.00453557367608827,11.32,11.33,0.009999999999999787,99.97999999999999,Normal,0,Monday,January
2026-01-27,11.326,SCB-901,Interpolated,0.002000000000000668,11.323142857142857,0.003804758924819403,11.32,11.33,0.009999999999999787,99.97999999999999,Normal,0,Tuesday,January
2026-01-28,,SCB-901,Offline,0.0,11.323666666666668,0.0038815804341043973,11.32,11.33,0.009999999999999787,100.0,Offline,0,Wednesday,January
2026-01-29,11.33,SCB-901,Good,0.0,11.325333333333333,0.004131182235921857,11.32,11.33,0.009999999999999787,100.0,Normal,0,Thursday,January
2026-01-30,11.33,SCB-901,Good,0.0,11.325333333333333,0.004131182235921857,11.32,11.33,0.009999999999999787,100.0,Normal,0,Friday,January
2026-01-31,11.34,SCB-901,Good,0.009999999999999787,11.328666666666665,0.006408327915013358,11.322,11.34,0.018000000000000682,99.9,Normal,0,Saturday,January
2026-02-01,11.35,SCB-901,Good,0.009999999999999787,11.333333333333334,0.009852241707664817,11.324,11.35,0.0259999999999998,99.9,Normal,0,Sunday,February
2026-02-02,11.35,SCB-901,Good,0.0,11.337666666666665,0.010614455552036925,11.326,11.35,0.023999999999999133,100.0,Normal,0,Monday,February
2026-02-03,11.35,SCB-901,Good,0.0,11.341666666666667,0.009831920802472827,11.33,11.35,0.019999999999999574,100.0,Normal,0,Tuesday,February
2026-02-04,11.35,SCB-901,Good,0.0,11.342857142857143,0.009511897312087575,11.33,11.35,0.019999999999999574,100.0,Normal,0,Wednesday,February
2026-02-05,11.35,SCB-901,Good,0.0,11.345714285714285,0.0078679579246609,11.33,11.35,0.019999999999999574,100.0,Normal,0,Thursday,February
2026-02-06,11.35,SCB-901,Good,0.0,11.348571428571429,0.0037796447300179007,11.34,11.35,0.009999999999999787,100.0,Normal,0,Friday,February
2026-02-07,11.35,SCB-901,Good,0.0,11.35,0.0,11.35,11.35,0.0,100.0,Normal,0,Saturday,February
2026-02-08,11.35,SCB-901,Good,0.0,11.35,0.0,11.35,11.35,0.0,100.0,Normal,0,Sunday,February
2026-02-09,11.36,SCB-901,Good,0.009999999999999787,11.35142857142857,0.0037796447300923034,11.35,11.36,0.009999999999999787,99.9,Normal,0,Monday,February
2026-02-10,11.36,SCB-901,Good,0.0,11.352857142857143,0.0048795003647425115,11.35,11.36,0.009999999999999787,100.0,Normal,0,Tuesday,February
2026-02-11,11.37,SCB-901,Good,0.009999999999999787,11.355714285714285,0.007867957924694143,11.35,11.37,0.019999999999999574,99.9,Normal,0,Wednesday,February
2026-02-12,11.4,SCB-901,Good,0.030000000000001137,11.362857142857141,0.0179947082168493,11.35,11.4,0.05000000000000071,99.69999999999999,Normal,0,Thursday,February
2026-02-13,11.38,SCB-901,Good,-0.019999999999999574,11.367142857142857,0.01799470821684976,11.35,11.4,0.05000000000000071,99.80000000000001,Normal,0,Friday,February
2026-02-14,11.38,SCB-901,Good,0.0,11.37142857142857,0.01676163419695215,11.35,11.4,0.05000000000000071,100.0,Normal,0,Saturday,February
2026-02-15,11.38,SCB-901,Good,0.0,11.375714285714285,0.013972762620117847,11.36,11.4,0.040000000000000924,100.0,Normal,0,Sunday,February
2026-02-16,11.38,SCB-901,Good,0.0,11.37857142857143,0.012149857925882072,11.36,11.4,0.040000000000000924,100.0,Normal,0,Monday,February
2026-02-17,11.38,SCB-901,Good,0.0,11.381428571428572,0.00899735410842834,11.37,11.4,0.030000000000001137,100.0,Normal,0,Tuesday,February
2026-02-18,11.39,SCB-901,Good,0.009999999999999787,11.384285714285713,0.007867957924698948,11.38,11.4,0.019999999999999574,99.9,Normal,0,Wednesday,February
2026-02-19,11.41,SCB-901,Good,0.019999999999999574,11.385714285714288,0.011338934190280136,11.38,11.41,0.02999999999999936,99.80000000000001,Normal,0,Thursday,February
2026-02-20,11.4,SCB-901,Good,-0.009999999999999787,11.388571428571428,0.01214985792588267,11.38,11.41,0.02999999999999936,99.9,Normal,0,Friday,February
2026-02-21,11.39,SCB-901,Good,-0.009999999999999787,11.39,0.01154700538379648,11.38,11.41,0.02999999999999936,99.9,Normal,0,Saturday,February
2026-02-22,11.39,SCB-901,Good,0.0,11.391428571428571,0.01069044967650155,11.38,11.41,0.02999999999999936,100.0,Normal,0,Sunday,February
2026-02-23,11.4,SCB-901,Good,0.009999999999999787,11.394285714285715,0.009759000729490703,11.38,11.41,0.02999999999999936,99.9,Normal,0,Monday,February
2026-02-24,11.41,SCB-901,Good,0.009999999999999787,11.39857142857143,0.008997354108431188,11.39,11.41,0.019999999999999574,99.9,Normal,0,Tuesday,February
2026-02-25,11.42,SCB-901,Good,0.009999999999999787,11.402857142857144,0.011126972805289754,11.39,11.42,0.02999999999999936,99.9,Normal,0,Wednesday,February
2026-02-26,11.43,SCB-901,Good,0.009999999999999787,11.405714285714284,0.01511857892037378,11.39,11.43,0.03999999999999915,99.9,Normal,0,Thursday,February
2026-02-27,11.42,SCB-901,Good,-0.009999999999999787,11.40857142857143,0.01573591584939372,11.39,11.43,0.03999999999999915,99.9,Normal,0,Friday,February
2026-02-28,11.42,SCB-901,Good,0.0,11.412857142857144,0.013801311186853156,11.39,11.43,0.03999999999999915,100.0,Normal,0,Saturday,February
2026-03-01,11.42,SCB-901,Good,0.0,11.417142857142858,0.009511897312122847,11.4,11.43,0.02999999999999936,100.0,Normal,0,Sunday,March
2026-03-02,11.41,SCB-901,Good,-0.009999999999999787,11.418571428571427,0.006900655593436885,11.41,11.43,0.019999999999999574,99.9,Normal,0,Monday,March
2026-03-03,11.41,SCB-901,Good,0.0,11.418571428571429,0.006900655593436885,11.41,11.43,0.019999999999999574,100.0,Normal,0,Tuesday,March
2026-03-04,11.41,SCB-901,Good,0.0,11.417142857142858,0.007559289460196246,11.41,11.43,0.019999999999999574,100.0,Normal,0,Wednesday,March
2026-03-05,11.4,SCB-901,Good,-0.009999999999999787,11.412857142857144,0.00755928946019461,11.4,11.42,0.019999999999999574,99.9,Normal,0,Thursday,March
2026-03-06,11.41,SCB-901,Good,0.009999999999999787,11.411428571428573,0.006900655593433933,11.4,11.42,0.019999999999999574,99.9,Normal,0,Friday,March
2026-03-07,11.41,SCB-901,Good,0.0,11.41,0.005773502691907961,11.4,11.42,0.019999999999999574,100.0,Normal,0,Saturday,March
2026-03-08,11.42,SCB-901,Good,0.009999999999999787,11.41,0.005773502691907961,11.4,11.42,0.019999999999999574,99.9,Normal,0,Sunday,March
2026-03-09,11.42,SCB-901,Good,0.0,11.411428571428573,0.006900655593433933,11.4,11.42,0.019999999999999574,100.0,Normal,0,Monday,March
2026-03-10,11.42,SCB-901,Good,0.0,11.41285714285714,0.00755928946019461,11.4,11.42,0.019999999999999574,100.0,Normal,0,Tuesday,March
2026-03-11,11.42,SCB-901,Good,0.0,11.414285714285713,0.00786795792470469,11.4,11.42,0.019999999999999574,100.0,Normal,0,Wednesday,March
2026-03-12,11.42,SCB-901,Good,0.0,11.417142857142858,0.00487950036476177,11.41,11.42,0.009999999999999787,100.0,Normal,0,Thursday,March
2026-03-13,11.42,SCB-901,Good,0.0,11.418571428571427,0.003779644730119022,11.41,11.42,0.009999999999999787,100.0,Normal,0,Friday,March
2026-03-14,11.43,SCB-901,Good,0.009999999999999787,11.421428571428573,0.003779644730122995,11.42,11.43,0.009999999999999787,99.9,Normal,0,Saturday,March
2026-03-15,11.44,SCB-901,Good,0.009999999999999787,11.424285714285714,0.007867957924711032,11.42,11.44,0.019999999999999574,99.9,Normal,0,Sunday,March
2026-03-16,11.43,SCB-901,Good,-0.009999999999999787,11.425714285714283,0.007867957924712161,11.42,11.44,0.019999999999999574,99.9,Normal,0,Monday,March
2026-03-17,11.44,SCB-901,Good,0.009999999999999787,11.428571428571429,0.008997354108441711,11.42,11.44,0.019999999999999574,99.9,Normal,0,Tuesday,March
2026-03-18,11.43,SCB-901,Good,-0.009999999999999787,11.430000000000001,0.008164965809297361,11.42,11.44,0.019999999999999574,99.9,Normal,0,Wednesday,March
2026-03-19,11.43,SCB-901,Good,0.0,11.43142857142857,0.006900655593448724,11.42,11.44,0.019999999999999574,100.0,Normal,0,Thursday,March
2026-03-20,11.45,SCB-901,Good,0.019999999999999574,11.435714285714285,0.007867957924720063,11.43,11.45,0.019999999999999574,99.80000000000001,Normal,0,Friday,March
2026-03-21,11.46,SCB-901,Good,0.010000000000001563,11.44,0.011547005383812668,11.43,11.46,0.030000000000001137,99.89999999999998,Normal,0,Saturday,March
2026-03-22,11.44,SCB-901,Good,-0.02000000000000135,11.44,0.011547005383812668,11.43,11.46,0.030000000000001137,99.79999999999998,Normal,0,Sunday,March
2026-03-23,11.44,SCB-901,Good,0.0,11.441428571428572,0.010690449676519645,11.43,11.46,0.030000000000001137,100.0,Normal,0,Monday,March
2026-03-24,11.44,SCB-901,Good,0.0,11.441428571428572,0.010690449676519645,11.43,11.46,0.030000000000001137,100.0,Normal,0,Tuesday,March
2026-03-25,11.4325,SCB-901,Interpolated,-0.007500000000000284,11.441785714285714,0.010278850222921443,11.43,11.46,0.030000000000001137,99.925,Normal,0,Wednesday,March
2026-03-26,11.425,SCB-901,Interpolated,-0.007499999999998508,11.44107142857143,0.011352050370727092,11.425,11.46,0.03500000000000014,99.92500000000001,Normal,0,Thursday,March
2026-03-27,11.4175,SCB-901,Interpolated,-0.007500000000000284,11.436428571428573,0.013529069232069433,11.4175,11.46,0.042500000000000426,99.925,Normal,0,Friday,March
2026-03-28,11.41,SCB-901,Good,-0.007500000000000284,11.429285714285713,0.0121376039057035,11.41,11.44,0.02999999999999936,99.925,Normal,0,Saturday,March
2026-03-29,11.42,SCB-901,Good,0.009999999999999787,11.426428571428572,0.01153411090140919,11.41,11.44,0.02999999999999936,99.9,Normal,0,Sunday,March
2026-03-30,11.43,SCB-901,Good,0.009999999999999787,11.424999999999999,0.010103629710832148,11.41,11.44,0.02999999999999936,99.9,Normal,0,Monday,March
2026-03-31,11.43,SCB-901,Good,0.0,11.42357142857143,0.008146720052837944,11.41,11.4325,0.022499999999999076,100.0,Normal,0,Tuesday,March
2026-04-01,11.43,SCB-901,Good,0.0,11.423214285714284,0.007734431367055447,11.41,11.43,0.019999999999999574,100.0,Normal,0,Wednesday,April
2026-04-02,11.43,SCB-901,Good,0.0,11.423928571428572,0.008146720052838447,11.41,11.43,0.019999999999999574,100.0,Normal,0,Thursday,April
2026-04-03,11.43,SCB-901,Good,0.0,11.425714285714283,0.007867957924713618,11.41,11.43,0.019999999999999574,100.0,Normal,0,Friday,April
2026-04-04,11.44,SCB-901,Good,0.009999999999999787,11.429999999999998,0.00577350269192906,11.42,11.44,0.019999999999999574,99.9,Normal,0,Saturday,April
2026-04-05,11.44,SCB-901,Good,0.0,11.432857142857143,0.004879500364786605,11.43,11.44,0.009999999999999787,100.0,Normal,0,Sunday,April
2026-04-06,11.45,SCB-901,Good,0.009999999999999787,11.435714285714285,0.007867957924725305,11.43,11.45,0.019999999999999574,99.9,Normal,0,Monday,April
2026-04-07,11.46,SCB-901,Good,0.010000000000001563,11.44,0.011547005383817999,11.43,11.46,0.030000000000001137,99.89999999999998,Normal,0,Tuesday,April
2026-04-08,11.48,SCB-901,Good,0.019999999999999574,11.447142857142856,0.017994708216869392,11.43,11.48,0.05000000000000071,99.80000000000001,Normal,0,Wednesday,April
2026-04-09,11.46,SCB-901,Good,-0.019999999999999574,11.45142857142857,0.016761634196975194,11.43,11.48,0.05000000000000071,99.80000000000001,Normal,0,Thursday,April
2026-04-10,11.45,SCB-901,Good,-0.010000000000001563,11.454285714285716,0.013972762620146921,11.44,11.48,0.040000000000000924,99.89999999999998,Normal,0,Friday,April
2026-04-11,11.45,SCB-901,Good,0.0,11.455714285714285,0.012724180205642524,11.44,11.48,0.040000000000000924,100.0,Normal,0,Saturday,April
2026-04-12,11.46,SCB-901,Good,0.010000000000001563,11.45857142857143,0.010690449676541739,11.45,11.48,0.030000000000001137,99.89999999999998,Normal,0,Sunday,April
2026-04-13,11.45,SCB-901,Good,-0.010000000000001563,11.45857142857143,0.010690449676541739,11.45,11.48,0.030000000000001137,99.89999999999998,Normal,0,Monday,April
2026-04-14,11.46,SCB-901,Good,0.010000000000001563,11.458571428571428,0.010690449676541739,11.45,11.48,0.030000000000001137,99.89999999999998,Normal,0,Tuesday,April
2026-04-15,11.46,SCB-901,Good,0.0,11.455714285714285,0.005345224838332027,11.45,11.46,0.010000000000001563,100.0,Normal,0,Wednesday,April
2026-04-16,11.47,SCB-901,Good,0.009999999999999787,11.457142857142857,0.007559289460245255,11.45,11.47,0.02000000000000135,99.9,Normal,0,Thursday,April
2026-04-17,11.47,SCB-901,Good,0.0,11.459999999999999,0.008164965809336283,11.45,11.47,0.02000000000000135,100.0,Normal,0,Friday,April
2026-04-18,11.47,SCB-901,Good,0.0,11.462857142857144,0.007559289460251182,11.45,11.47,0.02000000000000135,100.0,Normal,0,Saturday,April
2026-04-19,11.48,SCB-901,Good,0.009999999999999787,11.465714285714286,0.00975900072953987,11.45,11.48,0.030000000000001137,99.9,Normal,0,Sunday,April
2026-04-20,11.49,SCB-901,Good,0.009999999999999787,11.471428571428572,0.01069044967655207,11.46,11.49,0.02999999999999936,99.9,Normal,0,Monday,April
2026-04-21,11.49,SCB-901,Good,0.0,11.475714285714288,0.01133893419033323,11.46,11.49,0.02999999999999936,100.0,Normal,0,Tuesday,April
2026-04-22,11.49,SCB-901,Good,0.0,11.48,0.010000000000069459,11.47,11.49,0.019999999999999574,100.0,Normal,0,Wednesday,April
2026-04-23,11.5,SCB-901,Good,0.009999999999999787,11.484285714285715,0.011338934190342629,11.47,11.5,0.02999999999999936,99.9,Normal,0,Thursday,April
2026-04-24,11.5,SCB-901,Good,0.0,11.48857142857143,0.010690449676572011,11.47,11.5,0.02999999999999936,100.0,Normal,0,Friday,April
2026-04-25,11.51,SCB-901,Good,0.009999999999999787,11.494285714285715,0.009759000729575758,11.48,11.51,0.02999999999999936,99.9,High,0,Saturday,April
2026-04-26,11.52,SCB-901,Good,0.009999999999999787,11.5,0.011547005383876091,11.49,11.52,0.02999999999999936,99.9,High,0,Sunday,April
2026-04-27,11.52,SCB-901,Good,0.0,11.504285714285714,0.012724180205687588,11.49,11.52,0.02999999999999936,100.0,High,0,Monday,April
2026-04-28,11.51,SCB-901,Good,-0.009999999999999787,11.507142857142856,0.011126972805379673,11.49,11.52,0.02999999999999936,99.9,High,0,Tuesday,April
2026-04-29,11.51,SCB-901,Good,0.0,11.51,0.008164965809413642,11.5,11.52,0.019999999999999574,100.0,High,0,Wednesday,April
2026-04-30,11.51,SCB-901,Good,0.0,11.51142857142857,0.006900655593588483,11.5,11.52,0.019999999999999574,100.0,High,0,Thursday,April
2026-05-01,11.52,SCB-901,Good,0.009999999999999787,11.514285714285714,0.005345224838470601,11.51,11.52,0.009999999999999787,99.9,High,0,Friday,May
2026-05-02,11.54,SCB-901,Good,0.019999999999999574,11.518571428571429,0.010690449676614458,11.51,11.54,0.02999999999999936,99.80000000000001,High,0,Saturday,May
2026-05-03,11.53,SCB-901,Good,-0.009999999999999787,11.52,0.011547005383903288,11.51,11.54,0.02999999999999936,99.9,High,0,Sunday,May
2026-05-04,11.53,SCB-901,Good,0.0,11.521428571428572,0.012149857925986196,11.51,11.54,0.02999999999999936,100.0,High,0,Monday,May
2026-05-05,11.55,SCB-901,Good,0.02000000000000135,11.527142857142858,0.014960264830955118,11.51,11.55,0.040000000000000924,99.79999999999998,High,0,Tuesday,May
2026-05-06,11.59,SCB-901,Good,0.03999999999999915,11.53857142857143,0.026095064302575438,11.51,11.59,0.08000000000000007,99.60000000000001,High,0,Wednesday,May
2026-05-07,11.63,SCB-901,Good,0.040000000000000924,11.555714285714286,0.0399404318359459,11.52,11.63,0.11000000000000121,99.6,High,0,Thursday,May
2026-05-08,11.65,SCB-901,Good,0.019999999999999574,11.574285714285717,0.04961758520836263,11.53,11.65,0.120000000000001,99.80000000000001,High,0,Friday,May
2026-05-09,11.65,SCB-901,Good,0.0,11.59,0.05416025603095137,11.53,11.65,0.120000000000001,100.0,High,0,Saturday,May
2026-05-10,11.66,SCB-901,Good,0.009999999999999787,11.608571428571427,0.052417736002468865,11.53,11.66,0.13000000000000078,99.9,High,0,Sunday,May
2026-05-11,11.68,SCB-901,Good,0.019999999999999574,11.629999999999999,0.04509249752829716,11.55,11.68,0.129999999999999,99.80000000000001,High,0,Monday,May
2026-05-12,11.67,SCB-901,Good,-0.009999999999999787,11.647142857142857,0.02984084768371907,11.59,11.68,0.08999999999999986,99.9,High,0,Tuesday,May
2026-05-13,11.67,SCB-901,Good,0.0,11.65857142857143,0.01676163419716252,11.63,11.68,0.049999999999998934,100.0,High,0,Wednesday,May
2026-05-14,11.67,SCB-901,Good,0.0,11.664285714285715,0.011338934190598416,11.65,11.68,0.02999999999999936,100.0,High,0,Thursday,May
2026-05-15,11.67,SCB-901,Good,0.0,11.667142857142855,0.00951189731250184,11.65,11.68,0.02999999999999936,100.0,High,0,Friday,May
2026-05-16,11.67,SCB-901,Good,0.0,11.67,0.005773502692545115,11.66,11.68,0.019999999999999574,100.0,High,0,Saturday,May
2026-05-17,11.67,SCB-901,Good,0.0,11.671428571428573,0.0037796447310906684,11.67,11.68,0.009999999999999787,100.0,High,0,Sunday,May
2026-05-18,11.66,SCB-901,Good,-0.009999999999999787,11.668571428571427,0.0037796447310758418,11.66,11.67,0.009999999999999787,99.9,High,0,Monday,May
2026-05-19,11.66,SCB-901,Good,0.0,11.667142857142858,0.004879500365498716,11.66,11.67,0.009999999999999787,100.0,High,0,Tuesday,May
2026-05-20,11.66,SCB-901,Good,0.0,11.665714285714285,0.005345224838933211,11.66,11.67,0.009999999999999787,100.0,High,0,Wednesday,May
2026-05-21,11.66,SCB-901,Good,0.0,11.664285714285715,0.005345224838927712,11.66,11.67,0.009999999999999787,100.0,High,0,Thursday,May
2026-05-22,11.66,SCB-901,Good,0.0,11.662857142857144,0.004879500365480744,11.66,11.67,0.009999999999999787,100.0,High,0,Friday,May
2026-05-23,11.68,SCB-901,Good,0.019999999999999574,11.664285714285715,0.007867957925155366,11.66,11.68,0.019999999999999574,99.80000000000001,High,0,Saturday,May
2026-05-24,11.68,SCB-901,Good,0.0,11.665714285714285,0.00975900072985968,11.66,11.68,0.019999999999999574,100.0,High,0,Sunday,May
2026-05-25,11.68,SCB-901,Good,0.0,11.668571428571429,0.010690449676843574,11.66,11.68,0.019999999999999574,100.0,High,0,Monday,May
2026-05-26,11.67,SCB-901,Good,-0.009999999999999787,11.67,0.010000000000373118,11.66,11.68,0.019999999999999574,99.9,High,0,Tuesday,May
2026-05-27,11.68,SCB-901,Good,0.009999999999999787,11.672857142857142,0.009511897312511472,11.66,11.68,0.019999999999999574,99.9,High,0,Wednesday,May
2026-05-28,11.68,SCB-901,Good,0.0,11.675714285714287,0.007867957925183095,11.66,11.68,0.019999999999999574,100.0,High,0,Thursday,May
2026-05-29,11.68,SCB-901,Good,0.0,11.678571428571429,0.003779644731125927,11.67,11.68,0.009999999999999787,100.0,High,0,Friday,May
2026-05-30,11.67,SCB-901,Good,-0.009999999999999787,11.677142857142856,0.004879500365536947,11.67,11.68,0.009999999999999787,99.9,High,0,Saturday,May
2026-05-31,11.67,SCB-901,Good,0.0,11.675714285714287,0.005345224838967782,11.67,11.68,0.009999999999999787,100.0,High,0,Sunday,May
2026-06-01,11.67,SCB-901,Good,0.0,11.674285714285714,0.005345224838962283,11.67,11.68,0.009999999999999787,100.0,High,0,Monday,June
2026-06-02,11.68,SCB-901,Good,0.009999999999999787,11.675714285714283,0.005345224838967783,11.67,11.68,0.009999999999999787,99.9,High,0,Tuesday,June
2026-06-03,11.68,SCB-901,Good,0.0,11.675714285714287,0.005345224838967783,11.67,11.68,0.009999999999999787,100.0,High,0,Wednesday,June
2026-06-04,11.68,SCB-901,Good,0.0,11.675714285714283,0.005345224838967783,11.67,11.68,0.009999999999999787,100.0,High,0,Thursday,June
2026-06-05,11.67,SCB-901,Good,-0.009999999999999787,11.674285714285714,0.005345224838962283,11.67,11.68,0.009999999999999787,99.9,High,0,Friday,June
2026-06-06,11.67,SCB-901,Good,0.0,11.674285714285714,0.005345224838962283,11.67,11.68,0.009999999999999787,100.0,High,0,Saturday,June
2026-06-07,11.67,SCB-901,Good,0.0,11.674285714285714,0.005345224838962283,11.67,11.68,0.009999999999999787,100.0,High,0,Sunday,June
2026-06-08,11.66,SCB-901,Good,-0.009999999999999787,11.672857142857142,0.007559289460685417,11.66,11.68,0.019999999999999574,99.9,High,0,Monday,June
2026-06-09,11.66,SCB-901,Good,0.0,11.67,0.008164965809734236,11.66,11.68,0.019999999999999574,100.0,High,0,Tuesday,June
2026-06-10,11.66,SCB-901,Good,0.0,11.667142857142858,0.007559289460671317,11.66,11.68,0.019999999999999574,100.0,High,0,Wednesday,June
2026-06-11,11.67,SCB-901,Good,0.009999999999999787,11.665714285714287,0.005345224838932374,11.66,11.67,0.009999999999999787,99.9,High,0,Thursday,June
2026-06-12,11.66,SCB-901,Good,-0.009999999999999787,11.664285714285715,0.005345224838927904,11.66,11.67,0.009999999999999787,99.9,High,0,Friday,June
2026-06-13,11.66,SCB-901,Good,0.0,11.662857142857144,0.00487950036548198,11.66,11.67,0.009999999999999787,100.0,High,0,Saturday,June
2026-06-14,11.66,SCB-901,Good,0.0,11.661428571428571,0.0037796447310401364,11.66,11.67,0.009999999999999787,100.0,High,0,Sunday,June
2026-06-15,11.66,SCB-901,Good,0.0,11.661428571428573,0.0037796447310401364,11.66,11.67,0.009999999999999787,100.0,High,0,Monday,June
2026-06-16,11.64,SCB-901,Good,-0.019999999999999574,11.65857142857143,0.008997354108816745,11.64,11.67,0.02999999999999936,99.80000000000001,High,0,Tuesday,June
2026-06-17,11.63,SCB-901,Good,-0.009999999999999787,11.654285714285715,0.013972762620362338,11.63,11.67,0.03999999999999915,99.9,High,0,Wednesday,June
2026-06-18,11.67,SCB-901,Good,0.03999999999999915,11.654285714285715,0.013972762620362338,11.63,11.67,0.03999999999999915,99.60000000000001,High,0,Thursday,June
2026-06-19,11.67,SCB-901,Good,0.0,11.655714285714286,0.015118578920599039,11.63,11.67,0.03999999999999915,100.0,High,0,Friday,June
2026-06-20,11.66,SCB-901,Good,-0.009999999999999787,11.655714285714286,0.015118578920599039,11.63,11.67,0.03999999999999915,99.9,High,0,Saturday,June
2026-06-21,11.65,SCB-901,Good,-0.009999999999999787,11.654285714285717,0.015118578920597276,11.63,11.67,0.03999999999999915,99.9,High,0,Sunday,June
2026-06-22,11.68,SCB-901,Good,0.02999999999999936,11.657142857142857,0.017994708217043437,11.63,11.68,0.049999999999998934,99.7,High,0,Monday,June
2026-06-23,11.68,SCB-901,Good,0.0,11.662857142857144,0.017994708217049665,11.63,11.68,0.049999999999998934,100.0,High,0,Tuesday,June
2026-06-24,11.69,SCB-901,Good,0.009999999999999787,11.671428571428573,0.013451854182972555,11.65,11.69,0.03999999999999915,99.9,High,0,Wednesday,June
2026-06-25,11.68,SCB-901,Good,-0.009999999999999787,11.672857142857142,0.013801311187123529,11.65,11.69,0.03999999999999915,99.9,High,0,Thursday,June
2026-06-26,11.67,SCB-901,Good,-0.009999999999999787,11.672857142857142,0.013801311187123529,11.65,11.69,0.03999999999999915,99.9,High,0,Friday,June
2026-06-27,11.68,SCB-901,Good,0.009999999999999787,11.675714285714287,0.012724180205911482,11.65,11.69,0.03999999999999915,99.9,High,0,Saturday,June
2026-06-28,11.7,SCB-901,Good,0.019999999999999574,11.682857142857141,0.00951189731253687,11.67,11.7,0.02999999999999936,99.80000000000001,High,0,Sunday,June
2026-06-29,11.68,SCB-901,Good,-0.019999999999999574,11.682857142857143,0.00951189731253687,11.67,11.7,0.02999999999999936,99.80000000000001,High,0,Monday,June
2026-06-30,11.68,SCB-901,Good,0.0,11.682857142857141,0.00951189731253687,11.67,11.7,0.02999999999999936,100.0,High,0,Tuesday,June
